Cluster,num_nodes,num_edges,num_self_loops,degree_Arts & Entertainment,degree_College & University,degree_Food,degree_Great Outdoors,degree_Nightlife Spot,degree_Professional & Other Places,degree_Residence,degree_Shop & Service,degree_Travel & Transport
0,9.029850746268657,44.38805970149254,5.462686567164178,4.3283582089552235,2.17910447761194,6.776119402985075,4.044776119402985,2.6865671641791042,5.253731343283581,4.522388059701493,6.970149253731344,5.835820895522388
1,7.375782881002087,21.636743215031316,2.985386221294364,2.3215031315240084,0.6283924843423806,5.515657620041754,1.6805845511482254,1.501043841336117,1.9916492693110648,0.196242171189979,4.463465553235908,2.2045929018789137
2,8.202898550724637,32.460144927536234,4.5144927536231885,2.949275362318841,4.8731884057971016,5.989130434782608,2.4275362318840576,0.9891304347826092,4.010869565217392,0.28623188405797106,5.648550724637682,4.184782608695652
3,5.575342465753424,15.317351598173516,2.812785388127854,1.0205479452054798,0.6689497716894979,3.1735159817351604,0.8881278538812782,0.5479452054794529,1.9634703196347034,0.14611872146118715,3.6118721461187215,2.984018264840182
4,9.013452914798206,45.125560538116595,5.959641255605382,4.955156950672645,3.2062780269058297,7.466367713004484,4.896860986547084,3.3273542600896864,5.331838565022422,0.5829596412556055,7.170403587443946,5.914798206278027
5,8.427728613569322,32.6165191740413,4.480825958702065,3.6666666666666665,0.9085545722713863,6.622418879056047,2.5545722713864305,4.463126843657816,3.0707964601769913,0.3805309734513275,5.707964601769912,3.589970501474926
6,7.41779497098646,26.69439071566731,4.222437137330754,2.5764023210831724,0.6615087040618962,4.978723404255319,2.518375241779497,0.6247582205029019,3.947775628626693,0.3017408123791103,5.382978723404255,4.762088974854931
