Feature,KS_stat,KS_p
0,0.30333333333333334,9.71497830135832e-22
1,0.24,1.0949795607477427e-13
2,0.0,1.0
3,0.17,4.695141872568116e-07
4,0.36333333333333334,3.010918386488201e-31
5,0.0,1.0
6,0.22333333333333333,6.776945596132159e-12
7,0.18333333333333332,3.870690990250383e-08
8,0.17666666666666667,1.3809152909031142e-07
9,0.17616666666666667,1.516185271287201e-07
