Feature,Wasserstein
0,0.9213595012253695
1,0.6957390340907255
2,0.0
3,0.3443948928893271
4,1.2133138596591948
5,0.0
6,0.4196014506112985
7,0.3887757024445593
8,0.4034269825703025
9,0.3986204476616297
