user_id	place_id	datetime	timezone	lat	lon
848	4b627061f964a520ad472ae3	Sun Feb 05 14:46:57 +0000 2012	480	1.363307	103.771454
22634	4eb147cbd3e36bac66ef6ea5	Sat Mar 03 15:53:54 +0000 2012	480	1.273683	103.779699
25478	4b05880cf964a5200eae22e3	Wed Mar 07 08:27:42 +0000 2012	480	1.316562	103.935584
85698	4eddaef09adfe5cbe3153bb8	Sat Apr 07 08:52:23 +0000 2012	480	1.357778	103.82719
39997	4b762527f964a520d93f2ee3	Thu Dec 06 06:08:15 +0000 2012	480	1.300561	103.787286
4041	4d5b86996b2e3704607082ee	Tue Aug 07 13:32:58 +0000 2012	480	1.316154	103.80442
2862	4e69fcd87d8b143eb6e37be2	Thu May 03 13:15:06 +0000 2012	480	1.359163	103.7817
10071	4b4efde5f964a5203bf826e3	Thu Aug 02 17:06:42 +0000 2012	480	1.306796	103.797309
36723	502e29c1e4b0bf3e69635df1	Sun Nov 04 21:46:46 +0000 2012	480	1.306323	103.811762
46639	4dd4fb9f1f6ec4e0bb85a36a	Sun Feb 05 12:44:25 +0000 2012	480	1.27363	103.803378
7751	4d3f8a08de17a093f957f06b	Wed Sep 05 18:42:26 +0000 2012	480	1.308193	103.729708
87944	4ba229baf964a52066e037e3	Sun Feb 05 10:35:56 +0000 2012	480	1.359566	103.811378
9111	4d265ed1068e8cfa3103b04c	Wed Apr 04 18:46:57 +0000 2012	480	1.35216	103.803708
29651	4d80b78e70d18cfa0013a294	Sun Apr 01 19:31:54 +0000 2012	480	1.273101	103.815868
150541	4d512604d7eaa1431e786f0f	Sat Sep 01 13:39:51 +0000 2012	480	1.344236	103.814908
8568	4dd9e8b1e4cd37c893e7cc6c	Wed Jul 04 19:36:57 +0000 2012	480	1.293948	103.809348
289	4f49a07be4b0927ad9f671cb	Sat Jul 07 12:07:58 +0000 2012	480	1.314035	103.812075
63023	4c5ff63d13791b8d8e5f4eaf	Wed Sep 05 15:46:41 +0000 2012	480	1.318482	103.806047
39863	4b78b612f964a520eade2ee3	Thu Feb 02 12:37:48 +0000 2012	480	1.30517	103.815905
165989	4cc95e99d338236a51fca17c	Fri Jun 01 06:11:29 +0000 2012	480	1.359562	103.834054
82921	4b9dcc3cf964a52033be36e3	Sun Dec 02 14:36:53 +0000 2012	480	1.340015	103.797586
20528	4b1e7356f964a5201f1a24e3	Sat Nov 03 13:36:20 +0000 2012	480	1.306358	103.803314
36819	50815727e4b0073ffa3dc5aa	Sun May 06 19:21:47 +0000 2012	480	1.288998	103.803626
70870	4b488e84f964a5204a4f26e3	Fri Jul 06 19:32:34 +0000 2012	480	1.290995	103.92195
25478	4b56f8aaf964a520322128e3	Mon Nov 05 07:53:34 +0000 2012	480	1.268773	103.812812
912	4fae7588e4b0c29a764edd08	Wed Jul 04 15:56:55 +0000 2012	480	1.325133	103.797308
99087	510097b4e4b073cacbfc5f97	Fri May 04 15:44:39 +0000 2012	480	1.345029	103.800664
848	4ee213d1469093b9588c86f3	Fri Apr 06 12:50:59 +0000 2012	480	1.306052	103.799962
84885	4b18f2e6f964a520acd623e3	Sun Apr 01 13:14:52 +0000 2012	480	1.2948	103.813691
3361	4b5fce70f964a5206ccd29e3	Thu Jun 07 15:34:58 +0000 2012	480	1.36217	103.795867
63023	512cbf49e4b01b48c71abc4b	Sun Aug 05 16:56:53 +0000 2012	480	1.305166	103.804277
157991	4b25eec6f964a5209b7724e3	Mon Nov 05 17:10:43 +0000 2012	480	1.27141	103.810908
74138	50a17ba0e4b01b6888355578	Thu Dec 06 15:42:55 +0000 2012	480	1.303359	103.806424
67265	4c4530c0f799e21e7cf2aea2	Wed May 02 23:46:41 +0000 2012	480	1.3234	103.820244
74138	4d35442cf8c9224b2380cad2	Fri May 04 12:08:34 +0000 2012	480	1.304383	103.815473
122186	4c5fd36e1e5cd13a3d58a0ed	Sun Feb 05 17:37:57 +0000 2012	480	1.33925	103.798085
12830	4b0bcea6f964a520c93323e3	Sun Aug 05 23:23:53 +0000 2012	480	1.293345	103.794216
19441	5149b906e4b09447248458a7	Sat Feb 04 12:33:22 +0000 2012	480	1.303614	103.807598
53428	4b65850cf964a52025f32ae3	Wed Sep 05 16:36:44 +0000 2012	480	1.306446	103.818409
76266	4c5e7d986ebe2d7f0edfd52e	Sat Nov 03 16:37:56 +0000 2012	480	1.305542	103.820517
31380	4b975628f964a5200d0035e3	Sat Jul 07 14:46:49 +0000 2012	480	1.357812	103.738642
221	4d809f63a4e2370457d4b7cc	Sat Apr 07 18:43:56 +0000 2012	480	1.310201	103.803133
2770	4dd33f9852b1f20e680c4a61	Wed Feb 01 21:35:48 +0000 2012	480	1.306929	103.772977
55151	4b7f8ca7f964a520043430e3	Sat Jul 07 14:26:52 +0000 2012	480	1.296744	103.736669
72795	4c31c2a63896e21efb6ee790	Fri Apr 06 18:55:34 +0000 2012	480	1.361223	103.783571
132329	4e862d2d7ee62475b6195f67	Sun Jun 03 09:57:33 +0000 2012	480	1.305276	103.877635
72795	4eedea50722ea7761830338b	Tue Apr 03 20:13:51 +0000 2012	480	1.306075	103.818968
53601	4c039e8f0d0e0f478cc7029a	Thu Nov 01 19:40:14 +0000 2012	480	1.297279	103.759257
122186	4bfa72c58d30d13a9f8e0318	Sun Jul 01 15:14:29 +0000 2012	480	1.30358	103.790413
113460	4bb9da933db7b713c492229a	Tue Sep 04 18:34:51 +0000 2012	480	1.306294	103.908568
48739	4b10ca16f964a520c27523e3	Sun Oct 07 09:51:54 +0000 2012	480	1.303356	103.787199
119018	4eddaef09adfe5cbe3153bb8	Fri Feb 03 15:46:57 +0000 2012	480	1.397597	103.842552
137464	4b5687d0f964a5202a1428e3	Wed Sep 05 17:37:50 +0000 2012	480	1.317789	103.810227
2862	4d5e1f185c39b1f7acffe749	Mon May 07 13:05:52 +0000 2012	480	1.304831	103.755871
25478	4b64e7a2f964a520d9d82ae3	Sat Sep 01 15:21:33 +0000 2012	480	1.302643	103.819153
10071	4bd557da4e32d13a11b3c080	Sun Jun 03 07:03:54 +0000 2012	480	1.300937	103.814082
11135	50821d7de4b0a7491c713c45	Sat Feb 04 06:37:44 +0000 2012	480	1.295122	103.880327
55191	4be65ddebcef2d7f9a2405e5	Sun May 06 17:24:32 +0000 2012	480	1.316049	103.824371
62076	4e9a657df790b2a9194badf7	Wed Feb 01 15:38:49 +0000 2012	480	1.292514	103.939329
59347	4ba8b4edf964a52095e839e3	Sat Jun 02 23:37:39 +0000 2012	480	1.309444	103.8208
29031	4d15a52ecc216ea89dc964d3	Wed Aug 01 10:39:50 +0000 2012	480	1.309279	103.797757
2768	4be573facf200f470b31133c	Sat Jul 07 23:10:07 +0000 2012	480	1.303613	103.757907
50623	4d96b7bf0caaa14332bd7fb3	Sun Sep 02 16:37:52 +0000 2012	480	1.334114	103.801604
126	4b095021f964a520931523e3	Thu Feb 02 07:53:56 +0000 2012	480	1.296193	103.812513
74407	4b18cff2f964a520f3d523e3	Fri Feb 03 10:23:49 +0000 2012	480	1.304262	103.87098
4047	4b7152c1f964a5201e412de3	Wed Nov 07 14:49:42 +0000 2012	480	1.296116	103.91975
39028	4b78b612f964a520eade2ee3	Thu Aug 02 16:47:19 +0000 2012	480	1.296675	103.92931
143	4b52ec0ef964a520a38a27e3	Sat Jun 02 13:47:59 +0000 2012	480	1.308082	103.823363
912	50a4680be4b052be22fd0330	Fri May 04 09:49:59 +0000 2012	480	1.306912	103.926933
157048	4c4b8f7b5609c9b6647c4591	Thu Sep 06 13:31:48 +0000 2012	480	1.292262	103.800967
46185	4ba31924f964a520b12b38e3	Tue May 01 23:47:16 +0000 2012	480	1.363226	103.799654
48739	4b1f21a6f964a520432424e3	Mon Jul 02 09:17:33 +0000 2012	480	1.352009	103.928031
82417	4b095021f964a520931523e3	Sat Feb 04 20:59:19 +0000 2012	480	1.329249	103.795848
41798	4baa46f6f964a5204f5a3ae3	Thu Oct 04 15:40:37 +0000 2012	480	1.305355	103.798872
55151	4bacc787f964a520a60b3be3	Wed Feb 01 12:50:46 +0000 2012	480	1.360443	103.823331
24525	4f634610e4b09612ce762132	Sat Jun 02 13:53:59 +0000 2012	480	1.359266	103.80158
39625	4b60373cf964a52060da29e3	Sun Jun 03 11:41:58 +0000 2012	480	1.296008	103.821842
8029	51c1ade2498e29e856145f5e	Fri Jun 01 06:26:49 +0000 2012	480	1.320852	103.82712
15098	4c3ab4fc17689c74d041aa08	Wed Nov 07 14:45:35 +0000 2012	480	1.335136	103.806733
122186	4b8f5de5f964a520995233e3	Wed Sep 05 16:19:46 +0000 2012	480	1.307974	103.798012
9165	4f7e82d9e4b0f6968ebea3b4	Wed Jun 06 12:27:47 +0000 2012	480	1.305658	103.807659
60853	4f00065fe5faf2869bfb4915	Tue May 01 09:43:28 +0000 2012	480	1.267277	103.935521
53624	4b766999f964a520844b2ee3	Wed Apr 04 15:27:16 +0000 2012	480	1.303111	103.867956
165989	4b0a71d7f964a5201a2423e3	Thu Mar 01 06:18:39 +0000 2012	480	1.304383	103.825222
848	4dd61140fa76ad96d1031fef	Thu May 03 09:29:50 +0000 2012	480	1.308264	103.824394
98104	4d9d5c187958f04de28414fa	Fri Nov 02 17:28:38 +0000 2012	480	1.327239	103.820355
72795	4cc2c641914137048993b655	Sat Sep 01 15:29:30 +0000 2012	480	1.30486	103.801127
39028	4f86b340e4b079949fcca01c	Sun Jul 01 10:43:56 +0000 2012	480	1.329241	103.762325
208110	4cee35110acea35d2674e8ae	Wed May 02 12:32:57 +0000 2012	480	1.355434	103.805712
13358	4bca2b30b6c49c7429f18f91	Wed Jun 06 16:21:54 +0000 2012	480	1.298319	103.827943
18045	4c8259fe6bd49521e137c4d2	Fri Jul 06 12:59:32 +0000 2012	480	1.309237	103.784583
55918	4d1d964cdd6a236a38fc1e38	Wed Dec 05 16:09:56 +0000 2012	480	1.355527	103.785188
221	4f882c79e4b0af04bf4e7df3	Mon Jul 02 16:00:44 +0000 2012	480	1.301481	103.814141
16273	4cc1639e43646dcb55fc448c	Wed Aug 01 12:44:57 +0000 2012	480	1.309761	103.806029
134508	4b6f94d1f964a520c5f62ce3	Tue Jul 03 16:32:52 +0000 2012	480	1.29107	103.825436
984	4b755ba7f964a52010082ee3	Sat Aug 04 11:22:53 +0000 2012	480	1.36118	103.922635
23635	4d0a023d4abf721e5191c65e	Wed Aug 01 15:37:23 +0000 2012	480	1.301173	103.857248
91194	4c5ba6e299ff76b053a0a59e	Thu Jun 07 10:42:34 +0000 2012	480	1.309184	103.815822
848	4b58551ef964a5202e5328e3	Sat Jul 07 15:44:36 +0000 2012	480	1.306615	103.808016
11135	4b30abbef964a520c9fa24e3	Sat Aug 04 18:45:58 +0000 2012	480	1.337062	103.820005
15259	4b1ba4cbf964a52064fc23e3	Fri Feb 03 15:47:10 +0000 2012	480	1.387471	103.799069
56776	4bcd689e0687ef3b11dde0cc	Sun May 06 08:39:52 +0000 2012	480	1.335168	103.810219
53428	4bf510176a31d13ae667962e	Thu Nov 01 18:44:46 +0000 2012	480	1.350328	103.801978
34492	4d3d65f28edf37045b39b9a5	Tue Sep 04 07:40:14 +0000 2012	480	1.304275	103.779939
30163	4b2d8577f964a5204fd824e3	Sat Feb 04 08:48:53 +0000 2012	480	1.306724	103.803652
848	4b29b044f964a5208aa224e3	Sun Sep 02 14:35:57 +0000 2012	480	1.303713	103.918686
848	4c9ed4c3d3c2b60c2487cfbc	Fri Nov 02 15:44:33 +0000 2012	480	1.29509	103.816045
848	50825711e4b0f51bc6121487	Thu Oct 04 14:23:13 +0000 2012	480	1.306112	103.742107
58006	4b05880cf964a5200eae22e3	Fri Aug 03 13:09:45 +0000 2012	480	1.291022	103.922418
90135	50815727e4b0073ffa3dc5aa	Sun Jul 01 23:43:41 +0000 2012	480	1.306037	103.756699
44010	4bb2eef7a32876b0bd3401fe	Thu May 03 10:45:57 +0000 2012	480	1.307807	103.829762
16273	4effc3df6d8642ac2d377904	Tue Jun 05 12:39:56 +0000 2012	480	1.306909	103.802633
50623	4cf9db87dccef04d0706b29c	Sat Feb 04 03:15:09 +0000 2012	480	1.318252	103.820336
18045	4cb043ebc5e6a1cd0794d3f6	Sat Nov 03 12:46:58 +0000 2012	480	1.307116	103.803409
2391	4b058814f964a5206bb022e3	Sat Nov 03 14:55:27 +0000 2012	480	1.306822	103.821808
180802	4b0dc77bf964a520fd4f23e3	Sun Apr 01 21:56:33 +0000 2012	480	1.306905	103.836909
74568	4fc35ad7e4b0117b744ab2e3	Fri Jun 01 14:55:53 +0000 2012	480	1.29788	103.791643
48739	4cebd72c0f196dcb1d165aae	Wed Mar 07 20:36:51 +0000 2012	480	1.376275	103.827202
4678	4b078c59f964a520a3fe22e3	Tue Jul 03 13:26:58 +0000 2012	480	1.359593	103.785928
143	4b6f94d1f964a520c5f62ce3	Sun Aug 05 17:37:18 +0000 2012	480	1.328125	103.820646
39997	4b68c57df964a5200f8c2be3	Thu Feb 02 17:28:46 +0000 2012	480	1.306062	103.798968
18246	4b095021f964a520931523e3	Fri May 04 12:00:52 +0000 2012	480	1.348558	103.85895
848	4b4b0f66f964a520a59126e3	Thu Oct 04 11:59:56 +0000 2012	480	1.305973	103.831013
43391	4b32a70cf964a520f71025e3	Wed Feb 01 14:28:49 +0000 2012	480	1.306254	103.774765
2391	4d383bb80f81b60cca003e3a	Sat Jun 02 12:15:24 +0000 2012	480	1.302847	103.934424
41798	4c384f3e93db0f474f592192	Fri May 04 16:55:46 +0000 2012	480	1.308512	103.820127
41798	4c32bf9f66e40f47bb06c78b	Thu Aug 02 16:46:50 +0000 2012	480	1.307026	103.794991
223574	4d0b52cf6c51a143f075a935	Wed Aug 01 12:11:30 +0000 2012	480	1.321228	103.78732
36723	509a4d4ee4b07f2723adf39e	Wed Feb 01 23:45:47 +0000 2012	480	1.294371	103.915236
55918	4b21d6abf964a520db4124e3	Thu Feb 02 14:38:18 +0000 2012	480	1.306546	103.832855
170494	4d6f6e013a6cf04df9695f79	Sun Sep 02 22:08:49 +0000 2012	480	1.305339	103.805346
8173	4bab1a73f964a5202d953ae3	Fri Jul 06 05:19:56 +0000 2012	480	1.304611	103.831611
13591	4b8eff9ef964a5208c4333e3	Fri Dec 07 23:57:53 +0000 2012	480	1.304939	103.795599
310	4b05880df964a5206fae22e3	Wed May 02 23:50:58 +0000 2012	480	1.308462	103.805051
3199	4b52f5c4f964a520678b27e3	Fri Nov 02 16:37:50 +0000 2012	480	1.39726	103.768536
62004	4cf6482fc020b60c9c2c1f75	Sun Jun 03 11:44:13 +0000 2012	480	1.355402	103.749168
162161	4b529bbdf964a520c48327e3	Sat Aug 04 13:58:53 +0000 2012	480	1.357353	103.805753
111894	4ec3b8d246903b51c41a6bdd	Sat Nov 03 12:00:52 +0000 2012	480	1.305824	103.794329
1011	4b2db7adf964a520c8da24e3	Mon Aug 06 13:57:53 +0000 2012	480	1.336548	103.81245
4860	4e7ea19b6da1103ad24d20f3	Sat Jun 02 12:36:16 +0000 2012	480	1.305234	103.828038
35300	4b0dc77bf964a520fd4f23e3	Wed Feb 01 18:21:48 +0000 2012	480	1.302803	103.81521
10071	4bbd9cbda8cf76b094f7b1fd	Thu Feb 02 09:50:48 +0000 2012	480	1.345826	103.860632
143	4cbc62a6c7228cfa427d23ce	Tue Jul 03 23:28:39 +0000 2012	480	1.290361	103.814947
848	4b32a70cf964a520f71025e3	Thu Aug 02 13:40:15 +0000 2012	480	1.342493	103.79859
24939	4b10ca16f964a520c27523e3	Wed Jul 04 17:58:55 +0000 2012	480	1.305477	103.809535
848	4cee3494d7268cfa3e81c84e	Fri Nov 02 20:49:58 +0000 2012	480	1.307817	103.915397
38520	4fefc7d1e4b036efb403c569	Sun May 06 09:23:52 +0000 2012	480	1.360491	103.836537
848	4c4d0901e906c9282e82523b	Thu Feb 02 16:48:57 +0000 2012	480	1.306404	103.874377
126	4cac8fd8a6e08cfa724dac94	Fri Feb 03 13:37:30 +0000 2012	480	1.302542	103.848331
165989	4b1b9e03f964a5203cfc23e3	Thu Aug 02 17:03:26 +0000 2012	480	1.30499	103.731578
2770	4c99f66b80958cfaae783ed4	Thu Nov 01 13:56:48 +0000 2012	480	1.321359	103.815693
11431	4b39e2d6f964a5206f5f25e3	Sun Feb 05 13:27:56 +0000 2012	480	1.30702	103.807485
8173	4b7e8814f964a52043f12fe3	Sun Sep 02 20:59:58 +0000 2012	480	1.328252	103.811314
25478	4f70b1e4e4b025cbe4bda42a	Sat Feb 04 19:45:57 +0000 2012	480	1.309157	103.799924
310	4b6ba0e3f964a5204e132ce3	Wed Aug 01 01:35:22 +0000 2012	480	1.306612	103.802821
36819	4b642355f964a520d6a02ae3	Fri Jul 06 13:43:56 +0000 2012	480	1.300429	103.819846
37184	4d30fe4eeefa8cfa6c6426b3	Sat May 05 13:43:31 +0000 2012	480	1.292495	103.806546
221402	4b1be531f964a520acfe23e3	Fri Feb 03 14:53:17 +0000 2012	480	1.338446	103.787584
57025	4d27421a8292236a23020ebb	Wed Oct 03 11:49:49 +0000 2012	480	1.302171	103.829104
213450	4c109465a6c19521fd5636dd	Wed Aug 01 19:24:45 +0000 2012	480	1.267704	103.917244
15259	4d35442cf8c9224b2380cad2	Sun May 06 11:48:34 +0000 2012	480	1.35986	103.863388
122186	4dbd4a0ba86e0e98a1f75790	Fri May 04 12:28:30 +0000 2012	480	1.362952	103.923248
2770	4d01980802d0a35d70559a7e	Wed May 02 05:53:55 +0000 2012	480	1.305202	103.817097
63023	4b65850cf964a52025f32ae3	Sat Sep 01 15:15:58 +0000 2012	480	1.271219	103.780951
109825	4b925288f964a5201af233e3	Wed Nov 07 16:39:47 +0000 2012	480	1.381963	103.811372
74138	4b650dfcf964a520b6e12ae3	Sun Nov 04 23:45:50 +0000 2012	480	1.305965	103.808877
13904	4cc3e497c844721e6339e601	Sun May 06 16:47:35 +0000 2012	480	1.301837	103.806812
69904	4bb8429b3db7b7131b31219a	Sun Feb 05 20:20:56 +0000 2012	480	1.30352	103.780993
38520	4cce5d4872106dcba4c5a899	Fri Jun 01 16:40:40 +0000 2012	480	1.317514	103.830513
56776	50a9bc28e4b089c951cfd1ca	Mon Sep 03 15:46:55 +0000 2012	480	1.30686	103.823103
41640	4d64b3411d6b2d435d3d4e17	Tue Feb 07 17:56:54 +0000 2012	480	1.307712	103.914391
122186	4ee213d1469093b9588c86f3	Sun Jun 03 09:38:57 +0000 2012	480	1.308161	103.798276
31672	4b0bcea6f964a520c93323e3	Wed Nov 07 17:06:47 +0000 2012	480	1.267784	103.81381
99087	4de65bfcfa764cf4bedd39de	Wed May 02 12:29:28 +0000 2012	480	1.341284	103.913218
40994	4ba5aee7f964a520bc1b39e3	Sun Sep 02 15:52:42 +0000 2012	480	1.305959	103.801495
2252	4b058814f964a52080b022e3	Wed Jun 06 07:00:39 +0000 2012	480	1.342919	103.813357
6342	4b7f3da7f964a520a12130e3	Sat Jun 02 16:37:48 +0000 2012	480	1.277452	103.799317
3606	4b594c74f964a5205a8428e3	Fri Jun 01 12:32:38 +0000 2012	480	1.305012	103.778587
41798	4b058814f964a5206bb022e3	Fri Sep 07 14:30:23 +0000 2012	480	1.362054	103.813324
122186	50d44466e4b0dfb5ba2d42e9	Fri Jun 01 11:45:49 +0000 2012	480	1.325268	103.921292
221	4eddaef09adfe5cbe3153bb8	Fri Aug 03 15:41:40 +0000 2012	480	1.326822	103.819066
193935	4b5bb91af964a520441229e3	Wed Feb 01 16:20:53 +0000 2012	480	1.359905	103.777437
225576	4ebcb79c61af9815e0d6fd7a	Wed Jun 06 07:13:21 +0000 2012	480	1.293394	103.817885
15439	4dcfb0f222718eed7a57af42	Sun May 06 21:16:50 +0000 2012	480	1.333993	103.766968
221	4e471c15d164155c0def94f9	Wed Oct 03 13:25:48 +0000 2012	480	1.305673	103.794944
140817	4bc830ffaf07a593d670802d	Sun Sep 02 10:33:52 +0000 2012	480	1.296441	103.850479
24939	4eb52029f5b94bd85baaee2a	Sat Jul 07 09:06:57 +0000 2012	480	1.355419	103.934298
118864	50f1ad7be4b0403bd4282e45	Sat Nov 03 23:31:56 +0000 2012	480	1.266861	103.931086
19503	4eb147cbd3e36bac66ef6ea5	Fri Feb 03 14:42:56 +0000 2012	480	1.307847	103.813539
848	4b7a6f81f964a520cc2c2fe3	Sat Nov 03 15:40:59 +0000 2012	480	1.304858	103.794694
50623	503dcb3ce4b02cb326aca0b5	Sun Feb 05 13:40:56 +0000 2012	480	1.307102	103.795002
126	4ce3a625dc1960fc18b4574a	Sun Dec 02 19:57:56 +0000 2012	480	1.321398	103.920913
69904	4ed717617ee53b380f641d19	Wed Apr 04 19:25:58 +0000 2012	480	1.307266	103.828006
157991	4e70e71763655ef4f2e07667	Tue Apr 03 19:39:54 +0000 2012	480	1.303748	103.823356
51533	4b6ecf36f964a5208ecb2ce3	Sat Dec 01 12:39:56 +0000 2012	480	1.30695	103.796234
56776	4ce64f63b99754816e67ef44	Wed May 02 07:54:52 +0000 2012	480	1.295381	103.745325
437	4d19b4c9cc216ea879337fd3	Fri Apr 06 15:40:57 +0000 2012	480	1.305908	103.914113
29651	4b062a5cf964a52060e922e3	Tue May 01 13:43:15 +0000 2012	480	1.319338	103.805793
4678	4b5b09bef964a5202ae028e3	Sat Oct 06 19:34:46 +0000 2012	480	1.340064	103.799515
30163	4b79586df964a52011f52ee3	Sat May 05 10:42:58 +0000 2012	480	1.297169	103.808896
13081	4b506b0af964a520bb2227e3	Fri Mar 02 16:54:57 +0000 2012	480	1.307913	103.807191
122186	4dd4fb9f1f6ec4e0bb85a36a	Wed Aug 01 08:23:52 +0000 2012	480	1.305245	103.835339
1054	4d42bc73946af04dcba90677	Sun May 06 23:56:46 +0000 2012	480	1.302582	103.851984
56776	4b2c0d8ff964a52086c024e3	Tue Sep 04 15:48:47 +0000 2012	480	1.348043	103.776069
188274	4b34192bf964a520032525e3	Sun Oct 07 14:45:50 +0000 2012	480	1.348131	103.927649
848	4f389d67e4b0a1f1981918a0	Wed Jun 06 14:44:42 +0000 2012	480	1.305723	103.793333
122186	4b16fdb2f964a52094c023e3	Tue Sep 04 15:00:46 +0000 2012	480	1.304917	103.810936
27989	4d354823280e2c0f5fbd59bc	Mon Apr 02 12:50:27 +0000 2012	480	1.345279	103.818682
30163	4d0f34eea3d9721e2fc3cdfd	Tue Sep 04 16:51:57 +0000 2012	480	1.309285	103.798785
221	4d288fb5ebacb1f75749f24f	Sat Nov 03 16:53:56 +0000 2012	480	1.306055	103.825779
33557	4b0d7205f964a5207c4823e3	Mon Aug 06 14:42:27 +0000 2012	480	1.290369	103.836563
143	4cc79ca6fa03224b2bb93fef	Sat Feb 04 11:53:26 +0000 2012	480	1.325471	103.827359
62004	4bd3d4c3caff9521dae2d5f0	Sat Nov 03 07:59:48 +0000 2012	480	1.306639	103.865585
53624	4cbad4a34495721eb360527a	Fri Jun 01 12:31:51 +0000 2012	480	1.305228	103.913621
24939	4d0b52cf6c51a143f075a935	Thu Jun 07 15:45:54 +0000 2012	480	1.30433	103.908428
157048	4b762527f964a520d93f2ee3	Sat Feb 04 12:34:35 +0000 2012	480	1.33952	103.825184
53601	4b21d6abf964a520db4124e3	Fri May 04 13:34:18 +0000 2012	480	1.308254	103.803371
30892	50ae28fde4b0062752d48b38	Tue Jun 05 18:48:52 +0000 2012	480	1.306981	103.913186
23992	4c5ba6e299ff76b053a0a59e	Wed Jul 04 15:45:54 +0000 2012	480	1.363014	103.788762
14388	4de65bfcfa764cf4bedd39de	Sat Feb 04 13:49:46 +0000 2012	480	1.308495	103.776695
24939	4e908c3b775bfdaabc618745	Mon Feb 06 14:51:56 +0000 2012	480	1.304368	103.8111
53624	4b529ebdf964a520218427e3	Sun Dec 02 12:51:54 +0000 2012	480	1.305719	103.831407
111894	4b058814f964a5206bb022e3	Fri May 04 15:17:32 +0000 2012	480	1.334774	103.818768
56776	4e1708a218a8ecee9e8394e8	Mon Apr 02 17:37:55 +0000 2012	480	1.362991	103.80068
34229	4b5ae9c8f964a52009da28e3	Wed Feb 01 18:43:55 +0000 2012	480	1.307391	103.773426
34492	4b0bcea6f964a520c93323e3	Thu Jun 07 15:09:50 +0000 2012	480	1.301952	103.815615
53624	4c8992111797236a9d6c5a88	Wed Aug 01 13:34:58 +0000 2012	480	1.305475	103.804203
221	4cd0ea641ac7a1cdac751c92	Tue Jun 05 11:06:27 +0000 2012	480	1.323938	103.800131
72908	4dd9e8b1e4cd37c893e7cc6c	Fri Jun 01 13:28:27 +0000 2012	480	1.303895	103.805459
118864	4de49327cc3fa786ac86ad84	Thu Feb 02 23:51:53 +0000 2012	480	1.306786	103.76177
984	4d6922371b63a1cd57873b2d	Sun Oct 07 12:25:47 +0000 2012	480	1.29384	103.800343
29055	4b812597f964a5205f9830e3	Sat Feb 04 14:43:48 +0000 2012	480	1.305209	103.827635
437	4b70eaa7f964a52031342de3	Wed Jul 04 15:18:55 +0000 2012	480	1.305474	103.839697
8029	4b6d0152f964a52097622ce3	Sat Sep 01 16:09:58 +0000 2012	480	1.322657	103.774547
85698	4b34a673f964a5202c2825e3	Thu Feb 02 15:38:47 +0000 2012	480	1.297322	103.822851
41640	4b53ef37f964a520f8ae27e3	Wed Nov 07 13:27:46 +0000 2012	480	1.320565	103.776179
78157	4dcfb0f222718eed7a57af42	Wed Aug 01 15:45:57 +0000 2012	480	1.306606	103.810117
180802	4b762527f964a520d93f2ee3	Fri May 04 14:29:51 +0000 2012	480	1.321365	103.803548
111692	4b3604d8f964a520b72f25e3	Fri Feb 03 09:59:59 +0000 2012	480	1.305886	103.769779
7541	4cba8b9843ec6dcb4a60a531	Mon Nov 05 16:33:41 +0000 2012	480	1.337694	103.81307
39863	4bb94a12cf2fc9b63373a002	Thu May 03 23:44:36 +0000 2012	480	1.306352	103.830128
4041	4b504548f964a520791f27e3	Sat Jun 02 14:37:17 +0000 2012	480	1.295069	103.812968
41716	4b095021f964a520931523e3	Mon May 07 21:34:18 +0000 2012	480	1.307534	103.815099
17641	4b597beff964a520c38928e3	Fri Apr 06 10:59:50 +0000 2012	480	1.28983	103.827478
4860	4b0d1923f964a520cf4323e3	Sun Aug 05 08:17:11 +0000 2012	480	1.292866	103.834032
99087	4bc00fc12a89ef3bf221f088	Wed May 02 14:35:57 +0000 2012	480	1.305716	103.776416
122186	4c73b5a58efc3704c829167d	Tue Feb 07 08:15:58 +0000 2012	480	1.295172	103.799169
31561	4bc9a58c3740b713f6005f65	Thu Feb 02 13:57:59 +0000 2012	480	1.297455	103.788965
221	4fcc74fde4b0dc277904511c	Wed Feb 01 17:41:48 +0000 2012	480	1.305843	103.807922
50042	4b05880cf964a5200eae22e3	Wed Nov 07 21:26:51 +0000 2012	480	1.304791	103.802111
38133	4fa50470e4b0e4baa2545b74	Wed Jul 04 15:30:57 +0000 2012	480	1.305382	103.822976
86901	4d86243899b78cfa37bcdd1f	Fri Nov 02 17:00:47 +0000 2012	480	1.308257	103.776105
23519	4bd557da4e32d13a11b3c080	Fri Nov 02 15:08:35 +0000 2012	480	1.291559	103.837522
20159	4ca2d9e8d5a2a143e3824490	Wed Nov 07 08:51:26 +0000 2012	480	1.399005	103.804871
94934	4b225e4ef964a520024624e3	Wed Mar 07 14:26:54 +0000 2012	480	1.287899	103.812788
126	4b10ca16f964a520c27523e3	Tue May 01 16:54:55 +0000 2012	480	1.355203	103.809529
90135	4bee6f932c082d7f586c3042	Thu Feb 02 13:40:17 +0000 2012	480	1.291678	103.825068
1054	4cf3263a7e93f04de9fa5669	Mon Aug 06 17:43:59 +0000 2012	480	1.305666	103.796518
40994	4b0bcea6f964a520c93323e3	Tue Feb 07 14:56:37 +0000 2012	480	1.308629	103.796125
14106	4f86b340e4b079949fcca01c	Sun Jun 03 15:47:56 +0000 2012	480	1.308409	103.903895
14847	4bfd4518bf6576b0b6fbacb8	Sun Jun 03 06:16:56 +0000 2012	480	1.305133	103.823597
10071	4cd3ec1da61c4688d0ecb528	Sat Jun 02 12:17:50 +0000 2012	480	1.33452	103.82324
29055	4c177a82f256a5931199ec3e	Sat Jul 07 17:22:57 +0000 2012	480	1.289869	103.801083
12517	4ce1f9d4c4f6a35db564de6c	Sun Feb 05 13:12:33 +0000 2012	480	1.32075	103.833167
30892	4b0a71d7f964a5201a2423e3	Sun Jul 01 16:23:31 +0000 2012	480	1.270711	103.79577
119018	4cd0ea641ac7a1cdac751c92	Mon Nov 05 23:26:58 +0000 2012	480	1.302943	103.917394
180802	4d0aee83f608721e1928390f	Wed Sep 05 16:44:38 +0000 2012	480	1.3059	103.825161
85731	4b163096f964a52071b723e3	Sun Nov 04 15:10:27 +0000 2012	480	1.328742	103.836675
23632	4ce3a625dc1960fc18b4574a	Sun Nov 04 01:35:59 +0000 2012	480	1.268424	103.78436
52170	4b64e7a2f964a520d9d82ae3	Fri Apr 06 14:34:57 +0000 2012	480	1.307208	103.812951
24008	4b68089cf964a520a8642be3	Sat Aug 04 17:25:18 +0000 2012	480	1.303917	103.838896
310	4ede2da5be7be2833c2203e8	Mon Jun 04 11:38:45 +0000 2012	480	1.305152	103.910536
8029	4b0a71d7f964a5201a2423e3	Sat Feb 04 12:54:10 +0000 2012	480	1.304981	103.82831
98887	507d4904e4b01aa9e4e8a312	Wed Feb 01 16:20:54 +0000 2012	480	1.306905	103.813409
38520	4cd825a6145fa1cdeaf204bd	Sun Nov 04 13:37:57 +0000 2012	480	1.306926	103.779927
51236	4e0632d0d1640223a494f611	Fri Jul 06 12:15:14 +0000 2012	480	1.30292	103.838091
61491	4d9bf70391863704354f2ef9	Thu May 03 18:47:24 +0000 2012	480	1.306435	103.939211
15439	4d28e6963c7954818bbad29b	Thu Aug 02 10:28:11 +0000 2012	480	1.303255	103.805456
67265	4b095021f964a520931523e3	Thu Jun 07 13:51:58 +0000 2012	480	1.309906	103.79843
157048	4b0bcea6f964a520c93323e3	Sat Sep 01 13:14:13 +0000 2012	480	1.305195	103.823415
37184	5030bc2de4b0bf3e6aab1f5a	Sun Nov 04 16:19:57 +0000 2012	480	1.354473	103.810071
18402	4ff3ee0be4b048eef66854eb	Mon Feb 06 20:28:58 +0000 2012	480	1.320052	103.772594
78157	4bbd9cbda8cf76b094f7b1fd	Fri Sep 07 14:46:53 +0000 2012	480	1.305451	103.807024
3544	4b6b9c37f964a5206b122ce3	Thu May 03 06:42:28 +0000 2012	480	1.305433	103.800697
13358	4b1ba4cbf964a52064fc23e3	Wed Sep 05 13:32:51 +0000 2012	480	1.291863	103.809547
7050	4b05880cf964a5200eae22e3	Tue Feb 07 07:53:51 +0000 2012	480	1.302572	103.795634
122186	4b2bb203f964a52045b924e3	Tue Feb 07 13:52:43 +0000 2012	480	1.331864	103.794629
3172	4b05880cf964a5200eae22e3	Sun Jul 01 17:30:55 +0000 2012	480	1.307915	103.826501
44010	4b23154af964a520195324e3	Sat Oct 06 15:49:41 +0000 2012	480	1.307049	103.792443
99041	4e05c202d4c03ae0b9beee6a	Fri Apr 06 17:41:56 +0000 2012	480	1.304419	103.82161
52170	4b0bcea6f964a520c93323e3	Mon Sep 03 19:00:54 +0000 2012	480	1.29904	103.80224
143	4ca1e24946978cfa098dbf7f	Wed Jul 04 11:44:56 +0000 2012	480	1.30819	103.823677
150427	4ba45150f964a5208d9538e3	Thu Feb 02 14:38:15 +0000 2012	480	1.307977	103.82882
38520	4d64b3411d6b2d435d3d4e17	Thu Nov 01 16:25:17 +0000 2012	480	1.265495	103.816828
800	4b5afcbaf964a52090dd28e3	Sat Aug 04 13:34:58 +0000 2012	480	1.320787	103.825619
6909	4fc342e0e4b0e12f8eacedca	Thu Oct 04 13:59:56 +0000 2012	480	1.323695	103.805142
143	4b938294f964a520794634e3	Sat Feb 04 10:51:20 +0000 2012	480	1.303866	103.804207
137464	4ca2d9e8d5a2a143e3824490	Wed Feb 01 09:00:57 +0000 2012	480	1.308502	103.773357
10665	4b77aa26f964a52019a62ee3	Wed Mar 07 17:35:55 +0000 2012	480	1.30328	103.82135
11160	4e4627cc887781a619a70f74	Thu Oct 04 17:50:16 +0000 2012	480	1.2899	103.825846
912	4b9af52cf964a520d9e635e3	Thu Nov 01 06:39:20 +0000 2012	480	1.30838	103.921539
38133	4b64e7a2f964a520d9d82ae3	Sat May 05 21:29:59 +0000 2012	480	1.30526	103.813017
14106	4b2a027af964a520aca424e3	Thu Aug 02 21:56:57 +0000 2012	480	1.366061	103.858436
8796	4b87bf7cf964a52001ca31e3	Fri Feb 03 16:37:32 +0000 2012	480	1.29844	103.776702
47349	51c5f1e3498e0d1d94e821fb	Sat Mar 03 16:51:39 +0000 2012	480	1.307738	103.844908
3955	4cee35110acea35d2674e8ae	Thu Aug 02 09:45:53 +0000 2012	480	1.306322	103.918558
53035	4c384f3e93db0f474f592192	Fri Feb 03 09:21:31 +0000 2012	480	1.3049	103.799635
848	4b0bcea6f964a520c93323e3	Wed Sep 05 16:31:51 +0000 2012	480	1.308305	103.91558
157048	4b0a71d7f964a5201a2423e3	Tue Jun 05 13:23:39 +0000 2012	480	1.306641	103.910301
111347	4b0bc9bff964a520a53323e3	Wed Feb 01 13:17:53 +0000 2012	480	1.289763	103.805282
38133	4be3ae7bf07b0f4773c1f843	Sat Sep 01 11:47:32 +0000 2012	480	1.355413	103.813469
78157	4b9dcc3cf964a52033be36e3	Wed Jun 06 14:19:58 +0000 2012	480	1.29511	103.743883
4678	4b32a70cf964a520f71025e3	Sat Jul 07 14:40:58 +0000 2012	480	1.296254	103.803832
221402	4be397c2d27a20a19ec1925b	Fri Feb 03 17:36:37 +0000 2012	480	1.30442	103.864132
63023	4cdd512099026dcbf6e31881	Sat Nov 03 13:16:48 +0000 2012	480	1.291693	103.802289
40994	4cb043ebc5e6a1cd0794d3f6	Wed Nov 07 06:31:50 +0000 2012	480	1.361237	103.907891
50042	4b5d6431f964a5209b5b29e3	Fri Jun 01 08:24:56 +0000 2012	480	1.304878	103.738583
41692	4ba57475f964a520d30839e3	Sun Nov 04 07:56:51 +0000 2012	480	1.30764	103.828632
12443	4d19b4c9cc216ea879337fd3	Wed Feb 01 16:25:53 +0000 2012	480	1.305571	103.815751
150541	50ebe571e4b0aaf3b73fdce4	Mon Apr 02 13:59:59 +0000 2012	480	1.306382	103.746286
20385	4c6f55319c6d6dcbf178cf7a	Tue Apr 03 13:50:28 +0000 2012	480	1.293283	103.822753
23222	507115c7e4b0d53d21528c8e	Sun Apr 01 20:44:58 +0000 2012	480	1.30681	103.798723
23519	4b1dbdb7f964a520b01424e3	Sat Nov 03 06:46:57 +0000 2012	480	1.29695	103.920989
1470	4c5bf05885a1e21e2c2b5511	Sat Sep 01 19:50:51 +0000 2012	480	1.304153	103.768128
76266	4cdb8482958f236a2f95ad03	Sat Jun 02 15:43:59 +0000 2012	480	1.306648	103.793403
66263	4cf77ee466585481fa15cf98	Fri May 04 07:48:48 +0000 2012	480	1.335222	103.812975
122186	4d8b2deb7139b1f7b55ad9d4	Sat Feb 04 12:51:31 +0000 2012	480	1.399545	103.809264
12830	4b5adf39f964a5203ad828e3	Thu Aug 02 09:48:34 +0000 2012	480	1.359356	103.940356
213450	4c4a78cdc668e21eeea6acf8	Mon Aug 06 12:36:56 +0000 2012	480	1.302842	103.796778
51533	4bb94a12cf2fc9b63373a002	Sat Sep 01 17:10:33 +0000 2012	480	1.29635	103.777279
221	4c41e609e26920a150275fe7	Fri Oct 05 12:21:21 +0000 2012	480	1.31838	103.798303
93919	4be791aaee96c928eb2dfdbf	Sat Nov 03 06:21:41 +0000 2012	480	1.312894	103.920402
36819	4b641ccbf964a520a69f2ae3	Wed May 02 14:41:59 +0000 2012	480	1.350523	103.917508
848	4b627061f964a520ad472ae3	Wed May 02 11:47:57 +0000 2012	480	1.307265	103.85169
31561	4b74fea4f964a52074fa2de3	Tue Dec 04 09:45:23 +0000 2012	480	1.295474	103.863868
51533	4b0d7205f964a5207c4823e3	Wed Nov 07 15:42:19 +0000 2012	480	1.360603	103.814038
23635	4cb95665dd41a35d2132e1a0	Fri Feb 03 23:37:54 +0000 2012	480	1.303006	103.810018
27236	4eb364b39a52ad1e3e105366	Sat Jul 07 16:45:28 +0000 2012	480	1.296625	103.806587
53428	4b5c188ff964a520f02329e3	Wed Nov 07 17:44:57 +0000 2012	480	1.362429	103.800397
41640	4bf22c9599d02d7f95fac948	Wed Jul 04 18:38:27 +0000 2012	480	1.384932	103.832075
30892	4b058814f964a52080b022e3	Fri Aug 03 16:29:42 +0000 2012	480	1.304561	103.757734
19441	4b05880cf964a5200eae22e3	Mon Feb 06 06:25:07 +0000 2012	480	1.358277	103.938233
4865	4ca18dbb54c8a1cd153aa94b	Sun Dec 02 12:11:54 +0000 2012	480	1.305557	103.807685
74407	50c2c1c5e4b013fc69aa1aa3	Sat Apr 07 14:29:36 +0000 2012	480	1.296778	103.797209
188274	4b107e74f964a520af7123e3	Tue Aug 07 21:49:58 +0000 2012	480	1.34385	103.81359
7541	4b5ae0b0f964a52066d828e3	Wed Apr 04 12:34:57 +0000 2012	480	1.360217	103.790593
16273	4b32a70cf964a520f71025e3	Mon Jul 02 07:07:54 +0000 2012	480	1.341673	103.768591
848	4b46b1d0f964a520e82626e3	Mon Oct 01 23:38:55 +0000 2012	480	1.289701	103.799961
19441	4b0a71d7f964a5201a2423e3	Tue May 01 12:19:58 +0000 2012	480	1.399545	103.816167
11135	4d4be37ce1ec6dcbcb3dd275	Thu Jun 07 22:29:35 +0000 2012	480	1.303144	103.930457
31623	4b3604d8f964a520b72f25e3	Fri May 04 14:42:18 +0000 2012	480	1.321147	103.833236
7050	4b1bc6bef964a52052fd23e3	Wed Jun 06 23:43:55 +0000 2012	480	1.2911	103.842619
4029	4e192d5fd1648b83483a2a41	Sat Sep 01 14:48:58 +0000 2012	480	1.30542	103.79852
2391	4c5bf05885a1e21e2c2b5511	Sat Feb 04 15:27:36 +0000 2012	480	1.303965	103.801838
18624	4bb5db9b2f70c9b6b4908430	Wed Aug 01 08:32:53 +0000 2012	480	1.33824	103.834613
126	4b05880cf964a5200eae22e3	Sun Aug 05 10:12:48 +0000 2012	480	1.34765	103.824718
67265	4b1f21a6f964a520432424e3	Wed Feb 01 17:20:16 +0000 2012	480	1.323436	103.777679
35789	4b68c57df964a5200f8c2be3	Sat Feb 04 13:48:50 +0000 2012	480	1.358654	103.801271
29651	4b70020df964a5202d032de3	Wed Apr 04 23:48:53 +0000 2012	480	1.353733	103.827475
4860	4b4de929f964a520d6da26e3	Sun Jul 01 15:26:50 +0000 2012	480	1.316369	103.947479
74407	4b058814f964a5206bb022e3	Sun Nov 04 14:29:58 +0000 2012	480	1.295937	103.8021
208110	4b56f8aaf964a520322128e3	Fri Nov 02 09:09:56 +0000 2012	480	1.301915	103.916641
33690	4b529ebdf964a520218427e3	Thu Feb 02 20:59:43 +0000 2012	480	1.293581	103.82496
50623	4b651ea1f964a52013e52ae3	Fri Sep 07 19:31:38 +0000 2012	480	1.304645	103.932158
22634	4b64e7a2f964a520d9d82ae3	Thu Apr 05 15:09:57 +0000 2012	480	1.283285	103.922715
30892	4b0a71d7f964a5201a2423e3	Sun Feb 05 15:32:37 +0000 2012	480	1.305846	103.82412
72791	4b7e8814f964a52043f12fe3	Sat Oct 06 18:37:20 +0000 2012	480	1.303031	103.815501
23632	4b423b8ef964a5209bcf25e3	Mon Sep 03 16:27:52 +0000 2012	480	1.345263	103.822359
105636	4b18f2e6f964a520acd623e3	Sun Feb 05 15:17:55 +0000 2012	480	1.301094	103.937846
2391	4c04efff73a8c9b682ac96e0	Sun Apr 01 09:57:45 +0000 2012	480	1.271525	103.758736
23519	4b812597f964a5205f9830e3	Sat Jun 02 06:58:57 +0000 2012	480	1.30457	103.798692
76462	4b058814f964a52059b022e3	Tue Jul 03 17:35:58 +0000 2012	480	1.308076	103.794171
7659	4bd5824c637ba593b572f670	Fri Jun 01 13:51:39 +0000 2012	480	1.291981	103.812617
5511	4b9622e0f964a520ecbd34e3	Thu Aug 02 14:33:18 +0000 2012	480	1.34281	103.811714
53624	4baa04b7f964a52031443ae3	Tue Jun 05 20:27:53 +0000 2012	480	1.3077	103.787287
37170	4cdd032bd549548190ef44b2	Wed Feb 01 19:19:44 +0000 2012	480	1.305535	103.928132
143	4b64e7a2f964a520d9d82ae3	Sat Jul 07 14:11:33 +0000 2012	480	1.303655	103.803292
848	4c8e18dcd2aea0937628cb69	Thu Aug 02 09:29:52 +0000 2012	480	1.306273	103.832094
848	4c7f2fe9fb74236a4492f9b9	Sat Jun 02 16:24:56 +0000 2012	480	1.273204	103.788064
85698	4b4834b3f964a520154a26e3	Sun Feb 05 13:55:28 +0000 2012	480	1.30608	103.736086
8173	4d35442cf8c9224b2380cad2	Mon Jul 02 15:20:59 +0000 2012	480	1.305171	103.798523
172431	4b7f8ca7f964a520043430e3	Sat Jun 02 22:43:52 +0000 2012	480	1.290282	103.819722
51305	4b0d53daf964a520664623e3	Sat Jul 07 12:35:58 +0000 2012	480	1.313401	103.801909
48739	4ef13d92490190cf92953c00	Thu Feb 02 02:14:19 +0000 2012	480	1.314579	103.820617
53601	4bd557da4e32d13a11b3c080	Mon Sep 03 17:50:55 +0000 2012	480	1.36078	103.811751
70870	4b11258cf964a520667823e3	Sat Jul 07 00:49:56 +0000 2012	480	1.296761	103.820966
165989	4bd557da4e32d13a11b3c080	Sun May 06 12:18:40 +0000 2012	480	1.339482	103.815693
50042	4fb6359ce4b0aced0a830780	Thu Jul 05 10:31:48 +0000 2012	480	1.29571	103.7334
62004	4bbeb3f585fbb713783f7167	Fri Feb 03 23:31:38 +0000 2012	480	1.2969	103.792065
87944	4e82f6a2b634192147ea7b8a	Mon Jun 04 13:47:44 +0000 2012	480	1.307003	103.769865
13904	4b7152c1f964a5201e412de3	Sat Aug 04 20:50:35 +0000 2012	480	1.304272	103.77203
88356	50227b21e4b02e5c64efc45d	Sun Sep 02 11:44:44 +0000 2012	480	1.358843	103.796067
1054	4b6bae1af964a5204f152ce3	Wed Feb 01 13:38:55 +0000 2012	480	1.304996	103.906628
2135	4b4abe5cf964a520ca8d26e3	Fri Sep 07 17:50:56 +0000 2012	480	1.303069	103.804425
50042	4b5ae0b0f964a52066d828e3	Sat Jul 07 06:30:27 +0000 2012	480	1.306685	103.79162
31380	4c78993fdf08a1cd5433d85d	Sun Apr 01 23:44:31 +0000 2012	480	1.309176	103.803302
2770	50825711e4b0f51bc6121487	Sun May 06 15:35:45 +0000 2012	480	1.318501	103.738531
3349	4d0aee83f608721e1928390f	Sun Oct 07 23:26:55 +0000 2012	480	1.303677	103.787475
3361	4c418c86520fa59382c5c9ac	Sat Feb 04 11:36:56 +0000 2012	480	1.306035	103.795578
8796	4b0d53daf964a520664623e3	Sat Apr 07 08:43:54 +0000 2012	480	1.344478	103.82695
74111	4b26ec70f964a520158324e3	Thu Jun 07 19:37:56 +0000 2012	480	1.310791	103.822447
48933	4b095021f964a520931523e3	Thu Feb 02 16:40:43 +0000 2012	480	1.358647	103.818567
39997	4b4804e0f964a5206c4626e3	Fri Feb 03 08:52:49 +0000 2012	480	1.363534	103.834258
14106	50bcad6ae4b07b04b525e195	Sun Nov 04 14:55:53 +0000 2012	480	1.30749	103.772873
800	4faa48d57b0ccca3f484e38a	Sat Jul 07 19:20:57 +0000 2012	480	1.339051	103.813705
8173	4b812597f964a5205f9830e3	Tue Apr 03 14:51:57 +0000 2012	480	1.302151	103.80883
122186	4f634610e4b09612ce762132	Wed Jul 04 15:56:25 +0000 2012	480	1.305486	103.817645
18277	4bc996e7937ca5933100a692	Sun Oct 07 13:16:59 +0000 2012	480	1.361252	103.805663
109825	4c73b5a58efc3704c829167d	Sat Apr 07 15:56:53 +0000 2012	480	1.332377	103.809305
165989	4e2a8fe5a809f1b164062159	Sun Aug 05 12:27:05 +0000 2012	480	1.353372	103.837876
2135	4b4969b1f964a520606f26e3	Sun Mar 04 16:45:57 +0000 2012	480	1.358972	103.818935
122186	4bfd4518bf6576b0b6fbacb8	Thu May 03 23:45:58 +0000 2012	480	1.307568	103.799232
37715	4b8f5fe0f964a520c65233e3	Sat Jul 07 18:53:06 +0000 2012	480	1.30814	103.807744
5511	4c7899b281bca0939ce4fa14	Sun Feb 05 06:27:56 +0000 2012	480	1.30032	103.831086
33557	4b78b612f964a520eade2ee3	Fri Sep 07 10:42:57 +0000 2012	480	1.357628	103.843408
800	505d8a48e4b08ab5c27e7a6d	Thu Nov 01 15:48:24 +0000 2012	480	1.308329	103.803864
437	4ba38bc6f964a520294638e3	Wed Feb 01 12:39:45 +0000 2012	480	1.298119	103.830537
126	4fae7588e4b0c29a764edd08	Sat Aug 04 13:32:58 +0000 2012	480	1.355897	103.779793
912	4ba5aee7f964a520bc1b39e3	Sun Jul 01 17:44:55 +0000 2012	480	1.323671	103.846681
38133	4b4804e0f964a5206c4626e3	Sat Jul 07 13:46:35 +0000 2012	480	1.306307	103.80265
13081	4bb947d17421a593b5b0c240	Thu Jun 07 20:48:52 +0000 2012	480	1.308308	103.802952
7050	4e47465d183849317e8344cd	Sat Feb 04 18:51:14 +0000 2012	480	1.337481	103.838155
3785	4cd14972f6378cfa4f48bad6	Fri Sep 07 18:50:41 +0000 2012	480	1.30768	103.797513
39997	4b095021f964a520931523e3	Mon Sep 03 06:50:12 +0000 2012	480	1.306837	103.823506
64513	4bb3508635f0c9b65c30bc83	Wed Nov 07 17:40:55 +0000 2012	480	1.305002	103.805039
12830	4b10ca16f964a520c27523e3	Mon Feb 06 15:54:15 +0000 2012	480	1.306727	103.805407
9165	4ba21fbef964a5206edd37e3	Sun May 06 12:32:00 +0000 2012	480	1.30723	103.738272
48815	4effc3df6d8642ac2d377904	Wed May 02 21:29:55 +0000 2012	480	1.375538	103.829339
10071	4effc3df6d8642ac2d377904	Fri Feb 03 12:34:54 +0000 2012	480	1.306356	103.830717
111894	4b666385f964a520dd1f2be3	Sat Feb 04 12:10:40 +0000 2012	480	1.308291	103.787355
150427	4ca2d9e8d5a2a143e3824490	Sat Jul 07 13:14:33 +0000 2012	480	1.293029	103.824901
31561	4c32558d452620a19ff1210f	Fri Oct 05 17:43:54 +0000 2012	480	1.308219	103.798279
14106	4e7ea19b6da1103ad24d20f3	Wed Aug 01 18:16:51 +0000 2012	480	1.304965	103.818378
31380	4b247077f964a5208b6724e3	Sat Feb 04 12:35:57 +0000 2012	480	1.337883	103.857457
137464	4b8f5de5f964a520995233e3	Fri Sep 07 12:34:52 +0000 2012	480	1.324968	103.776958
15439	4b05880ef964a520d6ae22e3	Mon Aug 06 15:35:56 +0000 2012	480	1.304119	103.789777
67265	4d377d443d958cfa164ba971	Thu Jun 07 06:30:58 +0000 2012	480	1.323908	103.783072
31672	4cb807f37148f04da2c9ccab	Sat Sep 01 19:40:59 +0000 2012	480	1.306906	103.846524
39997	4e4627cc887781a619a70f74	Fri Nov 02 18:39:20 +0000 2012	480	1.302387	103.82856
13904	4b45bf58f964a520cc0f26e3	Mon Jun 04 07:40:54 +0000 2012	480	1.339356	103.786672
3544	4ba38bc6f964a520294638e3	Sat Apr 07 15:52:42 +0000 2012	480	1.305043	103.814527
34229	4eca479cb634b2fd77a6848b	Sun Jun 03 14:26:59 +0000 2012	480	1.315192	103.816068
31561	5215af5111d2154171a17e17	Sat Aug 04 14:50:59 +0000 2012	480	1.280617	103.834051
20159	4c7899b281bca0939ce4fa14	Wed Jun 06 15:49:41 +0000 2012	480	1.264135	103.827969
4860	4b4834b3f964a520154a26e3	Wed Aug 01 23:43:58 +0000 2012	480	1.306206	103.793756
43391	4ca69c2f14c33704acbcc13b	Wed Feb 01 09:42:40 +0000 2012	480	1.295963	103.793697
72795	4b54586df964a5202db827e3	Wed Mar 07 17:32:44 +0000 2012	480	1.296755	103.835069
126	4fe17d38e4b070217adbac25	Fri Jul 06 17:46:52 +0000 2012	480	1.302489	103.909948
26711	4cdf6e1370bba1cd8ffb66c4	Fri Jun 01 14:23:54 +0000 2012	480	1.359363	103.798531
2391	4fd44b32e4b0f0b2d50d735a	Sun Apr 01 12:59:55 +0000 2012	480	1.360843	103.809962
53624	4bf6800fd4cdb713a95c84fe	Wed Jul 04 14:42:17 +0000 2012	480	1.323298	103.785695
13081	4b10ca16f964a520c27523e3	Mon Feb 06 23:33:10 +0000 2012	480	1.302791	103.825682
4678	4bd557da4e32d13a11b3c080	Sat Feb 04 07:34:31 +0000 2012	480	1.394539	103.793968
143	4b095021f964a520931523e3	Sat Nov 03 14:58:32 +0000 2012	480	1.30794	103.908734
121213	4b879f77f964a520bac431e3	Thu Feb 02 11:47:42 +0000 2012	480	1.30389	103.808188
41716	4d494ebcb73fb1f7d62fa632	Wed Apr 04 20:30:30 +0000 2012	480	1.388315	103.823218
53601	4b058814f964a5207fb022e3	Thu Jun 07 02:42:39 +0000 2012	480	1.305885	103.831806
848	4b627061f964a520ad472ae3	Sun Oct 07 15:37:57 +0000 2012	480	1.324528	103.793861
72908	4d64b3411d6b2d435d3d4e17	Wed Nov 07 14:52:52 +0000 2012	480	1.305032	103.813674
4239	4cb9284cc7228cfa7d2d0ece	Sat Jul 07 14:57:37 +0000 2012	480	1.291425	103.815629
63554	4bd557da4e32d13a11b3c080	Tue May 01 12:00:51 +0000 2012	480	1.291922	103.944306
13591	516ba493e4b056efa41e79d9	Sun May 06 11:41:57 +0000 2012	480	1.307142	103.828323
15098	4c5a7cd1d3aee21e61d46a55	Thu Jul 05 18:32:26 +0000 2012	480	1.389571	103.809253
82417	4b4de929f964a520d6da26e3	Mon Feb 06 20:54:58 +0000 2012	480	1.305477	103.834231
310	50a4680be4b052be22fd0330	Sat Feb 04 13:29:38 +0000 2012	480	1.307614	103.817127
12830	50285ce1e4b00bbc7ad50ed4	Sat Apr 07 23:39:52 +0000 2012	480	1.265255	103.798451
23632	4c1b7e87b4e62d7faf6cd993	Tue Sep 04 09:59:40 +0000 2012	480	1.301358	103.859336
132877	50ac616ce4b0fbae222802a7	Sat Nov 03 16:24:10 +0000 2012	480	1.302446	103.869087
24939	4b56f8aaf964a520322128e3	Sat Jun 02 17:35:54 +0000 2012	480	1.305174	103.751961
84093	4b529ebdf964a520218427e3	Wed Aug 01 04:28:56 +0000 2012	480	1.328838	103.80852
140817	4c25b356a852c9288d66e56c	Wed May 02 13:20:34 +0000 2012	480	1.286671	103.933129
108021	51dda0dc498e59e6c8a52716	Sun Mar 04 15:45:58 +0000 2012	480	1.318262	103.807046
119018	4ba4466af964a520209238e3	Wed Jun 06 18:27:57 +0000 2012	480	1.329674	103.783402
26826	4cc3e497c844721e6339e601	Sat Nov 03 12:37:38 +0000 2012	480	1.35682	103.917729
15439	4dd61140fa76ad96d1031fef	Sat Mar 03 17:57:52 +0000 2012	480	1.298787	103.825219
62004	4cd0ea641ac7a1cdac751c92	Wed Nov 07 10:31:58 +0000 2012	480	1.305661	103.775578
20159	4b5afcbaf964a52090dd28e3	Wed Aug 01 16:30:53 +0000 2012	480	1.343918	103.730122
15098	4eedd39c9adf257d673c068f	Sun Jun 03 15:42:26 +0000 2012	480	1.30778	103.797193
70870	4b56f8aaf964a520322128e3	Wed Apr 04 23:42:55 +0000 2012	480	1.335197	103.808439
24939	4b1e7356f964a5201f1a24e3	Thu Feb 02 04:57:53 +0000 2012	480	1.303303	103.772066
74407	4b8a6d2cf964a5205d6c32e3	Sat Nov 03 15:16:52 +0000 2012	480	1.305846	103.825202
31380	4c6985ba2c29d13ab9710b41	Mon Aug 06 13:41:51 +0000 2012	480	1.29396	103.828401
848	4b7e8814f964a52043f12fe3	Sat Feb 04 10:27:46 +0000 2012	480	1.304092	103.827601
91238	4cce5d4872106dcba4c5a899	Wed Jul 04 05:43:49 +0000 2012	480	1.344227	103.917248
848	4eddaef09adfe5cbe3153bb8	Sat Sep 01 19:40:54 +0000 2012	480	1.298262	103.814878
6909	4dd129b6c65bdac713a25701	Wed Jul 04 08:54:54 +0000 2012	480	1.313875	103.961969
2391	4b925288f964a5201af233e3	Mon May 07 14:45:38 +0000 2012	480	1.307911	103.795982
39863	4b8ca901f964a520b3d932e3	Sun Feb 05 15:17:54 +0000 2012	480	1.304825	103.811907
72795	4e4627cc887781a619a70f74	Sun Feb 05 14:57:42 +0000 2012	480	1.3083	103.858774
6342	4c5ba6e299ff76b053a0a59e	Wed May 02 15:44:51 +0000 2012	480	1.30693	103.81925
98887	4b0d53daf964a520664623e3	Wed Nov 07 15:52:57 +0000 2012	480	1.299226	103.843269
848	4b21902cf964a520ff3d24e3	Wed Jun 06 11:18:58 +0000 2012	480	1.30728	103.797032
3785	4b0a71d7f964a5201a2423e3	Mon Nov 05 08:42:19 +0000 2012	480	1.308118	103.797588
1865	4baa45a5f964a520cf593ae3	Sat Aug 04 13:45:55 +0000 2012	480	1.314259	103.833493
126	4b64e7a2f964a520d9d82ae3	Sat Jul 07 14:05:46 +0000 2012	480	1.338764	103.79155
95766	4b474c2df964a5205e2e26e3	Sun Feb 05 23:49:47 +0000 2012	480	1.364049	103.795448
310	4bb273d835f0c9b68e4bbb83	Mon Aug 06 19:19:50 +0000 2012	480	1.308524	103.796872
19441	4d8e8bc15091a1cd1b0f9301	Wed Feb 01 22:26:53 +0000 2012	480	1.286047	103.797712
52170	4b0cc333f964a520b04123e3	Thu Oct 04 15:55:55 +0000 2012	480	1.328584	103.805964
24525	4ccc3c75ba79a1cd17b039cb	Fri May 04 14:43:55 +0000 2012	480	1.358496	103.928223
42375	4d57d19d1270236a26658e59	Sat Nov 03 19:43:48 +0000 2012	480	1.282026	103.815727
70870	50bcad6ae4b07b04b525e195	Sat Apr 07 04:39:56 +0000 2012	480	1.360027	103.775588
4400	4b2a027af964a520aca424e3	Sun Nov 04 11:44:48 +0000 2012	480	1.309925	103.818651
33690	4bc3200a2a89ef3bb48cf488	Sun Apr 01 21:37:23 +0000 2012	480	1.282424	103.8087
3544	4bac9470f964a52053fc3ae3	Fri Feb 03 09:25:28 +0000 2012	480	1.305093	103.929812
223574	4dbd121b6a23e294ba3e1896	Thu May 03 19:44:41 +0000 2012	480	1.304398	103.825105
60853	4b13fe99f964a520659b23e3	Sun Jul 01 15:48:51 +0000 2012	480	1.361278	103.795033
23992	4f882c79e4b0af04bf4e7df3	Sun Jul 01 23:51:55 +0000 2012	480	1.357474	103.778562
46185	4b6bf5d3f964a520671d2ce3	Sat Jun 02 14:54:23 +0000 2012	480	1.329943	103.924049
13322	4ede2da5be7be2833c2203e8	Sun Feb 05 14:40:11 +0000 2012	480	1.35705	103.778732
18045	4b10ca16f964a520c27523e3	Mon Sep 03 14:45:18 +0000 2012	480	1.273731	103.813598
172431	509e03a7e4b057cac3b17a57	Sat Oct 06 15:46:54 +0000 2012	480	1.306466	103.804251
91238	4b225e4ef964a520024624e3	Wed May 02 12:38:45 +0000 2012	480	1.306769	103.84261
848	4f3e2d0ae4b0638153331641	Mon Feb 06 23:21:52 +0000 2012	480	1.364281	103.73277
8796	4ce93af9678aa0936919edea	Fri May 04 11:47:48 +0000 2012	480	1.307329	103.920397
53505	4b405c9af964a520d8b725e3	Fri Jun 01 15:39:48 +0000 2012	480	1.351731	103.800941
52170	50825711e4b0f51bc6121487	Sat Nov 03 20:32:49 +0000 2012	480	1.363672	103.790178
20159	50f1ad7be4b0403bd4282e45	Fri May 04 14:44:52 +0000 2012	480	1.307859	103.802964
10071	4d512604d7eaa1431e786f0f	Fri Feb 03 15:30:14 +0000 2012	480	1.321772	103.820487
8173	4e471c15d164155c0def94f9	Mon Jun 04 11:49:58 +0000 2012	480	1.306808	103.810082
102900	4fb20dbde4b0f1afb4e975d9	Thu May 03 17:56:42 +0000 2012	480	1.305857	103.79933
99087	4c8e18dcd2aea0937628cb69	Mon Mar 05 19:35:51 +0000 2012	480	1.300383	103.814622
8568	4b12a2eff964a520a88b23e3	Thu Feb 02 17:24:49 +0000 2012	480	1.304106	103.928299
53624	4baedbb6f964a52098dd3be3	Wed Aug 01 06:48:28 +0000 2012	480	1.307863	103.806738
289	4ba5aee7f964a520bc1b39e3	Mon Mar 05 23:10:58 +0000 2012	480	1.35625	103.80811
26471	50c9c32be4b04c1b742f4d2a	Tue Aug 07 10:19:58 +0000 2012	480	1.305428	103.807647
13081	4d8e8bc15091a1cd1b0f9301	Thu Jul 05 12:40:45 +0000 2012	480	1.305092	103.799605
143	4b05880cf964a5200eae22e3	Mon Feb 06 17:52:44 +0000 2012	480	1.339362	103.819906
9111	4b529ebdf964a520218427e3	Mon Aug 06 10:40:58 +0000 2012	480	1.306515	103.829515
82921	4dcfb0f222718eed7a57af42	Thu Feb 02 23:21:39 +0000 2012	480	1.305227	103.923581
15098	4b486349f964a5209a4c26e3	Sat Jun 02 06:34:57 +0000 2012	480	1.336978	103.831356
53035	4b64e7a2f964a520d9d82ae3	Sat Jun 02 10:18:22 +0000 2012	480	1.353195	103.834948
39863	4b530bbff964a520688d27e3	Mon Feb 06 23:46:57 +0000 2012	480	1.303945	103.802414
31623	4b058814f964a5206bb022e3	Sun Jul 01 18:46:17 +0000 2012	480	1.306124	103.825542
180802	4cc7b057caa5a1cdec4e99e7	Wed Jun 06 10:52:57 +0000 2012	480	1.304295	103.821645
4865	4b1e7356f964a5201f1a24e3	Thu Jun 07 04:25:50 +0000 2012	480	1.306939	103.802335
134508	4bf2bab79319a5939d44cb51	Mon May 07 22:59:22 +0000 2012	480	1.306568	103.81159
219410	4bab1a73f964a5202d953ae3	Tue Sep 04 06:51:46 +0000 2012	480	1.290507	103.797997
22458	4bd557da4e32d13a11b3c080	Mon May 07 13:51:25 +0000 2012	480	1.291886	103.761865
43391	4b6bf5d3f964a520671d2ce3	Wed Sep 05 22:41:52 +0000 2012	480	1.360207	103.816084
61138	4eed92b72c5bafa619388e92	Sat Nov 03 05:39:21 +0000 2012	480	1.399545	103.795469
48815	4bd557da4e32d13a11b3c080	Tue Jun 05 23:56:55 +0000 2012	480	1.296933	103.840326
221	4baa09eaf964a520bd453ae3	Fri May 04 13:05:51 +0000 2012	480	1.305509	103.816404
85698	50815727e4b0073ffa3dc5aa	Fri Sep 07 14:39:49 +0000 2012	480	1.306031	103.76087
800	4b5ae9c8f964a52009da28e3	Sat Jun 02 11:46:58 +0000 2012	480	1.305511	103.781999
74407	4b6b9c37f964a5206b122ce3	Sat Feb 04 14:43:46 +0000 2012	480	1.306248	103.801362
33557	4cf232298333224b0d070f8e	Fri Jul 06 19:59:52 +0000 2012	480	1.305759	103.798275
289	4b84b678f964a520fd4131e3	Fri Apr 06 13:52:10 +0000 2012	480	1.305481	103.940925
61138	4baa09eaf964a520bd453ae3	Sun Jun 03 06:25:16 +0000 2012	480	1.341501	103.925402
20528	4cc2c641914137048993b655	Mon Jul 02 20:21:36 +0000 2012	480	1.306754	103.798377
22458	4c0e4350d64c0f4755d9275d	Sat Jun 02 12:56:55 +0000 2012	480	1.306988	103.81107
74407	4b8a3f16f964a5208b6532e3	Mon Jul 02 15:13:28 +0000 2012	480	1.314108	103.795963
46639	4be227e6660ec9282dfbc83b	Fri Jul 06 09:00:34 +0000 2012	480	1.323512	103.780184
848	4cd0ea641ac7a1cdac751c92	Wed Aug 01 14:38:38 +0000 2012	480	1.297051	103.925527
61491	4d0ddfe95c46a093eae910b4	Thu Sep 06 13:38:20 +0000 2012	480	1.355126	103.849065
59347	4cd244c33a63a093efac12bf	Sat Jun 02 15:42:52 +0000 2012	480	1.305239	103.946517
132329	4b1dbdd6f964a520b31424e3	Wed Jun 06 06:43:31 +0000 2012	480	1.307153	103.823562
134508	4e908c3b775bfdaabc618745	Wed Jul 04 13:46:49 +0000 2012	480	1.296754	103.916864
848	4b058812f964a520e8af22e3	Thu Dec 06 23:31:47 +0000 2012	480	1.304577	103.782117
37378	4be6b3832468c92823980143	Mon Apr 02 06:28:40 +0000 2012	480	1.354292	103.787034
19044	4ba71fdbf964a520e98139e3	Fri Apr 06 05:36:23 +0000 2012	480	1.296589	103.803792
4047	4b13fe99f964a520659b23e3	Mon May 07 11:49:56 +0000 2012	480	1.345838	103.824149
957	4ca82f4444a8224b246e1540	Mon Apr 02 23:45:51 +0000 2012	480	1.293476	103.816236
41716	4d8b2deb7139b1f7b55ad9d4	Sat Jun 02 17:40:24 +0000 2012	480	1.305523	103.825509
64513	4bbdbc04a8cf76b0ae11b2fd	Sun Jul 01 12:20:45 +0000 2012	480	1.293416	103.834024
7541	4ca18dbb54c8a1cd153aa94b	Fri Feb 03 21:37:47 +0000 2012	480	1.304218	103.810409
170694	4fa39609e4b0ace4729ac95d	Sat May 05 11:00:40 +0000 2012	480	1.318613	103.810907
53624	4baeeb0ef964a520bfe13be3	Sat Oct 06 15:47:57 +0000 2012	480	1.309714	103.796869
119018	4baaea5cf964a520ac8d3ae3	Mon May 07 14:41:28 +0000 2012	480	1.399545	103.811475
19044	4b78b612f964a520eade2ee3	Wed Jun 06 13:43:46 +0000 2012	480	1.302117	103.834054
12830	4b6447d2f964a5200fa82ae3	Fri Apr 06 23:24:54 +0000 2012	480	1.303295	103.813031
164832	4b6bf5d3f964a520671d2ce3	Sun Jun 03 06:47:53 +0000 2012	480	1.342678	103.807939
34229	4b32a70cf964a520f71025e3	Sun Jun 03 15:29:58 +0000 2012	480	1.280997	103.829077
26730	4b642ddef964a520c0a22ae3	Sat Aug 04 18:55:39 +0000 2012	480	1.388192	103.805148
47153	4d3d65f28edf37045b39b9a5	Thu Aug 02 08:23:39 +0000 2012	480	1.30723	103.809921
848	4c5ba6e299ff76b053a0a59e	Sun Sep 02 11:48:59 +0000 2012	480	1.307562	103.786208
63023	4b84b678f964a520fd4131e3	Thu Feb 02 08:37:25 +0000 2012	480	1.306973	103.834106
111894	4d383bb80f81b60cca003e3a	Sat Aug 04 15:51:30 +0000 2012	480	1.295616	103.816448
143	4b05880cf964a5200eae22e3	Thu Aug 02 15:38:53 +0000 2012	480	1.306355	103.828433
78426	50a17ba0e4b01b6888355578	Wed May 02 07:25:55 +0000 2012	480	1.303715	103.805589
122186	4bacc787f964a520a60b3be3	Fri Feb 03 19:40:31 +0000 2012	480	1.283697	103.763926
143	4fd965e9e4b0884c8e64813c	Mon Aug 06 13:48:59 +0000 2012	480	1.29309	103.808063
34492	4b058814f964a52080b022e3	Sat May 05 12:40:27 +0000 2012	480	1.359649	103.83209
6909	4b2a027af964a520aca424e3	Thu Nov 01 14:20:58 +0000 2012	480	1.305148	103.809818
848	4b30abbef964a520c9fa24e3	Wed Oct 03 19:54:49 +0000 2012	480	1.305093	103.818267
23635	4b05880bf964a520f2ad22e3	Fri Feb 03 23:47:55 +0000 2012	480	1.304247	103.806501
78704	4d1d964cdd6a236a38fc1e38	Sat Feb 04 13:12:49 +0000 2012	480	1.354983	103.814486
18246	4bb71a2c941ad13a084a20e3	Sat Jun 02 23:41:39 +0000 2012	480	1.360278	103.782613
53624	4e71de1f1495e4ca140a22f0	Mon Jun 04 03:50:55 +0000 2012	480	1.359313	103.838451
202218	4b062a5cf964a52060e922e3	Fri Jul 06 13:00:55 +0000 2012	480	1.353628	103.773364
202218	4b9eeed8f964a520470b37e3	Sat Aug 04 12:42:51 +0000 2012	480	1.307795	103.826744
8029	4b05880cf964a5200eae22e3	Mon Feb 06 13:42:48 +0000 2012	480	1.357279	103.876363
48815	50825711e4b0f51bc6121487	Sat May 05 13:48:49 +0000 2012	480	1.307818	103.820715
43391	4c0f9e85336220a1ef06ce77	Sun Oct 07 13:14:54 +0000 2012	480	1.305661	103.825755
29055	4db2bd541e7248d1357c2573	Sun Apr 01 19:55:58 +0000 2012	480	1.308129	103.911333
53624	4b597beff964a520c38928e3	Sat Feb 04 23:42:43 +0000 2012	480	1.292381	103.801816
1054	4ce3a625dc1960fc18b4574a	Sun Aug 05 12:40:52 +0000 2012	480	1.322059	103.822003
82433	4d4fee0dc5ff6ea865539507	Fri Jun 01 19:24:50 +0000 2012	480	1.292068	103.811392
63554	4f882c79e4b0af04bf4e7df3	Sat Jun 02 14:26:59 +0000 2012	480	1.28582	103.770934
44271	4c9dc2940e9bb1f74c6ee05f	Tue Aug 07 22:42:55 +0000 2012	480	1.303659	103.787242
984	4bd6c7906f6495218c4971ec	Fri May 04 11:53:53 +0000 2012	480	1.304281	103.806418
13904	4b05880cf964a5200eae22e3	Mon Jun 04 19:36:49 +0000 2012	480	1.303089	103.807218
37170	4bb9e4957421a593ea1dc340	Wed Apr 04 17:46:56 +0000 2012	480	1.358793	103.814295
22458	4cb83a85a33bb1f7062d7ffd	Wed Sep 05 12:23:58 +0000 2012	480	1.30056	103.827571
121213	4b095021f964a520931523e3	Thu Oct 04 13:56:18 +0000 2012	480	1.360895	103.79906
61491	4ca1d1cd03133704fa2d86d5	Sat May 05 22:28:57 +0000 2012	480	1.304428	103.914227
12830	514341cbe4b0abca5d7d2250	Fri Oct 05 15:25:52 +0000 2012	480	1.304256	103.767195
3199	4baa09eaf964a520bd453ae3	Fri Sep 07 14:23:52 +0000 2012	480	1.305666	103.836498
87944	4b594c74f964a5205a8428e3	Sat Nov 03 13:07:57 +0000 2012	480	1.340184	103.750332
37295	4b0bcea6f964a520c93323e3	Thu Dec 06 15:43:15 +0000 2012	480	1.329708	103.800575
4047	4ce3a625dc1960fc18b4574a	Sat Apr 07 06:45:58 +0000 2012	480	1.326656	103.796972
36723	4cb6412c58b6ef3b4609280c	Wed Feb 01 09:37:56 +0000 2012	480	1.304848	103.805681
29031	4b56f8aaf964a520322128e3	Sat Apr 07 10:50:49 +0000 2012	480	1.295224	103.798991
221402	4b225e4ef964a520024624e3	Fri Feb 03 23:20:45 +0000 2012	480	1.354349	103.806324
75575	4cd0ea641ac7a1cdac751c92	Thu May 03 10:32:55 +0000 2012	480	1.307153	103.858899
15098	4b0bcea6f964a520c93323e3	Sun Sep 02 16:45:49 +0000 2012	480	1.323675	103.805205
106936	4fae7588e4b0c29a764edd08	Sat Oct 06 13:40:46 +0000 2012	480	1.3039	103.834029
4041	4ba31924f964a520b12b38e3	Thu Jun 07 18:39:55 +0000 2012	480	1.305109	103.810273
109825	4d383e55b274b1f7ffd4e6a3	Fri Jul 06 17:37:54 +0000 2012	480	1.312995	103.821792
13081	4f70b1e4e4b025cbe4bda42a	Mon Apr 02 15:35:57 +0000 2012	480	1.306404	103.793017
35789	510e43cee4b01a7ac94fc37f	Wed Feb 01 13:37:58 +0000 2012	480	1.360465	103.817116
12830	4c3419e5452620a1b1ae240f	Sat Nov 03 19:24:56 +0000 2012	480	1.324057	103.808184
11135	4b504548f964a520791f27e3	Wed Jun 06 15:54:22 +0000 2012	480	1.304284	103.814331
122186	4c67a9399cedd13a892f79a1	Wed May 02 06:52:57 +0000 2012	480	1.303885	103.796098
1470	4d288fb5ebacb1f75749f24f	Sat Feb 04 14:34:53 +0000 2012	480	1.300925	103.797448
4029	4bdad2f42a3a0f477f1eacb6	Sat Aug 04 07:45:49 +0000 2012	480	1.358394	103.807967
8796	4b0725b5f964a52031f822e3	Thu Jul 05 11:47:59 +0000 2012	480	1.394637	103.912919
22634	5040eb79e4b02607d0173b9d	Mon Nov 05 12:47:58 +0000 2012	480	1.357666	103.837078
848	4c5a46625c57c9b6460c1d4a	Sat Oct 06 11:24:32 +0000 2012	480	1.304639	103.801718
55151	4b8f5de5f964a520995233e3	Fri Aug 03 09:44:58 +0000 2012	480	1.347726	103.800189
72738	4eddaef09adfe5cbe3153bb8	Sat Aug 04 15:47:29 +0000 2012	480	1.307293	103.806238
28120	4b6bf5d3f964a520671d2ce3	Wed Jul 04 11:44:47 +0000 2012	480	1.306552	103.804806
99087	4c083c97bbc676b0f84246d5	Sun Sep 02 09:37:47 +0000 2012	480	1.293357	103.737292
3785	4d020d2d3be26dcbf12376e4	Sat May 05 16:32:36 +0000 2012	480	1.305422	103.809986
20159	4fa548d8e4b094b9463347e9	Sun Sep 02 14:30:58 +0000 2012	480	1.305382	103.926937
121116	4ce36a262407a1cda0134ed0	Thu Nov 01 07:47:53 +0000 2012	480	1.294116	103.931154
437	4b05880cf964a5200eae22e3	Sun Nov 04 20:34:54 +0000 2012	480	1.308213	103.808863
63554	4b4de929f964a520d6da26e3	Wed Feb 01 08:50:56 +0000 2012	480	1.307438	103.803615
74407	4b095021f964a520931523e3	Sun Feb 05 17:36:43 +0000 2012	480	1.319057	103.802344
437	4b586667f964a520065628e3	Tue Jun 05 07:11:51 +0000 2012	480	1.353195	103.845962
984	4eb364b39a52ad1e3e105366	Fri Oct 05 04:19:21 +0000 2012	480	1.305493	103.823498
105636	4e7ea19b6da1103ad24d20f3	Thu Jul 05 15:57:57 +0000 2012	480	1.317292	103.811472
2770	4cb9529ff50e224b4af7ecfb	Wed Mar 07 15:43:56 +0000 2012	480	1.327413	103.798536
62004	4b56f8aaf964a520322128e3	Mon May 07 15:36:56 +0000 2012	480	1.301277	103.803749
23222	4d0df475eea9b60ce44d613f	Wed Aug 01 13:57:59 +0000 2012	480	1.308256	103.81323
289	4bb59e10ef159c74aff174f7	Fri Jul 06 11:42:57 +0000 2012	480	1.343374	103.797367
11135	4bb96bf0935e9521ab252790	Thu Oct 04 16:37:35 +0000 2012	480	1.30484	103.783852
8568	4bdc7aab2a3a0f47de07b3b6	Wed Oct 03 08:23:44 +0000 2012	480	1.340341	103.813057
53035	4bc6c505d35d9c743038e33a	Sun Jul 01 12:52:40 +0000 2012	480	1.339891	103.812883
848	4e2c39c4a809f1b16417a6b8	Mon Apr 02 18:35:47 +0000 2012	480	1.274304	103.803113
78426	4d8975794757721e55e0a269	Fri Sep 07 20:39:08 +0000 2012	480	1.306091	103.815219
172431	510616a8e4b06b57d486f07e	Thu Nov 01 14:23:40 +0000 2012	480	1.290411	103.789089
63554	50b4d15ee4b0c673334cae05	Sun Jul 01 16:48:44 +0000 2012	480	1.305294	103.809797
38133	4c4707221ddec928650e9c32	Sat Mar 03 09:15:59 +0000 2012	480	1.308598	103.772562
3199	4c8992111797236a9d6c5a88	Mon Feb 06 11:31:58 +0000 2012	480	1.295053	103.811618
122186	4d19e62981cea35d855df8ec	Wed May 02 11:45:48 +0000 2012	480	1.343379	103.814472
4865	4b1b9e03f964a5203cfc23e3	Sun Jun 03 07:36:49 +0000 2012	480	1.359159	103.819508
122186	50a4680be4b052be22fd0330	Wed Sep 05 09:40:59 +0000 2012	480	1.307209	103.802842
33690	50335c85e4b022fc6aa5c0f8	Mon Nov 05 14:50:33 +0000 2012	480	1.345156	103.809624
33397	4b6e4452f964a52038b52ce3	Wed Nov 07 21:35:42 +0000 2012	480	1.276015	103.79367
14106	4c1af88963750f476440b467	Fri Aug 03 13:27:50 +0000 2012	480	1.302001	103.826476
29055	4bfd4518bf6576b0b6fbacb8	Mon Jun 04 14:34:55 +0000 2012	480	1.308122	103.798215
122186	4b21902cf964a520ff3d24e3	Wed Nov 07 15:43:46 +0000 2012	480	1.360184	103.803042
4678	4b10ca16f964a520c27523e3	Sat Jun 02 23:44:53 +0000 2012	480	1.295587	103.817895
19441	4b4741cff964a520b82d26e3	Sun Jul 01 20:23:55 +0000 2012	480	1.305409	103.808499
193935	4b0bcea6f964a520c93323e3	Wed Nov 07 13:39:09 +0000 2012	480	1.304775	103.826497
9165	4b937f4bf964a520064634e3	Mon Aug 06 11:48:46 +0000 2012	480	1.340994	103.936013
31380	4b05880cf964a5200eae22e3	Mon Jul 02 14:38:59 +0000 2012	480	1.34199	103.917491
848	4ce155e8df986ea8a50eec16	Sun Aug 05 11:15:56 +0000 2012	480	1.307187	103.793623
27236	4f1ac395e4b0a627184ab6b8	Sat Jul 07 15:50:45 +0000 2012	480	1.305314	103.808261
72795	4b10ca16f964a520c27523e3	Fri Jul 06 23:44:55 +0000 2012	480	1.294739	103.79312
2862	4d288fb5ebacb1f75749f24f	Sun May 06 08:36:58 +0000 2012	480	1.305891	103.814815
4400	4fd1e45be4b0c730e430432a	Thu Jun 07 12:44:55 +0000 2012	480	1.306037	103.801451
86901	4b8645acf964a520658431e3	Sat Jun 02 21:36:50 +0000 2012	480	1.306707	103.928478
20159	4d303302a241f04de7e5b127	Sat Apr 07 14:30:32 +0000 2012	480	1.306551	103.837597
3785	4c32bf9f66e40f47bb06c78b	Wed Apr 04 20:36:55 +0000 2012	480	1.352206	103.740584
55191	4b895722f964a520f22c32e3	Fri Jun 01 11:59:49 +0000 2012	480	1.384588	103.826299
91238	4b7e8814f964a52043f12fe3	Wed Feb 01 13:26:57 +0000 2012	480	1.321594	103.938388
46185	4d86243899b78cfa37bcdd1f	Sat Mar 03 18:45:59 +0000 2012	480	1.345989	103.794234
143	4c5ff63d13791b8d8e5f4eaf	Mon Sep 03 23:54:42 +0000 2012	480	1.292832	103.78922
67265	4c6985ba2c29d13ab9710b41	Fri Jul 06 16:37:54 +0000 2012	480	1.302667	103.824374
29651	4bb9da933db7b713c492229a	Fri Jun 01 17:50:42 +0000 2012	480	1.30914	103.9178
88495	4b1dbdd6f964a520b31424e3	Mon Jun 04 06:36:54 +0000 2012	480	1.358808	103.811445
121116	4b058814f964a5206bb022e3	Thu May 03 08:42:56 +0000 2012	480	1.345496	103.814936
2391	4b6d44faf964a520826e2ce3	Sun Aug 05 15:59:20 +0000 2012	480	1.324692	103.824608
3955	4b058814f964a52059b022e3	Wed Feb 01 01:46:30 +0000 2012	480	1.320348	103.829542
63554	4bb96bf0935e9521ab252790	Sun Jul 01 18:38:55 +0000 2012	480	1.303642	103.798059
221	4bfd4518bf6576b0b6fbacb8	Mon Feb 06 16:44:54 +0000 2012	480	1.305986	103.803316
22634	4c78993fdf08a1cd5433d85d	Sat May 05 17:47:57 +0000 2012	480	1.294513	103.821881
53624	4b6ed290f964a52010cc2ce3	Thu Sep 06 14:43:53 +0000 2012	480	1.306342	103.798713
41716	4b98d7ebf964a520145235e3	Mon May 07 23:35:50 +0000 2012	480	1.340317	103.812886
150541	4c5ff63d13791b8d8e5f4eaf	Wed Jun 06 06:34:50 +0000 2012	480	1.330057	103.817716
78157	4b79586df964a52011f52ee3	Fri Aug 03 16:51:55 +0000 2012	480	1.306376	103.790199
4865	4cf6482fc020b60c9c2c1f75	Thu Jun 07 14:46:23 +0000 2012	480	1.304336	103.831865
78157	519dfffc498e848bcda98b43	Sun Feb 05 01:39:54 +0000 2012	480	1.307322	103.800103
219410	4b4d651df964a520e0d126e3	Wed May 02 14:43:29 +0000 2012	480	1.325085	103.770925
1054	4b4969b1f964a520606f26e3	Sat Feb 04 14:42:33 +0000 2012	480	1.333447	103.810217
78704	4bbf3c7598f495218146d263	Thu Aug 02 07:38:59 +0000 2012	480	1.302896	103.807537
26711	4ba5c898f964a520042239e3	Sun Nov 04 15:24:53 +0000 2012	480	1.304163	103.780024
95766	4ce3a625dc1960fc18b4574a	Thu Feb 02 12:46:47 +0000 2012	480	1.299392	103.799568
23679	4b25eec6f964a5209b7724e3	Sat Apr 07 08:26:56 +0000 2012	480	1.318781	103.809844
7541	4b1ba4cbf964a52064fc23e3	Thu Oct 04 16:58:14 +0000 2012	480	1.305252	103.911347
23635	4d7985e97418a143f2eabc5b	Wed May 02 06:26:53 +0000 2012	480	1.336343	103.80746
118864	4d0ddfe95c46a093eae910b4	Thu Sep 06 17:56:59 +0000 2012	480	1.305879	103.776286
4402	4effc3df6d8642ac2d377904	Thu Nov 01 16:29:54 +0000 2012	480	1.308368	103.751221
80154	4c6e1f4a06ed6dcbd308a622	Tue Feb 07 15:37:50 +0000 2012	480	1.332795	103.832726
14388	4eccd993754ac92c122532e5	Wed Jul 04 15:06:45 +0000 2012	480	1.30624	103.832421
48739	4b6b9c37f964a5206b122ce3	Wed May 02 15:21:56 +0000 2012	480	1.306979	103.807461
2135	4b2db7adf964a520c8da24e3	Wed Jul 04 14:39:50 +0000 2012	480	1.303627	103.826929
118864	4b4b4bcff964a520c59626e3	Wed Oct 03 21:56:35 +0000 2012	480	1.298763	103.775809
62076	4b64235ef964a520daa02ae3	Sat Feb 04 19:57:40 +0000 2012	480	1.320589	103.823791
221	502bbef5e4b0728ac6c9aee8	Sat Jun 02 14:44:58 +0000 2012	480	1.306815	103.79665
6909	4e4b6ed81838fe3c818798d9	Wed Aug 01 23:38:40 +0000 2012	480	1.301627	103.87214
93919	4b529ebdf964a520218427e3	Thu Feb 02 12:22:28 +0000 2012	480	1.306668	103.801876
113460	4c8f9221b3bcb60cf6b56227	Tue Apr 03 10:19:58 +0000 2012	480	1.276102	103.804384
137464	4b642355f964a520d6a02ae3	Thu Aug 02 10:55:36 +0000 2012	480	1.361982	103.750205
3785	4bd6c7906f6495218c4971ec	Tue Jun 05 13:31:23 +0000 2012	480	1.322527	103.814927
43391	4b694186f964a5200a9d2be3	Sun Feb 05 14:17:57 +0000 2012	480	1.339225	103.926051
8568	4cc2c641914137048993b655	Fri Jul 06 10:25:59 +0000 2012	480	1.303452	103.805773
67265	4d57d19d1270236a26658e59	Wed Feb 01 16:34:54 +0000 2012	480	1.275585	103.799182
122186	4bbd9cbda8cf76b094f7b1fd	Fri May 04 15:46:51 +0000 2012	480	1.296346	103.863824
61491	4c5ff63d13791b8d8e5f4eaf	Fri Jul 06 17:36:33 +0000 2012	480	1.320911	103.807366
39028	50ae28fde4b0062752d48b38	Sun Apr 01 21:33:53 +0000 2012	480	1.296474	103.842157
50623	4fabcc46e4b04b8d301b3d7c	Wed Jun 06 14:31:20 +0000 2012	480	1.326679	103.818198
48815	4b70020df964a5202d032de3	Wed Jun 06 16:48:59 +0000 2012	480	1.294292	103.801948
15098	4d512604d7eaa1431e786f0f	Sun Feb 05 13:00:58 +0000 2012	480	1.303306	103.801733
61491	4d28e6963c7954818bbad29b	Wed Aug 01 14:12:49 +0000 2012	480	1.301118	103.833796
23222	4ba57475f964a520d30839e3	Sat Feb 04 14:42:44 +0000 2012	480	1.308016	103.807811
10071	4b058814f964a52087b022e3	Sun Apr 01 20:00:51 +0000 2012	480	1.354944	103.844915
1865	4e0632d0d1640223a494f611	Tue Oct 02 18:32:12 +0000 2012	480	1.306632	103.8381
69904	50eeb99ee4b0335229c79d75	Wed Jul 04 17:36:46 +0000 2012	480	1.307454	103.789197
20159	4ef99ea26c25c411ed1ec74a	Wed May 02 22:07:22 +0000 2012	480	1.294654	103.905171
143	4b4969b1f964a520606f26e3	Sat Feb 04 15:31:51 +0000 2012	480	1.305509	103.754989
223574	4be2213ed27a20a12f068f5b	Fri Apr 06 15:46:42 +0000 2012	480	1.399545	103.801746
29651	4ef5b9c2c512f227772bdfcd	Sat Jul 07 15:29:41 +0000 2012	480	1.396369	103.803617
26471	505ee400e4b05a5f26c2976e	Thu Sep 06 16:37:48 +0000 2012	480	1.306466	103.795664
10071	50473bb1e4b04aab88399283	Wed May 02 16:47:47 +0000 2012	480	1.303951	103.822529
39863	4baedbb6f964a52098dd3be3	Sun Aug 05 13:53:52 +0000 2012	480	1.307976	103.83463
984	4bd41ef6462cb713f9c0df07	Sat Aug 04 16:06:49 +0000 2012	480	1.358451	103.924564
11160	4d377d443d958cfa164ba971	Wed Sep 05 11:41:59 +0000 2012	480	1.306253	103.797793
848	4ce155e8df986ea8a50eec16	Fri Nov 02 13:52:56 +0000 2012	480	1.305759	103.811417
122186	5027a738e4b0aa1675956acd	Mon Feb 06 10:55:17 +0000 2012	480	1.305198	103.834699
8849	4c5d498617f3b713ba0810e6	Fri Nov 02 16:31:51 +0000 2012	480	1.305876	103.81718
33690	4b66b35ef964a520ea272be3	Thu Apr 05 23:33:54 +0000 2012	480	1.289506	103.829638
28120	4d8e8bc15091a1cd1b0f9301	Wed Feb 01 16:14:56 +0000 2012	480	1.302569	103.80211
165989	518f290f498e744b82bfd499	Sun Sep 02 23:37:12 +0000 2012	480	1.292265	103.83119
99087	50a9bc28e4b089c951cfd1ca	Wed Feb 01 12:45:56 +0000 2012	480	1.306686	103.828616
127046	4ed1487ee5e84d55c906c980	Wed Jun 06 11:18:56 +0000 2012	480	1.307399	103.786298
38520	50ae28fde4b0062752d48b38	Thu Feb 02 16:54:40 +0000 2012	480	1.308425	103.906276
43391	4bbbe7b7e4529521076355a4	Sat Sep 01 15:43:57 +0000 2012	480	1.31934	103.832404
221	502e29c1e4b0bf3e69635df1	Thu Jun 07 16:21:15 +0000 2012	480	1.302647	103.826249
122186	516ba493e4b056efa41e79d9	Mon Aug 06 15:29:54 +0000 2012	480	1.302644	103.794656
48739	4bc8583192b376b0402b513a	Thu Sep 06 10:44:35 +0000 2012	480	1.305668	103.802092
63023	4b225e4ef964a520024624e3	Sat Feb 04 23:39:38 +0000 2012	480	1.30487	103.800134
6909	4d3a334b97e0a1cdbd9f6b3e	Wed Jun 06 09:29:59 +0000 2012	480	1.397789	103.798019
19671	4b9ccd85f964a5204e7c36e3	Sat Feb 04 12:37:27 +0000 2012	480	1.353312	103.818238
82417	4c5bf05885a1e21e2c2b5511	Wed Nov 07 19:56:41 +0000 2012	480	1.326327	103.806978
28120	4b6b806af964a520b40c2ce3	Mon Apr 02 23:53:55 +0000 2012	480	1.297555	103.813758
3544	4c5ba6e299ff76b053a0a59e	Thu Jul 05 03:44:31 +0000 2012	480	1.304658	103.81824
26826	4b4abe5cf964a520ca8d26e3	Wed Jul 04 13:14:57 +0000 2012	480	1.35841	103.923889
221	4cbbd1b590c9a143af9897d6	Thu Sep 06 10:26:43 +0000 2012	480	1.304335	103.772385
55191	4b666385f964a520dd1f2be3	Sun Apr 01 07:41:58 +0000 2012	480	1.293075	103.821506
14106	4c384f3e93db0f474f592192	Sat Jul 07 04:00:58 +0000 2012	480	1.359286	103.821977
99087	4cf77ee466585481fa15cf98	Wed Feb 01 23:53:51 +0000 2012	480	1.296691	103.911907
78426	4b59aa17f964a520909128e3	Wed Feb 01 12:56:13 +0000 2012	480	1.305202	103.832275
36819	4bc667acd35d9c74b4c1e23a	Fri Jul 06 11:15:45 +0000 2012	480	1.320348	103.906837
26471	4c3419e5452620a1b1ae240f	Tue Mar 06 04:31:48 +0000 2012	480	1.288773	103.832022
47349	4bb3424e14cfd13afcc615ab	Thu Oct 04 17:39:50 +0000 2012	480	1.356412	103.796098
48815	4bd557da4e32d13a11b3c080	Sun Apr 01 11:44:44 +0000 2012	480	1.30583	103.843816
14106	4d512604d7eaa1431e786f0f	Sun Dec 02 19:20:49 +0000 2012	480	1.322547	103.798088
38520	4c99c3d4a004a1cde753426e	Fri Oct 05 13:21:17 +0000 2012	480	1.304792	103.794587
28120	4b79586df964a52011f52ee3	Fri May 04 19:11:20 +0000 2012	480	1.303952	103.811882
122186	4b2a027af964a520aca424e3	Thu Jul 05 19:54:56 +0000 2012	480	1.310409	103.794872
10194	4b341e41f964a520342525e3	Fri Feb 03 10:45:50 +0000 2012	480	1.304359	103.825657
53035	4ede2da5be7be2833c2203e8	Sat Apr 07 08:18:37 +0000 2012	480	1.306378	103.785595
25478	519f4827498e6f52503325cf	Thu Oct 04 04:38:36 +0000 2012	480	1.30858	103.81053
55918	4b644038f964a52071a62ae3	Fri Jun 01 10:46:48 +0000 2012	480	1.304951	103.872834
221	4bb9e4957421a593ea1dc340	Sat Feb 04 15:40:59 +0000 2012	480	1.304926	103.796409
103495	4e71de1f1495e4ca140a22f0	Sat Jun 02 13:54:47 +0000 2012	480	1.305927	103.802007
27989	4bb864dcb35776b03ce4c801	Sun May 06 17:47:58 +0000 2012	480	1.307289	103.812977
38133	4b57dd0ff964a5204b4428e3	Wed Jun 06 14:46:08 +0000 2012	480	1.331037	103.791879
8568	4c73b5a58efc3704c829167d	Wed Jul 04 14:11:46 +0000 2012	480	1.29241	103.804952
113936	4b10ca16f964a520c27523e3	Wed Oct 03 15:52:44 +0000 2012	480	1.304212	103.923141
143	4b18f2e6f964a520acd623e3	Wed Feb 01 23:54:22 +0000 2012	480	1.306106	103.929708
53624	4b597beff964a520c38928e3	Fri Feb 03 04:59:57 +0000 2012	480	1.299556	103.797065
58006	4b513734f964a520904727e3	Mon Sep 03 09:45:40 +0000 2012	480	1.268035	103.78485
53624	4b2a027af964a520aca424e3	Fri May 04 15:56:49 +0000 2012	480	1.366727	103.764377
140817	4bbd2fc44e069c7450859ee3	Sat Feb 04 04:26:00 +0000 2012	480	1.264407	103.809904
132329	4c3d440b7ea89521c1842247	Wed Jul 04 23:36:29 +0000 2012	480	1.304335	103.804266
44271	4e4e5f557d8bd425e47fa897	Wed Aug 01 14:30:13 +0000 2012	480	1.334004	103.832065
39863	4cad607a628cb1f717372b15	Fri Jun 01 13:49:44 +0000 2012	480	1.307406	103.807565
51533	4b892d46f964a520122132e3	Sat Nov 03 13:42:57 +0000 2012	480	1.304874	103.781894
157048	4cd825a6145fa1cdeaf204bd	Wed Aug 01 23:45:55 +0000 2012	480	1.296865	103.812067
848	4b6bf5d3f964a520671d2ce3	Mon Feb 06 23:58:14 +0000 2012	480	1.307661	103.829044
37378	4bd5824c637ba593b572f670	Sat Jul 07 13:29:56 +0000 2012	480	1.321469	103.805735
61491	4b98d7ebf964a520145235e3	Wed Aug 01 14:39:37 +0000 2012	480	1.303388	103.80179
91194	4cdb8482958f236a2f95ad03	Mon Feb 06 17:37:59 +0000 2012	480	1.307953	103.801487
63113	4c5a46625c57c9b6460c1d4a	Sat Aug 04 14:28:38 +0000 2012	480	1.311274	103.815116
126	4b34a673f964a5202c2825e3	Sat Jul 07 12:37:56 +0000 2012	480	1.305646	103.80673
12764	4b5fce70f964a5206ccd29e3	Fri Aug 03 12:41:54 +0000 2012	480	1.293759	103.924588
51305	4c3142a1213c2d7fcec4335d	Sat Jun 02 15:55:49 +0000 2012	480	1.316295	103.812459
51533	4b058814f964a5206bb022e3	Mon May 07 18:35:51 +0000 2012	480	1.305695	103.833593
310	4b9eeed8f964a520470b37e3	Wed Nov 07 23:49:21 +0000 2012	480	1.307703	103.783259
12764	4b0d53daf964a520664623e3	Thu Jun 07 14:54:58 +0000 2012	480	1.275775	103.815171
26471	4cebd72c0f196dcb1d165aae	Sun Nov 04 23:23:53 +0000 2012	480	1.302498	103.817429
137464	4b925288f964a5201af233e3	Sat Aug 04 08:32:46 +0000 2012	480	1.304935	103.790267
33690	4b2d8577f964a5204fd824e3	Sat Aug 04 16:53:58 +0000 2012	480	1.30808	103.819451
9165	4b1f4e15f964a5205b2524e3	Wed Nov 07 07:05:53 +0000 2012	480	1.30638	103.921041
16273	4b05880cf964a5200eae22e3	Fri Jun 01 23:53:58 +0000 2012	480	1.306537	103.814846
33690	509e03a7e4b057cac3b17a57	Fri Apr 06 16:33:31 +0000 2012	480	1.327206	103.814593
94934	4b095021f964a520931523e3	Mon Feb 06 17:47:23 +0000 2012	480	1.30666	103.815895
121116	4b0bcea6f964a520c93323e3	Fri Jul 06 23:36:53 +0000 2012	480	1.342177	103.915534
11160	4b0a71d7f964a5201a2423e3	Mon Jul 02 11:57:39 +0000 2012	480	1.359137	103.806107
19671	4cab0da62f08236a0bb18261	Sun Oct 07 21:49:35 +0000 2012	480	1.290881	103.912224
11431	4b05880cf964a5200eae22e3	Sat Jul 07 15:38:51 +0000 2012	480	1.305756	103.933878
81858	4f389d67e4b0a1f1981918a0	Sun Jul 01 11:24:53 +0000 2012	480	1.306858	103.799996
15098	4ccac71fc4d06dcb72fd6403	Fri Oct 05 07:16:16 +0000 2012	480	1.301915	103.805797
140609	4c04efff73a8c9b682ac96e0	Thu Dec 06 19:39:30 +0000 2012	480	1.353812	103.818027
848	4c087df56071a5937074dc32	Wed Jul 04 15:31:16 +0000 2012	480	1.304587	103.822613
47349	4f70b1e4e4b025cbe4bda42a	Thu May 03 15:49:45 +0000 2012	480	1.307726	103.822601
55918	4cfa0149dccef04d57d1b29c	Mon Apr 02 16:19:54 +0000 2012	480	1.302697	103.920438
11135	4b09ee1af964a520ed1f23e3	Wed Aug 01 09:35:57 +0000 2012	480	1.306003	103.800122
2770	4f59c4bde4b0c181e3574702	Sat Nov 03 15:26:46 +0000 2012	480	1.358722	103.806337
143	4bb94a12cf2fc9b63373a002	Fri Jul 06 18:53:56 +0000 2012	480	1.307538	103.828229
4678	4b286cb1f964a520489324e3	Wed Aug 01 08:35:29 +0000 2012	480	1.308088	103.824338
61138	4b76220ef964a520ea3e2ee3	Fri Jul 06 13:41:58 +0000 2012	480	1.295921	103.816693
10071	4bb8654398c7ef3b34133102	Wed Feb 01 07:39:50 +0000 2012	480	1.343129	103.835746
23519	4b6ab4bff964a520d3dc2be3	Thu Oct 04 16:22:32 +0000 2012	480	1.307156	103.79857
70870	4ed1487ee5e84d55c906c980	Tue Sep 04 23:52:59 +0000 2012	480	1.309685	103.791771
86901	4b762527f964a520d93f2ee3	Mon Nov 05 11:29:57 +0000 2012	480	1.301303	103.802514
60596	4b98d7ebf964a520145235e3	Sun Nov 04 15:54:48 +0000 2012	480	1.320432	103.814034
93919	4d288fb5ebacb1f75749f24f	Fri Aug 03 17:35:56 +0000 2012	480	1.302801	103.814795
4239	4b88bc6bf964a5203e0b32e3	Mon Nov 05 09:47:50 +0000 2012	480	1.307918	103.824668
53624	4b10ca16f964a520c27523e3	Wed Sep 05 15:55:16 +0000 2012	480	1.303251	103.814718
221	4bdad2f42a3a0f477f1eacb6	Thu May 03 14:41:58 +0000 2012	480	1.306629	103.80363
6342	4eb8ad77cc2143e8295c797d	Sat May 05 23:38:17 +0000 2012	480	1.293404	103.830598
84093	4bad900cf964a520bd5b3be3	Thu Jul 05 16:49:45 +0000 2012	480	1.302767	103.814377
13322	4b13e1a8f964a5200f9a23e3	Wed Jun 06 15:43:23 +0000 2012	480	1.353009	103.842367
84093	4ddf5dc652b16128c61707da	Sat Apr 07 06:41:40 +0000 2012	480	1.321631	103.927935
221	50bcad6ae4b07b04b525e195	Wed Jul 04 15:51:54 +0000 2012	480	1.308464	103.845492
13591	4b666766f964a5206b202be3	Sun Jul 01 16:42:48 +0000 2012	480	1.305081	103.927291
170694	4b529bbdf964a520c48327e3	Tue Oct 02 09:28:57 +0000 2012	480	1.305721	103.809104
1256	4d2534e1b9796dcbd9caa639	Thu Apr 05 23:28:58 +0000 2012	480	1.292964	103.810817
122186	4bb273d835f0c9b68e4bbb83	Thu Feb 02 18:50:52 +0000 2012	480	1.399545	103.80114
848	4cab0da62f08236a0bb18261	Mon Jun 04 11:05:57 +0000 2012	480	1.295597	103.79768
848	4c22e5547e85c92893d5bc21	Sat Mar 03 23:46:56 +0000 2012	480	1.359429	103.795733
15439	4cdfbe6d70bba1cdada168c4	Thu Feb 02 08:52:51 +0000 2012	480	1.302768	103.829196
29651	4b8f5fe0f964a520c65233e3	Fri Nov 02 19:46:47 +0000 2012	480	1.307363	103.800349
50623	4b73dcb0f964a52014be2de3	Wed May 02 07:52:40 +0000 2012	480	1.308432	103.831595
63023	4b225e4ef964a520024624e3	Fri May 04 13:32:19 +0000 2012	480	1.301471	103.823411
12517	4b49db45f964a520ca7426e3	Sat Sep 01 02:45:41 +0000 2012	480	1.305344	103.91925
150541	4cf6482fc020b60c9c2c1f75	Mon Nov 05 15:43:47 +0000 2012	480	1.357335	103.934154
140609	4f3e2d0ae4b0638153331641	Wed May 02 15:22:57 +0000 2012	480	1.306518	103.802482
28120	4d2c2a2a77a2a1cdcd0183b7	Fri Jul 06 11:47:35 +0000 2012	480	1.307503	103.914285
13081	4b5adf39f964a5203ad828e3	Thu Aug 02 20:40:16 +0000 2012	480	1.296432	103.806023
1865	4ba4de2ff964a520f3bc38e3	Wed Jun 06 23:26:50 +0000 2012	480	1.301667	103.811653
7541	4b586667f964a520065628e3	Fri Nov 02 21:05:30 +0000 2012	480	1.38044	103.79936
86901	4b1f4e15f964a5205b2524e3	Sat Jun 02 19:52:57 +0000 2012	480	1.299879	103.829945
19044	4d3f8a08de17a093f957f06b	Wed Sep 05 08:40:23 +0000 2012	480	1.303947	103.798133
147802	4bece1753372c928c9fc1014	Sat May 05 01:12:31 +0000 2012	480	1.25884	103.748059
15098	4b2a027af964a520aca424e3	Thu Jul 05 04:48:35 +0000 2012	480	1.306093	103.797889
62004	4dcdfc86183899ddfac7bf05	Sat Nov 03 14:29:57 +0000 2012	480	1.306664	103.799801
310	4b2ee17bf964a520cfe724e3	Wed May 02 11:36:39 +0000 2012	480	1.302674	103.797086
39997	4b2d0149f964a5202ecc24e3	Sat Aug 04 13:12:49 +0000 2012	480	1.291757	103.807631
75866	4e908c3b775bfdaabc618745	Wed Aug 01 23:50:49 +0000 2012	480	1.346365	103.8188
143	4bb610c81344b71318e99c04	Sun Aug 05 23:44:10 +0000 2012	480	1.297255	103.809112
13081	4b0a71d7f964a5201a2423e3	Wed Jul 04 16:38:56 +0000 2012	480	1.304417	103.922786
51236	4c1db931b9f876b06d287e46	Thu Oct 04 19:40:58 +0000 2012	480	1.302409	103.875178
3785	5076c330e4b07246206ade8d	Sat Jun 02 07:32:17 +0000 2012	480	1.353629	103.837729
31380	4b762527f964a520d93f2ee3	Mon Jul 02 15:10:56 +0000 2012	480	1.305488	103.81281
150541	4bab1a73f964a5202d953ae3	Sat Jun 02 11:22:27 +0000 2012	480	1.326701	103.797984
20159	4ca69c2f14c33704acbcc13b	Thu Jun 07 18:47:54 +0000 2012	480	1.345385	103.833487
30163	4e8f1329dab454671ef8d0a6	Sat Feb 04 14:50:55 +0000 2012	480	1.308088	103.776153
88495	4b05880cf964a5200eae22e3	Sat Jun 02 18:39:58 +0000 2012	480	1.296844	103.759681
310	4b9c49fbf964a5204f5c36e3	Wed Aug 01 13:26:53 +0000 2012	480	1.308389	103.790139
23519	50069f0ae4b07ec2c1b2baf2	Thu Sep 06 23:39:48 +0000 2012	480	1.306847	103.804381
221402	4d076278347da1cd0fa63a8f	Sun Feb 05 13:20:16 +0000 2012	480	1.305036	103.837123
31525	4dd33f9852b1f20e680c4a61	Wed Sep 05 08:09:49 +0000 2012	480	1.294183	103.918952
94934	4b895722f964a520f22c32e3	Wed Jun 06 18:36:59 +0000 2012	480	1.35941	103.918271
82921	4b095021f964a520931523e3	Wed Nov 07 14:52:46 +0000 2012	480	1.299162	103.773448
150427	4b762527f964a520d93f2ee3	Sun Jun 03 05:45:18 +0000 2012	480	1.305023	103.796188
61138	4d23fca12ac6f04d5ac33145	Thu May 03 18:40:54 +0000 2012	480	1.306631	103.866268
61491	4cfb048f7f2db1f725482bd4	Wed Feb 01 19:36:49 +0000 2012	480	1.304906	103.954482
223574	4bb59e10ef159c74aff174f7	Sat Feb 04 20:46:56 +0000 2012	480	1.360197	103.833652
437	4b1ba4cbf964a52064fc23e3	Sat Jul 07 14:34:10 +0000 2012	480	1.30387	103.802526
984	4d3d96ead625224bfc339bfa	Fri Nov 02 11:52:54 +0000 2012	480	1.304058	103.922344
4687	4b9dcc3cf964a52033be36e3	Sun Apr 01 01:36:48 +0000 2012	480	1.313699	103.823189
848	4b058814f964a5206bb022e3	Wed Sep 05 23:46:57 +0000 2012	480	1.295695	103.804478
150427	4b341e41f964a520342525e3	Sat May 05 14:36:53 +0000 2012	480	1.317735	103.796701
6305	4b7e8814f964a52043f12fe3	Mon Sep 03 23:07:54 +0000 2012	480	1.304165	103.821016
122186	4fd965e9e4b0884c8e64813c	Fri Feb 03 14:31:31 +0000 2012	480	1.306893	103.810159
207789	4c03468cf423a593571ad016	Tue Sep 04 14:39:44 +0000 2012	480	1.34314	103.802261
3349	4bbdcf0da8cf76b0ca29b2fd	Sun May 06 23:44:57 +0000 2012	480	1.290669	103.912896
10071	4b058814f964a52087b022e3	Sat May 05 13:28:57 +0000 2012	480	1.292495	103.790485
88495	4b77aa26f964a52019a62ee3	Thu Jun 07 06:42:30 +0000 2012	480	1.292456	103.765588
4041	4b0bcea6f964a520c93323e3	Sat Nov 03 23:25:51 +0000 2012	480	1.288848	103.818642
122186	4cd0ea641ac7a1cdac751c92	Fri Nov 02 14:50:55 +0000 2012	480	1.306715	103.788362
74111	4c3eb46051dee21e2b07eb6e	Sun May 06 18:41:55 +0000 2012	480	1.305111	103.817977
35789	4c22e5547e85c92893d5bc21	Tue Feb 07 22:34:54 +0000 2012	480	1.321907	103.78491
51305	507bc28ae4b0772057d4ad3a	Sun Oct 07 15:35:45 +0000 2012	480	1.305681	103.786428
4047	4f696c6ce4b0c237d6ada91f	Wed Oct 03 20:39:33 +0000 2012	480	1.30406	103.801643
4239	4b74191ef964a520c7c72de3	Mon Jul 02 06:34:37 +0000 2012	480	1.307125	103.800107
219410	4b39aa16f964a520605e25e3	Sun Oct 07 11:50:33 +0000 2012	480	1.358293	103.840724
4400	4cf0b9b66c29236a997761a2	Thu Aug 02 14:27:23 +0000 2012	480	1.354197	103.746139
121213	4cc1639e43646dcb55fc448c	Sat Nov 03 14:34:14 +0000 2012	480	1.360636	103.797155
289	4b0d53daf964a520664623e3	Tue Apr 03 23:15:35 +0000 2012	480	1.293295	103.836717
51305	4b9b4425f964a5202cfd35e3	Mon Feb 06 08:36:57 +0000 2012	480	1.264771	103.799326
37295	4b762527f964a520d93f2ee3	Wed Nov 07 14:25:44 +0000 2012	480	1.35491	103.800867
4865	4b9b4425f964a5202cfd35e3	Sun Sep 02 13:24:35 +0000 2012	480	1.312793	103.918515
4860	4b644038f964a52071a62ae3	Sun Aug 05 06:39:00 +0000 2012	480	1.362849	103.801544
31623	4b9b3378f964a5207ef935e3	Sun Feb 05 15:45:58 +0000 2012	480	1.307669	103.798374
12830	4b0a71d7f964a5201a2423e3	Fri May 04 13:34:51 +0000 2012	480	1.304582	103.836601
88356	4b9eeed8f964a520470b37e3	Thu Oct 04 13:00:47 +0000 2012	480	1.297447	103.817973
437	4b1be531f964a520acfe23e3	Mon Aug 06 18:34:52 +0000 2012	480	1.35251	103.925585
132329	4b64e7a2f964a520d9d82ae3	Mon Jun 04 10:02:57 +0000 2012	480	1.339552	103.91307
37170	4c627014edd320a15ae3ac29	Thu Sep 06 09:48:58 +0000 2012	480	1.304244	103.921444
30892	4bb273d835f0c9b68e4bbb83	Sat Aug 04 21:49:57 +0000 2012	480	1.363974	103.798211
9111	4b095021f964a520931523e3	Sun Jun 03 18:17:57 +0000 2012	480	1.296776	103.79144
221	4b6ed290f964a52010cc2ce3	Fri Nov 02 09:38:51 +0000 2012	480	1.338136	103.831825
48815	4c92256fae96a093a439a946	Sat Mar 03 12:45:49 +0000 2012	480	1.362872	103.7492
31380	4b5ae9c8f964a52009da28e3	Sat May 05 23:36:46 +0000 2012	480	1.308109	103.772126
93919	4b05880cf964a5200eae22e3	Sat Feb 04 18:51:47 +0000 2012	480	1.323756	103.804628
31623	4f2293c7e4b0fd1835d5cd32	Sat Aug 04 16:54:57 +0000 2012	480	1.310072	103.841722
30892	4b8f5de5f964a520995233e3	Mon Jul 02 06:36:57 +0000 2012	480	1.30739	103.799088
11431	50c8b1b6e4b0084928235906	Mon Dec 03 21:12:08 +0000 2012	480	1.306591	103.866565
91194	4b860f2ef964a520ec7e31e3	Thu May 03 14:31:53 +0000 2012	480	1.32255	103.810981
36819	4cdd512099026dcbf6e31881	Sun Oct 07 09:59:46 +0000 2012	480	1.357496	103.829489
46639	4c4a9a05bad7a59358dd9daa	Fri Oct 05 13:25:55 +0000 2012	480	1.321616	103.790494
63023	4ba5ef65f964a520212a39e3	Sun Nov 04 14:49:56 +0000 2012	480	1.309513	103.79474
111692	4f433710e4b0561bff385ce0	Fri May 04 05:39:59 +0000 2012	480	1.395869	103.80613
848	4ed1487ee5e84d55c906c980	Mon Aug 06 23:17:40 +0000 2012	480	1.363849	103.908255
2862	4ea686b7b80336cb0380bcfc	Sun Jun 03 08:47:18 +0000 2012	480	1.295033	103.816019
15259	4b2c0d8ff964a52086c024e3	Wed Apr 04 11:04:46 +0000 2012	480	1.297062	103.809193
85731	4e9a657df790b2a9194badf7	Wed May 02 06:18:20 +0000 2012	480	1.302774	103.911431
221	50825711e4b0f51bc6121487	Sat Feb 04 18:37:47 +0000 2012	480	1.305294	103.819056
44010	4dae4a77a86e29d01a41d7ac	Mon Jul 02 12:14:14 +0000 2012	480	1.304303	103.924553
23222	4b68c57df964a5200f8c2be3	Fri Feb 03 16:08:42 +0000 2012	480	1.363079	103.809926
82417	4b4de929f964a520d6da26e3	Sat May 05 13:26:59 +0000 2012	480	1.357944	103.817466
310	4b0d1923f964a520cf4323e3	Sun Aug 05 19:38:45 +0000 2012	480	1.302023	103.914267
143	4b769af6f964a5201a542ee3	Sat Nov 03 16:51:56 +0000 2012	480	1.306567	103.801733
60596	4f882c79e4b0af04bf4e7df3	Wed Nov 07 10:49:45 +0000 2012	480	1.286318	103.805955
2862	4bab5dcff964a520d2a33ae3	Fri Jun 01 19:49:58 +0000 2012	480	1.306257	103.940834
108393	4c59333bf346c928c3f84bca	Thu Apr 05 11:52:41 +0000 2012	480	1.303435	103.827861
7532	4c73b5a58efc3704c829167d	Fri Aug 03 17:40:50 +0000 2012	480	1.397719	103.800474
848	507fec70e4b0274885974647	Sun Sep 02 10:40:57 +0000 2012	480	1.305955	103.827997
23519	4b530bbff964a520688d27e3	Wed Nov 07 17:30:14 +0000 2012	480	1.373539	103.829275
39997	4b095021f964a520931523e3	Thu Nov 01 12:47:08 +0000 2012	480	1.359537	103.84392
88495	4cf23d787e93f04d19f45169	Sun Aug 05 13:19:39 +0000 2012	480	1.293447	103.776639
221	4f9f3ff3e4b01426c55d112b	Wed Jul 04 14:43:57 +0000 2012	480	1.316215	103.81093
47349	4b5af251f964a520a2db28e3	Sat Mar 03 13:36:56 +0000 2012	480	1.27341	103.830513
150541	4b1dbccaf964a5209c1424e3	Fri Jun 01 10:28:32 +0000 2012	480	1.321475	103.807427
1623	4c1ef263fcf8c9b6670fae0b	Sat Oct 06 12:52:44 +0000 2012	480	1.308129	103.814458
223574	4ba21fbef964a5206edd37e3	Fri Feb 03 12:48:54 +0000 2012	480	1.302225	103.796924
13358	4ca1d1cd03133704fa2d86d5	Wed Sep 05 21:33:19 +0000 2012	480	1.358021	103.809062
61138	4c109465a6c19521fd5636dd	Sat Jun 02 14:19:54 +0000 2012	480	1.321057	103.794837
2770	4c4c34429c8d2d7f66ea126c	Sat Apr 07 15:50:54 +0000 2012	480	1.308832	103.91598
4041	4b4efde5f964a5203bf826e3	Thu Jul 05 16:35:48 +0000 2012	480	1.306462	103.80252
33397	4b529ebdf964a520218427e3	Sat Dec 01 12:39:56 +0000 2012	480	1.343276	103.811512
64349	4cfa0149dccef04d57d1b29c	Wed Jul 04 10:55:13 +0000 2012	480	1.323358	103.920821
4865	4b9dcc3cf964a52033be36e3	Wed Feb 01 12:37:49 +0000 2012	480	1.270588	103.837579
848	4b641ccbf964a520a69f2ae3	Thu Mar 01 16:58:49 +0000 2012	480	1.297842	103.810143
13081	4c5bf05885a1e21e2c2b5511	Sun Sep 02 16:50:19 +0000 2012	480	1.290301	103.805516
24939	4b0bcea6f964a520c93323e3	Wed Jun 06 13:37:53 +0000 2012	480	1.30597	103.769856
800	4b39e2d6f964a5206f5f25e3	Tue Jul 03 12:51:50 +0000 2012	480	1.361935	103.808178
48933	4bf53771e5eba593e0782090	Fri Jul 06 07:08:23 +0000 2012	480	1.321524	103.812408
170494	4c3142a1213c2d7fcec4335d	Sat Nov 03 13:42:53 +0000 2012	480	1.320731	103.827458
43391	4c384f3e93db0f474f592192	Sat Sep 01 14:43:50 +0000 2012	480	1.307796	103.797171
2252	515fde2fe4b05b2fa583c9c0	Fri Feb 03 03:39:33 +0000 2012	480	1.325625	103.832728
51533	4bc9bc0b511f95218e1daec7	Wed Dec 05 09:37:56 +0000 2012	480	1.346998	103.784975
13904	4b1668c1f964a520c2b823e3	Wed Feb 01 18:33:54 +0000 2012	480	1.311536	103.822991
26131	4b165eb6f964a5207eb823e3	Mon Feb 06 12:35:25 +0000 2012	480	1.295832	103.819782
4678	4d512604d7eaa1431e786f0f	Sun Jun 03 11:50:54 +0000 2012	480	1.289209	103.80308
64349	4b68c57df964a5200f8c2be3	Mon Feb 06 11:59:56 +0000 2012	480	1.332509	103.796615
984	4c916a39b641236a1a858179	Sat Jun 02 22:21:43 +0000 2012	480	1.292213	103.918517
7532	4ff3ee0be4b048eef66854eb	Fri Sep 07 23:34:53 +0000 2012	480	1.306996	103.778244
3955	4dcdfc86183899ddfac7bf05	Mon Apr 02 16:52:54 +0000 2012	480	1.304863	103.852607
145197	4bdbb39efed22d7f048d57c9	Tue Nov 06 07:29:54 +0000 2012	480	1.307107	103.864255
61491	4b0725b5f964a52031f822e3	Sun May 06 19:13:58 +0000 2012	480	1.307284	103.799236
3955	4b650dfcf964a520b6e12ae3	Tue Nov 06 16:26:20 +0000 2012	480	1.305642	103.824036
46185	4b39aa16f964a520605e25e3	Sun Nov 04 16:51:41 +0000 2012	480	1.306084	103.79643
88356	4c41e609e26920a150275fe7	Sun Nov 04 23:47:56 +0000 2012	480	1.305339	103.798427
98104	4eca446c5c5ce271c0c99682	Wed Sep 05 23:46:56 +0000 2012	480	1.312349	103.804842
2862	4b05880cf964a52030ae22e3	Mon Feb 06 17:59:10 +0000 2012	480	1.292427	103.819911
848	4c087df56071a5937074dc32	Sun Jun 03 17:31:56 +0000 2012	480	1.296315	103.824932
6342	4ce60b8f678aa0936635daea	Sat Sep 01 23:31:45 +0000 2012	480	1.336709	103.784786
13591	4c41e609e26920a150275fe7	Sat Jul 07 16:14:24 +0000 2012	480	1.31118	103.763
848	4b0d1923f964a520cf4323e3	Thu Nov 01 17:46:41 +0000 2012	480	1.304546	103.782684
121116	4cd0ea641ac7a1cdac751c92	Sun Jul 01 17:29:31 +0000 2012	480	1.292081	103.795761
36819	4dc2c56352b1c1fb37f04d94	Sat May 05 10:43:58 +0000 2012	480	1.348942	103.805501
99087	4b9eeed8f964a520470b37e3	Mon Sep 03 23:37:48 +0000 2012	480	1.323927	103.816661
88495	4b4969b1f964a520606f26e3	Fri Feb 03 13:51:59 +0000 2012	480	1.364027	103.820472
4041	4b6bf5d3f964a520671d2ce3	Wed Feb 01 07:29:58 +0000 2012	480	1.326745	103.807936
132877	4c9dc2940e9bb1f74c6ee05f	Wed Sep 05 13:26:50 +0000 2012	480	1.331736	103.824832
60596	4b0a71d7f964a5201a2423e3	Wed Feb 01 21:44:57 +0000 2012	480	1.303082	103.807678
38133	4eedea50722ea7761830338b	Thu Jul 05 13:49:59 +0000 2012	480	1.304985	103.833867
3955	4d7ddf363e50b1f7db8fc0d3	Fri Feb 03 09:17:57 +0000 2012	480	1.291275	103.8308
5221	4b30abbef964a520c9fa24e3	Mon Jul 02 23:50:48 +0000 2012	480	1.26955	103.826533
848	4cee3494d7268cfa3e81c84e	Sun Feb 05 14:52:47 +0000 2012	480	1.306294	103.914996
35789	4b10ca16f964a520c27523e3	Wed Jul 04 05:57:53 +0000 2012	480	1.307369	103.816444
55918	4b1e7356f964a5201f1a24e3	Mon Jun 04 17:46:44 +0000 2012	480	1.359481	103.796867
53428	4c73b5a58efc3704c829167d	Sat Sep 01 12:45:58 +0000 2012	480	1.304973	103.805898
15439	4d02400c18ff8cfa98acc357	Fri Aug 03 02:24:24 +0000 2012	480	1.354367	103.815257
33557	4b095021f964a520931523e3	Sat Nov 03 01:40:37 +0000 2012	480	1.294608	103.934195
213450	4d3a334b97e0a1cdbd9f6b3e	Tue Sep 04 12:41:55 +0000 2012	480	1.292861	103.776574
63113	4cc1cb3a38aaa09343260262	Sun Sep 02 05:45:34 +0000 2012	480	1.304238	103.906998
23222	4b9db866f964a520d2bb36e3	Sun May 06 13:45:47 +0000 2012	480	1.323289	103.814903
848	4cf5d55f1cfea093d58edc39	Wed Aug 01 13:04:59 +0000 2012	480	1.303992	103.787674
1623	5209f66a11d2a9333784c3d0	Sun Oct 07 23:43:42 +0000 2012	480	1.30432	103.803438
35841	4b594cb1f964a520628428e3	Thu Apr 05 18:44:53 +0000 2012	480	1.305519	103.829433
22458	4cdbcd71d4ecb1f781a67b48	Wed May 02 11:30:51 +0000 2012	480	1.294718	103.803899
36819	4dd33f9852b1f20e680c4a61	Sat Feb 04 22:28:26 +0000 2012	480	1.303331	103.805429
31623	4f04fa3593adf931de3e3298	Sat Jul 07 23:37:46 +0000 2012	480	1.336955	103.928433
57025	4b68c57df964a5200f8c2be3	Mon Aug 06 21:54:58 +0000 2012	480	1.305805	103.73597
32945	4b12a2eff964a520a88b23e3	Sat Apr 07 01:56:47 +0000 2012	480	1.304295	103.840563
27236	4b453d5af964a520d50826e3	Wed Jul 04 10:36:20 +0000 2012	480	1.322144	103.920146
48933	4bab1a73f964a5202d953ae3	Thu Feb 02 14:45:57 +0000 2012	480	1.340997	103.799105
984	4ce1f9d4c4f6a35db564de6c	Tue Nov 06 14:34:50 +0000 2012	480	1.304296	103.814405
82433	4b1f21a6f964a520432424e3	Sun Nov 04 15:56:09 +0000 2012	480	1.307632	103.814422
121213	4b91d637f964a520bada33e3	Fri May 04 17:28:38 +0000 2012	480	1.30679	103.803048
56776	4ceca99a4cd4236af9eba363	Sun Jul 01 18:47:53 +0000 2012	480	1.30733	103.798534
46639	4b513734f964a520904727e3	Mon Feb 06 17:50:43 +0000 2012	480	1.301411	103.808885
4029	4b1dbd35f964a520a71424e3	Fri Aug 03 14:21:57 +0000 2012	480	1.295166	103.812237
9165	4ce3a625dc1960fc18b4574a	Sat Aug 04 10:28:50 +0000 2012	480	1.294728	103.787918
23222	4cb807f37148f04da2c9ccab	Fri Aug 03 17:34:47 +0000 2012	480	1.386692	103.867119
984	4b6ac65ff964a520b8df2be3	Sat Aug 04 16:28:58 +0000 2012	480	1.331577	103.812879
4402	4bb9e4957421a593ea1dc340	Sat Mar 03 14:53:45 +0000 2012	480	1.308263	103.791484
122186	4e7e890dd3e34c75b3604240	Sat Jun 02 18:30:57 +0000 2012	480	1.307755	103.800644
221402	4f882c79e4b0af04bf4e7df3	Sat Apr 07 12:46:58 +0000 2012	480	1.358383	103.929975
2770	4b5bb91af964a520441229e3	Wed Aug 01 08:41:53 +0000 2012	480	1.399545	103.812355
46185	4b095021f964a520931523e3	Tue Nov 06 21:25:27 +0000 2012	480	1.305704	103.823567
82417	4b373786f964a520fa3f25e3	Wed Feb 01 09:51:43 +0000 2012	480	1.319975	103.782338
24008	4b666385f964a520dd1f2be3	Wed Feb 01 15:41:53 +0000 2012	480	1.307316	103.767888
14847	4b716ecef964a5206d462de3	Sun Feb 05 18:33:48 +0000 2012	480	1.306515	103.801762
16273	4bf903af5317a59391aa007f	Tue Apr 03 08:00:51 +0000 2012	480	1.33058	103.921412
8568	4b39aa16f964a520605e25e3	Thu Jul 05 13:35:54 +0000 2012	480	1.299536	103.79409
53214	4b058814f964a5206bb022e3	Thu Nov 01 14:49:55 +0000 2012	480	1.361277	103.855689
11431	4b5ac904f964a52088d428e3	Sat Apr 07 15:33:56 +0000 2012	480	1.359251	103.838793
13591	4bd9253711dcc928f419f933	Fri Nov 02 23:43:29 +0000 2012	480	1.304719	103.807307
6909	505ee400e4b05a5f26c2976e	Wed Aug 01 12:44:38 +0000 2012	480	1.34342	103.797141
47153	4baa46f6f964a5204f5a3ae3	Sat Apr 07 08:21:55 +0000 2012	480	1.306337	103.856383
145197	4cf9cd9d7945224b75677ce7	Sat Jun 02 15:00:17 +0000 2012	480	1.270404	103.809565
31672	4b107e74f964a520af7123e3	Thu Aug 02 23:17:51 +0000 2012	480	1.304304	103.804193
4865	4b713ddbf964a520ce3d2de3	Wed Nov 07 16:40:38 +0000 2012	480	1.305598	103.809237
2862	4b0e9296f964a520985823e3	Fri Jun 01 15:42:46 +0000 2012	480	1.394318	103.797085
29055	4effc3df6d8642ac2d377904	Fri May 04 14:34:41 +0000 2012	480	1.296834	103.831817
35789	4bfbb0cfd2b720a17d40336a	Sat Jun 02 13:40:42 +0000 2012	480	1.304955	103.799383
957	4cf232298333224b0d070f8e	Fri Jun 01 12:56:55 +0000 2012	480	1.307415	103.802985
20528	4d0ddfe95c46a093eae910b4	Wed Apr 04 21:35:51 +0000 2012	480	1.347367	103.797717
27236	4effc3df6d8642ac2d377904	Sun Jul 01 21:38:51 +0000 2012	480	1.357343	103.935337
18277	4cce5a19ee23a1431d992ba8	Thu Feb 02 12:29:35 +0000 2012	480	1.269956	103.787525
59347	4d020d2d3be26dcbf12376e4	Thu Jul 05 23:41:59 +0000 2012	480	1.350053	103.773679
8849	4e11eda581dcc5457256958d	Wed Jun 06 12:37:00 +0000 2012	480	1.355175	103.811513
437	4cb9284cc7228cfa7d2d0ece	Tue Apr 03 15:47:46 +0000 2012	480	1.321856	103.81868
38133	4bb2eef7a32876b0bd3401fe	Wed Nov 07 15:10:54 +0000 2012	480	1.335138	103.826164
84093	4c0f8a5fc6cf76b079668251	Tue Jun 05 14:38:55 +0000 2012	480	1.331905	103.812888
55191	4baf3e63f964a5203cf33be3	Sat Feb 04 22:39:59 +0000 2012	480	1.399545	103.75237
78704	4cbad4a34495721eb360527a	Sat Sep 01 07:41:34 +0000 2012	480	1.30241	103.834103
14106	4b05880cf964a5201cae22e3	Sat May 05 16:45:43 +0000 2012	480	1.342831	103.829829
134508	4b121b7bf964a520148923e3	Fri Feb 03 10:29:41 +0000 2012	480	1.304429	103.937053
912	4b4b0efef964a520a09126e3	Sun Jun 03 13:43:55 +0000 2012	480	1.342743	103.793848
912	4b21d6abf964a520db4124e3	Fri Jul 06 14:36:51 +0000 2012	480	1.305742	103.773502
22634	4c4ae0c442b4d13aa375dc7d	Thu Aug 02 19:49:29 +0000 2012	480	1.317039	103.78576
53428	4b09ee1af964a520ed1f23e3	Sat Jul 07 14:37:52 +0000 2012	480	1.305544	103.812571
85698	4e2c39c4a809f1b16417a6b8	Mon May 07 15:45:54 +0000 2012	480	1.306776	103.79393
11135	4b10ca16f964a520c27523e3	Mon Aug 06 10:52:46 +0000 2012	480	1.293154	103.918397
41798	4b107e74f964a520af7123e3	Thu Feb 02 20:52:51 +0000 2012	480	1.3894	103.812209
41798	4bd41ef6462cb713f9c0df07	Wed Apr 04 23:56:50 +0000 2012	480	1.297229	103.790612
18277	4bfe30dcbf6576b06d59aeb8	Sun Feb 05 16:28:24 +0000 2012	480	1.398924	103.804799
41716	4cbad4a34495721eb360527a	Tue Oct 02 14:46:58 +0000 2012	480	1.357761	103.81649
2768	4cb95665dd41a35d2132e1a0	Wed Aug 01 14:36:55 +0000 2012	480	1.307775	103.795947
223574	4b9b2b92f964a520acf735e3	Sat Jul 07 13:34:51 +0000 2012	480	1.308496	103.808263
14106	4b32a70cf964a520f71025e3	Wed Aug 01 11:33:05 +0000 2012	480	1.358886	103.923093
39997	4cee3494d7268cfa3e81c84e	Fri Aug 03 17:35:58 +0000 2012	480	1.308747	103.794248
221402	4d5e1f185c39b1f7acffe749	Sat Nov 03 19:43:15 +0000 2012	480	1.280317	103.922496
58006	4b504548f964a520791f27e3	Thu Sep 06 12:26:30 +0000 2012	480	1.305312	103.80147
26826	4be791aaee96c928eb2dfdbf	Fri Feb 03 09:55:52 +0000 2012	480	1.34266	103.912905
30892	4ec493204690b682a3daa006	Wed Aug 01 11:32:53 +0000 2012	480	1.306957	103.822523
37378	4b5fce70f964a5206ccd29e3	Wed Sep 05 14:54:47 +0000 2012	480	1.306184	103.800968
19370	4bfd4518bf6576b0b6fbacb8	Thu Jul 05 06:45:59 +0000 2012	480	1.362651	103.800848
848	4dc67e67c65b89d3ca88c7c8	Wed Feb 01 14:26:47 +0000 2012	480	1.357062	103.795392
208110	4c9dc2940e9bb1f74c6ee05f	Tue Aug 07 16:22:56 +0000 2012	480	1.301641	103.791835
41640	4ca18dbb54c8a1cd153aa94b	Sun Oct 07 20:24:47 +0000 2012	480	1.304903	103.811206
53624	4b627061f964a520ad472ae3	Mon May 07 12:46:57 +0000 2012	480	1.328859	103.847128
23519	4da9c5c41e72c1ab9be3d561	Fri May 04 15:30:31 +0000 2012	480	1.294456	103.768819
31623	4b0d53daf964a520664623e3	Sun May 06 15:29:48 +0000 2012	480	1.392565	103.940649
85698	4b058812f964a520c9af22e3	Thu May 03 14:16:57 +0000 2012	480	1.305798	103.805512
984	4bcc85e6937ca5932f3aab92	Sat Feb 04 14:50:57 +0000 2012	480	1.304707	103.812932
53601	4b586667f964a520065628e3	Sun May 06 11:36:56 +0000 2012	480	1.313474	103.80788
85698	4fabcc46e4b04b8d301b3d7c	Sat Oct 06 09:45:59 +0000 2012	480	1.362047	103.82096
31380	4b0d53daf964a520664623e3	Sat Jun 02 17:42:23 +0000 2012	480	1.352892	103.957629
46185	4b39aa16f964a520605e25e3	Fri Feb 03 17:34:48 +0000 2012	480	1.296998	103.807762
88356	4b5f7e6af964a520a1bd29e3	Fri Sep 07 12:17:51 +0000 2012	480	1.330283	103.804262
82433	4d5e1f185c39b1f7acffe749	Sat Jul 07 08:35:27 +0000 2012	480	1.321505	103.792505
88356	4b7fd2b7f964a520603f30e3	Wed Feb 01 06:40:52 +0000 2012	480	1.356648	103.81754
4865	4cfa3f2fee9cb60c570c89ad	Fri Feb 03 07:30:48 +0000 2012	480	1.296745	103.790882
143	4b6ecf36f964a5208ecb2ce3	Fri May 04 19:41:15 +0000 2012	480	1.35914	103.806359
1865	4e7ea19b6da1103ad24d20f3	Fri May 04 15:44:52 +0000 2012	480	1.361306	103.80133
13081	4dc39aa9d164eb9c9fc0bf79	Wed Feb 01 11:06:55 +0000 2012	480	1.296783	103.805226
3955	50ebe571e4b0aaf3b73fdce4	Tue Apr 03 23:45:43 +0000 2012	480	1.30391	103.818646
75575	4be2213ed27a20a12f068f5b	Sat Apr 07 14:43:38 +0000 2012	480	1.307601	103.809167
50623	4b8f5de5f964a520995233e3	Sat Aug 04 13:16:57 +0000 2012	480	1.308479	103.807759
170694	4b49db45f964a520ca7426e3	Sat Apr 07 12:47:53 +0000 2012	480	1.388901	103.872409
9165	4b5939b9f964a520158228e3	Thu Jun 07 15:27:52 +0000 2012	480	1.305059	103.799648
36819	4da9c5c41e72c1ab9be3d561	Sun Aug 05 06:34:50 +0000 2012	480	1.30851	103.921884
162161	4d4be37ce1ec6dcbcb3dd275	Sat Feb 04 23:22:51 +0000 2012	480	1.330855	103.826415
310	4b9eeed8f964a520470b37e3	Thu May 03 09:50:57 +0000 2012	480	1.306334	103.805829
74407	4c109465a6c19521fd5636dd	Wed Feb 01 13:32:09 +0000 2012	480	1.304664	103.815696
848	4b59e3b3f964a520979e28e3	Mon Feb 06 07:47:28 +0000 2012	480	1.307764	103.802684
34492	4ce3c08dbddcb1f7331b7e89	Thu Oct 04 16:13:39 +0000 2012	480	1.308494	103.796228
72791	4ce7c2a10f196dcb3b8d40ae	Wed Apr 04 09:08:59 +0000 2012	480	1.327299	103.799512
113460	4d790d2310936dcbc32c5189	Thu Sep 06 18:45:49 +0000 2012	480	1.362686	103.809314
41716	4eedd39c9adf257d673c068f	Thu May 03 12:53:44 +0000 2012	480	1.303242	103.83466
48739	4badfee5f964a52018793be3	Sat Dec 01 16:40:59 +0000 2012	480	1.287644	103.80946
143	4b9dcc3cf964a52033be36e3	Fri Jun 01 14:38:19 +0000 2012	480	1.304274	103.783243
4239	4c5bf05885a1e21e2c2b5511	Thu Sep 06 10:21:56 +0000 2012	480	1.387916	103.844925
75866	4c3d440b7ea89521c1842247	Tue Aug 07 10:43:55 +0000 2012	480	1.296153	103.751168
29031	4d4be85a9f79f04df97c1e2b	Sat Jun 02 21:31:56 +0000 2012	480	1.301574	103.922151
29031	4c7748fad06b224be934fed6	Sun Feb 05 12:36:43 +0000 2012	480	1.32879	103.931244
848	4b641ccbf964a520a69f2ae3	Wed Feb 01 20:29:58 +0000 2012	480	1.3069	103.805813
78704	4ba5c898f964a520042239e3	Wed Feb 01 15:40:40 +0000 2012	480	1.321211	103.802207
126	4c515829d797e21edd43e07b	Wed Sep 05 14:33:55 +0000 2012	480	1.304584	103.825238
59347	4b30abbef964a520c9fa24e3	Wed Nov 07 18:38:58 +0000 2012	480	1.292497	103.811281
18045	4cf652da1cfea09310ebde39	Mon Nov 05 10:53:33 +0000 2012	480	1.306772	103.815669
143	4b09ee1af964a520ed1f23e3	Fri Apr 06 15:07:44 +0000 2012	480	1.307247	103.811892
53601	4b753e15f964a52077022ee3	Sun Mar 04 09:43:53 +0000 2012	480	1.359789	103.803711
14388	4bc2bf7cabf49521e2edc293	Sat Feb 04 20:35:27 +0000 2012	480	1.304587	103.798075
77211	500b9025e4b0bfba22d6c340	Wed Sep 05 11:57:56 +0000 2012	480	1.306334	103.812886
99087	4b586667f964a520065628e3	Sat Nov 03 14:17:44 +0000 2012	480	1.293663	103.778512
23679	50ca26abe4b0602e2452e596	Sun Nov 04 06:25:50 +0000 2012	480	1.285386	103.799001
29055	4b0a71d7f964a5201a2423e3	Fri Jun 01 06:30:52 +0000 2012	480	1.272147	103.815629
150541	50335c85e4b022fc6aa5c0f8	Fri Aug 03 14:46:57 +0000 2012	480	1.307514	103.798466
25478	4b9eeed8f964a520470b37e3	Sat Apr 07 08:19:59 +0000 2012	480	1.303452	103.817613
30892	4bbeb3f585fbb713783f7167	Mon Feb 06 13:46:56 +0000 2012	480	1.343194	103.764489
437	4b058812f964a520e8af22e3	Sat May 05 17:42:57 +0000 2012	480	1.305039	103.802544
98887	4d809f63a4e2370457d4b7cc	Sun Sep 02 10:42:55 +0000 2012	480	1.307061	103.918423
41640	5040e05ce4b053a5312f6a78	Sat Nov 03 15:49:17 +0000 2012	480	1.355982	103.81398
848	4b21d6abf964a520db4124e3	Wed Nov 07 19:36:57 +0000 2012	480	1.306061	103.786017
118864	4e71fa6e1838677343343fe9	Wed Oct 03 17:33:57 +0000 2012	480	1.306774	103.918887
2768	4b5995aff964a520938d28e3	Tue Aug 07 11:29:53 +0000 2012	480	1.344153	103.809171
24939	4e3b503d52b1a04afefc54ee	Fri Oct 05 16:55:59 +0000 2012	480	1.306796	103.903092
848	4b1be531f964a520acfe23e3	Fri Aug 03 14:49:50 +0000 2012	480	1.292823	103.925264
7541	4bfa72c58d30d13a9f8e0318	Sun Oct 07 14:43:58 +0000 2012	480	1.305597	103.914349
31525	4be45afabcef2d7f2e6f02e5	Sun Nov 04 14:23:55 +0000 2012	480	1.312206	103.916308
88356	4c0614a08f8fa59330c7f20d	Wed Jul 04 15:34:53 +0000 2012	480	1.343934	103.827811
23992	4b058814f964a5207eb022e3	Wed Jun 06 09:50:55 +0000 2012	480	1.302334	103.818894
2391	4f7e82d9e4b0f6968ebea3b4	Sat Feb 04 13:41:31 +0000 2012	480	1.304208	103.802926
52170	4bb9e4957421a593ea1dc340	Wed Jul 04 18:42:19 +0000 2012	480	1.306916	103.809705
848	4c03468cf423a593571ad016	Mon Aug 06 15:05:51 +0000 2012	480	1.305259	103.824617
143	4ce9d498948f224bfd8af85d	Wed Jun 06 07:47:42 +0000 2012	480	1.301721	103.820319
24008	4dcd0e6b52b1f8915b72f726	Sun May 06 14:37:16 +0000 2012	480	1.307908	103.80492
437	4d64b3411d6b2d435d3d4e17	Sat Feb 04 23:53:42 +0000 2012	480	1.276195	103.80896
26471	4b529ebdf964a520218427e3	Mon Jul 02 11:25:37 +0000 2012	480	1.361954	103.763935
181371	4cbc19f74c60a093ec624fca	Mon Jul 02 15:21:19 +0000 2012	480	1.293915	103.835216
29055	4dc2c56352b1c1fb37f04d94	Thu Feb 02 13:23:36 +0000 2012	480	1.304962	103.819042
4400	4dc2c56352b1c1fb37f04d94	Sat Feb 04 16:16:59 +0000 2012	480	1.30416	103.816188
122186	5030bc2de4b0bf3e6aab1f5a	Wed Jun 06 15:42:31 +0000 2012	480	1.303797	103.91875
20159	4b504548f964a520791f27e3	Wed Feb 01 09:39:46 +0000 2012	480	1.341575	103.832695
221	4b641ccbf964a520a69f2ae3	Wed Apr 04 17:32:53 +0000 2012	480	1.305625	103.918938
80154	4cfb8712c6cca35d88e18c32	Sat Nov 03 02:37:41 +0000 2012	480	1.353953	103.818702
6342	4bbdcf0da8cf76b0ca29b2fd	Wed Feb 01 11:20:48 +0000 2012	480	1.258275	103.813699
10071	4c6f55319c6d6dcbf178cf7a	Sat Nov 03 18:31:25 +0000 2012	480	1.304646	103.909886
105636	4d9132a19acaa14359d6e2f0	Thu Feb 02 15:44:58 +0000 2012	480	1.306856	103.808007
23635	4dbd121b6a23e294ba3e1896	Sat Apr 07 17:23:54 +0000 2012	480	1.283634	103.801888
1470	4b49db45f964a520ca7426e3	Fri Feb 03 12:38:50 +0000 2012	480	1.28461	103.862047
38520	4cc2c641914137048993b655	Fri Jul 06 13:31:59 +0000 2012	480	1.305432	103.817319
13904	4b8d4f30f964a52091f332e3	Sun Oct 07 16:34:08 +0000 2012	480	1.303339	103.930772
25478	4b9dcc3cf964a52033be36e3	Mon Jul 02 13:17:48 +0000 2012	480	1.307433	103.828513
11431	4d8975794757721e55e0a269	Sat Jul 07 17:31:54 +0000 2012	480	1.304335	103.782
848	4b6ed290f964a52010cc2ce3	Sat Mar 03 19:54:30 +0000 2012	480	1.325595	103.809585
7177	50c2e0fce4b04cc46ce57f6c	Sat Jul 07 17:44:49 +0000 2012	480	1.305427	103.807902
848	4c73b5a58efc3704c829167d	Fri Jul 06 05:49:56 +0000 2012	480	1.34034	103.775179
221	4d809f63a4e2370457d4b7cc	Thu Jul 05 12:46:49 +0000 2012	480	1.309249	103.828941
143	4c177a82f256a5931199ec3e	Tue Mar 06 13:28:35 +0000 2012	480	1.333953	103.833604
13904	4c2211f913c00f47e3d786de	Sun Nov 04 12:00:49 +0000 2012	480	1.290048	103.760703
26131	4e0882767d8b2a018060d644	Thu Aug 02 12:09:16 +0000 2012	480	1.297443	103.828759
53505	4b4804e0f964a5206c4626e3	Sat Mar 03 14:55:56 +0000 2012	480	1.304948	103.844332
848	500e332ae4b0519030c8c0a0	Thu Nov 01 06:38:07 +0000 2012	480	1.325505	103.808981
56776	4b3604d8f964a520b72f25e3	Mon Sep 03 19:39:55 +0000 2012	480	1.304776	103.806194
4239	4c3142a1213c2d7fcec4335d	Sun Feb 05 15:33:23 +0000 2012	480	1.307127	103.748291
2252	4be2d629b02ec9b63cc94dc0	Tue Nov 06 19:46:56 +0000 2012	480	1.296245	103.778627
157991	4d0ddfe95c46a093eae910b4	Sat Jul 07 08:41:54 +0000 2012	480	1.316001	103.787308
82433	4be3e839f07b0f476513f943	Sat Feb 04 16:31:41 +0000 2012	480	1.306898	103.798095
72791	4b0bcea6f964a520c93323e3	Sun May 06 15:59:27 +0000 2012	480	1.358441	103.807774
30892	4fdb2958e4b0ba0b180b6456	Fri Oct 05 13:39:57 +0000 2012	480	1.35767	103.816586
39625	4e3b503d52b1a04afefc54ee	Thu Aug 02 14:47:18 +0000 2012	480	1.305728	103.782681
23679	4eb147cbd3e36bac66ef6ea5	Sun Jul 01 13:14:56 +0000 2012	480	1.303941	103.766303
48739	4b716ecef964a5206d462de3	Fri Apr 06 16:47:54 +0000 2012	480	1.306678	103.800997
6342	50335c85e4b022fc6aa5c0f8	Sun Nov 04 16:40:52 +0000 2012	480	1.345831	103.808591
48933	4c177a82f256a5931199ec3e	Fri Feb 03 15:50:51 +0000 2012	480	1.297601	103.776807
10071	4b59aa17f964a520909128e3	Thu Dec 06 11:49:54 +0000 2012	480	1.324049	103.837271
109825	4d8975794757721e55e0a269	Thu Jun 07 15:59:57 +0000 2012	480	1.289158	103.919592
13358	4e1708a218a8ecee9e8394e8	Fri Jul 06 11:44:22 +0000 2012	480	1.301006	103.799953
143	4b32a70cf964a520f71025e3	Sun Apr 01 12:33:44 +0000 2012	480	1.306016	103.802976
4041	4b5adf39f964a5203ad828e3	Thu Feb 02 15:48:55 +0000 2012	480	1.322123	103.810461
38133	4b666766f964a5206b202be3	Fri May 04 23:55:31 +0000 2012	480	1.342354	103.924819
53624	4eddaef09adfe5cbe3153bb8	Fri Aug 03 14:46:58 +0000 2012	480	1.330709	103.810823
4047	4b666766f964a5206b202be3	Sat Jul 07 15:51:51 +0000 2012	480	1.308471	103.798497
11135	4b06afa3f964a520a1ee22e3	Sat Aug 04 13:22:25 +0000 2012	480	1.310493	103.811229
8796	4b70020df964a5202d032de3	Thu May 03 14:33:57 +0000 2012	480	1.342549	103.806836
143	4d24652a75526dcbf97109a9	Sat Jul 07 19:37:24 +0000 2012	480	1.305135	103.824574
4687	4bbd9cbda8cf76b094f7b1fd	Mon May 07 18:34:20 +0000 2012	480	1.306501	103.824351
82921	4ec28f4ed5fb50d70f9a9727	Sun Jul 01 15:15:32 +0000 2012	480	1.284464	103.820222
85698	4b2d8577f964a5204fd824e3	Fri May 04 15:37:56 +0000 2012	480	1.338178	103.806969
31380	4d80193a8edaa14315a0e839	Wed Nov 07 14:58:55 +0000 2012	480	1.347901	103.7948
2770	4b1dbd35f964a520a71424e3	Tue Aug 07 21:44:30 +0000 2012	480	1.325403	103.804125
38133	4dcfb0f222718eed7a57af42	Sat Sep 01 14:47:49 +0000 2012	480	1.320908	103.803828
85698	4cac8fd8a6e08cfa724dac94	Sat Oct 06 23:39:47 +0000 2012	480	1.295402	103.808777
50623	4b5299ddf964a520928327e3	Wed Aug 01 23:47:55 +0000 2012	480	1.308375	103.819437
78426	4cd0ea641ac7a1cdac751c92	Fri Jul 06 11:39:58 +0000 2012	480	1.304878	103.834621
22458	4b6d4e8df964a5204f702ce3	Wed Jun 06 23:42:51 +0000 2012	480	1.328139	103.825016
437	4ba31924f964a520b12b38e3	Mon Jun 04 16:16:55 +0000 2012	480	1.306111	103.805948
84885	50335c85e4b022fc6aa5c0f8	Wed Aug 01 23:53:45 +0000 2012	480	1.307191	103.841705
193935	4cf7952fdc40a35da8fb4d54	Sun May 06 23:36:39 +0000 2012	480	1.302991	103.82271
19441	4b058814f964a52059b022e3	Thu Sep 06 15:50:51 +0000 2012	480	1.322099	103.832531
122186	4cf5ccea0a71224b9cab1a93	Wed Nov 07 19:27:58 +0000 2012	480	1.306975	103.797953
4402	4c99c3d4a004a1cde753426e	Sat Jun 02 13:11:41 +0000 2012	480	1.303468	103.805665
86901	4fd965e9e4b0884c8e64813c	Sat Apr 07 23:47:38 +0000 2012	480	1.360711	103.830454
63113	4b0fb901f964a520586423e3	Wed Jul 04 15:35:57 +0000 2012	480	1.346171	103.932357
78426	4d6f6e013a6cf04df9695f79	Wed Oct 03 16:34:57 +0000 2012	480	1.306153	103.796973
39625	4d0a023d4abf721e5191c65e	Fri Oct 05 07:13:46 +0000 2012	480	1.322352	103.791389
215871	4ba49651f964a520e2a538e3	Tue Apr 03 15:53:52 +0000 2012	480	1.304406	103.905349
31525	4d3a334b97e0a1cdbd9f6b3e	Fri Jul 06 01:46:56 +0000 2012	480	1.306755	103.8142
132877	4b895722f964a520f22c32e3	Mon Sep 03 07:00:11 +0000 2012	480	1.302328	103.832701
15098	4eedd39c9adf257d673c068f	Sat Aug 04 14:54:53 +0000 2012	480	1.307687	103.823905
215871	4b06afa3f964a520a1ee22e3	Thu Apr 05 15:38:39 +0000 2012	480	1.354703	103.923505
10071	4d57d19d1270236a26658e59	Mon Oct 01 17:50:58 +0000 2012	480	1.364131	103.92245
5511	4b095021f964a520931523e3	Wed Sep 05 07:23:05 +0000 2012	480	1.305967	103.783951
39997	4ea686b7b80336cb0380bcfc	Fri May 04 18:32:53 +0000 2012	480	1.300761	103.778584
29055	4d19e62981cea35d855df8ec	Thu Jun 07 14:40:37 +0000 2012	480	1.295298	103.923624
23222	4d2bdcd98292236afddc37bb	Wed Feb 01 14:51:47 +0000 2012	480	1.302481	103.81576
81858	4cc2c641914137048993b655	Fri Sep 07 15:28:31 +0000 2012	480	1.304911	103.80219
61138	4b8c9510f964a52051d732e3	Fri Dec 07 15:53:16 +0000 2012	480	1.355891	103.831284
53035	4c10cc67ce57c928c55982d2	Tue Aug 07 08:25:32 +0000 2012	480	1.356376	103.750803
2391	4be4e698cf200f4791b3123c	Thu Sep 06 17:44:56 +0000 2012	480	1.362571	103.764943
26471	4b9eeed8f964a520470b37e3	Fri Aug 03 15:43:51 +0000 2012	480	1.303032	103.819926
221	4b225e4ef964a520024624e3	Sat Dec 01 09:35:55 +0000 2012	480	1.355466	103.83099
223574	4b058814f964a52087b022e3	Thu Oct 04 08:38:51 +0000 2012	480	1.330501	103.770019
38133	4b2d8577f964a5204fd824e3	Thu May 03 20:40:57 +0000 2012	480	1.308934	103.763793
48739	4d86243899b78cfa37bcdd1f	Sat Feb 04 23:24:59 +0000 2012	480	1.345708	103.798788
180802	4cc2c641914137048993b655	Wed Jul 04 14:31:55 +0000 2012	480	1.295733	103.809134
170694	4ed35537d3e3521ce915ef49	Sun Nov 04 17:34:00 +0000 2012	480	1.290211	103.82756
12443	4bdbf92563c5c9b6cb1b2a68	Sun Nov 04 15:23:53 +0000 2012	480	1.308286	103.80091
46185	4c5ba6e299ff76b053a0a59e	Tue Nov 06 16:57:59 +0000 2012	480	1.308376	103.903367
10194	4d1c7feb1356224b89c60fbe	Wed Oct 03 20:19:44 +0000 2012	480	1.293454	103.772416
