poi_id,input_checkins,output_interactions,output_views,output_transactions,output_reviews,input_unique_users,output_unique_users,interaction_diff,user_diff
POI-ID-114d7492,43,43,38,3,2,38,38,0,0
POI-ID-ef4d1d62,34,34,28,3,3,28,28,0,0
POI-ID-687be6a1,13,13,11,2,0,11,11,0,0
POI-ID-80ed47ed,108,108,87,15,6,91,91,0,0
POI-ID-6b6d0969,5,5,5,0,0,5,5,0,0
POI-ID-d92afb82,6,6,5,1,0,5,5,0,0
POI-ID-19c81eff,41,41,35,3,3,36,36,0,0
POI-ID-6101e593,2,2,2,0,0,2,2,0,0
POI-ID-0d239b9f,6,6,6,0,0,6,6,0,0
POI-ID-3cf4e63d,44,44,41,3,0,41,41,0,0
POI-ID-e20d59ad,1,1,1,0,0,1,1,0,0
POI-ID-6c3b8a92,11,11,10,1,0,10,10,0,0
POI-ID-c3003ce3,1,1,1,0,0,1,1,0,0
POI-ID-260580cc,11,11,8,3,0,8,8,0,0
POI-ID-a9af22b1,55,55,40,9,6,33,33,0,0
POI-ID-0d8d1b8d,94,94,83,9,2,83,83,0,0
POI-ID-7861ff6f,9,9,9,0,0,9,9,0,0
POI-ID-864c0c3f,7,7,4,2,1,3,3,0,0
POI-ID-b71cf678,31,31,26,4,1,26,26,0,0
POI-ID-e005f949,97,97,73,19,5,64,64,0,0
POI-ID-dc29d46b,48,48,43,4,1,43,43,0,0
POI-ID-7fb8b925,28,28,21,5,2,19,19,0,0
POI-ID-08acba90,2,2,2,0,0,2,2,0,0
POI-ID-560f6a53,73,73,55,12,6,55,55,0,0
POI-ID-b94108b8,371,371,273,68,30,261,261,0,0
POI-ID-8d437dd0,6,6,4,1,1,4,4,0,0
POI-ID-fbb8ac69,6,6,5,1,0,5,5,0,0
POI-ID-cfb806db,31,31,30,1,0,30,30,0,0
POI-ID-86beaa63,19,19,11,5,3,1,1,0,0
POI-ID-0681c63a,174,174,123,35,16,99,99,0,0
POI-ID-64863d7f,122,122,83,26,13,54,54,0,0
POI-ID-0be9327f,14,14,14,0,0,14,14,0,0
POI-ID-347f8b38,108,107,82,17,8,74,73,-1,-1
POI-ID-2efe38d1,356,356,244,76,36,225,225,0,0
POI-ID-3ace434c,322,322,202,75,45,165,165,0,0
POI-ID-4cb9d85b,70,70,61,8,1,61,61,0,0
POI-ID-382ee813,93,93,74,12,7,67,67,0,0
POI-ID-9b4c8ae9,363,361,274,57,30,259,257,-2,-2
POI-ID-bae9b88c,19,19,17,2,0,17,17,0,0
POI-ID-9ab38630,17,17,15,2,0,15,15,0,0
POI-ID-8e80e0b2,672,672,467,145,60,401,401,0,0
POI-ID-74be89c3,184,184,141,30,13,128,128,0,0
POI-ID-0b6a9241,161,160,132,21,7,126,125,-1,-1
POI-ID-a5345e86,281,281,181,61,39,132,132,0,0
POI-ID-cc620d9b,46,46,40,6,0,40,40,0,0
POI-ID-c8cac02d,38,38,22,11,5,3,3,0,0
POI-ID-abc1d5db,409,409,321,64,24,264,264,0,0
POI-ID-dad8a7a5,4,4,4,0,0,4,4,0,0
POI-ID-610b2594,626,626,389,145,92,260,260,0,0
POI-ID-a7b0d162,81,81,66,13,2,68,68,0,0
POI-ID-02fe84a8,536,535,378,110,47,341,340,-1,-1
POI-ID-74531b02,48,48,46,2,0,46,46,0,0
POI-ID-e70e93b4,149,149,125,14,10,121,121,0,0
POI-ID-6f95790b,538,538,389,107,42,337,337,0,0
POI-ID-17c0b237,33,33,31,1,1,32,32,0,0
POI-ID-a4b0517d,66,66,59,6,1,60,60,0,0
POI-ID-2253c6be,34,34,29,5,0,29,29,0,0
POI-ID-aae4cd91,316,316,210,69,37,175,175,0,0
POI-ID-c05afafc,334,334,234,67,33,217,217,0,0
POI-ID-a54310d1,3,3,3,0,0,3,3,0,0
POI-ID-1a474a3c,34,34,29,4,1,28,28,0,0
POI-ID-9e0c0301,325,325,200,76,49,122,122,0,0
POI-ID-4ac86234,36,36,32,4,0,32,32,0,0
POI-ID-2627c745,518,518,351,119,48,286,286,0,0
POI-ID-53edc552,2,2,2,0,0,2,2,0,0
POI-ID-ee451879,9,9,8,1,0,8,8,0,0
POI-ID-81e66c67,5,5,4,1,0,4,4,0,0
POI-ID-bd2efc7b,10,10,10,0,0,10,10,0,0
POI-ID-c9d5cb15,130,130,100,21,9,97,97,0,0
POI-ID-fbd0d2e4,1,1,1,0,0,1,1,0,0
POI-ID-427733dc,8,8,6,2,0,6,6,0,0
POI-ID-069193d9,440,440,294,97,49,257,257,0,0
POI-ID-09e04717,13,13,12,1,0,12,12,0,0
POI-ID-77fa25cb,10,10,10,0,0,10,10,0,0
POI-ID-608e9c35,105,105,76,17,12,65,65,0,0
POI-ID-7f84cb45,4,4,4,0,0,4,4,0,0
POI-ID-2d569354,18,18,12,3,3,6,6,0,0
POI-ID-969f1b85,9,9,8,1,0,8,8,0,0
POI-ID-95edf13b,8,8,8,0,0,8,8,0,0
POI-ID-af9e46c4,11,11,9,2,0,9,9,0,0
POI-ID-d075fd1d,2,2,2,0,0,2,2,0,0
POI-ID-8afa4241,14,14,12,1,1,14,14,0,0
POI-ID-422c0a78,23,23,21,2,0,21,21,0,0
POI-ID-27d8939f,7,7,7,0,0,7,7,0,0
POI-ID-9de575e0,17,17,11,5,1,12,12,0,0
POI-ID-0780cf60,34,34,30,2,2,27,27,0,0
POI-ID-df6dade9,4,4,3,1,0,3,3,0,0
POI-ID-556d6bfa,34,34,30,3,1,30,30,0,0
POI-ID-420c9d71,15,15,14,1,0,14,14,0,0
POI-ID-5c54f7b8,12,12,10,1,1,8,8,0,0
POI-ID-8a95a0f8,3,3,3,0,0,3,3,0,0
POI-ID-c8072263,1,1,1,0,0,1,1,0,0
POI-ID-17476a35,40,40,34,5,1,34,34,0,0
POI-ID-016c883d,5,5,5,0,0,5,5,0,0
POI-ID-11ff6f19,30,30,27,2,1,27,27,0,0
POI-ID-87b99bca,4,4,4,0,0,4,4,0,0
POI-ID-2493c334,15,15,9,3,3,8,8,0,0
POI-ID-181dda10,225,225,143,53,29,95,95,0,0
POI-ID-c73b7efd,62,62,42,13,7,27,27,0,0
POI-ID-3ce45370,12,12,10,1,1,8,8,0,0
POI-ID-b4edb043,16,16,8,4,4,5,5,0,0
POI-ID-eda11b86,191,191,125,45,21,87,87,0,0
POI-ID-d283943f,15,15,11,2,2,8,8,0,0
POI-ID-5e17d622,22,22,14,4,4,11,11,0,0
POI-ID-609669b4,34,34,23,8,3,20,20,0,0
POI-ID-9392b6b3,69,69,62,3,4,61,61,0,0
POI-ID-4cb70abc,50,50,34,10,6,31,31,0,0
POI-ID-8700d63c,119,119,107,10,2,107,107,0,0
POI-ID-71a2d80e,1503,1503,935,359,209,646,646,0,0
POI-ID-a87c742f,66,66,47,12,7,43,43,0,0
POI-ID-ff60a8f0,51,51,40,6,5,38,38,0,0
POI-ID-38681322,10,10,9,1,0,9,9,0,0
POI-ID-628be70c,2,2,1,1,0,1,1,0,0
POI-ID-4e021a18,66,66,43,15,8,35,35,0,0
POI-ID-8cfb6d57,22,22,13,5,4,10,10,0,0
POI-ID-38974437,26,26,20,4,2,20,20,0,0
POI-ID-f37cce61,119,119,82,25,12,56,56,0,0
POI-ID-a15a2da9,4,4,4,0,0,4,4,0,0
POI-ID-3af3c2af,43,43,34,6,3,34,34,0,0
POI-ID-2f82c70f,65,65,54,7,4,54,54,0,0
POI-ID-add5d2cc,699,699,477,141,81,416,416,0,0
POI-ID-95378937,29,29,23,4,2,24,24,0,0
POI-ID-72f914cb,63,63,54,7,2,54,54,0,0
POI-ID-f107ddfd,23,23,22,1,0,22,22,0,0
POI-ID-de8f6c94,17,17,10,4,3,7,7,0,0
POI-ID-1c6bf506,3,3,3,0,0,3,3,0,0
POI-ID-7ab17ec8,91,91,67,16,8,62,62,0,0
POI-ID-9c0e3748,13,13,10,2,1,10,10,0,0
POI-ID-47a939dd,22,22,18,3,1,18,18,0,0
POI-ID-a0be36c9,191,191,138,36,17,122,122,0,0
POI-ID-44015cfc,57,57,38,12,7,31,31,0,0
POI-ID-0089c39d,120,120,96,18,6,91,91,0,0
POI-ID-bbc5a76e,81,81,62,16,3,58,58,0,0
POI-ID-5a6b1db8,14,14,12,2,0,12,12,0,0
POI-ID-cd8746f6,2,2,2,0,0,2,2,0,0
POI-ID-16d935ec,23,23,23,0,0,23,23,0,0
POI-ID-91b567f8,30,30,25,4,1,25,25,0,0
POI-ID-2f6a931e,1,1,1,0,0,1,1,0,0
POI-ID-4c4bce67,6,6,5,1,0,5,5,0,0
POI-ID-10d2980f,5,5,5,0,0,5,5,0,0
POI-ID-407e627b,5,5,5,0,0,5,5,0,0
POI-ID-caaea613,11,11,9,2,0,9,9,0,0
POI-ID-e51eae38,154,154,104,32,18,85,85,0,0
POI-ID-704bdbfa,59,59,51,6,2,50,50,0,0
POI-ID-6aa0d554,47,47,34,8,5,32,32,0,0
POI-ID-af1ff018,183,183,140,30,13,133,133,0,0
POI-ID-2097c998,206,206,158,34,14,148,148,0,0
POI-ID-3a187be0,106,106,72,22,12,58,58,0,0
POI-ID-6195123f,30,30,26,3,1,26,26,0,0
POI-ID-bb9f60f1,49,49,35,10,4,35,35,0,0
POI-ID-7e82e1af,13,13,10,2,1,9,9,0,0
POI-ID-72c3347b,29,29,22,4,3,22,22,0,0
POI-ID-ef9d08be,3,3,3,0,0,3,3,0,0
POI-ID-02911fb4,12,12,12,0,0,12,12,0,0
POI-ID-d2ddb36c,31,31,25,4,2,25,25,0,0
POI-ID-fe5c0cf0,8,8,6,1,1,6,6,0,0
POI-ID-2cf3250f,41,41,26,8,7,20,20,0,0
POI-ID-22888b4c,12,12,9,1,2,7,7,0,0
POI-ID-027f5bae,15,15,15,0,0,15,15,0,0
POI-ID-f8415782,7,7,5,2,0,5,5,0,0
POI-ID-c0423026,158,158,112,32,14,99,99,0,0
POI-ID-d291ebe8,12,12,10,1,1,10,10,0,0
POI-ID-0941d74c,18,18,14,2,2,10,10,0,0
POI-ID-199e365e,50,50,46,3,1,46,46,0,0
POI-ID-a84701ad,72,72,62,7,3,62,62,0,0
POI-ID-afed5962,18,18,11,3,4,9,9,0,0
POI-ID-3044118e,3,3,2,1,0,2,2,0,0
POI-ID-20157f6c,79,79,56,14,9,44,44,0,0
POI-ID-ee8e99b2,125,125,90,22,13,75,75,0,0
POI-ID-af5dfb28,47,47,32,10,5,27,27,0,0
POI-ID-3e6d2b81,18,18,15,3,0,15,15,0,0
POI-ID-dc5518dd,4,4,3,1,0,4,4,0,0
POI-ID-2ea6a0a7,859,859,574,179,106,494,494,0,0
POI-ID-0610f01c,42,42,33,4,5,30,30,0,0
POI-ID-5dfdf130,1,1,1,0,0,1,1,0,0
POI-ID-af21d317,31,31,27,4,0,27,27,0,0
POI-ID-7901cfdd,44,44,43,1,0,43,43,0,0
POI-ID-e83e4e48,28,28,28,0,0,28,28,0,0
POI-ID-4a0817f1,374,374,237,84,53,204,204,0,0
POI-ID-645ed6e0,2,2,2,0,0,2,2,0,0
POI-ID-8d368559,20,20,13,5,2,10,10,0,0
POI-ID-75931765,14,14,14,0,0,14,14,0,0
POI-ID-552d1df0,328,328,250,52,26,232,232,0,0
POI-ID-5d00e8c2,9,9,5,2,2,5,5,0,0
POI-ID-3b324a07,1,1,1,0,0,1,1,0,0
POI-ID-94f12939,34,34,24,6,4,14,14,0,0
POI-ID-353d839c,209,209,133,52,24,69,69,0,0
POI-ID-f94db622,2,2,2,0,0,2,2,0,0
POI-ID-b4a26078,42,42,29,9,4,13,13,0,0
POI-ID-7c50a2f2,78,78,52,18,8,34,34,0,0
POI-ID-8082617d,194,194,153,32,9,149,149,0,0
POI-ID-f8f015bc,13,13,10,3,0,10,10,0,0
POI-ID-5e7a6e91,6,6,5,1,0,5,5,0,0
POI-ID-b820ec42,6,6,6,0,0,6,6,0,0
POI-ID-e9022ab0,38,38,31,5,2,31,31,0,0
POI-ID-f3f2ce5f,17,17,15,1,1,15,15,0,0
POI-ID-326424f2,5,5,3,1,1,1,1,0,0
POI-ID-f76ab649,11,11,9,1,1,9,9,0,0
POI-ID-9aa19053,3,3,3,0,0,3,3,0,0
POI-ID-c085c307,52,52,39,9,4,34,34,0,0
POI-ID-56f57563,12,12,9,2,1,9,9,0,0
POI-ID-da814892,122,122,82,24,16,70,70,0,0
POI-ID-63325658,132,132,89,29,14,59,59,0,0
POI-ID-a5d51fe7,114,114,78,24,12,67,67,0,0
POI-ID-0f823b00,81,81,68,10,3,67,67,0,0
POI-ID-c8d84593,20,20,14,4,2,13,13,0,0
POI-ID-020f587e,69,69,59,8,2,59,59,0,0
POI-ID-31733887,24,24,17,5,2,15,15,0,0
POI-ID-2bcb7581,38,38,30,5,3,25,25,0,0
POI-ID-25c97e42,16,16,10,3,3,5,5,0,0
POI-ID-e41152f1,17,17,9,4,4,4,4,0,0
POI-ID-2e505510,19,19,12,5,2,5,5,0,0
POI-ID-0105f08d,3,3,1,1,1,1,1,0,0
POI-ID-563b73be,9,9,5,2,2,2,2,0,0
POI-ID-7791d02f,154,154,113,27,14,99,99,0,0
POI-ID-6d94e457,11,11,11,0,0,11,11,0,0
POI-ID-d9dca77f,82,82,74,7,1,72,72,0,0
POI-ID-3349ccb7,8,8,7,1,0,7,7,0,0
POI-ID-f991208b,3,3,1,1,1,1,1,0,0
POI-ID-12d1cc9d,4,4,2,1,1,1,1,0,0
POI-ID-31d3bc2e,333,333,260,58,15,247,247,0,0
POI-ID-24b4fa5c,5,5,3,1,1,3,3,0,0
POI-ID-c4519df5,1,1,1,0,0,1,1,0,0
POI-ID-1c8055e0,7,7,7,0,0,7,7,0,0
POI-ID-9289ab59,21,21,18,3,0,18,18,0,0
POI-ID-086e86ac,8,8,4,2,2,2,2,0,0
POI-ID-eaf9abad,1,1,1,0,0,1,1,0,0
POI-ID-74cb2c54,97,97,83,10,4,84,84,0,0
POI-ID-95d5b4e0,3,3,1,1,1,1,1,0,0
POI-ID-20d16695,65,65,56,6,3,54,54,0,0
POI-ID-8fea1e81,31,31,18,8,5,3,3,0,0
POI-ID-2e90d343,3,3,3,0,0,3,3,0,0
POI-ID-992db14d,1,1,1,0,0,1,1,0,0
POI-ID-f164550b,36,36,31,4,1,30,30,0,0
POI-ID-946f15ed,2,2,2,0,0,2,2,0,0
POI-ID-d6b94045,10,10,9,0,1,9,9,0,0
POI-ID-58fec5b4,4,4,4,0,0,4,4,0,0
POI-ID-05e0a6f2,4,4,4,0,0,4,4,0,0
POI-ID-b3f07a21,12,12,8,2,2,5,5,0,0
POI-ID-86a64c59,1,1,1,0,0,1,1,0,0
POI-ID-6f42700b,2,2,2,0,0,2,2,0,0
POI-ID-6a781b64,6,6,4,1,1,2,2,0,0
POI-ID-1d4334be,5,5,5,0,0,5,5,0,0
POI-ID-b1c18c73,4,4,3,1,0,3,3,0,0
POI-ID-05dff183,9,9,7,2,0,7,7,0,0
POI-ID-85730cf5,14,14,10,2,2,11,11,0,0
POI-ID-01f5ec2f,12,12,11,1,0,11,11,0,0
POI-ID-bd194628,16,16,9,4,3,5,5,0,0
POI-ID-430105e5,26,26,19,4,3,17,17,0,0
POI-ID-3f2d0888,208,206,164,30,12,160,158,-2,-2
POI-ID-1734eeac,6,6,6,0,0,6,6,0,0
POI-ID-d5ff015c,3,3,3,0,0,3,3,0,0
POI-ID-53641e80,4,4,4,0,0,4,4,0,0
POI-ID-9eee219a,8,8,7,1,0,7,7,0,0
POI-ID-42a2f895,4,4,4,0,0,4,4,0,0
POI-ID-59ccf582,3,3,3,0,0,3,3,0,0
POI-ID-bcfa2114,1,1,1,0,0,1,1,0,0
POI-ID-c17a007a,3,3,1,1,1,1,1,0,0
POI-ID-4052030d,5,5,4,1,0,4,4,0,0
POI-ID-39a2d29c,14,14,14,0,0,14,14,0,0
POI-ID-1ba9f913,61,61,47,10,4,41,41,0,0
POI-ID-45c3a8b8,2,2,2,0,0,2,2,0,0
POI-ID-94251bc9,5,5,5,0,0,5,5,0,0
POI-ID-c863a020,38,38,33,4,1,32,32,0,0
POI-ID-b00aa84e,13,13,13,0,0,13,13,0,0
POI-ID-8a32828b,139,139,93,30,16,77,77,0,0
POI-ID-2ebec64b,26,26,24,2,0,24,24,0,0
POI-ID-4aacb8fe,67,67,47,14,6,33,33,0,0
POI-ID-2fcba76c,1,1,1,0,0,1,1,0,0
POI-ID-2f01f65c,21,21,18,2,1,19,19,0,0
POI-ID-914e1a6c,43,43,27,9,7,21,21,0,0
POI-ID-543bbd42,17,17,10,6,1,11,11,0,0
POI-ID-f482a5e6,9,9,7,1,1,8,8,0,0
POI-ID-c554f668,2,2,1,1,0,1,1,0,0
POI-ID-b082ed0e,43,43,30,9,4,15,15,0,0
POI-ID-17cf0b82,7,7,7,0,0,7,7,0,0
POI-ID-b87a37dd,30,30,24,4,2,16,16,0,0
POI-ID-9e49068e,7,7,7,0,0,7,7,0,0
POI-ID-9456e0cd,25,25,17,4,4,12,12,0,0
POI-ID-842f260b,42,42,32,9,1,27,27,0,0
POI-ID-7be2e646,3,3,2,1,0,2,2,0,0
POI-ID-f972aaff,101,101,76,15,10,66,66,0,0
POI-ID-f47ac3a8,26,26,24,2,0,24,24,0,0
POI-ID-3cd53e6a,77,77,63,9,5,59,59,0,0
POI-ID-2ef8310e,10,10,9,1,0,9,9,0,0
POI-ID-62bf20f4,10,10,6,3,1,1,1,0,0
POI-ID-7978800a,22,22,14,4,4,9,9,0,0
POI-ID-b6c7f0ad,4,4,2,2,0,2,2,0,0
POI-ID-dcd0f046,11,11,7,2,2,4,4,0,0
POI-ID-086b2840,35,35,32,2,1,32,32,0,0
POI-ID-fdae2919,254,254,194,43,17,184,184,0,0
POI-ID-ff253675,27,27,22,2,3,19,19,0,0
POI-ID-336a567c,27,27,20,4,3,12,12,0,0
POI-ID-b4e14190,6,6,3,2,1,3,3,0,0
POI-ID-a518317a,4,4,4,0,0,4,4,0,0
POI-ID-c113d284,3,3,2,1,0,2,2,0,0
POI-ID-78a1340c,12,12,6,3,3,2,2,0,0
POI-ID-6ed87f8d,38,38,27,7,4,27,27,0,0
POI-ID-e69c0e30,5,5,5,0,0,5,5,0,0
POI-ID-16fe0da8,4,4,3,1,0,3,3,0,0
POI-ID-1274bb5b,8,8,5,2,1,2,2,0,0
POI-ID-5d187030,5,5,3,1,1,3,3,0,0
POI-ID-e0307e2a,48,48,37,8,3,36,36,0,0
POI-ID-80718450,23,23,19,2,2,16,16,0,0
POI-ID-b2016254,11,11,7,3,1,7,7,0,0
POI-ID-1c9a672f,6,6,6,0,0,6,6,0,0
POI-ID-587ff5de,5,5,2,2,1,2,2,0,0
POI-ID-b3cc67be,4,4,2,2,0,2,2,0,0
POI-ID-1f8d90a2,53,53,42,9,2,41,41,0,0
POI-ID-2487a924,14,14,10,3,1,10,10,0,0
POI-ID-d62157d7,30,30,17,9,4,4,4,0,0
POI-ID-93a72045,48,48,38,7,3,39,39,0,0
POI-ID-ad405e1d,26,26,23,2,1,25,25,0,0
POI-ID-d20fc720,6,6,6,0,0,6,6,0,0
POI-ID-0f09b40b,5,5,3,1,1,3,3,0,0
POI-ID-686a796c,7,7,6,1,0,6,6,0,0
POI-ID-2c519cde,23,23,21,1,1,20,20,0,0
POI-ID-c51cede1,1,1,1,0,0,1,1,0,0
POI-ID-8e5ebc01,16,16,15,1,0,15,15,0,0
POI-ID-6fe2f2bc,3,3,3,0,0,3,3,0,0
POI-ID-116550c0,3,3,2,1,0,2,2,0,0
POI-ID-2509cb65,1,1,1,0,0,1,1,0,0
POI-ID-cef68e19,17,17,13,2,2,11,11,0,0
POI-ID-526f27c5,29,29,27,1,1,28,28,0,0
POI-ID-e285e713,5,5,5,0,0,5,5,0,0
POI-ID-4f3ca6df,50,50,33,10,7,22,22,0,0
POI-ID-7d805fe7,60,60,41,13,6,33,33,0,0
POI-ID-dd69c453,35,35,31,3,1,31,31,0,0
POI-ID-cff07c37,126,126,94,21,11,86,86,0,0
POI-ID-f153592c,1,1,1,0,0,1,1,0,0
POI-ID-d2658b8e,7,7,7,0,0,7,7,0,0
POI-ID-6fbc97a1,14,14,14,0,0,14,14,0,0
POI-ID-01a743e9,122,122,90,20,12,76,76,0,0
POI-ID-7154117f,200,200,134,38,28,92,92,0,0
POI-ID-ae97b6f0,54,54,34,11,9,20,20,0,0
POI-ID-dae52055,8,8,4,2,2,1,1,0,0
POI-ID-e59cc22f,6,6,4,1,1,3,3,0,0
POI-ID-101c2359,2,2,2,0,0,2,2,0,0
POI-ID-e0a30a58,182,182,154,22,6,156,156,0,0
POI-ID-e29bc397,80,80,67,10,3,69,69,0,0
POI-ID-cfb8e089,42,42,38,3,1,38,38,0,0
POI-ID-6f00655e,87,87,70,11,6,67,67,0,0
POI-ID-213b3986,32,32,29,2,1,28,28,0,0
POI-ID-40b6aea0,177,177,126,30,21,106,106,0,0
POI-ID-7cdfe62a,7,7,4,2,1,1,1,0,0
POI-ID-a76fb0d7,251,251,188,43,20,176,176,0,0
POI-ID-c949f908,42,42,26,9,7,15,15,0,0
POI-ID-328253dd,36,36,31,5,0,31,31,0,0
POI-ID-9a6acdc0,31,31,25,4,2,25,25,0,0
POI-ID-297202ef,72,72,41,14,17,25,25,0,0
POI-ID-c0555384,24,24,17,5,2,15,15,0,0
POI-ID-d898de20,37,37,34,3,0,34,34,0,0
POI-ID-34d33461,8,8,7,1,0,7,7,0,0
POI-ID-1d4080fd,1,1,1,0,0,1,1,0,0
POI-ID-05e999f5,15,15,13,1,1,13,13,0,0
POI-ID-cbdb6868,1,1,1,0,0,1,1,0,0
POI-ID-7172dd0c,13,13,11,1,1,9,9,0,0
POI-ID-e840d702,10,10,10,0,0,10,10,0,0
POI-ID-052ae759,41,41,31,7,3,28,28,0,0
POI-ID-83b5172c,61,61,36,17,8,32,32,0,0
POI-ID-74487e8d,15,15,13,1,1,13,13,0,0
POI-ID-029e5ff6,168,168,118,33,17,100,100,0,0
POI-ID-cc732ff6,3,3,3,0,0,3,3,0,0
POI-ID-09b4d6d4,6,6,5,1,0,5,5,0,0
POI-ID-93a76432,9,9,7,1,1,8,8,0,0
POI-ID-a82bd291,59,59,44,10,5,43,43,0,0
POI-ID-b66b4d7a,14,14,10,3,1,7,7,0,0
POI-ID-988a324d,11,11,9,1,1,9,9,0,0
POI-ID-7096fb65,1,1,1,0,0,1,1,0,0
POI-ID-d61e2b26,6,6,6,0,0,6,6,0,0
POI-ID-ad801502,63,63,44,12,7,31,31,0,0
POI-ID-ffa491a4,9,9,9,0,0,9,9,0,0
POI-ID-d71ad8ed,408,408,248,105,55,136,136,0,0
POI-ID-ea60e61b,11,11,10,1,0,10,10,0,0
POI-ID-8513777e,29,29,24,4,1,21,21,0,0
POI-ID-3b92c5c4,44,44,32,9,3,22,22,0,0
POI-ID-b41f611b,5,5,5,0,0,5,5,0,0
POI-ID-a3fd768f,1,1,1,0,0,1,1,0,0
POI-ID-89e86ebd,17,17,13,4,0,13,13,0,0
POI-ID-85fdf27e,45,45,42,3,0,42,42,0,0
POI-ID-4f8432ad,1,1,1,0,0,1,1,0,0
POI-ID-0d95923c,4,4,4,0,0,4,4,0,0
POI-ID-36a570ae,4,4,4,0,0,4,4,0,0
POI-ID-db628d01,51,51,47,3,1,45,45,0,0
POI-ID-fb121012,10,10,8,1,1,9,9,0,0
POI-ID-25d30ab2,37,37,32,3,2,31,31,0,0
POI-ID-e09f1d63,23,23,21,1,1,22,22,0,0
POI-ID-7a404661,9,9,8,1,0,8,8,0,0
POI-ID-cbcbe046,4,4,2,2,0,2,2,0,0
POI-ID-8bdab469,13,13,11,1,1,11,11,0,0
POI-ID-b9f49e90,5,5,5,0,0,5,5,0,0
POI-ID-4e07de78,12,12,9,2,1,9,9,0,0
POI-ID-1d5c8529,12,12,11,1,0,11,11,0,0
POI-ID-aecd984b,8,8,8,0,0,8,8,0,0
POI-ID-44b2fc5f,5,5,4,1,0,4,4,0,0
POI-ID-52d2c6d6,1,1,1,0,0,1,1,0,0
POI-ID-33b3df77,57,57,45,9,3,40,40,0,0
POI-ID-6274d937,4,4,4,0,0,4,4,0,0
POI-ID-0cb86fc1,6,6,5,1,0,5,5,0,0
POI-ID-d31bd8c4,5,5,4,1,0,4,4,0,0
POI-ID-8fe7c438,20,20,13,4,3,8,8,0,0
POI-ID-647fcb83,9,9,8,1,0,8,8,0,0
POI-ID-f2befd34,3,3,3,0,0,3,3,0,0
POI-ID-6d3f6eb4,126,126,89,22,15,75,75,0,0
POI-ID-d3c58610,3,3,3,0,0,3,3,0,0
POI-ID-fc177127,10,10,7,2,1,7,7,0,0
POI-ID-19b7f4bd,1,1,1,0,0,1,1,0,0
POI-ID-ff49bfd6,1,1,1,0,0,1,1,0,0
POI-ID-4dfbbea8,123,123,106,14,3,105,105,0,0
POI-ID-9942cb87,52,52,36,9,7,26,26,0,0
POI-ID-abf5fb49,1,1,1,0,0,1,1,0,0
POI-ID-323f861f,5,5,4,1,0,4,4,0,0
POI-ID-e91993db,3,3,3,0,0,3,3,0,0
POI-ID-a4f9e37d,6,6,5,1,0,5,5,0,0
POI-ID-a20f296b,12,12,12,0,0,12,12,0,0
POI-ID-1e212e79,47,47,38,8,1,36,36,0,0
POI-ID-be19f4f9,11,11,9,1,1,8,8,0,0
POI-ID-0eed26ad,55,55,48,7,0,48,48,0,0
POI-ID-ef2d9787,9,9,8,1,0,8,8,0,0
POI-ID-ad01865b,20,20,12,6,2,1,1,0,0
POI-ID-0fb87625,1,1,1,0,0,1,1,0,0
POI-ID-7210b892,26,26,25,1,0,25,25,0,0
POI-ID-547dbffb,7,7,4,2,1,1,1,0,0
POI-ID-1e895d51,159,159,103,38,18,77,77,0,0
POI-ID-de0caefc,94,93,66,19,8,59,58,-1,-1
POI-ID-af876a63,50,50,36,10,4,34,34,0,0
POI-ID-448ae884,1,1,1,0,0,1,1,0,0
POI-ID-f953fc34,60,60,39,13,8,24,24,0,0
POI-ID-10fab0c4,15,15,11,2,2,9,9,0,0
POI-ID-befee26a,56,56,46,9,1,46,46,0,0
POI-ID-8c0086a2,55,55,36,11,8,31,31,0,0
POI-ID-1704cf73,10,10,10,0,0,10,10,0,0
POI-ID-12882af0,74,74,62,10,2,65,65,0,0
POI-ID-397217dc,2,2,2,0,0,2,2,0,0
POI-ID-20672bcd,5,5,5,0,0,5,5,0,0
POI-ID-e0205e84,49,48,33,9,6,34,33,-1,-1
POI-ID-d80c5d0f,27,27,20,6,1,19,19,0,0
POI-ID-2477f018,1,1,1,0,0,1,1,0,0
POI-ID-057ad588,71,71,45,16,10,30,30,0,0
POI-ID-4339267e,10,10,8,1,1,8,8,0,0
POI-ID-60c35fd3,1,1,1,0,0,1,1,0,0
POI-ID-01cb2485,2,2,1,1,0,1,1,0,0
POI-ID-c78d0717,19,19,17,2,0,17,17,0,0
POI-ID-5098256c,57,57,45,9,3,45,45,0,0
POI-ID-11496e23,2,2,2,0,0,2,2,0,0
POI-ID-93fc1960,54,54,39,10,5,36,36,0,0
POI-ID-cff59ed6,29,29,20,8,1,20,20,0,0
POI-ID-bf56bcad,21,20,12,5,3,9,8,-1,-1
POI-ID-8c01d69e,70,70,45,14,11,37,37,0,0
POI-ID-11c4bd97,10,10,9,1,0,9,9,0,0
POI-ID-fa3957bf,27,27,18,5,4,12,12,0,0
POI-ID-4fc4fed3,16,16,14,2,0,14,14,0,0
POI-ID-9d6e0a5f,20,20,19,1,0,19,19,0,0
POI-ID-c82499ce,46,46,35,7,4,34,34,0,0
POI-ID-666ce02b,9,9,5,2,2,2,2,0,0
POI-ID-63ebf1fd,11,11,10,1,0,10,10,0,0
POI-ID-678658cf,2,2,1,1,0,1,1,0,0
POI-ID-fe23de5f,2,2,2,0,0,2,2,0,0
POI-ID-321490cf,1,1,1,0,0,1,1,0,0
POI-ID-109363bc,1,1,1,0,0,1,1,0,0
POI-ID-02e729ae,4,4,4,0,0,4,4,0,0
POI-ID-fc865152,64,64,42,14,8,37,37,0,0
POI-ID-cdd270a5,2,2,1,1,0,1,1,0,0
POI-ID-35b2110b,4,4,4,0,0,4,4,0,0
POI-ID-bc1a3bc0,75,75,44,18,13,36,36,0,0
POI-ID-af7950b7,6,6,5,1,0,5,5,0,0
POI-ID-2b495b32,18,18,14,3,1,14,14,0,0
POI-ID-6e9310c5,1,1,1,0,0,1,1,0,0
POI-ID-954f3d8d,14,14,12,2,0,12,12,0,0
POI-ID-9e031ce8,4,4,4,0,0,4,4,0,0
POI-ID-e0a767ac,3,3,2,1,0,2,2,0,0
POI-ID-055a033c,8,8,6,1,1,6,6,0,0
POI-ID-1b50eb01,45,45,29,10,6,22,22,0,0
POI-ID-78396570,1,1,1,0,0,1,1,0,0
POI-ID-fb3619a0,2,2,2,0,0,2,2,0,0
POI-ID-1d9cf552,34,34,24,8,2,21,21,0,0
POI-ID-60a35bcf,28,28,21,4,3,21,21,0,0
POI-ID-07e80116,11,11,8,2,1,7,7,0,0
POI-ID-a7bf33e3,4,4,4,0,0,4,4,0,0
POI-ID-a65bfd01,2,2,2,0,0,2,2,0,0
POI-ID-188740ed,9,9,6,3,0,6,6,0,0
POI-ID-b8f93d35,5,5,4,1,0,4,4,0,0
POI-ID-f9616c74,30,30,26,3,1,27,27,0,0
POI-ID-dd981d90,7,7,6,1,0,6,6,0,0
POI-ID-e763ff07,21,21,19,2,0,19,19,0,0
POI-ID-3160ac08,153,153,95,37,21,80,80,0,0
POI-ID-a6c9951a,7,7,7,0,0,7,7,0,0
POI-ID-5e4c6930,97,97,81,10,6,85,85,0,0
POI-ID-8c395312,52,52,39,9,4,40,40,0,0
POI-ID-8f935a3c,71,71,53,13,5,48,48,0,0
POI-ID-e76d1cfb,2,2,1,1,0,1,1,0,0
POI-ID-1982820b,14,14,11,3,0,11,11,0,0
POI-ID-42e61d03,4,4,4,0,0,4,4,0,0
POI-ID-c8f8cb33,1,1,1,0,0,1,1,0,0
POI-ID-1bc4b276,5,5,5,0,0,5,5,0,0
POI-ID-f60041aa,14,14,10,2,2,7,7,0,0
POI-ID-84dc8067,1,1,1,0,0,1,1,0,0
POI-ID-b158a3f5,3,3,3,0,0,3,3,0,0
POI-ID-4d40784f,2,2,2,0,0,2,2,0,0
POI-ID-58e15d43,2,2,2,0,0,2,2,0,0
POI-ID-661e17cf,5,5,5,0,0,5,5,0,0
POI-ID-67d44578,1,1,1,0,0,1,1,0,0
POI-ID-8d3feef4,1,1,1,0,0,1,1,0,0
POI-ID-d2c8e41e,1,1,1,0,0,1,1,0,0
POI-ID-37886ff5,3,3,3,0,0,3,3,0,0
POI-ID-f6e97252,31,31,25,6,0,25,25,0,0
POI-ID-559f2278,2,2,2,0,0,2,2,0,0
POI-ID-b11b4732,4,4,2,2,0,2,2,0,0
POI-ID-0e05dd5f,4,4,3,1,0,3,3,0,0
POI-ID-87a5cc2d,28,28,24,4,0,24,24,0,0
POI-ID-bc28d5fa,43,43,35,5,3,33,33,0,0
POI-ID-e65276f4,1,1,1,0,0,1,1,0,0
POI-ID-f208a37b,2,2,1,1,0,1,1,0,0
POI-ID-e0530502,1,1,1,0,0,1,1,0,0
POI-ID-95f52ec1,14,14,12,1,1,12,12,0,0
POI-ID-0781e655,34,34,26,6,2,21,21,0,0
POI-ID-da424e89,18,18,16,1,1,16,16,0,0
POI-ID-e0d64c5b,19,19,16,2,1,16,16,0,0
POI-ID-7431da89,29,29,22,5,2,22,22,0,0
POI-ID-a263f0dd,27,27,22,5,0,22,22,0,0
POI-ID-fcb32885,39,39,29,6,4,27,27,0,0
POI-ID-80f3fb34,9,9,8,1,0,8,8,0,0
POI-ID-b2f40a49,32,32,28,3,1,28,28,0,0
POI-ID-b260ca70,89,89,55,21,13,32,32,0,0
POI-ID-09cf91cb,3,3,2,1,0,2,2,0,0
POI-ID-03e2ef5a,3,3,3,0,0,3,3,0,0
POI-ID-bc1daeb4,11,11,11,0,0,11,11,0,0
POI-ID-c3235197,28,28,24,3,1,24,24,0,0
POI-ID-66fb7eb1,20,20,17,2,1,17,17,0,0
POI-ID-98c69fc7,24,24,20,3,1,18,18,0,0
POI-ID-191dd264,6,6,6,0,0,6,6,0,0
POI-ID-974c143b,5,5,5,0,0,5,5,0,0
POI-ID-0802ae21,3,3,3,0,0,3,3,0,0
POI-ID-5a18f844,24,24,21,2,1,21,21,0,0
POI-ID-c6bc1b95,11,11,11,0,0,11,11,0,0
POI-ID-d96be4a2,1,1,1,0,0,1,1,0,0
POI-ID-6f8200da,99,99,69,18,12,64,64,0,0
POI-ID-a39df56a,6,6,4,1,1,4,4,0,0
POI-ID-99294cd1,48,48,36,10,2,38,38,0,0
POI-ID-60f8361b,10,10,8,1,1,7,7,0,0
POI-ID-072c6d22,2,2,2,0,0,2,2,0,0
POI-ID-291e625a,1,1,1,0,0,1,1,0,0
POI-ID-fe0e05b2,1,1,1,0,0,1,1,0,0
POI-ID-ba36e81d,18,18,18,0,0,18,18,0,0
POI-ID-d5ca9657,15,15,13,2,0,13,13,0,0
POI-ID-3b312184,29,29,20,6,3,13,13,0,0
POI-ID-cfaf53ce,2,2,2,0,0,2,2,0,0
POI-ID-f4693a75,116,116,70,30,16,58,58,0,0
POI-ID-c86b3f27,10,10,8,2,0,8,8,0,0
POI-ID-ad2d4836,39,39,23,11,5,2,2,0,0
POI-ID-e4beab7d,14,14,7,4,3,6,6,0,0
POI-ID-24bdf84e,8,8,4,2,2,1,1,0,0
POI-ID-f6283fc2,156,156,126,24,6,124,124,0,0
POI-ID-7896a8f7,17,17,11,4,2,9,9,0,0
POI-ID-0faed2a6,24,24,20,2,2,16,16,0,0
POI-ID-88c946d0,43,43,31,11,1,30,30,0,0
POI-ID-0adee031,151,151,116,28,7,110,110,0,0
POI-ID-8a456e97,28,28,20,5,3,16,16,0,0
POI-ID-3ae80b93,60,60,52,6,2,49,49,0,0
POI-ID-fa518ca2,4,4,4,0,0,4,4,0,0
POI-ID-80364dca,88,88,54,22,12,20,20,0,0
POI-ID-22722092,17,17,10,5,2,1,1,0,0
POI-ID-9e51744c,5,5,3,1,1,3,3,0,0
POI-ID-2849cfe7,1,1,1,0,0,1,1,0,0
POI-ID-3143e7b3,1,1,1,0,0,1,1,0,0
POI-ID-cab4cc38,7,7,6,1,0,6,6,0,0
POI-ID-978f85f7,22,22,19,2,1,17,17,0,0
POI-ID-0aec4174,1,1,1,0,0,1,1,0,0
POI-ID-14d3be82,27,27,16,8,3,1,1,0,0
POI-ID-ca601b65,62,62,38,15,9,28,28,0,0
POI-ID-ac349e30,22,22,19,2,1,19,19,0,0
POI-ID-a9ed7ae3,28,28,18,7,3,4,4,0,0
POI-ID-124600f3,7,7,6,1,0,6,6,0,0
POI-ID-a5df160b,89,89,71,13,5,68,68,0,0
POI-ID-c967932c,21,21,16,3,2,11,11,0,0
POI-ID-04026ffd,11,11,8,2,1,9,9,0,0
POI-ID-05631e53,1,1,1,0,0,1,1,0,0
POI-ID-13c58ad9,4,4,2,1,1,2,2,0,0
POI-ID-bad0f72c,34,34,24,6,4,17,17,0,0
POI-ID-9b85e2ff,7,7,4,2,1,4,4,0,0
POI-ID-53f6b315,2,2,2,0,0,2,2,0,0
POI-ID-af44dec9,137,137,100,22,15,77,77,0,0
POI-ID-a3338917,3,3,2,1,0,2,2,0,0
POI-ID-21aaa360,23,23,20,3,0,20,20,0,0
POI-ID-99a27b52,10,10,8,1,1,7,7,0,0
POI-ID-117573b2,11,11,8,2,1,7,7,0,0
POI-ID-fad54a75,1,1,1,0,0,1,1,0,0
POI-ID-19504702,85,85,56,19,10,33,33,0,0
POI-ID-38fd5618,31,31,18,9,4,1,1,0,0
POI-ID-0e45cf1e,5,5,3,1,1,1,1,0,0
POI-ID-28dc91a3,3,3,1,1,1,1,1,0,0
POI-ID-efe233b7,28,28,22,4,2,22,22,0,0
POI-ID-13e22bd5,14,14,9,4,1,4,4,0,0
POI-ID-ed9d839e,13,13,11,1,1,11,11,0,0
POI-ID-587d8545,48,48,34,8,6,29,29,0,0
POI-ID-c95f65dd,11,11,9,1,1,7,7,0,0
POI-ID-6cdd9171,86,86,72,8,6,66,66,0,0
POI-ID-1242a6db,6,6,6,0,0,6,6,0,0
POI-ID-335f8ee8,17,17,15,1,1,15,15,0,0
POI-ID-8181c10a,70,70,57,9,4,53,53,0,0
POI-ID-2f29e509,117,117,87,19,11,80,80,0,0
POI-ID-293d7826,30,30,29,1,0,29,29,0,0
POI-ID-5b12b937,5,5,3,1,1,3,3,0,0
POI-ID-62c774e2,85,85,68,14,3,63,63,0,0
POI-ID-86d01586,49,49,39,8,2,39,39,0,0
POI-ID-bd412cd5,72,72,54,11,7,53,53,0,0
POI-ID-4fa0ea4c,1,1,1,0,0,1,1,0,0
POI-ID-caf434ca,26,26,20,6,0,20,20,0,0
POI-ID-c308aa61,5,5,5,0,0,5,5,0,0
POI-ID-b37a4f38,405,405,271,91,43,199,199,0,0
POI-ID-c52569d9,12,12,12,0,0,12,12,0,0
POI-ID-9124c29f,53,53,43,8,2,42,42,0,0
POI-ID-7fa9141f,25,25,22,3,0,22,22,0,0
POI-ID-e84d365e,10,10,9,1,0,9,9,0,0
POI-ID-bcbb2c90,37,37,24,9,4,21,21,0,0
POI-ID-30362669,32,32,29,2,1,27,27,0,0
POI-ID-1a2029d3,33,33,31,2,0,31,31,0,0
POI-ID-714f145a,55,55,41,9,5,39,39,0,0
POI-ID-0592cf66,4,4,4,0,0,4,4,0,0
POI-ID-22ed655a,1,1,1,0,0,1,1,0,0
POI-ID-08aa8c5b,1,1,1,0,0,1,1,0,0
POI-ID-c5b09f4a,6,6,5,0,1,6,6,0,0
POI-ID-b5e0f818,25,25,19,3,3,17,17,0,0
POI-ID-04be3f9c,17,17,11,4,2,4,4,0,0
POI-ID-23750163,7,7,7,0,0,7,7,0,0
POI-ID-f32ccca8,4,4,3,1,0,3,3,0,0
POI-ID-db1bed45,2,2,2,0,0,2,2,0,0
POI-ID-0a6d5f9c,29,29,19,6,4,14,14,0,0
POI-ID-03717c5b,8,8,6,1,1,4,4,0,0
POI-ID-9f6a2bcd,90,90,66,15,9,63,63,0,0
POI-ID-8c593168,41,41,26,10,5,25,25,0,0
POI-ID-ef5f1efc,13,13,9,3,1,8,8,0,0
POI-ID-33dd4cce,14,14,14,0,0,14,14,0,0
POI-ID-f3130cf7,10,10,10,0,0,10,10,0,0
POI-ID-c91b2068,8,8,7,1,0,8,8,0,0
POI-ID-6d705869,45,45,38,4,3,36,36,0,0
POI-ID-7e187ed7,14,14,12,2,0,13,13,0,0
POI-ID-a25f7e6d,3,3,3,0,0,3,3,0,0
POI-ID-961a8431,47,47,38,7,2,38,38,0,0
POI-ID-40082a9d,10,10,7,2,1,7,7,0,0
POI-ID-decdf654,129,129,112,13,4,111,111,0,0
POI-ID-92bcac3f,175,175,144,23,8,141,141,0,0
POI-ID-128500c0,5,5,5,0,0,5,5,0,0
POI-ID-cbb49379,57,57,50,6,1,50,50,0,0
POI-ID-6e7b1d92,58,58,41,13,4,35,35,0,0
POI-ID-eb70b135,9,9,8,1,0,8,8,0,0
POI-ID-65c5c470,35,35,25,7,3,19,19,0,0
POI-ID-d904b34f,21,21,13,5,3,3,3,0,0
POI-ID-54048f2d,30,30,21,6,3,17,17,0,0
POI-ID-45eab012,27,27,20,4,3,12,12,0,0
POI-ID-d4faa4f4,12,12,9,1,2,7,7,0,0
POI-ID-fdeb0d14,15,15,9,3,3,9,9,0,0
POI-ID-d8634afc,88,88,68,14,6,66,66,0,0
POI-ID-059d90ba,15,15,9,3,3,3,3,0,0
POI-ID-24034d2b,19,19,14,3,2,9,9,0,0
POI-ID-dd8294f9,3,3,3,0,0,3,3,0,0
POI-ID-f9cd85aa,1,1,1,0,0,1,1,0,0
POI-ID-250bbb31,6,6,5,1,0,5,5,0,0
POI-ID-b1b3e894,17,17,12,3,2,6,6,0,0
POI-ID-30d39060,7,7,5,2,0,5,5,0,0
POI-ID-3162293a,22,22,16,4,2,8,8,0,0
POI-ID-2d66a82c,10,10,7,2,1,5,5,0,0
POI-ID-00ff71d5,4,4,4,0,0,4,4,0,0
POI-ID-759bf584,40,40,29,7,4,17,17,0,0
POI-ID-944ffc5a,1,1,1,0,0,1,1,0,0
POI-ID-7f405474,38,38,29,6,3,20,20,0,0
POI-ID-1ddd2fd4,147,147,122,17,8,120,120,0,0
POI-ID-d9b2e84b,3,3,3,0,0,3,3,0,0
POI-ID-79988f08,22,22,18,2,2,19,19,0,0
POI-ID-2f6885c0,40,40,32,6,2,30,30,0,0
POI-ID-cd335739,19,19,14,3,2,9,9,0,0
POI-ID-41dd5389,8,8,4,2,2,2,2,0,0
POI-ID-f2c02a48,2,2,1,1,0,1,1,0,0
POI-ID-3879df4d,30,30,24,5,1,23,23,0,0
POI-ID-739b5e2d,70,70,54,10,6,52,52,0,0
POI-ID-b788fc36,11,11,8,2,1,7,7,0,0
POI-ID-5edcebbf,26,26,18,5,3,9,9,0,0
POI-ID-d4052068,24,24,18,5,1,15,15,0,0
POI-ID-7b77eccd,51,51,43,7,1,43,43,0,0
POI-ID-f0af168b,17,17,13,2,2,11,11,0,0
POI-ID-d7cdb9cb,66,66,47,12,7,43,43,0,0
POI-ID-4be29c4b,156,156,128,19,9,120,120,0,0
POI-ID-b26132b5,7,7,7,0,0,7,7,0,0
POI-ID-1e0cc270,1,1,1,0,0,1,1,0,0
POI-ID-819343ec,3,3,3,0,0,3,3,0,0
POI-ID-48794652,3,3,2,1,0,2,2,0,0
POI-ID-0c638e2b,46,46,39,5,2,39,39,0,0
POI-ID-61d5e5d2,71,71,49,16,6,46,46,0,0
POI-ID-e0c670e0,103,103,77,19,7,73,73,0,0
POI-ID-9b3cb804,24,24,17,4,3,15,15,0,0
POI-ID-c311f3d7,29,29,22,4,3,17,17,0,0
POI-ID-a27d72cf,30,30,26,2,2,23,23,0,0
POI-ID-addd3c1a,9,9,6,2,1,3,3,0,0
POI-ID-876bb2c6,32,32,26,4,2,27,27,0,0
POI-ID-1b4b1b26,78,78,62,13,3,62,62,0,0
POI-ID-853be00f,36,36,32,4,0,32,32,0,0
POI-ID-d84ef26a,6,6,4,1,1,5,5,0,0
POI-ID-43c5f377,14,14,11,1,2,9,9,0,0
POI-ID-1702cb30,46,46,43,3,0,44,44,0,0
POI-ID-9d0a9aa2,67,67,61,5,1,62,62,0,0
POI-ID-14a9c9a0,4,4,2,1,1,1,1,0,0
POI-ID-343479e1,1,1,1,0,0,1,1,0,0
POI-ID-2de923f4,11,11,11,0,0,11,11,0,0
POI-ID-732da732,1,1,1,0,0,1,1,0,0
POI-ID-745f365d,3,3,1,1,1,1,1,0,0
POI-ID-39832477,4,4,4,0,0,4,4,0,0
POI-ID-333a954b,1,1,1,0,0,1,1,0,0
POI-ID-3564995e,1,1,1,0,0,1,1,0,0
POI-ID-4e6e8ea1,89,89,74,12,3,73,73,0,0
POI-ID-e84777ed,29,29,21,6,2,16,16,0,0
POI-ID-002d8aea,13,13,12,1,0,12,12,0,0
POI-ID-f05a9c5c,29,29,25,4,0,26,26,0,0
POI-ID-1307e137,1,1,1,0,0,1,1,0,0
POI-ID-5caf55c5,425,424,302,89,33,293,292,-1,-1
POI-ID-4b11933a,15,15,12,3,0,12,12,0,0
POI-ID-c5e2150c,10,10,6,2,2,2,2,0,0
POI-ID-9b0511f8,21,21,15,3,3,15,15,0,0
POI-ID-af170bfa,1,1,1,0,0,1,1,0,0
POI-ID-5292ea68,4,4,2,1,1,2,2,0,0
POI-ID-ee6b2711,1,1,1,0,0,1,1,0,0
POI-ID-ae057f85,38,38,29,5,4,27,27,0,0
POI-ID-1a246cdd,14,14,13,1,0,13,13,0,0
POI-ID-6067dd15,61,61,47,11,3,46,46,0,0
POI-ID-967288ea,15,15,14,1,0,14,14,0,0
POI-ID-e3a792af,12,12,12,0,0,12,12,0,0
POI-ID-05468fac,11,11,9,1,1,8,8,0,0
POI-ID-34420517,27,27,22,4,1,22,22,0,0
POI-ID-40377301,24,24,22,1,1,22,22,0,0
POI-ID-fe14d8d2,9,8,7,1,0,8,7,-1,-1
POI-ID-972af887,37,37,34,2,1,34,34,0,0
POI-ID-bd2e5f23,28,28,27,1,0,27,27,0,0
POI-ID-d169a4c5,1,1,1,0,0,1,1,0,0
POI-ID-9e91438b,56,56,46,6,4,42,42,0,0
POI-ID-fe6f9096,94,94,66,21,7,62,62,0,0
POI-ID-866493db,30,30,26,4,0,26,26,0,0
POI-ID-05f7f125,2,2,1,1,0,1,1,0,0
POI-ID-a96d8f69,4,4,4,0,0,4,4,0,0
POI-ID-90d16939,6,6,6,0,0,6,6,0,0
POI-ID-eb5036b7,19,19,14,4,1,9,9,0,0
POI-ID-1e6c58fd,2,2,2,0,0,2,2,0,0
POI-ID-3989f606,93,93,78,10,5,78,78,0,0
POI-ID-fc2f48d2,5,5,5,0,0,5,5,0,0
POI-ID-2ab61cca,4,4,3,0,1,4,4,0,0
POI-ID-9884423a,17,17,16,1,0,16,16,0,0
POI-ID-54ab348c,2,2,2,0,0,2,2,0,0
POI-ID-8d0fb4d6,6,6,6,0,0,6,6,0,0
POI-ID-4b491f37,1,1,1,0,0,1,1,0,0
POI-ID-ac84e842,5,5,4,0,1,5,5,0,0
POI-ID-568c5e9f,61,61,51,9,1,51,51,0,0
POI-ID-58bc0af5,47,47,40,7,0,41,41,0,0
POI-ID-051885d0,78,78,51,16,11,36,36,0,0
POI-ID-654bd84a,65,65,55,7,3,56,56,0,0
POI-ID-35073f0d,57,57,42,9,6,38,38,0,0
POI-ID-184e6ebd,8,8,8,0,0,8,8,0,0
POI-ID-5bd2dd09,5,5,5,0,0,5,5,0,0
POI-ID-ea3a7f53,24,24,23,1,0,23,23,0,0
POI-ID-ef88a56e,18,18,15,2,1,15,15,0,0
POI-ID-94e66652,29,29,22,4,3,20,20,0,0
POI-ID-f58bf360,19,19,18,1,0,18,18,0,0
POI-ID-71678ab2,9,9,7,2,0,7,7,0,0
POI-ID-0d76cde0,35,35,29,5,1,28,28,0,0
POI-ID-a995bc88,10,10,10,0,0,10,10,0,0
POI-ID-16906e90,14,14,14,0,0,14,14,0,0
POI-ID-3614b725,1,1,1,0,0,1,1,0,0
POI-ID-08270caf,22,22,18,2,2,15,15,0,0
POI-ID-3bd3e83e,18,18,15,2,1,15,15,0,0
POI-ID-ed9d5be2,17,17,15,2,0,16,16,0,0
POI-ID-44fce832,1,1,1,0,0,1,1,0,0
POI-ID-f7b4e028,4,4,4,0,0,4,4,0,0
POI-ID-0266f3c7,5,5,5,0,0,5,5,0,0
POI-ID-2b371170,26,26,22,2,2,20,20,0,0
POI-ID-f44a6704,1,1,1,0,0,1,1,0,0
POI-ID-5357e636,7,7,6,1,0,6,6,0,0
POI-ID-77362787,12,12,11,1,0,11,11,0,0
POI-ID-8f63946b,27,27,18,5,4,15,15,0,0
POI-ID-131562a7,16,16,15,1,0,16,16,0,0
POI-ID-5b4dfb10,75,75,58,13,4,57,57,0,0
POI-ID-6ccb26ea,54,54,34,10,10,25,25,0,0
POI-ID-5ba1b185,16,16,15,1,0,15,15,0,0
POI-ID-2b136d78,25,25,22,3,0,22,22,0,0
POI-ID-f736446c,6,6,5,1,0,5,5,0,0
POI-ID-72c5ee32,2,2,2,0,0,2,2,0,0
POI-ID-f342f692,13,13,10,2,1,10,10,0,0
POI-ID-ab14868f,1,1,1,0,0,1,1,0,0
POI-ID-2ba33422,57,57,44,10,3,44,44,0,0
POI-ID-6dee5b0e,16,16,16,0,0,16,16,0,0
POI-ID-d0c17453,3,3,2,1,0,3,3,0,0
POI-ID-24c18079,4,4,4,0,0,4,4,0,0
POI-ID-784e1897,9,9,6,3,0,6,6,0,0
POI-ID-4d9c4bf6,10,10,10,0,0,10,10,0,0
POI-ID-91834a89,13,13,12,1,0,12,12,0,0
POI-ID-fa340141,49,49,40,7,2,38,38,0,0
POI-ID-a2fdc126,21,21,17,2,2,14,14,0,0
POI-ID-a611c046,12,12,11,1,0,11,11,0,0
POI-ID-802274cb,9,9,9,0,0,9,9,0,0
POI-ID-f9e49a38,6,6,4,1,1,3,3,0,0
POI-ID-4d4978c9,47,47,41,5,1,41,41,0,0
POI-ID-28d88a1a,7,7,7,0,0,7,7,0,0
POI-ID-02aa0bee,12,12,10,2,0,10,10,0,0
POI-ID-83074968,1,1,1,0,0,1,1,0,0
POI-ID-9d227b10,8,8,6,2,0,7,7,0,0
POI-ID-e0db93ed,7,7,5,1,1,4,4,0,0
POI-ID-e3f878e3,5,5,4,1,0,4,4,0,0
POI-ID-80190355,13,13,7,3,3,2,2,0,0
POI-ID-e4cd9bb3,2,2,2,0,0,2,2,0,0
POI-ID-eb79f0ee,3,3,1,1,1,1,1,0,0
POI-ID-85692f5f,12,12,12,0,0,12,12,0,0
POI-ID-a8d033b6,1,1,1,0,0,1,1,0,0
POI-ID-beb8fe60,1,1,1,0,0,1,1,0,0
POI-ID-3037a2c4,2,2,2,0,0,2,2,0,0
POI-ID-da361fa1,24,24,14,6,4,12,12,0,0
POI-ID-13bcb168,6,6,4,1,1,3,3,0,0
POI-ID-1f2b2dce,265,265,198,50,17,189,189,0,0
POI-ID-c357ef14,19,19,15,3,1,15,15,0,0
POI-ID-dbce84a2,7,7,6,0,1,6,6,0,0
POI-ID-e680f82d,9,9,8,1,0,8,8,0,0
POI-ID-b5a19c0e,15,15,9,4,2,1,1,0,0
POI-ID-896458c3,14,14,7,4,3,5,5,0,0
POI-ID-5c29b3af,1,1,1,0,0,1,1,0,0
POI-ID-97f11ba1,1,1,1,0,0,1,1,0,0
POI-ID-e11014e9,3,3,3,0,0,3,3,0,0
POI-ID-75772820,5,5,3,1,1,2,2,0,0
POI-ID-34b86808,53,53,41,8,4,37,37,0,0
POI-ID-b4de4ba8,11,11,9,2,0,9,9,0,0
POI-ID-223cfe19,66,66,40,19,7,8,8,0,0
POI-ID-74e78594,2,2,1,1,0,1,1,0,0
POI-ID-99ced500,64,64,42,14,8,34,34,0,0
POI-ID-35417432,15,15,9,4,2,4,4,0,0
POI-ID-c5b4d6fc,2,2,2,0,0,2,2,0,0
POI-ID-97b4f565,15,15,9,4,2,2,2,0,0
POI-ID-1a027d7b,67,67,53,9,5,47,47,0,0
POI-ID-63769ff0,48,48,30,11,7,19,19,0,0
POI-ID-ac4d8e53,25,25,22,3,0,22,22,0,0
POI-ID-a06c837d,9,9,9,0,0,9,9,0,0
POI-ID-c662ff02,5,5,3,1,1,1,1,0,0
POI-ID-758fb4bf,3,3,2,1,0,2,2,0,0
POI-ID-9928e0b0,85,85,58,20,7,55,55,0,0
POI-ID-83ffd1ab,23,23,19,3,1,20,20,0,0
POI-ID-d2b6e006,24,24,19,3,2,19,19,0,0
POI-ID-e3d76de3,6,6,5,1,0,5,5,0,0
POI-ID-08bb8447,11,11,8,2,1,8,8,0,0
POI-ID-6ed3448b,104,104,77,18,9,66,66,0,0
POI-ID-b78d0480,116,116,74,23,19,45,45,0,0
POI-ID-400402e7,2,2,2,0,0,2,2,0,0
POI-ID-f546aec8,7,7,6,0,1,6,6,0,0
POI-ID-74051894,3,3,2,1,0,2,2,0,0
POI-ID-15ff8d56,73,73,53,14,6,53,53,0,0
POI-ID-e0651c1a,8,8,5,2,1,5,5,0,0
POI-ID-74275eec,89,89,66,17,6,62,62,0,0
POI-ID-2f91cddf,5,5,3,2,0,3,3,0,0
POI-ID-c220a686,1,1,1,0,0,1,1,0,0
POI-ID-a4da5498,2,2,1,1,0,1,1,0,0
POI-ID-becc78d0,2,2,2,0,0,2,2,0,0
POI-ID-fb7dd982,12,12,7,3,2,2,2,0,0
POI-ID-32cedcad,2,2,2,0,0,2,2,0,0
POI-ID-81dc5fff,82,82,69,11,2,69,69,0,0
POI-ID-09464237,1,1,1,0,0,1,1,0,0
POI-ID-ddca5f8d,3,3,3,0,0,3,3,0,0
POI-ID-6ceb990c,42,42,33,7,2,34,34,0,0
POI-ID-a9ac63b3,12,12,10,2,0,10,10,0,0
POI-ID-a8c7d7ea,68,68,55,9,4,55,55,0,0
POI-ID-289ece90,6,6,4,2,0,4,4,0,0
POI-ID-45551731,3,3,2,1,0,2,2,0,0
POI-ID-6bbd320d,1,1,1,0,0,1,1,0,0
POI-ID-dc164c4e,1,1,1,0,0,1,1,0,0
POI-ID-cf96dff9,6,6,6,0,0,6,6,0,0
POI-ID-d44c63c8,2,2,1,1,0,1,1,0,0
POI-ID-ef78df63,11,11,9,1,1,8,8,0,0
POI-ID-d12083db,13,13,13,0,0,13,13,0,0
POI-ID-aec1be19,1,1,1,0,0,1,1,0,0
POI-ID-6d2f8889,1,1,1,0,0,1,1,0,0
POI-ID-644bd4db,2,2,2,0,0,2,2,0,0
POI-ID-621a389e,1,1,1,0,0,1,1,0,0
POI-ID-022f3a02,2,2,2,0,0,2,2,0,0
POI-ID-277d74d1,35,35,31,3,1,32,32,0,0
POI-ID-22af86f5,10,10,8,1,1,7,7,0,0
POI-ID-0845b111,7,7,4,2,1,1,1,0,0
POI-ID-dfdfa6f7,10,10,6,3,1,1,1,0,0
POI-ID-d1f0a648,6,6,4,1,1,2,2,0,0
POI-ID-a428187b,4,4,2,1,1,2,2,0,0
POI-ID-b87555fb,7,7,7,0,0,7,7,0,0
POI-ID-224af024,1,1,1,0,0,1,1,0,0
POI-ID-49b22f02,6,6,3,2,1,3,3,0,0
POI-ID-f8451e71,33,33,19,9,5,1,1,0,0
POI-ID-dd68e7bc,22,22,13,6,3,1,1,0,0
POI-ID-0d4d6e18,33,33,21,7,5,12,12,0,0
POI-ID-cf994cf2,89,89,62,15,12,48,48,0,0
POI-ID-3f649572,1,1,1,0,0,1,1,0,0
POI-ID-fe59f1bf,2,2,1,0,1,2,2,0,0
POI-ID-32a88962,1,1,1,0,0,1,1,0,0
POI-ID-2944b2de,2,2,2,0,0,2,2,0,0
POI-ID-9db1745f,12,12,10,2,0,10,10,0,0
POI-ID-2914d63a,6,6,4,1,1,4,4,0,0
POI-ID-a88e76ba,1,1,1,0,0,1,1,0,0
POI-ID-9867618b,7,7,7,0,0,7,7,0,0
POI-ID-2a262ea5,52,52,41,8,3,33,33,0,0
POI-ID-d79cba91,210,210,124,56,30,17,17,0,0
POI-ID-de3eeb8b,10,10,10,0,0,10,10,0,0
POI-ID-b14f1d71,185,185,107,49,29,26,26,0,0
POI-ID-8e081c76,5,5,3,1,1,2,2,0,0
POI-ID-b97b470b,62,62,37,15,10,12,12,0,0
POI-ID-348d8452,23,23,21,2,0,21,21,0,0
POI-ID-16582f9f,21,21,19,1,1,19,19,0,0
POI-ID-deb0cb3f,79,79,47,19,13,16,16,0,0
POI-ID-d25f2ee7,24,24,24,0,0,24,24,0,0
POI-ID-5cb320ac,85,85,67,15,3,65,65,0,0
POI-ID-fa75a780,15,15,8,5,2,5,5,0,0
POI-ID-beedf032,75,75,44,18,13,14,14,0,0
POI-ID-5fd6ed31,6,6,6,0,0,6,6,0,0
POI-ID-03be0ee0,43,43,37,5,1,34,34,0,0
POI-ID-091f9a83,10,10,9,1,0,9,9,0,0
POI-ID-051a2f75,5,5,3,1,1,1,1,0,0
POI-ID-48efef36,56,56,41,9,6,29,29,0,0
POI-ID-409a7069,2,1,1,0,0,2,1,-1,-1
POI-ID-01b79d7a,207,207,150,41,16,142,142,0,0
POI-ID-59f06e16,1,1,1,0,0,1,1,0,0
POI-ID-e8a5351d,37,37,36,1,0,36,36,0,0
POI-ID-52fcf231,55,55,38,12,5,38,38,0,0
POI-ID-c19e9c85,1,1,1,0,0,1,1,0,0
POI-ID-1657588b,1,1,1,0,0,1,1,0,0
POI-ID-95aa4daf,4,4,4,0,0,4,4,0,0
POI-ID-222c9ec6,39,39,27,8,4,21,21,0,0
POI-ID-47200c58,19,19,11,5,3,5,5,0,0
POI-ID-bef95202,13,13,8,3,2,8,8,0,0
POI-ID-5ce1d9ac,31,31,23,6,2,21,21,0,0
POI-ID-c583284f,4,4,2,1,1,2,2,0,0
POI-ID-25eaeb7c,4,4,3,1,0,3,3,0,0
POI-ID-360e7439,7,7,7,0,0,7,7,0,0
POI-ID-a5ea76c0,6,6,6,0,0,6,6,0,0
POI-ID-6a6bf295,7,7,6,1,0,6,6,0,0
POI-ID-ac92d7cd,32,32,26,4,2,25,25,0,0
POI-ID-4a86df23,6,6,4,1,1,3,3,0,0
POI-ID-16030d72,65,65,39,18,8,5,5,0,0
POI-ID-ed929f6d,18,18,10,5,3,1,1,0,0
POI-ID-f9cd057e,10,10,6,3,1,1,1,0,0
POI-ID-b17bdf9d,127,127,75,33,19,27,27,0,0
POI-ID-38b99700,4,4,2,1,1,1,1,0,0
POI-ID-8b8a4ee1,4,4,2,1,1,1,1,0,0
POI-ID-eddfc77f,57,57,39,12,6,21,21,0,0
POI-ID-6354985f,5,5,3,1,1,1,1,0,0
POI-ID-b7206a2c,4,4,4,0,0,4,4,0,0
POI-ID-1702d503,12,12,7,3,2,1,1,0,0
POI-ID-1bba65f5,5,5,3,1,1,1,1,0,0
POI-ID-4a4421d6,8,8,4,2,2,1,1,0,0
POI-ID-c0e57907,7,7,4,2,1,3,3,0,0
POI-ID-6d9f63e9,5,5,3,1,1,1,1,0,0
POI-ID-5878756f,9,9,5,2,2,1,1,0,0
POI-ID-953d12f5,19,19,11,5,3,2,2,0,0
POI-ID-8668f01a,6,6,3,1,2,1,1,0,0
POI-ID-3123ca79,5,5,3,1,1,1,1,0,0
POI-ID-8c6c6e30,42,42,24,11,7,8,8,0,0
POI-ID-69ac6a77,3,3,1,1,1,1,1,0,0
POI-ID-19e58700,10,10,6,3,1,1,1,0,0
POI-ID-4135777c,1,1,1,0,0,1,1,0,0
POI-ID-94b2eb06,28,27,19,5,3,15,14,-1,-1
POI-ID-2a9e9e03,6,6,3,2,1,3,3,0,0
POI-ID-0abb4d05,9,9,5,2,2,4,4,0,0
POI-ID-a09e5c38,1,1,1,0,0,1,1,0,0
POI-ID-9529dbd7,7,7,4,2,1,1,1,0,0
POI-ID-6ca85786,2,2,1,1,0,1,1,0,0
POI-ID-2fa3d11c,53,53,33,13,7,28,28,0,0
POI-ID-af92b075,80,80,52,16,12,37,37,0,0
POI-ID-bb266d32,7,7,7,0,0,7,7,0,0
POI-ID-f5ddd4f4,2,2,2,0,0,2,2,0,0
POI-ID-7d978760,2,2,2,0,0,2,2,0,0
POI-ID-62d963b5,61,61,46,11,4,40,40,0,0
POI-ID-a0d1a000,39,39,25,10,4,5,5,0,0
POI-ID-39f922d6,14,14,8,4,2,1,1,0,0
POI-ID-cce1c1ec,16,16,11,3,2,10,10,0,0
POI-ID-66930915,4,4,2,1,1,1,1,0,0
POI-ID-d54697d0,15,15,12,2,1,11,11,0,0
POI-ID-6c0bcd27,11,11,8,1,2,6,6,0,0
POI-ID-58594765,67,67,48,14,5,48,48,0,0
POI-ID-ffc41cf0,24,24,20,3,1,19,19,0,0
POI-ID-94241a66,1,1,1,0,0,1,1,0,0
POI-ID-1f6df7b3,1,1,1,0,0,1,1,0,0
POI-ID-b0c85cc9,3,3,2,1,0,2,2,0,0
POI-ID-7bbce711,14,14,11,2,1,10,10,0,0
POI-ID-26d80055,13,13,13,0,0,13,13,0,0
POI-ID-3c99fe3d,12,12,9,2,1,7,7,0,0
POI-ID-88f24986,1,1,1,0,0,1,1,0,0
POI-ID-54e0c97f,5,5,4,1,0,4,4,0,0
POI-ID-9394880d,1,1,1,0,0,1,1,0,0
POI-ID-6cb27e91,3,3,3,0,0,3,3,0,0
POI-ID-fb7ae22a,1,1,1,0,0,1,1,0,0
POI-ID-eaf4d967,3,3,1,1,1,1,1,0,0
POI-ID-e7997dce,3,3,2,1,0,2,2,0,0
POI-ID-60ef109c,32,32,18,8,6,5,5,0,0
POI-ID-0cbcdfb6,4,4,4,0,0,4,4,0,0
POI-ID-5cc3a501,1,1,1,0,0,1,1,0,0
POI-ID-481b39fb,2,2,1,1,0,1,1,0,0
POI-ID-6ccf24ab,3,3,2,1,0,2,2,0,0
POI-ID-b530dc51,22,22,19,2,1,20,20,0,0
POI-ID-4d4895a6,1,1,1,0,0,1,1,0,0
POI-ID-1cf65c2a,1,1,1,0,0,1,1,0,0
POI-ID-6c12cac7,42,42,34,5,3,33,33,0,0
POI-ID-c61f50df,33,33,28,4,1,28,28,0,0
POI-ID-3cb1bbfe,33,33,32,1,0,32,32,0,0
POI-ID-793ecac3,2,2,2,0,0,2,2,0,0
POI-ID-9ec90b0a,4,4,4,0,0,4,4,0,0
POI-ID-5d01096c,1,1,1,0,0,1,1,0,0
POI-ID-f9b547ae,96,96,77,16,3,77,77,0,0
POI-ID-9d203914,16,16,10,3,3,7,7,0,0
POI-ID-64bb8a80,1,1,1,0,0,1,1,0,0
POI-ID-9c306f0c,2,2,1,1,0,1,1,0,0
POI-ID-50a9b415,5,5,5,0,0,5,5,0,0
POI-ID-de8cbd69,1,1,1,0,0,1,1,0,0
POI-ID-b51d01dc,3,3,3,0,0,3,3,0,0
POI-ID-ec2e3d43,2,2,1,1,0,1,1,0,0
POI-ID-77c08823,5,5,3,1,1,3,3,0,0
POI-ID-f7d10b0c,2,2,2,0,0,2,2,0,0
POI-ID-04c17ebc,5,5,3,1,1,2,2,0,0
POI-ID-c65f9bef,22,22,14,5,3,15,15,0,0
POI-ID-e49ee44a,22,22,15,6,1,17,17,0,0
POI-ID-9733cd7d,1,1,1,0,0,1,1,0,0
POI-ID-015556cd,7,7,5,1,1,5,5,0,0
POI-ID-eae51d18,2,2,1,1,0,1,1,0,0
POI-ID-6efb8337,1,1,1,0,0,1,1,0,0
POI-ID-d056a192,1,1,1,0,0,1,1,0,0
POI-ID-3c9275e1,8,8,5,1,2,3,3,0,0
POI-ID-ed405462,1,1,1,0,0,1,1,0,0
POI-ID-6069a438,6,6,5,1,0,5,5,0,0
POI-ID-0f46f014,5,5,3,2,0,3,3,0,0
POI-ID-30b698b6,10,10,6,3,1,1,1,0,0
POI-ID-c9938935,17,17,10,5,2,3,3,0,0
POI-ID-e8517907,2,2,1,1,0,1,1,0,0
POI-ID-b9a4006c,19,19,16,2,1,14,14,0,0
POI-ID-1eaff5c3,5,5,3,1,1,2,2,0,0
POI-ID-74db2620,2,2,2,0,0,2,2,0,0
POI-ID-7ce43fea,27,27,24,3,0,24,24,0,0
POI-ID-daea94e4,67,67,60,5,2,60,60,0,0
POI-ID-1c7c1891,1,1,1,0,0,1,1,0,0
POI-ID-070db686,4,4,4,0,0,4,4,0,0
POI-ID-fe5f15df,13,13,12,1,0,12,12,0,0
POI-ID-48133178,13,13,13,0,0,13,13,0,0
POI-ID-05269de4,5,5,4,1,0,4,4,0,0
POI-ID-e203a2c3,2,2,2,0,0,2,2,0,0
POI-ID-0b1b2c7e,8,8,6,1,1,6,6,0,0
POI-ID-5db40372,18,18,13,3,2,7,7,0,0
POI-ID-4d2923a3,8,8,6,2,0,7,7,0,0
POI-ID-4b681b1a,1,1,1,0,0,1,1,0,0
POI-ID-7ec0a22f,8,8,8,0,0,8,8,0,0
POI-ID-07425fac,3,3,3,0,0,3,3,0,0
POI-ID-fbaa45fa,17,17,13,3,1,13,13,0,0
POI-ID-5b01f8da,79,79,53,18,8,30,30,0,0
POI-ID-93ee9877,1,1,1,0,0,1,1,0,0
POI-ID-8668891e,4,4,3,1,0,3,3,0,0
POI-ID-57b4c7f2,14,14,14,0,0,14,14,0,0
POI-ID-f0ec2dd9,4,4,4,0,0,4,4,0,0
POI-ID-cd4ed7e1,2,2,2,0,0,2,2,0,0
POI-ID-caae7854,1,1,1,0,0,1,1,0,0
POI-ID-cdfbca33,15,15,9,3,3,3,3,0,0
POI-ID-487b682c,1,1,1,0,0,1,1,0,0
POI-ID-777ae19d,1,1,1,0,0,1,1,0,0
POI-ID-74e97d1d,1,1,1,0,0,1,1,0,0
POI-ID-f6a80358,1,1,1,0,0,1,1,0,0
POI-ID-68c83c2e,2,2,2,0,0,2,2,0,0
POI-ID-fa18fd47,7,7,3,2,2,3,3,0,0
POI-ID-1aec51cb,2,2,2,0,0,2,2,0,0
POI-ID-2ed2706f,4,4,4,0,0,4,4,0,0
POI-ID-3899f4fb,38,38,29,6,3,25,25,0,0
POI-ID-51d67fbc,4,4,4,0,0,4,4,0,0
POI-ID-9c3f270a,44,44,28,11,5,20,20,0,0
POI-ID-fe7a7158,15,15,13,1,1,14,14,0,0
POI-ID-045901a6,2,2,2,0,0,2,2,0,0
POI-ID-2b5bf56e,1,1,1,0,0,1,1,0,0
POI-ID-aa3be186,13,13,7,3,3,4,4,0,0
POI-ID-552ac9b5,87,87,70,12,5,70,70,0,0
POI-ID-4642905f,3,3,3,0,0,3,3,0,0
POI-ID-9df68195,1,1,1,0,0,1,1,0,0
POI-ID-5b67b3d9,1,1,1,0,0,1,1,0,0
POI-ID-1c1897cb,1,1,1,0,0,1,1,0,0
POI-ID-267c6e37,1,1,1,0,0,1,1,0,0
POI-ID-b7251199,1,1,1,0,0,1,1,0,0
POI-ID-7aca8215,1,1,1,0,0,1,1,0,0
POI-ID-d64fc4cc,1,1,1,0,0,1,1,0,0
POI-ID-7945ff5d,1,1,1,0,0,1,1,0,0
POI-ID-8027bc2b,1,1,1,0,0,1,1,0,0
POI-ID-2abf19c0,1,1,1,0,0,1,1,0,0
POI-ID-8b4268ff,1,1,1,0,0,1,1,0,0
POI-ID-60616ba0,1,1,1,0,0,1,1,0,0
POI-ID-5dfaa128,1,1,1,0,0,1,1,0,0
POI-ID-3bc963f0,1,1,1,0,0,1,1,0,0
POI-ID-8ace697c,1,1,1,0,0,1,1,0,0
POI-ID-1d58c7b0,1,1,1,0,0,1,1,0,0
POI-ID-1bdef175,1,1,1,0,0,1,1,0,0
POI-ID-f929982c,1,1,1,0,0,1,1,0,0
POI-ID-c189e9a9,38,38,27,8,3,24,24,0,0
POI-ID-f30d2b8d,7,7,5,1,1,5,5,0,0
POI-ID-860a4f7a,1,1,1,0,0,1,1,0,0
POI-ID-67f80f66,1,1,1,0,0,1,1,0,0
POI-ID-9a311f5f,1,1,1,0,0,1,1,0,0
POI-ID-c8d1866e,1,1,1,0,0,1,1,0,0
POI-ID-0503e0be,1,1,1,0,0,1,1,0,0
POI-ID-91579c67,1,1,1,0,0,1,1,0,0
POI-ID-37fb6d5b,1,1,1,0,0,1,1,0,0
POI-ID-164829a1,1,1,1,0,0,1,1,0,0
POI-ID-39b5f043,1,1,1,0,0,1,1,0,0
POI-ID-ab3fc58f,162,162,112,33,17,85,85,0,0
POI-ID-8ff21c14,7,7,7,0,0,7,7,0,0
POI-ID-425d0603,1,1,1,0,0,1,1,0,0
POI-ID-3cb23781,16,16,10,4,2,3,3,0,0
POI-ID-56fe28bd,2,2,1,1,0,1,1,0,0
POI-ID-c6bb1115,13,13,12,1,0,12,12,0,0
POI-ID-ed4302d3,2,2,1,1,0,1,1,0,0
POI-ID-b613cdc1,5,5,3,2,0,4,4,0,0
POI-ID-a2e82d99,2,2,2,0,0,2,2,0,0
POI-ID-f5d0e7c7,32,32,24,5,3,18,18,0,0
POI-ID-0491150e,2,2,2,0,0,2,2,0,0
POI-ID-3887d726,6,6,4,1,1,4,4,0,0
POI-ID-b47f6085,2,2,1,1,0,1,1,0,0
POI-ID-d4263dbf,9,9,5,3,1,2,2,0,0
POI-ID-c814fa28,27,27,22,3,2,21,21,0,0
POI-ID-4e04d399,2,2,1,1,0,1,1,0,0
POI-ID-e2b6dd1d,19,19,16,2,1,15,15,0,0
POI-ID-945c0741,20,20,18,2,0,18,18,0,0
POI-ID-2acdc71f,14,14,11,3,0,12,12,0,0
POI-ID-254c02fc,1,1,1,0,0,1,1,0,0
POI-ID-f5896f52,12,12,11,1,0,11,11,0,0
POI-ID-9b245b21,75,75,48,19,8,11,11,0,0
POI-ID-4dc37506,21,21,15,4,2,10,10,0,0
POI-ID-ac445394,32,32,26,4,2,26,26,0,0
POI-ID-aa873864,1,1,1,0,0,1,1,0,0
POI-ID-1c288132,5,5,3,1,1,3,3,0,0
POI-ID-004d631b,13,13,11,2,0,11,11,0,0
POI-ID-a9dccc88,8,8,8,0,0,8,8,0,0
POI-ID-03e8b555,6,6,6,0,0,6,6,0,0
POI-ID-7cb4907d,17,17,13,2,2,10,10,0,0
POI-ID-18625dc5,5,5,5,0,0,5,5,0,0
POI-ID-bd296406,36,36,26,6,4,27,27,0,0
POI-ID-9acf3797,1,1,1,0,0,1,1,0,0
POI-ID-5aad61b2,10,10,10,0,0,10,10,0,0
POI-ID-853e33ec,69,69,55,10,4,54,54,0,0
POI-ID-65af9d9f,12,12,10,1,1,10,10,0,0
POI-ID-f8fce35f,6,6,6,0,0,6,6,0,0
POI-ID-d7f84bbf,2,2,2,0,0,2,2,0,0
POI-ID-5bb1120e,12,12,11,1,0,11,11,0,0
POI-ID-25b547c3,1,1,1,0,0,1,1,0,0
POI-ID-32b776e5,4,4,3,1,0,3,3,0,0
POI-ID-caf9ed69,1,1,1,0,0,1,1,0,0
POI-ID-3fd09316,2,2,2,0,0,2,2,0,0
POI-ID-e05918f9,25,25,24,1,0,24,24,0,0
POI-ID-ab5e1f36,2,2,1,1,0,1,1,0,0
POI-ID-d95fac43,13,13,10,2,1,10,10,0,0
POI-ID-dbf4f946,17,17,17,0,0,17,17,0,0
POI-ID-28c646a2,17,17,17,0,0,17,17,0,0
POI-ID-0100030e,1,1,1,0,0,1,1,0,0
POI-ID-c9c291e5,4,4,3,1,0,3,3,0,0
POI-ID-dbecdb1b,1,1,1,0,0,1,1,0,0
POI-ID-8cd20e99,7,7,7,0,0,7,7,0,0
POI-ID-54a9cdfb,3,3,2,1,0,2,2,0,0
POI-ID-8e2a066e,8,8,7,1,0,7,7,0,0
POI-ID-a563c485,5,5,4,1,0,4,4,0,0
POI-ID-b7f5c6ec,13,13,9,2,2,9,9,0,0
POI-ID-e48bdc2d,49,49,34,11,4,14,14,0,0
POI-ID-76476655,1,1,1,0,0,1,1,0,0
POI-ID-331d1c68,19,19,12,4,3,6,6,0,0
POI-ID-fceedc25,1,1,1,0,0,1,1,0,0
POI-ID-40c6aa46,3,3,3,0,0,3,3,0,0
POI-ID-37a4a43e,1,1,1,0,0,1,1,0,0
POI-ID-dda4416f,24,24,19,3,2,20,20,0,0
POI-ID-4b19c24a,12,12,7,3,2,1,1,0,0
POI-ID-53656f7b,2,2,2,0,0,2,2,0,0
POI-ID-13d7241e,6,6,6,0,0,6,6,0,0
POI-ID-084e8d85,89,89,56,21,12,36,36,0,0
POI-ID-37d24d52,5,5,5,0,0,5,5,0,0
POI-ID-af9f1c7e,2,2,1,1,0,1,1,0,0
POI-ID-5f76e43f,12,12,7,3,2,4,4,0,0
POI-ID-f3978f54,1,1,1,0,0,1,1,0,0
POI-ID-636979a8,4,4,2,1,1,1,1,0,0
POI-ID-73457d77,1,1,1,0,0,1,1,0,0
POI-ID-cf89ce1e,14,14,11,2,1,8,8,0,0
POI-ID-4d3e1c3e,44,44,33,9,2,30,30,0,0
POI-ID-51255086,9,9,5,3,1,5,5,0,0
POI-ID-d85e277d,14,14,12,1,1,11,11,0,0
POI-ID-e589e68c,7,7,6,1,0,6,6,0,0
POI-ID-d9b70348,72,72,59,9,4,55,55,0,0
POI-ID-e24fe560,7,7,5,1,1,5,5,0,0
POI-ID-c16d22fa,11,11,6,3,2,5,5,0,0
POI-ID-f6fe7bd9,7,7,6,1,0,6,6,0,0
POI-ID-667f3ee6,10,10,10,0,0,10,10,0,0
POI-ID-f81fc10f,10,10,8,2,0,8,8,0,0
POI-ID-5caac285,44,44,32,9,3,28,28,0,0
POI-ID-f913d291,10,10,8,1,1,8,8,0,0
POI-ID-edeb7c43,4,4,3,1,0,3,3,0,0
POI-ID-057de05b,6,6,4,1,1,4,4,0,0
POI-ID-3970219a,1,1,1,0,0,1,1,0,0
POI-ID-0191b5ac,3,3,2,1,0,2,2,0,0
POI-ID-773c395b,3,3,3,0,0,3,3,0,0
POI-ID-132d0caf,6,6,4,2,0,4,4,0,0
POI-ID-510d8cf8,5,5,5,0,0,5,5,0,0
POI-ID-8396b518,26,26,20,5,1,20,20,0,0
POI-ID-23cfb5cc,1,1,1,0,0,1,1,0,0
POI-ID-91f95005,10,10,8,1,1,7,7,0,0
POI-ID-e816eb08,8,8,7,1,0,7,7,0,0
POI-ID-e7b9f8a5,1,1,1,0,0,1,1,0,0
POI-ID-896016b7,1,1,1,0,0,1,1,0,0
POI-ID-01f8221f,37,37,24,8,5,20,20,0,0
POI-ID-5bb65045,16,16,10,4,2,10,10,0,0
POI-ID-52d40293,69,69,48,11,10,46,46,0,0
POI-ID-0e8a482d,70,70,46,18,6,11,11,0,0
POI-ID-b29a96fb,12,12,10,1,1,9,9,0,0
POI-ID-ac77cd1d,9,9,9,0,0,9,9,0,0
POI-ID-b6380b81,25,25,19,4,2,18,18,0,0
POI-ID-287e91c1,48,48,40,5,3,38,38,0,0
POI-ID-6320d7ef,21,21,16,4,1,14,14,0,0
POI-ID-0bb3e809,19,19,16,2,1,16,16,0,0
POI-ID-e006b227,1,1,1,0,0,1,1,0,0
POI-ID-fc16450e,5,5,5,0,0,5,5,0,0
POI-ID-c339523c,4,4,4,0,0,4,4,0,0
POI-ID-755cecb1,7,7,7,0,0,7,7,0,0
POI-ID-e4dae9af,5,5,5,0,0,5,5,0,0
POI-ID-03d5ac0b,15,15,12,3,0,12,12,0,0
POI-ID-926e1936,3,3,3,0,0,3,3,0,0
POI-ID-042b303d,27,27,26,1,0,26,26,0,0
POI-ID-1c2d5e2f,35,35,30,4,1,30,30,0,0
POI-ID-66e5e433,42,42,39,2,1,40,40,0,0
POI-ID-e7934425,15,15,14,1,0,14,14,0,0
POI-ID-c4240788,2,2,2,0,0,2,2,0,0
POI-ID-10b93422,9,9,9,0,0,9,9,0,0
POI-ID-8cdaae29,5,5,4,1,0,4,4,0,0
POI-ID-f3629e09,47,47,41,4,2,37,37,0,0
POI-ID-eaef85cf,2,2,2,0,0,2,2,0,0
POI-ID-30377ea8,8,8,8,0,0,8,8,0,0
POI-ID-5450c2ba,10,10,7,2,1,6,6,0,0
POI-ID-e7ef46e2,19,19,12,4,3,8,8,0,0
POI-ID-cf1ad8da,8,8,7,1,0,7,7,0,0
POI-ID-ece432af,3,3,3,0,0,3,3,0,0
POI-ID-1745d670,44,44,33,8,3,28,28,0,0
POI-ID-c7290014,11,11,10,1,0,10,10,0,0
POI-ID-5d0de13d,2,2,2,0,0,2,2,0,0
POI-ID-9b646b45,1,1,1,0,0,1,1,0,0
POI-ID-759b39cd,3,3,3,0,0,3,3,0,0
POI-ID-db9dda54,74,74,57,11,6,55,55,0,0
POI-ID-6e0e6a20,28,28,24,3,1,24,24,0,0
POI-ID-c024b287,2,2,2,0,0,2,2,0,0
POI-ID-c34482ca,97,97,69,22,6,65,65,0,0
POI-ID-087e9022,42,42,35,5,2,36,36,0,0
POI-ID-c18cf3d0,1,1,1,0,0,1,1,0,0
POI-ID-4418e48c,6,6,5,1,0,5,5,0,0
POI-ID-f7e44878,29,29,29,0,0,29,29,0,0
POI-ID-5b798dd6,37,37,30,7,0,30,30,0,0
POI-ID-c9547990,1,1,1,0,0,1,1,0,0
POI-ID-c253c13d,7,7,7,0,0,7,7,0,0
POI-ID-11dc812e,4,4,2,2,0,2,2,0,0
POI-ID-03d74dff,19,19,11,5,3,2,2,0,0
POI-ID-bed0bc8d,11,11,10,1,0,10,10,0,0
POI-ID-da97616e,67,67,39,17,11,15,15,0,0
POI-ID-1454273b,2,2,2,0,0,2,2,0,0
POI-ID-82e7e317,19,19,14,3,2,9,9,0,0
POI-ID-2c522311,33,33,19,9,5,2,2,0,0
POI-ID-9b797053,55,55,42,11,2,40,40,0,0
POI-ID-5e703a31,2,2,2,0,0,2,2,0,0
POI-ID-329261b5,10,10,7,1,2,5,5,0,0
POI-ID-89d46c7c,32,32,23,7,2,18,18,0,0
POI-ID-83370225,35,35,34,1,0,34,34,0,0
POI-ID-a1dce447,33,33,26,4,3,25,25,0,0
POI-ID-3336592d,13,13,9,3,1,9,9,0,0
POI-ID-1f7c0d2d,45,45,29,11,5,10,10,0,0
POI-ID-a6a78554,14,14,12,1,1,11,11,0,0
POI-ID-bc0b8006,6,6,6,0,0,6,6,0,0
POI-ID-1a15b466,26,26,23,3,0,23,23,0,0
POI-ID-ec079e01,28,28,22,3,3,20,20,0,0
POI-ID-ae792052,92,92,61,17,14,45,45,0,0
POI-ID-d221a7a5,16,16,15,0,1,16,16,0,0
POI-ID-16893770,81,81,57,17,7,31,31,0,0
POI-ID-a6c5cbb1,25,25,20,4,1,15,15,0,0
POI-ID-2cfaf093,1,1,1,0,0,1,1,0,0
POI-ID-8416f56b,49,49,47,1,1,46,46,0,0
POI-ID-ef99f348,12,12,9,2,1,8,8,0,0
POI-ID-577ea16c,5,5,5,0,0,5,5,0,0
POI-ID-1553473f,7,7,6,1,0,6,6,0,0
POI-ID-a99ade6a,31,31,25,4,2,24,24,0,0
POI-ID-229b5011,60,60,46,12,2,45,45,0,0
POI-ID-42581293,6,6,6,0,0,6,6,0,0
POI-ID-3b0f7736,8,8,8,0,0,8,8,0,0
POI-ID-74353f6e,5,5,5,0,0,5,5,0,0
POI-ID-ca7bb63a,3,3,3,0,0,3,3,0,0
POI-ID-70fcea43,2,2,1,1,0,1,1,0,0
POI-ID-40dc30b6,74,74,61,10,3,61,61,0,0
POI-ID-4421f921,3,3,2,1,0,2,2,0,0
POI-ID-fff5c0bc,12,12,11,1,0,11,11,0,0
POI-ID-274f2f63,49,49,40,5,4,39,39,0,0
POI-ID-e449f870,27,27,26,1,0,26,26,0,0
POI-ID-694cfbf1,11,11,10,1,0,10,10,0,0
POI-ID-8f966457,7,7,6,1,0,6,6,0,0
POI-ID-2de30179,25,25,23,1,1,22,22,0,0
POI-ID-19004f62,16,16,15,1,0,15,15,0,0
POI-ID-4810d6a9,25,25,18,5,2,13,13,0,0
POI-ID-b64710f1,4,4,4,0,0,4,4,0,0
POI-ID-ed4717c3,184,184,133,34,17,113,113,0,0
POI-ID-8db8cb4e,12,12,12,0,0,12,12,0,0
POI-ID-7efb45b1,25,25,25,0,0,25,25,0,0
POI-ID-02b719bb,8,8,8,0,0,8,8,0,0
POI-ID-189615ee,23,23,18,4,1,17,17,0,0
POI-ID-cafa629b,1,1,1,0,0,1,1,0,0
POI-ID-c507a499,30,30,28,2,0,28,28,0,0
POI-ID-cf0279f5,1,1,1,0,0,1,1,0,0
POI-ID-e5f1a1e8,10,10,8,2,0,8,8,0,0
POI-ID-ed9d1344,46,46,35,7,4,32,32,0,0
POI-ID-967c1188,1,1,1,0,0,1,1,0,0
POI-ID-aa26a316,11,11,7,3,1,8,8,0,0
POI-ID-1dabcd85,5,5,3,1,1,2,2,0,0
POI-ID-ddf83708,35,35,31,4,0,31,31,0,0
POI-ID-4007b234,1,1,1,0,0,1,1,0,0
POI-ID-002aabea,1,1,1,0,0,1,1,0,0
POI-ID-33bcfde9,27,27,26,1,0,26,26,0,0
POI-ID-45e590e2,1,1,1,0,0,1,1,0,0
POI-ID-10745165,1,1,1,0,0,1,1,0,0
POI-ID-199bbd8f,3,3,3,0,0,3,3,0,0
POI-ID-afb99469,12,12,10,1,1,10,10,0,0
POI-ID-044bc33c,5,5,5,0,0,5,5,0,0
POI-ID-01f22d07,41,41,36,3,2,35,35,0,0
POI-ID-b4fe316b,13,13,12,1,0,12,12,0,0
POI-ID-61f90109,22,22,20,1,1,20,20,0,0
POI-ID-81ce8cd0,3,3,2,1,0,2,2,0,0
POI-ID-a7220c63,37,37,33,3,1,34,34,0,0
POI-ID-2f877dc2,7,7,6,1,0,6,6,0,0
POI-ID-0da8c5b9,6,6,5,1,0,5,5,0,0
POI-ID-61ce6847,19,19,17,2,0,17,17,0,0
POI-ID-e709a9a5,4,4,3,1,0,3,3,0,0
POI-ID-f56ac996,6,6,5,1,0,5,5,0,0
POI-ID-c7e78057,58,58,53,3,2,51,51,0,0
POI-ID-98be20bb,30,30,29,1,0,29,29,0,0
POI-ID-a21d306b,25,25,20,3,2,18,18,0,0
POI-ID-8dd7c54c,4,4,4,0,0,4,4,0,0
POI-ID-aedb7448,9,9,8,1,0,8,8,0,0
POI-ID-52d553b9,94,94,74,15,5,70,70,0,0
POI-ID-756436dc,28,28,23,3,2,22,22,0,0
POI-ID-64109515,2,2,2,0,0,2,2,0,0
POI-ID-a72022f1,1,1,1,0,0,1,1,0,0
POI-ID-01372a39,1,1,1,0,0,1,1,0,0
POI-ID-b4316b0b,19,19,19,0,0,19,19,0,0
POI-ID-cabfa4e6,100,100,83,11,6,76,76,0,0
POI-ID-f32a504b,6,6,5,1,0,5,5,0,0
POI-ID-98e32149,56,56,42,10,4,40,40,0,0
POI-ID-f0be127a,12,12,11,1,0,11,11,0,0
POI-ID-dad4b915,2,2,2,0,0,2,2,0,0
POI-ID-04143063,10,10,8,2,0,8,8,0,0
POI-ID-c5748dca,2,2,1,1,0,1,1,0,0
POI-ID-83fdca14,117,117,76,30,11,23,23,0,0
POI-ID-da6d5758,3,3,2,1,0,2,2,0,0
POI-ID-d5a2660a,4,4,4,0,0,4,4,0,0
POI-ID-b4b55ed4,16,16,11,3,2,9,9,0,0
POI-ID-7656ae16,11,11,10,1,0,11,11,0,0
POI-ID-0fb5b7b3,10,10,8,2,0,8,8,0,0
POI-ID-d8260475,1,1,1,0,0,1,1,0,0
POI-ID-80f8dd9b,5,5,5,0,0,5,5,0,0
POI-ID-929b4ac7,1,1,1,0,0,1,1,0,0
POI-ID-f4b366f6,6,6,6,0,0,6,6,0,0
POI-ID-914e7ba1,17,17,13,3,1,11,11,0,0
POI-ID-d95480fa,21,21,18,3,0,18,18,0,0
POI-ID-45a38ddc,25,25,19,4,2,16,16,0,0
POI-ID-048c0885,39,39,32,6,1,32,32,0,0
POI-ID-0e7b1b1d,11,11,10,1,0,10,10,0,0
POI-ID-c3b467c6,11,11,7,2,2,6,6,0,0
POI-ID-77ccd913,8,8,8,0,0,8,8,0,0
POI-ID-e5246792,43,43,25,12,6,1,1,0,0
POI-ID-7718b979,1,1,1,0,0,1,1,0,0
POI-ID-dc87c6d2,8,8,6,2,0,6,6,0,0
POI-ID-d3b5cc82,9,9,6,2,1,4,4,0,0
POI-ID-197b780d,21,21,13,4,4,7,7,0,0
POI-ID-c3090b9d,48,48,40,6,2,40,40,0,0
POI-ID-0665d8cd,7,7,4,1,2,2,2,0,0
POI-ID-6cf0d55c,1,1,1,0,0,1,1,0,0
POI-ID-67a2b724,2,2,2,0,0,2,2,0,0
POI-ID-f95a4cd6,1,1,1,0,0,1,1,0,0
POI-ID-46977be3,1,1,1,0,0,1,1,0,0
POI-ID-f16d8ae1,4,4,3,1,0,3,3,0,0
POI-ID-43a7f658,1,1,1,0,0,1,1,0,0
POI-ID-c952a9cd,56,56,32,13,11,13,13,0,0
POI-ID-748cdc20,10,10,8,2,0,8,8,0,0
POI-ID-1d9fbe2c,21,21,14,5,2,5,5,0,0
POI-ID-14d43eef,5,5,5,0,0,5,5,0,0
POI-ID-19ac4c65,5,5,5,0,0,5,5,0,0
POI-ID-07f70db7,5,5,2,2,1,2,2,0,0
POI-ID-a192b95d,3,3,3,0,0,3,3,0,0
POI-ID-78f7338f,1,1,1,0,0,1,1,0,0
POI-ID-2d369ee0,21,21,17,3,1,16,16,0,0
POI-ID-b0a7385e,6,6,4,1,1,2,2,0,0
POI-ID-8bbc8e6f,16,16,13,3,0,13,13,0,0
POI-ID-8587b710,41,41,30,7,4,29,29,0,0
POI-ID-0d5ee967,35,35,22,7,6,16,16,0,0
POI-ID-97b0f8ad,1,1,1,0,0,1,1,0,0
POI-ID-60806338,8,8,8,0,0,8,8,0,0
POI-ID-21a0bce5,2,2,2,0,0,2,2,0,0
POI-ID-2da12aff,56,56,50,4,2,51,51,0,0
POI-ID-b1a37a34,27,27,16,7,4,4,4,0,0
POI-ID-774dbcac,3,3,3,0,0,3,3,0,0
POI-ID-e731abba,12,12,11,1,0,11,11,0,0
POI-ID-39dcf40c,41,41,35,4,2,34,34,0,0
POI-ID-454108a5,14,14,13,1,0,13,13,0,0
POI-ID-316521a9,51,51,34,10,7,30,30,0,0
POI-ID-901bfcb7,21,21,15,4,2,16,16,0,0
POI-ID-25fa8296,4,4,4,0,0,4,4,0,0
POI-ID-ef391ecd,11,11,11,0,0,11,11,0,0
POI-ID-27c418d0,21,21,18,2,1,15,15,0,0
POI-ID-987d18f6,14,14,14,0,0,14,14,0,0
POI-ID-bb16d9bb,129,129,91,28,10,42,42,0,0
POI-ID-8c42074b,3,3,3,0,0,3,3,0,0
POI-ID-6ec6f7dd,27,27,24,3,0,24,24,0,0
POI-ID-4af94dfb,29,29,27,2,0,27,27,0,0
POI-ID-a89aa95e,2,2,2,0,0,2,2,0,0
POI-ID-38a09a06,9,9,6,2,1,6,6,0,0
POI-ID-e4be76e7,2,2,2,0,0,2,2,0,0
POI-ID-f8aa1763,2,2,2,0,0,2,2,0,0
POI-ID-ac0bd962,1,1,1,0,0,1,1,0,0
POI-ID-a386d9f4,30,30,22,5,3,13,13,0,0
POI-ID-f1e07400,8,8,8,0,0,8,8,0,0
POI-ID-d55474f9,7,7,5,1,1,5,5,0,0
POI-ID-a661ddb6,3,3,3,0,0,3,3,0,0
POI-ID-9e68ec6a,13,13,12,1,0,12,12,0,0
POI-ID-a3b38b9e,65,65,60,4,1,61,61,0,0
POI-ID-b5af2e44,10,10,10,0,0,10,10,0,0
POI-ID-02fba64f,2,2,2,0,0,2,2,0,0
POI-ID-2e6ccbdf,1,1,1,0,0,1,1,0,0
POI-ID-7a06fb81,14,14,13,1,0,13,13,0,0
POI-ID-fc75a0e8,22,22,19,2,1,20,20,0,0
POI-ID-71431ae3,91,91,63,19,9,56,56,0,0
POI-ID-ad9d419f,14,14,13,0,1,14,14,0,0
POI-ID-cd6aa05a,10,10,9,1,0,9,9,0,0
POI-ID-4d5cf414,62,60,43,13,4,45,44,-2,-1
POI-ID-6dd32b1f,46,46,38,5,3,37,37,0,0
POI-ID-506ac3f0,4,4,4,0,0,4,4,0,0
POI-ID-629288c0,16,16,12,3,1,12,12,0,0
POI-ID-c5e365c6,10,10,9,1,0,9,9,0,0
POI-ID-0b7cfdcc,1,1,1,0,0,1,1,0,0
POI-ID-95dd62f1,5,5,4,1,0,4,4,0,0
POI-ID-e27a6034,6,6,6,0,0,6,6,0,0
POI-ID-bbc901e4,10,10,10,0,0,10,10,0,0
POI-ID-609ba028,12,12,10,2,0,10,10,0,0
POI-ID-0819cfae,7,7,6,1,0,6,6,0,0
POI-ID-8016d0f7,6,6,5,1,0,5,5,0,0
POI-ID-f86dd30f,16,16,12,3,1,7,7,0,0
POI-ID-4818a08e,4,4,4,0,0,4,4,0,0
POI-ID-cd2bd73c,5,5,4,1,0,4,4,0,0
POI-ID-c57531cb,30,30,27,2,1,25,25,0,0
POI-ID-7d7642ff,1,1,1,0,0,1,1,0,0
POI-ID-9e19e3ac,113,113,73,28,12,60,60,0,0
POI-ID-635fc09b,19,19,16,3,0,16,16,0,0
POI-ID-df34228a,1,1,1,0,0,1,1,0,0
POI-ID-acdaba7a,111,111,77,24,10,34,34,0,0
POI-ID-1050a58b,17,17,17,0,0,17,17,0,0
POI-ID-477978fc,41,41,32,6,3,23,23,0,0
POI-ID-1238989c,4,4,2,2,0,3,3,0,0
POI-ID-b69b180a,1,1,1,0,0,1,1,0,0
POI-ID-fa831ffa,1,1,1,0,0,1,1,0,0
POI-ID-646428b0,51,51,35,10,6,32,32,0,0
POI-ID-9f4e1470,2,2,1,1,0,1,1,0,0
POI-ID-e6e4c4b1,1,1,1,0,0,1,1,0,0
POI-ID-0e471405,4,4,3,1,0,3,3,0,0
POI-ID-9bd0b9af,42,42,29,8,5,26,26,0,0
POI-ID-27b42d24,1,1,1,0,0,1,1,0,0
POI-ID-e2c8e1b7,85,85,73,12,0,74,74,0,0
POI-ID-07a444c5,26,26,20,4,2,18,18,0,0
POI-ID-e1c3ce17,3,3,2,1,0,2,2,0,0
POI-ID-4287aa5c,62,62,41,15,6,17,17,0,0
POI-ID-f9330883,4,4,4,0,0,4,4,0,0
POI-ID-4c37edfe,1,1,1,0,0,1,1,0,0
POI-ID-f3f73d80,1,1,1,0,0,1,1,0,0
POI-ID-13955c2a,18,18,16,2,0,16,16,0,0
POI-ID-b2f909c2,16,16,16,0,0,16,16,0,0
POI-ID-7dc420a7,2,2,2,0,0,2,2,0,0
POI-ID-1a4a1380,18,18,14,3,1,13,13,0,0
POI-ID-afa3b837,1,1,1,0,0,1,1,0,0
POI-ID-abcffbf3,7,7,7,0,0,7,7,0,0
POI-ID-40d1b5f5,4,4,3,0,1,3,3,0,0
POI-ID-50b74a37,53,53,39,11,3,24,24,0,0
POI-ID-b6601d3a,3,3,2,1,0,2,2,0,0
POI-ID-833aa66e,22,22,19,2,1,19,19,0,0
POI-ID-07734ab0,7,7,5,2,0,5,5,0,0
POI-ID-0fc2ac09,1,1,1,0,0,1,1,0,0
POI-ID-28d54af6,4,4,4,0,0,4,4,0,0
POI-ID-d140025a,9,9,7,1,1,7,7,0,0
POI-ID-4e4f2998,5,5,4,0,1,5,5,0,0
POI-ID-5ba2e7dc,14,14,13,0,1,13,13,0,0
POI-ID-0021c54e,2,2,2,0,0,2,2,0,0
POI-ID-3b9aa034,42,42,31,9,2,30,30,0,0
POI-ID-98ae4b10,5,5,2,2,1,2,2,0,0
POI-ID-55c30f21,2,2,2,0,0,2,2,0,0
POI-ID-4d327f9a,18,18,14,4,0,15,15,0,0
POI-ID-1479601c,33,33,31,2,0,31,31,0,0
POI-ID-58fb9bd5,14,14,10,4,0,10,10,0,0
POI-ID-4419d15c,1,1,1,0,0,1,1,0,0
POI-ID-70ba3ff2,1,1,1,0,0,1,1,0,0
POI-ID-45c400c2,4,4,2,1,1,1,1,0,0
POI-ID-06e316a4,3,3,2,1,0,2,2,0,0
POI-ID-c378dbe5,4,4,3,1,0,3,3,0,0
POI-ID-7eb76ed6,32,32,23,6,3,21,21,0,0
POI-ID-767a7ae4,1,1,1,0,0,1,1,0,0
POI-ID-ac3541eb,17,17,12,4,1,11,11,0,0
POI-ID-3bcfe340,1,1,1,0,0,1,1,0,0
POI-ID-4bfce5e2,1,1,1,0,0,1,1,0,0
POI-ID-67ac32f2,12,12,8,2,2,6,6,0,0
POI-ID-a5cf55c2,8,8,7,1,0,7,7,0,0
POI-ID-164017f1,5,5,3,1,1,3,3,0,0
POI-ID-0265bba3,26,26,25,1,0,25,25,0,0
POI-ID-633bcfe0,61,61,46,9,6,42,42,0,0
POI-ID-b4e586c7,58,58,45,7,6,42,42,0,0
POI-ID-7b495524,24,24,22,1,1,22,22,0,0
POI-ID-08805088,13,13,10,2,1,10,10,0,0
POI-ID-6d55a7ff,2,2,2,0,0,2,2,0,0
POI-ID-007cb72a,1,1,1,0,0,1,1,0,0
POI-ID-292a13fb,1,1,1,0,0,1,1,0,0
POI-ID-c9c7e7f6,1,1,1,0,0,1,1,0,0
POI-ID-b051b703,40,40,28,8,4,14,14,0,0
POI-ID-11067588,1,1,1,0,0,1,1,0,0
POI-ID-ee6761de,1,1,1,0,0,1,1,0,0
POI-ID-3604e5ef,21,21,17,3,1,17,17,0,0
POI-ID-6311f4be,9,9,6,2,1,6,6,0,0
POI-ID-25347d81,7,7,7,0,0,7,7,0,0
POI-ID-8b14373d,7,7,5,1,1,5,5,0,0
POI-ID-bc9ad62c,2,2,2,0,0,2,2,0,0
POI-ID-e4ccdf3a,16,16,13,3,0,13,13,0,0
POI-ID-b080d223,2,2,1,1,0,1,1,0,0
POI-ID-f8d1731c,17,17,14,2,1,14,14,0,0
POI-ID-ea2af3d9,10,10,9,1,0,9,9,0,0
POI-ID-0fe90bea,10,10,7,2,1,7,7,0,0
POI-ID-21a0f7e3,10,10,9,1,0,9,9,0,0
POI-ID-62a7fcfa,1,1,1,0,0,1,1,0,0
POI-ID-11201f65,16,16,15,1,0,15,15,0,0
POI-ID-cb5c9a26,14,14,10,3,1,10,10,0,0
POI-ID-6dde9f10,17,17,13,4,0,13,13,0,0
POI-ID-67be217a,86,85,73,8,4,73,72,-1,-1
POI-ID-548e71ee,18,18,11,4,3,5,5,0,0
POI-ID-0dbe0945,8,8,6,1,1,4,4,0,0
POI-ID-9a52bcb6,4,4,3,1,0,3,3,0,0
POI-ID-54c9f0e3,5,5,5,0,0,5,5,0,0
POI-ID-1586c013,34,34,23,8,3,17,17,0,0
POI-ID-bf70c27f,2,2,1,0,1,2,2,0,0
POI-ID-d6cf1470,17,17,14,3,0,14,14,0,0
POI-ID-a15f328a,2,2,2,0,0,2,2,0,0
POI-ID-db992560,10,10,10,0,0,10,10,0,0
POI-ID-84f6c213,5,5,5,0,0,5,5,0,0
POI-ID-af486ac4,2,2,2,0,0,2,2,0,0
POI-ID-abfc44fb,15,15,15,0,0,15,15,0,0
POI-ID-de350054,1,1,1,0,0,1,1,0,0
POI-ID-57ca148b,4,4,2,1,1,2,2,0,0
POI-ID-14a7d77c,21,21,21,0,0,21,21,0,0
POI-ID-27afc45e,2,2,2,0,0,2,2,0,0
POI-ID-116f0f8b,4,4,3,1,0,3,3,0,0
POI-ID-f388985d,16,16,15,1,0,15,15,0,0
POI-ID-65e5349e,10,10,10,0,0,10,10,0,0
POI-ID-2d92e92c,47,47,32,8,7,23,23,0,0
POI-ID-61646099,2,2,2,0,0,2,2,0,0
POI-ID-cae591d4,1,1,1,0,0,1,1,0,0
POI-ID-d318554f,3,3,2,1,0,2,2,0,0
POI-ID-8fc37011,2,2,2,0,0,2,2,0,0
POI-ID-33667ca3,3,3,3,0,0,3,3,0,0
POI-ID-5239388a,1,1,1,0,0,1,1,0,0
POI-ID-86d5ec22,26,26,26,0,0,26,26,0,0
POI-ID-ab497caf,1,1,1,0,0,1,1,0,0
POI-ID-456f8f01,14,14,12,1,1,11,11,0,0
POI-ID-eefbd523,8,8,6,2,0,6,6,0,0
POI-ID-d9f14031,4,4,4,0,0,4,4,0,0
POI-ID-d138ad08,11,11,9,2,0,9,9,0,0
POI-ID-9963e2fd,2,2,2,0,0,2,2,0,0
POI-ID-b33a959d,1,1,1,0,0,1,1,0,0
POI-ID-c379808a,1,1,1,0,0,1,1,0,0
POI-ID-d145e162,1,1,1,0,0,1,1,0,0
POI-ID-c065a87c,1,1,1,0,0,1,1,0,0
POI-ID-d96a2bf0,5,5,5,0,0,5,5,0,0
POI-ID-ad88e490,1,1,1,0,0,1,1,0,0
POI-ID-749bc5d0,1,1,1,0,0,1,1,0,0
POI-ID-2c0a0e47,1,1,1,0,0,1,1,0,0
POI-ID-93992ee8,12,12,12,0,0,12,12,0,0
POI-ID-8017bebd,35,35,28,4,3,24,24,0,0
POI-ID-0f77f429,7,7,7,0,0,7,7,0,0
POI-ID-2b530cf2,10,10,10,0,0,10,10,0,0
POI-ID-71c0c2c9,6,6,5,1,0,5,5,0,0
POI-ID-ef84e3e3,1,1,1,0,0,1,1,0,0
POI-ID-ed49015f,4,4,2,2,0,2,2,0,0
POI-ID-11d8431e,1,1,1,0,0,1,1,0,0
POI-ID-aa43985d,8,8,7,1,0,8,8,0,0
POI-ID-6e689ad9,15,15,13,2,0,13,13,0,0
POI-ID-557d1c58,3,3,2,1,0,2,2,0,0
POI-ID-d3d901a5,9,9,7,1,1,6,6,0,0
POI-ID-d03e5868,26,26,19,5,2,18,18,0,0
POI-ID-6eb80532,75,75,48,20,7,11,11,0,0
POI-ID-c0391b71,22,22,21,1,0,21,21,0,0
POI-ID-be0ae281,9,9,6,2,1,3,3,0,0
POI-ID-be07d23e,13,13,13,0,0,13,13,0,0
POI-ID-572794fc,14,14,12,1,1,10,10,0,0
POI-ID-13dd3115,82,82,70,10,2,69,69,0,0
POI-ID-b497c7b3,13,13,11,2,0,11,11,0,0
POI-ID-3f1198bf,8,8,5,2,1,2,2,0,0
POI-ID-057b1078,80,80,76,2,2,77,77,0,0
POI-ID-99a3be4b,30,30,24,6,0,24,24,0,0
POI-ID-cc3c23f3,1,1,1,0,0,1,1,0,0
POI-ID-0bce6046,30,30,25,4,1,23,23,0,0
POI-ID-f828242c,3,3,2,1,0,2,2,0,0
POI-ID-4ab0cf95,1,1,1,0,0,1,1,0,0
POI-ID-f65e6300,32,32,28,4,0,28,28,0,0
POI-ID-f28a8057,4,4,3,1,0,3,3,0,0
POI-ID-18b9d071,1,1,1,0,0,1,1,0,0
POI-ID-9c9ee729,24,24,18,4,2,13,13,0,0
POI-ID-a2436692,4,4,4,0,0,4,4,0,0
POI-ID-764600f6,12,12,11,1,0,11,11,0,0
POI-ID-f0403b7a,43,43,37,5,1,34,34,0,0
POI-ID-1354ed5e,3,3,3,0,0,3,3,0,0
POI-ID-c92c577e,15,15,13,1,1,13,13,0,0
POI-ID-a9ab036e,3,3,3,0,0,3,3,0,0
POI-ID-2eebe813,20,20,19,0,1,20,20,0,0
POI-ID-1b6d3363,31,31,24,4,3,22,22,0,0
POI-ID-684a9366,10,10,6,3,1,3,3,0,0
POI-ID-77a4d2f5,11,11,10,1,0,10,10,0,0
POI-ID-b4649850,59,59,39,13,7,15,15,0,0
POI-ID-e024431e,6,6,5,1,0,5,5,0,0
POI-ID-a3c2fcd3,13,13,13,0,0,13,13,0,0
POI-ID-489f655a,27,27,15,7,5,2,2,0,0
POI-ID-df686467,29,29,27,2,0,28,28,0,0
POI-ID-eef573d3,5,5,3,2,0,3,3,0,0
POI-ID-ba74d857,5,5,4,1,0,4,4,0,0
POI-ID-9ff5bf86,56,56,39,12,5,34,34,0,0
POI-ID-acdd139d,16,16,12,2,2,12,12,0,0
POI-ID-48df0a82,1,1,1,0,0,1,1,0,0
POI-ID-90389de7,3,3,1,1,1,1,1,0,0
POI-ID-f7a5b053,7,7,5,1,1,4,4,0,0
POI-ID-a6beda8a,3,3,3,0,0,3,3,0,0
POI-ID-8f9d21e1,13,13,7,3,3,6,6,0,0
POI-ID-6017e74a,1,1,1,0,0,1,1,0,0
POI-ID-09362f78,2,2,2,0,0,2,2,0,0
POI-ID-b4b7657d,1,1,1,0,0,1,1,0,0
POI-ID-7257e830,15,15,10,4,1,10,10,0,0
POI-ID-12ec4499,90,90,69,13,8,63,63,0,0
POI-ID-da5f36cd,5,5,3,1,1,1,1,0,0
POI-ID-1731008e,18,18,17,1,0,17,17,0,0
POI-ID-826bad0f,28,28,21,5,2,21,21,0,0
POI-ID-ffbf29df,1,1,1,0,0,1,1,0,0
POI-ID-5908a58c,10,10,10,0,0,10,10,0,0
POI-ID-25ef174e,9,9,7,2,0,7,7,0,0
POI-ID-46328a15,40,40,30,6,4,27,27,0,0
POI-ID-0be597fc,5,5,5,0,0,5,5,0,0
POI-ID-6acb0819,4,4,2,1,1,2,2,0,0
POI-ID-49c82d04,12,12,10,1,1,9,9,0,0
POI-ID-7cd5cdb2,13,13,9,2,2,7,7,0,0
POI-ID-c063a0cf,40,40,30,6,4,24,24,0,0
POI-ID-f3336f55,11,11,11,0,0,11,11,0,0
POI-ID-47147b80,20,20,17,1,2,15,15,0,0
POI-ID-71e2b2c0,31,31,24,4,3,22,22,0,0
POI-ID-868fe77e,7,7,5,1,1,5,5,0,0
POI-ID-28354815,18,18,16,2,0,16,16,0,0
POI-ID-21302534,14,14,13,1,0,13,13,0,0
POI-ID-d715adc4,3,3,2,1,0,2,2,0,0
POI-ID-561cd625,50,50,37,7,6,27,27,0,0
POI-ID-87f8dd46,4,4,3,1,0,3,3,0,0
POI-ID-d9b65f85,14,14,12,1,1,11,11,0,0
POI-ID-93b08439,9,9,7,2,0,7,7,0,0
POI-ID-a20961e8,38,38,31,5,2,31,31,0,0
POI-ID-708a0af3,9,9,6,2,1,6,6,0,0
POI-ID-bbe92b6b,15,15,15,0,0,15,15,0,0
POI-ID-3efc4e87,2,2,2,0,0,2,2,0,0
POI-ID-301cbd77,1,1,1,0,0,1,1,0,0
POI-ID-e53d96c0,23,23,21,2,0,21,21,0,0
POI-ID-c913468a,4,4,4,0,0,4,4,0,0
POI-ID-8be933a9,3,3,2,1,0,2,2,0,0
POI-ID-f5c4c398,37,37,34,3,0,34,34,0,0
POI-ID-84234294,1,1,1,0,0,1,1,0,0
POI-ID-57590349,13,13,13,0,0,13,13,0,0
POI-ID-82782389,154,154,120,25,9,88,88,0,0
POI-ID-47f97ae0,2,2,2,0,0,2,2,0,0
POI-ID-703c9d58,21,21,19,2,0,19,19,0,0
POI-ID-6fb7c3e9,15,15,13,2,0,14,14,0,0
POI-ID-b586da98,22,22,19,2,1,17,17,0,0
POI-ID-3065d508,44,44,24,11,9,12,12,0,0
POI-ID-5b001938,3,3,1,1,1,1,1,0,0
POI-ID-b180f0b3,54,54,48,5,1,49,49,0,0
POI-ID-84678ea9,13,13,12,1,0,12,12,0,0
POI-ID-2ede39a5,5,5,3,1,1,2,2,0,0
POI-ID-310d614e,60,60,38,15,7,9,9,0,0
POI-ID-556ad52f,1,1,1,0,0,1,1,0,0
POI-ID-56092da4,12,12,11,1,0,11,11,0,0
POI-ID-fc9a2411,115,115,88,20,7,83,83,0,0
POI-ID-9a082e25,163,163,132,23,8,130,130,0,0
POI-ID-8a33e7f8,21,21,19,2,0,19,19,0,0
POI-ID-5f0905b5,4,4,4,0,0,4,4,0,0
POI-ID-997ecebb,1,1,1,0,0,1,1,0,0
POI-ID-bd74f0c2,1,1,1,0,0,1,1,0,0
POI-ID-78e9f149,1,1,1,0,0,1,1,0,0
POI-ID-ccbf3c2c,3,3,3,0,0,3,3,0,0
POI-ID-9c2fc5ae,14,14,13,1,0,13,13,0,0
POI-ID-b25da584,4,4,4,0,0,4,4,0,0
POI-ID-f9067b2b,60,60,53,6,1,53,53,0,0
POI-ID-084a0761,2,2,2,0,0,2,2,0,0
POI-ID-ad02f955,6,6,6,0,0,6,6,0,0
POI-ID-67ff764e,74,74,65,7,2,66,66,0,0
POI-ID-63cc17f3,11,11,8,2,1,7,7,0,0
POI-ID-308bb33c,11,11,8,3,0,9,9,0,0
POI-ID-500081a5,19,19,16,3,0,16,16,0,0
POI-ID-bd0af4fe,2,2,2,0,0,2,2,0,0
POI-ID-09772ba8,6,6,6,0,0,6,6,0,0
POI-ID-f4dca5e2,14,14,11,2,1,11,11,0,0
POI-ID-a490c9d7,19,19,15,2,2,16,16,0,0
POI-ID-1b16302f,11,11,11,0,0,11,11,0,0
POI-ID-04d9fa84,13,13,9,3,1,9,9,0,0
POI-ID-8b5e7dfb,36,36,27,6,3,20,20,0,0
POI-ID-9042793c,39,39,30,6,3,21,21,0,0
POI-ID-35f43d41,2,2,2,0,0,2,2,0,0
POI-ID-504c1b0d,6,6,6,0,0,6,6,0,0
POI-ID-11d5e83a,1,1,1,0,0,1,1,0,0
POI-ID-eba01564,120,120,92,20,8,91,91,0,0
POI-ID-919f82ec,7,7,7,0,0,7,7,0,0
POI-ID-8e04ea50,22,22,14,5,3,4,4,0,0
POI-ID-87d7aaf9,1,1,1,0,0,1,1,0,0
POI-ID-704cf928,15,15,12,3,0,12,12,0,0
POI-ID-9b70b8b8,26,26,21,5,0,21,21,0,0
POI-ID-2cd4ebc6,7,7,7,0,0,7,7,0,0
POI-ID-09138cc7,1,1,1,0,0,1,1,0,0
POI-ID-2e5d5d2e,42,42,28,8,6,17,17,0,0
POI-ID-9952dbdb,8,8,6,1,1,6,6,0,0
POI-ID-2083d756,15,15,9,4,2,8,8,0,0
POI-ID-1443bac4,18,18,12,4,2,9,9,0,0
POI-ID-17b6a1e0,3,3,2,1,0,2,2,0,0
POI-ID-acfb2d6e,133,131,78,32,21,37,35,-2,-2
POI-ID-14b5c104,3,3,2,1,0,2,2,0,0
POI-ID-cbc31747,2,2,2,0,0,2,2,0,0
POI-ID-5614cb80,1,1,1,0,0,1,1,0,0
POI-ID-d53bfc99,42,42,31,5,6,28,28,0,0
POI-ID-780ca63f,44,44,33,7,4,28,28,0,0
POI-ID-edd7fc4a,33,33,27,4,2,25,25,0,0
POI-ID-762ec271,22,22,20,2,0,20,20,0,0
POI-ID-b9a3ec62,16,16,14,2,0,14,14,0,0
POI-ID-14ca9e52,2,2,2,0,0,2,2,0,0
POI-ID-7c3ac7d4,188,188,110,48,30,62,62,0,0
POI-ID-eb893f21,53,53,44,8,1,43,43,0,0
POI-ID-7b2e628f,1,1,1,0,0,1,1,0,0
POI-ID-2314d657,11,11,6,3,2,1,1,0,0
POI-ID-a4b4eb91,4,4,4,0,0,4,4,0,0
POI-ID-7cc008ac,6,6,5,1,0,5,5,0,0
POI-ID-0f0e9021,1,1,1,0,0,1,1,0,0
POI-ID-4aa601cb,1,1,1,0,0,1,1,0,0
POI-ID-e683c182,6,6,4,1,1,2,2,0,0
POI-ID-31306697,9,9,8,1,0,8,8,0,0
POI-ID-96042e13,7,7,5,1,1,3,3,0,0
POI-ID-ea10a0cb,1,1,1,0,0,1,1,0,0
POI-ID-11a80da9,2,2,1,1,0,1,1,0,0
POI-ID-fddf44c4,15,15,9,4,2,8,8,0,0
POI-ID-1f9232d1,9,9,5,2,2,1,1,0,0
POI-ID-edc8b2d5,1,1,1,0,0,1,1,0,0
POI-ID-8f1325f7,1,1,1,0,0,1,1,0,0
POI-ID-e08cdeeb,1,1,1,0,0,1,1,0,0
POI-ID-21bd00bd,9,9,5,2,2,1,1,0,0
POI-ID-d8b42dbf,1,1,1,0,0,1,1,0,0
POI-ID-66c5b3d3,1,1,1,0,0,1,1,0,0
POI-ID-449bbb9e,4,4,3,1,0,3,3,0,0
POI-ID-1e27bcfb,5,5,5,0,0,5,5,0,0
POI-ID-59d49529,1,1,1,0,0,1,1,0,0
POI-ID-187abb8f,2,2,1,1,0,1,1,0,0
POI-ID-695e0b42,6,6,6,0,0,6,6,0,0
POI-ID-df48b9b4,8,8,8,0,0,8,8,0,0
POI-ID-cdc3c89d,4,4,4,0,0,4,4,0,0
POI-ID-30d218c0,2,2,2,0,0,2,2,0,0
POI-ID-c3f82b82,1,1,1,0,0,1,1,0,0
POI-ID-6946a042,76,76,44,20,12,26,26,0,0
POI-ID-3a231165,1,1,1,0,0,1,1,0,0
POI-ID-2be696a3,1,1,1,0,0,1,1,0,0
POI-ID-141ed068,13,13,12,1,0,12,12,0,0
POI-ID-0f61bb2f,2,2,2,0,0,2,2,0,0
POI-ID-ea5fe677,4,4,3,1,0,3,3,0,0
POI-ID-ddd43476,6,6,6,0,0,6,6,0,0
POI-ID-62c927b5,41,41,38,3,0,38,38,0,0
POI-ID-7bd79888,10,10,8,1,1,7,7,0,0
POI-ID-9fba93e4,1,1,1,0,0,1,1,0,0
POI-ID-1720466c,1,1,1,0,0,1,1,0,0
POI-ID-c2ec34b5,5,5,5,0,0,5,5,0,0
POI-ID-5663ed91,1,1,1,0,0,1,1,0,0
POI-ID-07fd93a1,3,3,2,0,1,3,3,0,0
POI-ID-faf75770,4,4,3,1,0,3,3,0,0
POI-ID-ad5602db,1,1,1,0,0,1,1,0,0
POI-ID-68227b89,2,2,2,0,0,2,2,0,0
POI-ID-5b462f52,2,2,2,0,0,2,2,0,0
POI-ID-869187f7,2,2,2,0,0,2,2,0,0
POI-ID-3f5091dd,4,4,2,1,1,2,2,0,0
POI-ID-48667012,1,1,1,0,0,1,1,0,0
POI-ID-9bb0d615,14,14,11,2,1,12,12,0,0
POI-ID-2837d5dd,19,19,15,2,2,15,15,0,0
POI-ID-7d3f2dd3,9,9,7,2,0,7,7,0,0
POI-ID-9ab2c20a,1,1,1,0,0,1,1,0,0
POI-ID-a6e622ff,2,2,1,1,0,1,1,0,0
POI-ID-cc97f12e,8,8,8,0,0,8,8,0,0
POI-ID-0e1f35be,11,11,11,0,0,11,11,0,0
POI-ID-552c0a14,3,3,3,0,0,3,3,0,0
POI-ID-a019b6e0,25,25,24,0,1,24,24,0,0
POI-ID-07ea9799,3,3,3,0,0,3,3,0,0
POI-ID-f6f907b1,2,2,2,0,0,2,2,0,0
POI-ID-f548e1a1,1,1,1,0,0,1,1,0,0
POI-ID-34f2cae1,3,3,2,1,0,2,2,0,0
POI-ID-2d8e0ddf,1,1,1,0,0,1,1,0,0
POI-ID-ed16e417,6,6,6,0,0,6,6,0,0
POI-ID-fa0fb76f,5,5,5,0,0,5,5,0,0
POI-ID-c97a3994,2,2,2,0,0,2,2,0,0
POI-ID-0b1c76fc,2,2,2,0,0,2,2,0,0
POI-ID-b893f711,5,5,5,0,0,5,5,0,0
POI-ID-ab5ee203,6,6,5,1,0,5,5,0,0
POI-ID-1abd8190,48,48,29,12,7,6,6,0,0
POI-ID-49b5a3fa,25,25,21,4,0,21,21,0,0
POI-ID-38cdfc91,27,27,24,3,0,25,25,0,0
POI-ID-e9b4a91b,5,5,5,0,0,5,5,0,0
POI-ID-0c673756,10,10,10,0,0,10,10,0,0
POI-ID-281edd32,19,19,16,3,0,16,16,0,0
POI-ID-ecafdaa1,5,5,5,0,0,5,5,0,0
POI-ID-6e8d64e4,29,29,23,2,4,22,22,0,0
POI-ID-4cac3da9,2,2,2,0,0,2,2,0,0
POI-ID-14f9417a,1,1,1,0,0,1,1,0,0
POI-ID-e278635d,1,1,1,0,0,1,1,0,0
POI-ID-d70ad36e,29,29,21,5,3,17,17,0,0
POI-ID-61dab46b,5,5,4,1,0,5,5,0,0
POI-ID-0bc3292c,4,4,3,1,0,3,3,0,0
POI-ID-53c689c6,8,8,6,1,1,4,4,0,0
POI-ID-6c8bbedd,5,5,5,0,0,5,5,0,0
POI-ID-74fdd9cd,4,4,4,0,0,4,4,0,0
POI-ID-926eae9e,13,13,11,2,0,11,11,0,0
POI-ID-3f76a7a4,2,2,2,0,0,2,2,0,0
POI-ID-c56ee571,3,3,3,0,0,3,3,0,0
POI-ID-9c897e6c,9,9,9,0,0,9,9,0,0
POI-ID-5cef8ac6,8,8,8,0,0,8,8,0,0
POI-ID-58718451,13,13,11,1,1,10,10,0,0
POI-ID-d889f626,12,12,11,1,0,11,11,0,0
POI-ID-df0cb7b9,24,24,13,6,5,3,3,0,0
POI-ID-866c043b,4,4,3,1,0,3,3,0,0
POI-ID-2ea7e9b8,7,7,6,1,0,6,6,0,0
POI-ID-a9b55ae1,3,3,3,0,0,3,3,0,0
POI-ID-911b6a6a,7,7,7,0,0,7,7,0,0
POI-ID-6e3679e4,160,160,118,26,16,112,112,0,0
POI-ID-dfc30be1,1,1,1,0,0,1,1,0,0
POI-ID-5ea7154b,3,3,3,0,0,3,3,0,0
POI-ID-b39bbca7,2,2,2,0,0,2,2,0,0
POI-ID-7140336b,3,3,2,1,0,2,2,0,0
POI-ID-4d39159f,5,5,4,1,0,4,4,0,0
POI-ID-07ec02f5,6,6,6,0,0,6,6,0,0
POI-ID-ddfebeba,81,81,79,1,1,80,80,0,0
POI-ID-a4663d63,12,12,10,1,1,11,11,0,0
POI-ID-dfa528d9,3,3,2,1,0,2,2,0,0
POI-ID-c7de76c3,3,3,2,1,0,2,2,0,0
POI-ID-09f72ceb,1,1,1,0,0,1,1,0,0
POI-ID-d70f0f6c,16,16,10,4,2,2,2,0,0
POI-ID-ffcdde6b,6,6,5,1,0,5,5,0,0
POI-ID-c3617ecb,1,1,1,0,0,1,1,0,0
POI-ID-76b18771,4,4,2,1,1,2,2,0,0
POI-ID-c8255ed0,3,3,1,1,1,1,1,0,0
POI-ID-87e0f937,17,17,10,5,2,1,1,0,0
POI-ID-47ffd4a9,1,1,1,0,0,1,1,0,0
POI-ID-112631f0,1,1,1,0,0,1,1,0,0
POI-ID-47c5982f,3,3,1,1,1,1,1,0,0
POI-ID-3b6b99d1,2,2,1,1,0,1,1,0,0
POI-ID-7eaae118,3,3,3,0,0,3,3,0,0
POI-ID-64c6d3a9,1,1,1,0,0,1,1,0,0
POI-ID-89ebfbfe,1,1,1,0,0,1,1,0,0
POI-ID-0ecb95b1,1,1,1,0,0,1,1,0,0
POI-ID-70e1bc41,1,1,1,0,0,1,1,0,0
POI-ID-dc8c3dfd,72,72,59,9,4,57,57,0,0
POI-ID-7b3c0baa,3,3,3,0,0,3,3,0,0
POI-ID-d8e46bc4,1,1,1,0,0,1,1,0,0
POI-ID-af8f85dd,1,1,1,0,0,1,1,0,0
POI-ID-465bb87d,1,1,1,0,0,1,1,0,0
POI-ID-54d53460,4,4,4,0,0,4,4,0,0
POI-ID-8708dc6f,3,3,3,0,0,3,3,0,0
POI-ID-33f24a69,3,3,3,0,0,3,3,0,0
POI-ID-c849a811,16,16,16,0,0,16,16,0,0
POI-ID-c7380a5e,8,8,5,2,1,5,5,0,0
POI-ID-053771cd,29,29,20,7,2,19,19,0,0
POI-ID-c0764cf3,8,8,7,1,0,7,7,0,0
POI-ID-b85f0df5,4,4,4,0,0,4,4,0,0
POI-ID-0b15ea24,29,29,20,7,2,21,21,0,0
POI-ID-d495343e,16,16,13,3,0,13,13,0,0
POI-ID-57820b64,12,12,8,3,1,8,8,0,0
POI-ID-b5f6f1ce,7,7,7,0,0,7,7,0,0
POI-ID-32ec87b6,9,9,9,0,0,9,9,0,0
POI-ID-d75b8444,4,4,3,1,0,3,3,0,0
POI-ID-4eb17f5a,2,2,2,0,0,2,2,0,0
POI-ID-a49b060f,12,12,10,1,1,10,10,0,0
POI-ID-ab0aed26,9,9,6,2,1,5,5,0,0
POI-ID-42525926,10,10,10,0,0,10,10,0,0
POI-ID-e947e53a,6,6,3,2,1,3,3,0,0
POI-ID-255b1fd9,10,10,9,1,0,9,9,0,0
POI-ID-cbf874cf,4,4,4,0,0,4,4,0,0
POI-ID-06d4f69f,14,14,13,1,0,13,13,0,0
POI-ID-9a087a29,1,1,1,0,0,1,1,0,0
POI-ID-dd0e1199,13,13,12,1,0,13,13,0,0
POI-ID-df261876,10,10,9,1,0,9,9,0,0
POI-ID-3c3227c8,3,3,3,0,0,3,3,0,0
POI-ID-098385ba,21,21,19,2,0,19,19,0,0
POI-ID-80173bce,12,12,12,0,0,12,12,0,0
POI-ID-37567e19,30,30,20,6,4,12,12,0,0
POI-ID-84ad76a8,5,5,5,0,0,5,5,0,0
POI-ID-809aea33,16,16,15,1,0,15,15,0,0
POI-ID-8a3b724b,3,3,2,0,1,2,2,0,0
POI-ID-ac3ec08c,7,7,6,1,0,6,6,0,0
POI-ID-f86e5748,16,16,16,0,0,16,16,0,0
POI-ID-81883175,6,6,6,0,0,6,6,0,0
POI-ID-6920f412,2,2,2,0,0,2,2,0,0
POI-ID-954920fb,2,2,1,1,0,1,1,0,0
POI-ID-7d6fbfda,23,23,19,3,1,17,17,0,0
POI-ID-197c65d8,2,2,2,0,0,2,2,0,0
POI-ID-e8a20abb,6,6,4,1,1,4,4,0,0
POI-ID-8a39d3ce,3,3,3,0,0,3,3,0,0
POI-ID-74510f89,8,8,8,0,0,8,8,0,0
POI-ID-b8b82540,8,8,6,1,1,4,4,0,0
POI-ID-e199382a,4,4,4,0,0,4,4,0,0
POI-ID-a78baac3,4,4,3,1,0,3,3,0,0
POI-ID-8237074d,7,7,6,1,0,7,7,0,0
POI-ID-25bcbaa9,1,1,1,0,0,1,1,0,0
POI-ID-0a26aca5,3,3,3,0,0,3,3,0,0
POI-ID-2bac0955,2,2,2,0,0,2,2,0,0
POI-ID-7381997d,21,21,19,2,0,19,19,0,0
POI-ID-6dcb954b,20,20,17,3,0,17,17,0,0
POI-ID-2a083bab,14,14,13,1,0,13,13,0,0
POI-ID-e903178a,1,1,1,0,0,1,1,0,0
POI-ID-2fcc9434,3,3,3,0,0,3,3,0,0
POI-ID-9b7f2f4c,1,1,1,0,0,1,1,0,0
POI-ID-d1937dc2,6,6,4,1,1,4,4,0,0
POI-ID-f9a19372,1,1,1,0,0,1,1,0,0
POI-ID-2695f6b7,2,2,2,0,0,2,2,0,0
POI-ID-0fee779a,3,3,3,0,0,3,3,0,0
POI-ID-1c979ae4,4,4,3,1,0,3,3,0,0
POI-ID-b6693a35,36,36,20,9,7,11,11,0,0
POI-ID-66cb9a46,36,36,33,3,0,33,33,0,0
POI-ID-047957a1,47,47,33,9,5,21,21,0,0
POI-ID-9e694ab7,2,2,2,0,0,2,2,0,0
POI-ID-c131668d,6,6,6,0,0,6,6,0,0
POI-ID-6fc5a6ff,1,1,1,0,0,1,1,0,0
POI-ID-7d142719,5,5,5,0,0,5,5,0,0
POI-ID-913b3cf9,50,50,43,7,0,43,43,0,0
POI-ID-fc4f69d0,33,33,27,6,0,28,28,0,0
POI-ID-462139a7,4,4,4,0,0,4,4,0,0
POI-ID-3f1035fc,2,2,1,1,0,1,1,0,0
POI-ID-34cfdc8b,28,28,16,8,4,3,3,0,0
POI-ID-c7047a74,23,23,14,6,3,2,2,0,0
POI-ID-79adcf8e,24,24,18,4,2,17,17,0,0
POI-ID-d1aee841,16,16,9,5,2,9,9,0,0
POI-ID-deaf62cc,17,17,13,3,1,13,13,0,0
POI-ID-eb4c3abe,20,20,12,6,2,1,1,0,0
POI-ID-edfc5ab3,14,14,11,2,1,11,11,0,0
POI-ID-ead0442f,3,3,2,1,0,2,2,0,0
POI-ID-06855806,11,11,8,2,1,6,6,0,0
POI-ID-17aae670,11,11,10,1,0,10,10,0,0
POI-ID-dfabb14f,45,45,37,5,3,38,38,0,0
POI-ID-78f481f5,11,11,9,2,0,9,9,0,0
POI-ID-a6deb4a0,6,6,4,2,0,5,5,0,0
POI-ID-39209e5d,8,8,8,0,0,8,8,0,0
POI-ID-b2cb3f11,3,3,3,0,0,3,3,0,0
POI-ID-1aca133f,11,11,10,1,0,10,10,0,0
POI-ID-4022b999,13,13,10,2,1,10,10,0,0
POI-ID-b0cc387f,3,3,3,0,0,3,3,0,0
POI-ID-8185b4df,20,20,18,1,1,19,19,0,0
POI-ID-a287bf31,1,1,1,0,0,1,1,0,0
POI-ID-9e70fd44,1,1,1,0,0,1,1,0,0
POI-ID-12e36da9,20,20,14,4,2,12,12,0,0
POI-ID-f73b3861,17,17,16,1,0,17,17,0,0
POI-ID-6a40870f,3,3,2,1,0,2,2,0,0
POI-ID-29a431cc,13,13,11,1,1,10,10,0,0
POI-ID-f8b50655,16,16,16,0,0,16,16,0,0
POI-ID-28148396,5,5,5,0,0,5,5,0,0
POI-ID-420df0ad,1,1,1,0,0,1,1,0,0
POI-ID-ea3655d0,36,36,27,8,1,27,27,0,0
POI-ID-91d0273d,2,2,1,1,0,1,1,0,0
POI-ID-a980aa4a,1,1,1,0,0,1,1,0,0
POI-ID-29de40e8,7,7,7,0,0,7,7,0,0
POI-ID-da948a7e,2,2,2,0,0,2,2,0,0
POI-ID-e8397796,1,1,1,0,0,1,1,0,0
POI-ID-2ef2c951,3,3,3,0,0,3,3,0,0
POI-ID-a672a312,64,64,59,4,1,59,59,0,0
POI-ID-da5be9a7,15,15,14,1,0,15,15,0,0
POI-ID-bfc583ae,33,33,28,4,1,27,27,0,0
POI-ID-d1f6fc05,23,23,15,5,3,12,12,0,0
POI-ID-264bbcc2,2,2,2,0,0,2,2,0,0
POI-ID-0f474499,2,2,2,0,0,2,2,0,0
POI-ID-5b845f0e,105,105,80,16,9,77,77,0,0
POI-ID-40fe832e,10,10,10,0,0,10,10,0,0
POI-ID-496db407,22,22,19,2,1,20,20,0,0
POI-ID-6a09bd67,6,6,5,1,0,5,5,0,0
POI-ID-decb2e05,5,5,5,0,0,5,5,0,0
POI-ID-463d52bf,3,3,2,0,1,2,2,0,0
POI-ID-7b7d7b14,5,5,4,0,1,4,4,0,0
POI-ID-c23871cd,15,15,15,0,0,15,15,0,0
POI-ID-83381e5a,100,100,70,22,8,45,45,0,0
POI-ID-47c97151,3,3,3,0,0,3,3,0,0
POI-ID-62ea2371,18,18,17,1,0,17,17,0,0
POI-ID-16e339b4,3,3,2,0,1,3,3,0,0
POI-ID-8627cbcb,30,30,22,5,3,13,13,0,0
POI-ID-be531b77,34,34,30,3,1,31,31,0,0
POI-ID-d0af3e15,1,1,1,0,0,1,1,0,0
POI-ID-9dc1ba4a,19,19,16,3,0,17,17,0,0
POI-ID-4a91f09f,46,46,34,9,3,23,23,0,0
POI-ID-599224b6,123,123,73,28,22,61,61,0,0
POI-ID-c64b9f6d,1,1,1,0,0,1,1,0,0
POI-ID-26057868,74,74,60,10,4,60,60,0,0
POI-ID-bca54076,1,1,1,0,0,1,1,0,0
POI-ID-9f74388b,1,1,1,0,0,1,1,0,0
POI-ID-8eff3f72,44,44,36,5,3,37,37,0,0
POI-ID-a93a577b,95,95,70,19,6,56,56,0,0
POI-ID-d34b2183,16,16,12,3,1,13,13,0,0
POI-ID-6f867044,19,19,17,1,1,18,18,0,0
POI-ID-2fb934b0,9,9,7,0,2,9,9,0,0
POI-ID-7108fdf6,1,1,1,0,0,1,1,0,0
POI-ID-136f1ba2,51,51,36,9,6,31,31,0,0
POI-ID-00953496,1,1,1,0,0,1,1,0,0
POI-ID-adcb1d3e,18,18,18,0,0,18,18,0,0
POI-ID-1640bcbd,15,15,14,1,0,14,14,0,0
POI-ID-fe46d390,7,7,6,1,0,6,6,0,0
POI-ID-24960a55,1,1,1,0,0,1,1,0,0
POI-ID-c514e121,1,1,1,0,0,1,1,0,0
POI-ID-69acfe78,1,1,1,0,0,1,1,0,0
POI-ID-19a6abdc,27,27,22,5,0,22,22,0,0
POI-ID-9fda505e,7,7,4,2,1,1,1,0,0
POI-ID-8dae9d9d,1,1,1,0,0,1,1,0,0
POI-ID-42888334,15,15,11,4,0,11,11,0,0
POI-ID-37e2d96a,1,1,1,0,0,1,1,0,0
POI-ID-291d80c8,3,3,3,0,0,3,3,0,0
POI-ID-37e38859,29,29,24,4,1,24,24,0,0
POI-ID-c202523a,27,27,19,5,3,18,18,0,0
POI-ID-570a9a41,6,6,3,3,0,3,3,0,0
POI-ID-7d580414,30,30,23,6,1,22,22,0,0
POI-ID-5b10db1d,3,3,1,1,1,1,1,0,0
POI-ID-4fce2895,9,9,7,1,1,7,7,0,0
POI-ID-06bdf7c2,2,2,2,0,0,2,2,0,0
POI-ID-fa20fb81,1,1,1,0,0,1,1,0,0
POI-ID-37b20152,2,2,2,0,0,2,2,0,0
POI-ID-daf9f3ea,28,28,19,8,1,18,18,0,0
POI-ID-9eb3663e,8,8,6,1,1,5,5,0,0
POI-ID-4fa3f22a,7,7,5,1,1,3,3,0,0
POI-ID-c7f6dcd7,31,31,23,6,2,23,23,0,0
POI-ID-bf7b29c1,21,21,16,2,3,12,12,0,0
POI-ID-f9078a84,3,3,2,1,0,2,2,0,0
POI-ID-190cda14,2,2,2,0,0,2,2,0,0
POI-ID-d7201798,1,1,1,0,0,1,1,0,0
POI-ID-5b591f1f,10,10,5,3,2,5,5,0,0
POI-ID-b29d7343,17,17,13,2,2,12,12,0,0
POI-ID-8e019b93,8,8,7,1,0,7,7,0,0
POI-ID-9e2672e1,10,10,10,0,0,10,10,0,0
POI-ID-e46cfefa,1,1,1,0,0,1,1,0,0
POI-ID-d4615797,25,25,18,4,3,10,10,0,0
POI-ID-fd96e74f,11,11,8,2,1,8,8,0,0
POI-ID-ca2906e8,1,1,1,0,0,1,1,0,0
POI-ID-263ccb20,16,16,9,4,3,7,7,0,0
POI-ID-fb5c50ae,39,39,26,9,4,10,10,0,0
POI-ID-b6b735e2,6,6,4,1,1,4,4,0,0
POI-ID-1b41fd7c,2,2,2,0,0,2,2,0,0
POI-ID-43a60f75,5,5,5,0,0,5,5,0,0
POI-ID-a66e456c,71,71,55,11,5,43,43,0,0
POI-ID-0ccbeff9,1,1,1,0,0,1,1,0,0
POI-ID-1ce7256e,53,53,45,7,1,46,46,0,0
POI-ID-f6edad0f,10,10,10,0,0,10,10,0,0
POI-ID-b0004149,39,39,32,5,2,29,29,0,0
POI-ID-f0d3191f,16,16,11,4,1,12,12,0,0
POI-ID-38615fe8,4,4,4,0,0,4,4,0,0
POI-ID-57e6f3d2,1,1,1,0,0,1,1,0,0
POI-ID-2756f8ee,4,4,2,1,1,2,2,0,0
POI-ID-f1542b28,4,4,4,0,0,4,4,0,0
POI-ID-3b3fc5f8,8,8,7,1,0,7,7,0,0
POI-ID-cd940282,6,6,6,0,0,6,6,0,0
POI-ID-88815cd0,2,2,2,0,0,2,2,0,0
POI-ID-bc181c1b,8,8,7,1,0,7,7,0,0
POI-ID-1a327344,10,10,6,2,2,2,2,0,0
POI-ID-bf36b514,20,20,12,5,3,12,12,0,0
POI-ID-917b5d12,11,11,9,1,1,7,7,0,0
POI-ID-a090466c,14,14,14,0,0,14,14,0,0
POI-ID-55253629,1,1,1,0,0,1,1,0,0
POI-ID-c7a90819,50,50,40,7,3,40,40,0,0
POI-ID-5d33e858,3,3,3,0,0,3,3,0,0
POI-ID-019fa0e1,1,1,1,0,0,1,1,0,0
POI-ID-ea85d0c1,5,5,5,0,0,5,5,0,0
POI-ID-84d19c34,16,16,16,0,0,16,16,0,0
POI-ID-2e094174,2,2,2,0,0,2,2,0,0
POI-ID-63c13ecc,8,8,5,2,1,2,2,0,0
POI-ID-3d67b80a,1,1,1,0,0,1,1,0,0
POI-ID-2ea24e50,2,2,2,0,0,2,2,0,0
POI-ID-44ca20a6,4,4,3,1,0,3,3,0,0
POI-ID-e5ba4a00,1,1,1,0,0,1,1,0,0
POI-ID-295606b2,12,12,9,3,0,9,9,0,0
POI-ID-db6fc219,3,3,3,0,0,3,3,0,0
POI-ID-f55a1cfd,6,6,6,0,0,6,6,0,0
POI-ID-4425539b,16,16,13,2,1,11,11,0,0
POI-ID-4baa65a9,1,1,1,0,0,1,1,0,0
POI-ID-43952ab0,53,53,39,11,3,35,35,0,0
POI-ID-3cd8b534,15,15,11,2,2,9,9,0,0
POI-ID-0a58bc85,2,2,2,0,0,2,2,0,0
POI-ID-494e2c94,6,6,5,1,0,5,5,0,0
POI-ID-37e327e2,8,8,5,2,1,5,5,0,0
POI-ID-b91a42d3,4,4,3,1,0,3,3,0,0
POI-ID-75e61f21,3,3,3,0,0,3,3,0,0
POI-ID-b3f24854,2,2,2,0,0,2,2,0,0
POI-ID-725b5cea,17,17,11,4,2,5,5,0,0
POI-ID-a985f683,6,6,6,0,0,6,6,0,0
POI-ID-7d063890,1,1,1,0,0,1,1,0,0
POI-ID-8387443f,1,1,1,0,0,1,1,0,0
POI-ID-73a6972d,13,13,8,3,2,5,5,0,0
POI-ID-e3cc7838,10,10,8,1,1,7,7,0,0
POI-ID-a023e116,13,13,7,3,3,5,5,0,0
POI-ID-0ca6b8b0,48,47,43,3,1,45,44,-1,-1
POI-ID-f7b4694b,80,79,53,16,10,47,46,-1,-1
POI-ID-4bc8c08a,39,39,33,5,1,34,34,0,0
POI-ID-23838c6e,28,28,19,5,4,10,10,0,0
POI-ID-691fad0e,91,91,79,10,2,79,79,0,0
POI-ID-066d6364,4,4,2,1,1,1,1,0,0
POI-ID-63ec8d8a,4,4,4,0,0,4,4,0,0
POI-ID-4e9a0bb1,10,10,10,0,0,10,10,0,0
POI-ID-902d95f7,2,2,1,1,0,1,1,0,0
POI-ID-584ab37b,1,1,1,0,0,1,1,0,0
POI-ID-29cb8ff6,1,1,1,0,0,1,1,0,0
POI-ID-0a2ffbeb,8,8,8,0,0,8,8,0,0
POI-ID-7e69c05a,6,6,4,1,1,2,2,0,0
POI-ID-2aeadf73,5,5,3,1,1,3,3,0,0
POI-ID-16ad5e05,2,2,2,0,0,2,2,0,0
POI-ID-3ede6363,19,19,18,0,1,18,18,0,0
POI-ID-4d8fdf86,11,11,9,1,1,8,8,0,0
POI-ID-4f4cd765,8,8,8,0,0,8,8,0,0
POI-ID-a0e01c5f,3,3,3,0,0,3,3,0,0
POI-ID-aef40e23,80,80,60,13,7,49,49,0,0
POI-ID-00190bcb,1,1,1,0,0,1,1,0,0
POI-ID-733dee72,83,83,64,16,3,63,63,0,0
POI-ID-41b9ce5a,19,19,12,3,4,9,9,0,0
POI-ID-63c0d705,6,6,5,1,0,5,5,0,0
POI-ID-256a6e9d,3,3,3,0,0,3,3,0,0
POI-ID-eee93462,1,1,1,0,0,1,1,0,0
POI-ID-641ee3e0,29,28,20,6,2,21,20,-1,-1
POI-ID-ac96f463,40,40,33,7,0,33,33,0,0
POI-ID-e12664a2,20,20,17,2,1,19,19,0,0
POI-ID-8fc7fb5b,9,9,8,1,0,8,8,0,0
POI-ID-6d528966,4,4,4,0,0,4,4,0,0
POI-ID-0614579f,2,2,2,0,0,2,2,0,0
POI-ID-9db2289b,5,5,5,0,0,5,5,0,0
POI-ID-a5a65a52,1,1,1,0,0,1,1,0,0
POI-ID-538974b9,5,5,5,0,0,5,5,0,0
POI-ID-0703a745,12,12,11,1,0,11,11,0,0
POI-ID-c8c4e42c,9,9,7,2,0,8,8,0,0
POI-ID-a07909bb,8,8,8,0,0,8,8,0,0
POI-ID-3df4c185,3,3,3,0,0,3,3,0,0
POI-ID-1421928a,7,7,7,0,0,7,7,0,0
POI-ID-a4578c1e,2,2,1,1,0,1,1,0,0
POI-ID-6597806c,2,2,1,1,0,1,1,0,0
POI-ID-fec4be99,9,9,8,1,0,8,8,0,0
POI-ID-c7099d0f,5,5,4,1,0,4,4,0,0
POI-ID-34fbf420,26,26,20,5,1,20,20,0,0
POI-ID-7a08122c,3,3,2,1,0,2,2,0,0
POI-ID-df223f37,1,1,1,0,0,1,1,0,0
POI-ID-00c8ee1e,30,30,19,6,5,11,11,0,0
POI-ID-6a0fc285,29,29,22,5,2,15,15,0,0
POI-ID-0284760f,2,2,2,0,0,2,2,0,0
POI-ID-7db31516,20,20,18,1,1,17,17,0,0
POI-ID-1510b657,9,9,9,0,0,9,9,0,0
POI-ID-a5765643,1,1,1,0,0,1,1,0,0
POI-ID-1318c389,26,26,24,1,1,24,24,0,0
POI-ID-44d6936b,3,3,3,0,0,3,3,0,0
POI-ID-2bd4674b,68,68,61,6,1,63,63,0,0
POI-ID-9cebe6f4,22,22,22,0,0,22,22,0,0
POI-ID-9eecdc2a,65,65,53,9,3,52,52,0,0
POI-ID-960b9647,16,16,16,0,0,16,16,0,0
POI-ID-76b47bcd,10,10,6,3,1,1,1,0,0
POI-ID-327f486d,2,2,2,0,0,2,2,0,0
POI-ID-f9d9a2b0,2,2,2,0,0,2,2,0,0
POI-ID-95d45aed,13,13,10,2,1,9,9,0,0
POI-ID-54701196,10,10,10,0,0,10,10,0,0
POI-ID-ddb63526,20,20,12,6,2,1,1,0,0
POI-ID-96968efb,7,7,5,1,1,3,3,0,0
POI-ID-abfd1c69,1,1,1,0,0,1,1,0,0
POI-ID-64543f90,16,16,11,3,2,12,12,0,0
POI-ID-c4c1207d,16,16,9,4,3,1,1,0,0
POI-ID-87aabd0a,22,22,21,1,0,21,21,0,0
POI-ID-9b69381c,2,2,2,0,0,2,2,0,0
POI-ID-54de8ccc,1,1,1,0,0,1,1,0,0
POI-ID-dbf31dcd,2,2,2,0,0,2,2,0,0
POI-ID-d70753e6,40,40,29,8,3,29,29,0,0
POI-ID-4db983fd,15,15,14,1,0,14,14,0,0
POI-ID-e56fe748,5,5,5,0,0,5,5,0,0
POI-ID-e11a25af,1,1,1,0,0,1,1,0,0
POI-ID-2079075a,3,3,3,0,0,3,3,0,0
POI-ID-ae5e4fff,6,6,3,1,2,1,1,0,0
POI-ID-7e9c5a2e,10,10,6,3,1,1,1,0,0
POI-ID-e077819d,25,25,21,4,0,21,21,0,0
POI-ID-15742d42,9,9,7,1,1,5,5,0,0
POI-ID-efb368cd,14,14,8,3,3,2,2,0,0
POI-ID-6988a8f8,14,14,8,4,2,1,1,0,0
POI-ID-67e385ad,3,3,1,1,1,1,1,0,0
POI-ID-73005769,66,66,50,10,6,44,44,0,0
POI-ID-b5f73161,27,27,19,4,4,12,12,0,0
POI-ID-1fa52552,74,74,53,14,7,36,36,0,0
POI-ID-d05fe0dc,3,3,1,1,1,1,1,0,0
POI-ID-2b75f7ad,25,25,20,2,3,21,21,0,0
POI-ID-ba2d7b9f,11,11,7,4,0,7,7,0,0
POI-ID-8729c674,11,11,6,3,2,3,3,0,0
POI-ID-b7fd1d87,8,8,8,0,0,8,8,0,0
POI-ID-cf7e2605,4,4,4,0,0,4,4,0,0
POI-ID-f2d1d355,23,23,13,6,4,6,6,0,0
POI-ID-440148d3,1,1,1,0,0,1,1,0,0
POI-ID-d9c6c6c1,20,20,17,2,1,15,15,0,0
POI-ID-a70ef5e5,3,3,3,0,0,3,3,0,0
POI-ID-1d0bd608,7,7,5,1,1,5,5,0,0
POI-ID-56d33383,1,1,1,0,0,1,1,0,0
POI-ID-deed05a2,2,2,2,0,0,2,2,0,0
POI-ID-0dba91ca,3,3,1,1,1,1,1,0,0
POI-ID-9144cd25,1,1,1,0,0,1,1,0,0
POI-ID-a1407c9b,25,25,20,3,2,20,20,0,0
POI-ID-8f8aa963,11,11,8,2,1,8,8,0,0
POI-ID-b8c7e8c7,4,4,4,0,0,4,4,0,0
POI-ID-01c82526,6,6,4,1,1,5,5,0,0
POI-ID-8988be00,13,13,9,3,1,9,9,0,0
POI-ID-3fbe605b,12,12,8,2,2,6,6,0,0
POI-ID-d0ed74c7,4,4,2,1,1,2,2,0,0
POI-ID-6ef1b700,2,2,2,0,0,2,2,0,0
POI-ID-ac146e87,10,10,9,1,0,9,9,0,0
POI-ID-b9c0b025,2,2,2,0,0,2,2,0,0
POI-ID-675f21f5,8,8,5,1,2,3,3,0,0
POI-ID-52852f6b,4,4,4,0,0,4,4,0,0
POI-ID-823275cc,1,1,1,0,0,1,1,0,0
POI-ID-d6bf78d8,28,28,28,0,0,28,28,0,0
POI-ID-ab83cbe2,9,9,7,1,1,7,7,0,0
POI-ID-762c0597,4,4,3,1,0,3,3,0,0
POI-ID-ae854f74,18,18,11,5,2,5,5,0,0
POI-ID-d495ddba,20,20,12,5,3,6,6,0,0
POI-ID-f219eff7,2,2,2,0,0,2,2,0,0
POI-ID-9a6c72c6,5,5,5,0,0,5,5,0,0
POI-ID-a91f534d,4,4,4,0,0,4,4,0,0
POI-ID-03f03581,74,74,52,15,7,26,26,0,0
POI-ID-6aba463b,1,1,1,0,0,1,1,0,0
POI-ID-f1903c32,2,2,1,1,0,1,1,0,0
POI-ID-d019c2c3,4,4,3,1,0,3,3,0,0
POI-ID-2bb4eeb3,1,1,1,0,0,1,1,0,0
POI-ID-65129962,29,29,21,5,3,14,14,0,0
POI-ID-84b7336c,27,27,26,1,0,26,26,0,0
POI-ID-d217c872,1,1,1,0,0,1,1,0,0
POI-ID-20ac704a,2,2,2,0,0,2,2,0,0
POI-ID-f5e8a7bb,4,4,4,0,0,4,4,0,0
POI-ID-5a7747f1,8,8,7,0,1,8,8,0,0
POI-ID-d1cabde5,11,11,9,1,1,9,9,0,0
POI-ID-ad1d7939,8,8,8,0,0,8,8,0,0
POI-ID-78219f97,1,1,1,0,0,1,1,0,0
POI-ID-eb32542f,1,1,1,0,0,1,1,0,0
POI-ID-2ee297f3,4,4,4,0,0,4,4,0,0
POI-ID-4ede5b3d,1,1,1,0,0,1,1,0,0
POI-ID-5074e24b,1,1,1,0,0,1,1,0,0
POI-ID-8228d1d6,5,5,5,0,0,5,5,0,0
POI-ID-4cda6a2e,5,5,4,1,0,4,4,0,0
POI-ID-5b75dbd5,1,1,1,0,0,1,1,0,0
POI-ID-97703645,2,2,2,0,0,2,2,0,0
POI-ID-007ecf2d,16,16,14,2,0,14,14,0,0
POI-ID-af0a53ae,18,18,18,0,0,18,18,0,0
POI-ID-5b5dbbf4,4,4,4,0,0,4,4,0,0
POI-ID-efe90cc5,7,7,7,0,0,7,7,0,0
POI-ID-39d26edb,16,16,9,4,3,4,4,0,0
POI-ID-a8a1afb0,9,9,6,2,1,3,3,0,0
POI-ID-8e872954,31,31,22,6,3,15,15,0,0
POI-ID-afedf645,6,6,6,0,0,6,6,0,0
POI-ID-3f961ed0,4,4,2,1,1,1,1,0,0
POI-ID-533223bf,1,1,1,0,0,1,1,0,0
POI-ID-8173b0e2,14,14,9,3,2,5,5,0,0
POI-ID-32517b53,11,11,7,2,2,5,5,0,0
POI-ID-67b4bdec,7,7,7,0,0,7,7,0,0
POI-ID-40d62abb,12,12,11,1,0,11,11,0,0
POI-ID-8e17490a,11,11,10,1,0,10,10,0,0
POI-ID-671ed26c,2,2,1,1,0,1,1,0,0
POI-ID-6ce8a807,20,20,19,1,0,19,19,0,0
POI-ID-99334de8,45,43,34,6,3,36,35,-2,-1
POI-ID-9d066cdd,2,2,2,0,0,2,2,0,0
POI-ID-50c1614b,1,1,1,0,0,1,1,0,0
POI-ID-a89f871e,4,4,4,0,0,4,4,0,0
POI-ID-2ef5bc61,3,3,2,1,0,2,2,0,0
POI-ID-1ffdceca,13,13,11,1,1,11,11,0,0
POI-ID-b57e355a,4,4,4,0,0,4,4,0,0
POI-ID-b4054d08,6,6,5,1,0,5,5,0,0
POI-ID-9ee0342d,12,12,10,1,1,10,10,0,0
POI-ID-9105f5df,12,12,10,2,0,10,10,0,0
POI-ID-6ee41404,54,54,45,8,1,45,45,0,0
POI-ID-e0fcd262,5,5,4,1,0,5,5,0,0
POI-ID-d39f881a,3,3,3,0,0,3,3,0,0
POI-ID-5d0ccd49,10,10,9,1,0,9,9,0,0
POI-ID-61d0406f,11,11,10,0,1,10,10,0,0
POI-ID-283e09c1,1,1,1,0,0,1,1,0,0
POI-ID-6d91bb4f,3,3,3,0,0,3,3,0,0
POI-ID-71d80c63,1,1,1,0,0,1,1,0,0
POI-ID-2321d3f3,15,15,14,1,0,14,14,0,0
POI-ID-599e0572,7,7,7,0,0,7,7,0,0
POI-ID-5186ac1d,11,11,8,3,0,8,8,0,0
POI-ID-f99060b9,12,12,7,3,2,4,4,0,0
POI-ID-08b47626,2,2,2,0,0,2,2,0,0
POI-ID-a9931361,13,13,11,1,1,10,10,0,0
POI-ID-23996ad4,6,6,3,1,2,3,3,0,0
POI-ID-4072f4eb,2,2,2,0,0,2,2,0,0
POI-ID-42e46093,3,3,3,0,0,3,3,0,0
POI-ID-d6fc27e4,33,33,33,0,0,33,33,0,0
POI-ID-6415f275,19,19,15,3,1,15,15,0,0
POI-ID-08a31ad1,4,4,3,1,0,3,3,0,0
POI-ID-7c84001a,33,33,29,3,1,29,29,0,0
POI-ID-5723fbc5,2,2,2,0,0,2,2,0,0
POI-ID-440ffe25,6,6,6,0,0,6,6,0,0
POI-ID-c8b86b85,2,2,2,0,0,2,2,0,0
POI-ID-e1f146ef,12,12,10,2,0,10,10,0,0
POI-ID-c1c618ee,24,24,16,6,2,9,9,0,0
POI-ID-31f305b6,40,40,34,4,2,32,32,0,0
POI-ID-56d75b24,6,6,5,1,0,5,5,0,0
POI-ID-415ecf4c,6,6,6,0,0,6,6,0,0
POI-ID-dcc5118b,5,5,5,0,0,5,5,0,0
POI-ID-8a3faa35,40,40,35,4,1,34,34,0,0
POI-ID-c2aa06f4,17,17,12,4,1,12,12,0,0
POI-ID-b14b145c,19,19,16,2,1,13,13,0,0
POI-ID-688fa533,6,6,6,0,0,6,6,0,0
POI-ID-818455c1,15,15,13,1,1,13,13,0,0
POI-ID-1101ed35,12,12,11,1,0,11,11,0,0
POI-ID-a1b16e47,13,13,10,1,2,11,11,0,0
POI-ID-9692ff51,24,24,21,2,1,21,21,0,0
POI-ID-e9780194,2,2,1,1,0,1,1,0,0
POI-ID-4642b5ce,1,1,1,0,0,1,1,0,0
POI-ID-3a3f4d1c,8,8,8,0,0,8,8,0,0
POI-ID-562f1c98,44,44,35,7,2,35,35,0,0
POI-ID-a13d695b,27,27,18,5,4,14,14,0,0
POI-ID-91ceb643,19,19,18,1,0,18,18,0,0
POI-ID-7d37e8b9,23,23,21,2,0,21,21,0,0
POI-ID-8dbfffa6,3,3,3,0,0,3,3,0,0
POI-ID-0429562c,4,4,4,0,0,4,4,0,0
POI-ID-34da6bd5,20,20,20,0,0,20,20,0,0
POI-ID-26582f6b,30,30,27,2,1,28,28,0,0
POI-ID-17014fc7,17,17,14,2,1,14,14,0,0
POI-ID-c56540ab,7,7,6,1,0,6,6,0,0
POI-ID-b2b45089,46,46,36,7,3,36,36,0,0
POI-ID-c3c66c3a,9,9,9,0,0,9,9,0,0
POI-ID-64fe44a7,17,17,16,1,0,16,16,0,0
POI-ID-91d8859b,4,4,4,0,0,4,4,0,0
POI-ID-1359931b,16,16,15,1,0,15,15,0,0
POI-ID-ea8d9143,1,1,1,0,0,1,1,0,0
POI-ID-4188e201,12,12,9,2,1,6,6,0,0
POI-ID-9105cb5c,1,1,1,0,0,1,1,0,0
POI-ID-cf0cd423,6,6,6,0,0,6,6,0,0
POI-ID-3826edf5,1,1,1,0,0,1,1,0,0
POI-ID-ef39a325,11,11,9,1,1,9,9,0,0
POI-ID-a1b8763f,2,2,2,0,0,2,2,0,0
POI-ID-16262605,2,2,2,0,0,2,2,0,0
POI-ID-4a0d52fa,7,7,7,0,0,7,7,0,0
POI-ID-a2200a2e,4,4,4,0,0,4,4,0,0
POI-ID-92bc3a0b,17,17,16,0,1,16,16,0,0
POI-ID-aeda05f1,9,9,9,0,0,9,9,0,0
POI-ID-05114c27,1,1,1,0,0,1,1,0,0
POI-ID-4305f82d,5,5,3,1,1,3,3,0,0
POI-ID-2b81afe4,2,2,2,0,0,2,2,0,0
POI-ID-19c61b4a,13,13,9,3,1,4,4,0,0
POI-ID-f815bc4c,1,1,1,0,0,1,1,0,0
POI-ID-aef891ca,60,60,43,14,3,38,38,0,0
POI-ID-a00784d4,2,2,2,0,0,2,2,0,0
POI-ID-2a51d277,2,2,2,0,0,2,2,0,0
POI-ID-c6b9fa4b,8,8,8,0,0,8,8,0,0
POI-ID-7d79df12,38,38,28,6,4,26,26,0,0
POI-ID-2e43fa4e,1,1,1,0,0,1,1,0,0
POI-ID-2e1b848e,18,18,17,1,0,17,17,0,0
POI-ID-17c71478,3,3,3,0,0,3,3,0,0
POI-ID-80537ba7,5,5,5,0,0,5,5,0,0
POI-ID-088399b0,1,1,1,0,0,1,1,0,0
POI-ID-72864bac,7,7,5,1,1,3,3,0,0
POI-ID-86ea6691,14,14,14,0,0,14,14,0,0
POI-ID-372779d1,5,5,4,0,1,4,4,0,0
POI-ID-736752d2,2,2,2,0,0,2,2,0,0
POI-ID-910533f7,2,2,1,1,0,1,1,0,0
POI-ID-df812467,10,10,10,0,0,10,10,0,0
POI-ID-a274b718,17,17,15,2,0,15,15,0,0
POI-ID-4f7b66d9,1,1,1,0,0,1,1,0,0
POI-ID-2757bdb2,17,17,15,2,0,15,15,0,0
POI-ID-efa7c289,8,8,4,2,2,1,1,0,0
POI-ID-cb027536,1,1,1,0,0,1,1,0,0
POI-ID-990c82b9,1,1,1,0,0,1,1,0,0
POI-ID-9dfbe91e,1,1,1,0,0,1,1,0,0
POI-ID-f65a8e68,1,1,1,0,0,1,1,0,0
POI-ID-407e79b9,10,10,7,1,2,5,5,0,0
POI-ID-e0028abb,2,2,2,0,0,2,2,0,0
POI-ID-d73ec063,1,1,1,0,0,1,1,0,0
POI-ID-42c5b380,4,4,4,0,0,4,4,0,0
POI-ID-f9e5d478,1,1,1,0,0,1,1,0,0
POI-ID-b62598ad,1,1,1,0,0,1,1,0,0
POI-ID-5dc82685,13,13,11,2,0,11,11,0,0
POI-ID-f0c9e0c4,55,55,37,11,7,31,31,0,0
POI-ID-5eea8f2d,8,8,6,1,1,5,5,0,0
POI-ID-e5bad1b2,2,2,2,0,0,2,2,0,0
POI-ID-135c1322,7,7,6,1,0,6,6,0,0
POI-ID-3c3ca6bc,2,2,2,0,0,2,2,0,0
POI-ID-8c7fcf18,7,7,6,1,0,6,6,0,0
POI-ID-6168396b,1,1,1,0,0,1,1,0,0
POI-ID-3ec85013,25,25,22,3,0,22,22,0,0
POI-ID-b64fdae4,3,3,3,0,0,3,3,0,0
POI-ID-7215e8ab,11,11,11,0,0,11,11,0,0
POI-ID-db5f16ad,8,8,5,1,2,3,3,0,0
POI-ID-ade9a9cd,3,3,3,0,0,3,3,0,0
POI-ID-d5c59d87,15,15,9,5,1,10,10,0,0
POI-ID-dce9152b,3,3,3,0,0,3,3,0,0
POI-ID-1f96e84b,2,2,2,0,0,2,2,0,0
POI-ID-14df3582,7,7,7,0,0,7,7,0,0
POI-ID-b57d51c1,7,7,6,1,0,6,6,0,0
POI-ID-5cbcde5f,6,6,6,0,0,6,6,0,0
POI-ID-fcf998bd,8,8,5,1,2,3,3,0,0
POI-ID-346d473e,5,5,4,1,0,4,4,0,0
POI-ID-8e52ce47,5,5,3,2,0,3,3,0,0
POI-ID-1e09ca41,16,16,13,2,1,13,13,0,0
POI-ID-3681a126,27,27,23,3,1,22,22,0,0
POI-ID-06f85894,1,1,1,0,0,1,1,0,0
POI-ID-c3914cda,3,3,1,1,1,1,1,0,0
POI-ID-8fb02236,19,19,14,3,2,12,12,0,0
POI-ID-f7efb9ce,3,3,2,1,0,2,2,0,0
POI-ID-ddcddd16,35,35,31,3,1,30,30,0,0
POI-ID-196667ae,6,6,5,1,0,5,5,0,0
POI-ID-67abfd3c,2,2,2,0,0,2,2,0,0
POI-ID-ebb7e5c3,2,2,2,0,0,2,2,0,0
POI-ID-fc2e19ca,6,6,5,1,0,5,5,0,0
POI-ID-708b0d56,1,1,1,0,0,1,1,0,0
POI-ID-7adb38ec,26,26,21,5,0,21,21,0,0
POI-ID-3da73b98,2,2,1,1,0,1,1,0,0
POI-ID-3a91e5e9,9,9,9,0,0,9,9,0,0
POI-ID-87d0d35b,5,5,5,0,0,5,5,0,0
POI-ID-5135323e,7,7,5,1,1,5,5,0,0
POI-ID-e0166f23,9,9,6,3,0,6,6,0,0
POI-ID-8e5e8ff0,15,15,13,1,1,13,13,0,0
POI-ID-41916b42,4,4,3,1,0,3,3,0,0
POI-ID-e47e6154,1,1,1,0,0,1,1,0,0
POI-ID-78eeb887,1,1,1,0,0,1,1,0,0
POI-ID-9a213c62,3,3,3,0,0,3,3,0,0
POI-ID-66944d87,32,32,26,4,2,21,21,0,0
POI-ID-269a3ef9,1,1,1,0,0,1,1,0,0
POI-ID-7698fb78,1,1,1,0,0,1,1,0,0
POI-ID-a653168b,27,27,16,6,5,14,14,0,0
POI-ID-31350363,28,28,23,4,1,23,23,0,0
POI-ID-a2ad5c20,2,2,1,1,0,1,1,0,0
POI-ID-00733cc8,11,11,10,1,0,10,10,0,0
POI-ID-d7852aea,23,23,23,0,0,23,23,0,0
POI-ID-cc4207d7,11,11,8,2,1,8,8,0,0
POI-ID-6f4c414b,2,2,2,0,0,2,2,0,0
POI-ID-a0bd2774,2,2,2,0,0,2,2,0,0
POI-ID-daf7475d,37,37,31,4,2,31,31,0,0
POI-ID-055701f3,3,3,1,1,1,1,1,0,0
POI-ID-03733f8c,28,28,24,3,1,24,24,0,0
POI-ID-55a061cf,10,10,6,2,2,3,3,0,0
POI-ID-46659055,8,8,8,0,0,8,8,0,0
POI-ID-0697aa22,39,39,33,4,2,33,33,0,0
POI-ID-ec5fb200,11,11,10,1,0,10,10,0,0
POI-ID-74fcd5e7,1,1,1,0,0,1,1,0,0
POI-ID-26b163e9,1,1,1,0,0,1,1,0,0
POI-ID-afade695,1,1,1,0,0,1,1,0,0
POI-ID-df599166,88,88,55,18,15,29,29,0,0
POI-ID-8571795c,22,22,19,3,0,21,21,0,0
POI-ID-df962aa6,4,4,4,0,0,4,4,0,0
POI-ID-a202fb6c,15,15,15,0,0,15,15,0,0
POI-ID-7476a30d,22,22,17,3,2,17,17,0,0
POI-ID-ac5307ae,5,5,5,0,0,5,5,0,0
POI-ID-5ef40b9c,4,4,2,1,1,1,1,0,0
POI-ID-8183ebff,11,11,7,3,1,7,7,0,0
POI-ID-4737c9cc,13,13,8,3,2,8,8,0,0
POI-ID-593a906b,3,3,3,0,0,3,3,0,0
POI-ID-0807ca4f,50,49,32,8,9,30,29,-1,-1
POI-ID-394c80ee,136,136,106,23,7,105,105,0,0
POI-ID-11eecf90,20,20,17,3,0,18,18,0,0
POI-ID-9e7dc6ca,2,2,1,1,0,1,1,0,0
POI-ID-95ecbf4e,1,1,1,0,0,1,1,0,0
POI-ID-cb6a5b3c,18,18,14,3,1,14,14,0,0
POI-ID-33e0e9a8,27,27,26,1,0,27,27,0,0
POI-ID-42ab8313,11,11,10,1,0,10,10,0,0
POI-ID-62a973a7,27,27,23,3,1,21,21,0,0
POI-ID-52057e7f,21,21,15,4,2,8,8,0,0
POI-ID-c15def81,1,1,1,0,0,1,1,0,0
POI-ID-45b11c4f,9,9,6,2,1,5,5,0,0
POI-ID-b4da31ef,2,2,2,0,0,2,2,0,0
POI-ID-0a22581d,2,2,2,0,0,2,2,0,0
POI-ID-28bd3e03,2,2,2,0,0,2,2,0,0
POI-ID-e86c9d67,21,21,21,0,0,21,21,0,0
POI-ID-0818e6d9,38,38,31,6,1,28,28,0,0
POI-ID-159085e7,20,20,18,1,1,18,18,0,0
POI-ID-da6f9551,4,4,2,1,1,2,2,0,0
POI-ID-0359d4d1,19,19,16,2,1,16,16,0,0
POI-ID-aea8b22c,1,1,1,0,0,1,1,0,0
POI-ID-90501564,26,26,22,2,2,22,22,0,0
POI-ID-9392e182,13,13,7,4,2,7,7,0,0
POI-ID-e7fbad1f,57,57,43,9,5,39,39,0,0
POI-ID-f362bc5c,3,3,3,0,0,3,3,0,0
POI-ID-5123902f,1,1,1,0,0,1,1,0,0
POI-ID-ee893879,5,5,3,2,0,4,4,0,0
POI-ID-0f0d73c1,5,5,5,0,0,5,5,0,0
POI-ID-bf93a989,40,40,38,2,0,38,38,0,0
POI-ID-f28690d2,11,11,7,2,2,7,7,0,0
POI-ID-ca454c82,13,13,10,2,1,10,10,0,0
POI-ID-f42933a7,161,161,116,31,14,86,86,0,0
POI-ID-5180e370,29,29,20,5,4,18,18,0,0
POI-ID-0ecead70,52,52,43,6,3,43,43,0,0
POI-ID-ecf634b2,68,68,60,5,3,61,61,0,0
POI-ID-90e714a2,14,14,13,1,0,13,13,0,0
POI-ID-26fa9305,2,2,2,0,0,2,2,0,0
POI-ID-17f75759,2,2,2,0,0,2,2,0,0
POI-ID-aaca0d8c,17,17,16,1,0,16,16,0,0
POI-ID-027960f7,68,68,54,8,6,53,53,0,0
POI-ID-caf13b7e,10,10,6,3,1,1,1,0,0
POI-ID-3925a6b8,27,27,22,3,2,19,19,0,0
POI-ID-654d7df2,15,15,12,1,2,12,12,0,0
POI-ID-9383d8f2,3,3,3,0,0,3,3,0,0
POI-ID-7b9cd207,1,1,1,0,0,1,1,0,0
POI-ID-5565ef9b,35,35,31,4,0,32,32,0,0
POI-ID-874c0248,2,2,1,1,0,1,1,0,0
POI-ID-8f136a8f,2,2,1,1,0,1,1,0,0
POI-ID-59af8581,40,40,26,10,4,13,13,0,0
POI-ID-0effd05a,11,11,11,0,0,11,11,0,0
POI-ID-39cf9fbf,8,8,7,1,0,7,7,0,0
POI-ID-276c3b9d,6,6,5,1,0,5,5,0,0
POI-ID-3e093ab3,13,13,12,1,0,12,12,0,0
POI-ID-afee7736,7,7,5,1,1,5,5,0,0
POI-ID-abfdc686,22,22,16,4,2,15,15,0,0
POI-ID-47a99846,4,4,4,0,0,4,4,0,0
POI-ID-a48eef3b,6,6,6,0,0,6,6,0,0
POI-ID-fe77957d,10,10,9,1,0,9,9,0,0
POI-ID-c479273c,1,1,1,0,0,1,1,0,0
POI-ID-da3bdcc6,53,53,38,10,5,27,27,0,0
POI-ID-15d47f50,1,1,1,0,0,1,1,0,0
POI-ID-cae540cb,11,11,10,1,0,10,10,0,0
POI-ID-4067d736,11,11,7,2,2,7,7,0,0
POI-ID-5e50bccf,9,9,9,0,0,9,9,0,0
POI-ID-454728f7,25,25,15,7,3,4,4,0,0
POI-ID-576c2af7,14,14,13,1,0,13,13,0,0
POI-ID-5650b73c,8,8,5,1,2,3,3,0,0
POI-ID-38e583f5,21,21,13,5,3,8,8,0,0
POI-ID-f561a313,22,22,18,2,2,14,14,0,0
POI-ID-15feae48,21,21,20,1,0,20,20,0,0
POI-ID-b515fc8c,4,4,2,2,0,2,2,0,0
POI-ID-aab08558,15,15,13,1,1,13,13,0,0
POI-ID-5cb0a024,80,80,58,15,7,41,41,0,0
POI-ID-ca6562bd,10,10,7,2,1,9,9,0,0
POI-ID-831a96a3,3,3,3,0,0,3,3,0,0
POI-ID-524346ae,2,2,2,0,0,2,2,0,0
POI-ID-a8ed065a,4,4,4,0,0,4,4,0,0
POI-ID-eda22a13,1,1,1,0,0,1,1,0,0
POI-ID-534c746a,4,4,3,1,0,3,3,0,0
POI-ID-d34d287b,47,47,28,11,8,24,24,0,0
POI-ID-4064989a,6,6,6,0,0,6,6,0,0
POI-ID-c23b97de,8,8,8,0,0,8,8,0,0
POI-ID-3ed2bc84,49,49,28,11,10,21,21,0,0
POI-ID-6a81f215,31,31,29,2,0,30,30,0,0
POI-ID-771ab2dc,3,3,3,0,0,3,3,0,0
POI-ID-a23da946,1,1,1,0,0,1,1,0,0
POI-ID-0dddf68f,2,2,2,0,0,2,2,0,0
POI-ID-bbe2082f,4,4,4,0,0,4,4,0,0
POI-ID-452970a8,20,20,16,3,1,13,13,0,0
POI-ID-c3984805,3,3,2,1,0,2,2,0,0
POI-ID-e75b2b8c,6,6,6,0,0,6,6,0,0
POI-ID-2c81ae69,9,9,7,1,1,7,7,0,0
POI-ID-802eb5ad,4,4,4,0,0,4,4,0,0
POI-ID-973104d9,8,8,4,2,2,1,1,0,0
POI-ID-6be73cbe,4,4,4,0,0,4,4,0,0
POI-ID-6ae9c51a,24,24,22,1,1,23,23,0,0
POI-ID-ba575013,4,4,4,0,0,4,4,0,0
POI-ID-3d11e76a,9,9,6,2,1,3,3,0,0
POI-ID-b28b60c4,12,12,11,1,0,11,11,0,0
POI-ID-27fe3eba,10,10,9,1,0,10,10,0,0
POI-ID-6bce75e9,9,9,7,2,0,7,7,0,0
POI-ID-d82f31fc,32,31,19,9,3,18,17,-1,-1
POI-ID-891a9463,23,23,18,3,2,15,15,0,0
POI-ID-ab86d725,11,11,7,2,2,4,4,0,0
POI-ID-75e3abd3,14,14,13,1,0,13,13,0,0
POI-ID-d7673573,12,12,12,0,0,12,12,0,0
POI-ID-c5000cb1,24,24,21,3,0,21,21,0,0
POI-ID-a74195ad,18,18,18,0,0,18,18,0,0
POI-ID-00293e8d,3,3,3,0,0,3,3,0,0
POI-ID-11648506,6,6,4,2,0,4,4,0,0
POI-ID-b9e70090,1,1,1,0,0,1,1,0,0
POI-ID-b636c070,7,7,5,1,1,5,5,0,0
POI-ID-275a7bc4,5,5,3,1,1,2,2,0,0
POI-ID-2bdd197b,8,8,8,0,0,8,8,0,0
POI-ID-a6e04c55,10,10,9,1,0,9,9,0,0
POI-ID-572d3afd,3,3,2,1,0,2,2,0,0
POI-ID-1f27bc71,6,6,5,1,0,5,5,0,0
POI-ID-78713b18,2,2,2,0,0,2,2,0,0
POI-ID-d130ce5a,3,3,3,0,0,3,3,0,0
POI-ID-a86b04a3,9,9,8,1,0,8,8,0,0
POI-ID-ec65fa78,1,1,1,0,0,1,1,0,0
POI-ID-130d63b1,23,23,21,2,0,21,21,0,0
POI-ID-aa7400ec,2,2,2,0,0,2,2,0,0
POI-ID-e9eae858,14,14,11,2,1,11,11,0,0
POI-ID-4bae4723,25,25,24,1,0,24,24,0,0
POI-ID-cbba41ce,36,36,23,8,5,9,9,0,0
POI-ID-7a0284b0,12,12,11,1,0,11,11,0,0
POI-ID-8d0bf58d,14,14,12,2,0,12,12,0,0
POI-ID-944a2160,8,8,6,1,1,6,6,0,0
POI-ID-7ed53fac,7,7,5,2,0,5,5,0,0
POI-ID-6ab437ea,1,1,1,0,0,1,1,0,0
POI-ID-bf1bae60,4,4,4,0,0,4,4,0,0
POI-ID-dcf1184c,32,32,25,5,2,24,24,0,0
POI-ID-c0cde58c,47,47,37,7,3,36,36,0,0
POI-ID-92c5f992,12,12,11,1,0,11,11,0,0
POI-ID-34c30366,1,1,1,0,0,1,1,0,0
POI-ID-4ada0f9d,2,2,2,0,0,2,2,0,0
POI-ID-18dda8a7,7,7,4,2,1,4,4,0,0
POI-ID-2f8c5193,8,8,7,1,0,7,7,0,0
POI-ID-28f4d445,8,8,8,0,0,8,8,0,0
POI-ID-23bbb96c,5,5,5,0,0,5,5,0,0
POI-ID-67e95041,1,1,1,0,0,1,1,0,0
POI-ID-dda3f067,14,14,12,2,0,12,12,0,0
POI-ID-e49e0ec3,4,4,4,0,0,4,4,0,0
POI-ID-f7240968,1,1,1,0,0,1,1,0,0
POI-ID-4e795c76,21,21,16,4,1,16,16,0,0
POI-ID-05274438,3,3,1,1,1,1,1,0,0
POI-ID-f542513a,16,16,15,1,0,15,15,0,0
POI-ID-987d8587,8,8,4,3,1,4,4,0,0
POI-ID-33d6c7ad,23,23,21,2,0,21,21,0,0
POI-ID-d6a7d422,1,1,1,0,0,1,1,0,0
POI-ID-afdf0028,10,10,9,1,0,9,9,0,0
POI-ID-88c8d9e8,4,4,3,1,0,3,3,0,0
POI-ID-5128d4f0,33,33,25,5,3,23,23,0,0
POI-ID-ff46141f,12,12,9,3,0,9,9,0,0
POI-ID-e88b3c8a,49,49,41,5,3,42,42,0,0
POI-ID-330e0d36,11,11,7,2,2,4,4,0,0
POI-ID-d016d2a2,2,2,1,1,0,1,1,0,0
POI-ID-e7608066,1,1,1,0,0,1,1,0,0
POI-ID-3bf1d286,1,1,1,0,0,1,1,0,0
POI-ID-2f1df5ee,8,8,6,1,1,6,6,0,0
POI-ID-e619b64c,141,141,95,27,19,73,73,0,0
POI-ID-0402d0bb,23,23,18,4,1,16,16,0,0
POI-ID-0ac105a7,20,20,19,1,0,19,19,0,0
POI-ID-f992f30f,2,2,2,0,0,2,2,0,0
POI-ID-a54182a2,2,2,1,1,0,1,1,0,0
POI-ID-76697da2,6,6,6,0,0,6,6,0,0
POI-ID-b7120bbc,2,2,2,0,0,2,2,0,0
POI-ID-168f1aa1,77,77,45,20,12,19,19,0,0
POI-ID-07a280c9,17,17,17,0,0,17,17,0,0
POI-ID-2d7b534d,14,14,12,1,1,12,12,0,0
POI-ID-5f7d9a8a,3,3,3,0,0,3,3,0,0
POI-ID-f58e066c,1,1,1,0,0,1,1,0,0
POI-ID-6198d1df,7,7,5,1,1,5,5,0,0
POI-ID-111355bb,5,5,5,0,0,5,5,0,0
POI-ID-e2a65edd,28,28,16,7,5,6,6,0,0
POI-ID-951d5ef5,5,5,5,0,0,5,5,0,0
POI-ID-d36cbac1,23,23,21,2,0,21,21,0,0
POI-ID-c2e970ab,12,12,7,3,2,1,1,0,0
POI-ID-adde6f9d,1,1,1,0,0,1,1,0,0
POI-ID-40771e03,13,13,11,2,0,11,11,0,0
POI-ID-1812d127,28,28,21,5,2,13,13,0,0
POI-ID-b480fe5f,1,1,1,0,0,1,1,0,0
POI-ID-1f4dfc3b,2,2,2,0,0,2,2,0,0
POI-ID-4f8c961b,11,11,10,1,0,10,10,0,0
POI-ID-adf769a3,5,5,3,2,0,3,3,0,0
POI-ID-0790fa9e,12,12,11,1,0,11,11,0,0
POI-ID-cf812948,4,4,2,1,1,1,1,0,0
POI-ID-93ac4d0d,6,6,6,0,0,6,6,0,0
POI-ID-eff2e2e4,32,32,25,5,2,25,25,0,0
POI-ID-0bb11519,1,1,1,0,0,1,1,0,0
POI-ID-b18d2f26,3,3,3,0,0,3,3,0,0
POI-ID-05c60045,9,9,7,1,1,7,7,0,0
POI-ID-65aacebc,18,18,14,2,2,13,13,0,0
POI-ID-d885ff06,1,1,1,0,0,1,1,0,0
POI-ID-41382956,97,97,66,19,12,51,51,0,0
POI-ID-5021f41b,17,17,14,2,1,14,14,0,0
POI-ID-d6cfc2c8,14,14,9,3,2,8,8,0,0
POI-ID-d64bd102,17,17,13,3,1,13,13,0,0
POI-ID-a66eb8ba,40,40,27,7,6,27,27,0,0
POI-ID-bda96927,2,2,2,0,0,2,2,0,0
POI-ID-a7da7456,2,2,2,0,0,2,2,0,0
POI-ID-4e5cdcd8,1,1,1,0,0,1,1,0,0
POI-ID-c8346b85,8,8,8,0,0,8,8,0,0
POI-ID-d59992ed,10,10,9,1,0,9,9,0,0
POI-ID-ab6e46bf,23,23,15,5,3,10,10,0,0
POI-ID-04e06340,2,2,2,0,0,2,2,0,0
POI-ID-7370a494,1,1,1,0,0,1,1,0,0
POI-ID-48269fa8,13,13,13,0,0,13,13,0,0
POI-ID-764812d0,1,1,1,0,0,1,1,0,0
POI-ID-859dc3ef,8,8,8,0,0,8,8,0,0
POI-ID-51dda960,17,17,17,0,0,17,17,0,0
POI-ID-6776dff7,3,3,3,0,0,3,3,0,0
POI-ID-02df51b8,23,23,17,6,0,18,18,0,0
POI-ID-a7adb397,1,1,1,0,0,1,1,0,0
POI-ID-9e7227fb,5,5,4,1,0,4,4,0,0
POI-ID-9d0c82dc,1,1,1,0,0,1,1,0,0
POI-ID-45110d84,1,1,1,0,0,1,1,0,0
POI-ID-9f870998,8,8,7,0,1,8,8,0,0
POI-ID-6207d4b8,1,1,1,0,0,1,1,0,0
POI-ID-5038d8c6,1,1,1,0,0,1,1,0,0
POI-ID-a138f176,116,116,66,28,22,19,19,0,0
POI-ID-1dfcdd51,2,2,2,0,0,2,2,0,0
POI-ID-f8b41c7f,15,15,7,3,5,3,3,0,0
POI-ID-08a13460,1,1,1,0,0,1,1,0,0
POI-ID-1d62fd16,15,15,12,2,1,12,12,0,0
POI-ID-4984c3de,2,2,2,0,0,2,2,0,0
POI-ID-e9f1ebee,6,6,4,1,1,4,4,0,0
POI-ID-fbee437f,10,10,9,1,0,9,9,0,0
POI-ID-d8ce659b,1,1,1,0,0,1,1,0,0
POI-ID-5dd56299,3,3,3,0,0,3,3,0,0
POI-ID-a914dd7d,21,21,19,1,1,19,19,0,0
POI-ID-8cfd1f2c,4,4,2,1,1,1,1,0,0
POI-ID-1df5b0f5,56,56,33,16,7,3,3,0,0
POI-ID-d70021b9,4,4,2,1,1,1,1,0,0
POI-ID-ceac8207,13,13,11,1,1,12,12,0,0
POI-ID-0df4c31f,2,2,1,1,0,1,1,0,0
POI-ID-134f3144,5,5,5,0,0,5,5,0,0
POI-ID-65b71cd7,3,3,3,0,0,3,3,0,0
POI-ID-fe07ad2e,4,4,2,1,1,1,1,0,0
POI-ID-57903c21,33,33,22,8,3,13,13,0,0
POI-ID-ee44503b,2,2,2,0,0,2,2,0,0
POI-ID-b3262456,3,3,3,0,0,3,3,0,0
POI-ID-ec5710f5,12,12,11,1,0,11,11,0,0
POI-ID-cbf0f352,30,30,22,5,3,23,23,0,0
POI-ID-ea75bbf6,7,7,4,2,1,2,2,0,0
POI-ID-fda39b2e,12,12,12,0,0,12,12,0,0
POI-ID-b3d92a88,3,3,2,1,0,2,2,0,0
POI-ID-c30dcdea,21,21,19,2,0,19,19,0,0
POI-ID-54bbded3,2,2,2,0,0,2,2,0,0
POI-ID-5efa8041,6,6,4,2,0,5,5,0,0
POI-ID-7ff3437e,1,1,1,0,0,1,1,0,0
POI-ID-e2e4bc26,2,2,2,0,0,2,2,0,0
POI-ID-90aa29d8,3,3,3,0,0,3,3,0,0
POI-ID-ac8c6bdb,4,4,4,0,0,4,4,0,0
POI-ID-97b7211c,7,7,5,1,1,5,5,0,0
POI-ID-0288e848,5,5,2,2,1,2,2,0,0
POI-ID-8dac5a85,12,12,8,2,2,6,6,0,0
POI-ID-71fa18fa,10,10,10,0,0,10,10,0,0
POI-ID-a855253e,4,4,4,0,0,4,4,0,0
POI-ID-753eeaa7,26,26,21,5,0,21,21,0,0
POI-ID-5b3ac778,13,13,11,1,1,10,10,0,0
POI-ID-96c6b02b,10,10,10,0,0,10,10,0,0
POI-ID-c493c01a,6,6,5,1,0,5,5,0,0
POI-ID-29982a7d,7,7,6,1,0,6,6,0,0
POI-ID-343f68f2,1,1,1,0,0,1,1,0,0
POI-ID-1b5b324a,7,7,7,0,0,7,7,0,0
POI-ID-05081050,15,15,14,1,0,14,14,0,0
POI-ID-1f77df05,9,9,8,1,0,8,8,0,0
POI-ID-c54bf626,11,11,9,1,1,9,9,0,0
POI-ID-1930d9a5,1,1,1,0,0,1,1,0,0
POI-ID-49876d50,25,25,19,4,2,14,14,0,0
POI-ID-2038a64d,2,2,2,0,0,2,2,0,0
POI-ID-6de091bb,8,8,8,0,0,8,8,0,0
POI-ID-74ed0ad8,3,3,3,0,0,3,3,0,0
POI-ID-0be98e95,19,19,18,1,0,18,18,0,0
POI-ID-946e911f,2,2,2,0,0,2,2,0,0
POI-ID-6363f7ec,1,1,1,0,0,1,1,0,0
POI-ID-ea630165,1,1,1,0,0,1,1,0,0
POI-ID-81ec3b5c,10,10,10,0,0,10,10,0,0
POI-ID-b8f449c8,2,2,2,0,0,2,2,0,0
POI-ID-484b9b7d,8,8,5,2,1,5,5,0,0
POI-ID-e0c31673,1,1,1,0,0,1,1,0,0
POI-ID-608a340e,20,20,18,2,0,18,18,0,0
POI-ID-9fdada90,2,2,1,1,0,1,1,0,0
POI-ID-1779480f,6,6,6,0,0,6,6,0,0
POI-ID-9ff2b16d,2,2,1,1,0,1,1,0,0
POI-ID-20cb4c0c,8,8,8,0,0,8,8,0,0
POI-ID-c956401f,3,3,2,1,0,2,2,0,0
POI-ID-423492f0,27,27,23,4,0,24,24,0,0
POI-ID-373d61c9,2,2,2,0,0,2,2,0,0
POI-ID-6e325754,13,13,13,0,0,13,13,0,0
POI-ID-06a5b6a9,45,45,40,5,0,41,41,0,0
POI-ID-b0219065,6,6,6,0,0,6,6,0,0
POI-ID-bf6570ef,7,7,7,0,0,7,7,0,0
POI-ID-2ff01559,6,6,5,1,0,5,5,0,0
POI-ID-0f057621,14,14,14,0,0,14,14,0,0
POI-ID-cc74c374,25,25,18,5,2,19,19,0,0
POI-ID-ef60f95a,3,3,3,0,0,3,3,0,0
POI-ID-97306f83,11,11,7,2,2,7,7,0,0
POI-ID-f7d9c563,2,2,2,0,0,2,2,0,0
POI-ID-cdc2ca1b,1,1,1,0,0,1,1,0,0
POI-ID-1be1558f,1,1,1,0,0,1,1,0,0
POI-ID-c0fa449d,1,1,1,0,0,1,1,0,0
POI-ID-e909f629,1,1,1,0,0,1,1,0,0
POI-ID-963fad3d,59,59,49,7,3,49,49,0,0
POI-ID-d91675a1,24,24,21,3,0,21,21,0,0
POI-ID-50042583,1,1,1,0,0,1,1,0,0
POI-ID-029a8fdc,29,29,29,0,0,29,29,0,0
POI-ID-046bc9f0,6,6,5,1,0,5,5,0,0
POI-ID-071bdd51,44,44,34,8,2,32,32,0,0
POI-ID-4463e3ad,25,25,22,2,1,21,21,0,0
POI-ID-89b6124d,1,1,1,0,0,1,1,0,0
POI-ID-591923e7,10,10,10,0,0,10,10,0,0
POI-ID-38bc18f0,2,2,2,0,0,2,2,0,0
POI-ID-d5a388ff,17,17,14,2,1,14,14,0,0
POI-ID-c75d7d94,2,2,2,0,0,2,2,0,0
POI-ID-0307c5a4,13,13,12,1,0,12,12,0,0
POI-ID-63169a0a,33,33,28,3,2,28,28,0,0
POI-ID-8493972e,2,2,2,0,0,2,2,0,0
POI-ID-d4b40980,1,1,1,0,0,1,1,0,0
POI-ID-68f15015,6,6,5,1,0,5,5,0,0
POI-ID-56dc3ea5,6,6,5,0,1,6,6,0,0
POI-ID-4f78a55d,9,9,9,0,0,9,9,0,0
POI-ID-c0fabe3b,16,16,13,2,1,13,13,0,0
POI-ID-5cccd7b6,4,4,4,0,0,4,4,0,0
POI-ID-5abda296,3,3,1,1,1,1,1,0,0
POI-ID-a572ab41,1,1,1,0,0,1,1,0,0
POI-ID-2d8d9bfa,16,16,12,3,1,12,12,0,0
POI-ID-e7fd83f1,5,5,3,2,0,3,3,0,0
POI-ID-7fe93bc8,19,19,13,4,2,10,10,0,0
POI-ID-b378bee2,2,2,2,0,0,2,2,0,0
POI-ID-0dbe14f5,2,2,2,0,0,2,2,0,0
POI-ID-9f1dff00,18,18,16,2,0,16,16,0,0
POI-ID-87a02605,1,1,1,0,0,1,1,0,0
POI-ID-a5d23898,12,12,10,2,0,10,10,0,0
POI-ID-1a2a1e03,5,5,4,1,0,4,4,0,0
POI-ID-2e665281,2,2,2,0,0,2,2,0,0
POI-ID-4cff2425,57,57,44,9,4,41,41,0,0
POI-ID-2971177b,28,28,22,4,2,22,22,0,0
POI-ID-9e3025cf,21,21,15,4,2,9,9,0,0
POI-ID-7de792ef,6,6,5,1,0,5,5,0,0
POI-ID-0a501cfa,6,6,4,2,0,4,4,0,0
POI-ID-ca5b87fd,6,6,3,1,2,1,1,0,0
POI-ID-b361995a,5,5,3,1,1,3,3,0,0
POI-ID-5f45a3f6,9,9,9,0,0,9,9,0,0
POI-ID-a6c1ffb9,15,15,13,2,0,13,13,0,0
POI-ID-a1a6d1b6,1,1,1,0,0,1,1,0,0
POI-ID-760149c5,95,95,66,18,11,61,61,0,0
POI-ID-99f7c26b,19,19,12,5,2,12,12,0,0
POI-ID-a180542d,17,17,15,1,1,16,16,0,0
POI-ID-ef79c933,36,36,27,6,3,25,25,0,0
POI-ID-4be6b131,11,11,8,2,1,8,8,0,0
POI-ID-85a96e18,17,17,17,0,0,17,17,0,0
POI-ID-9d58437e,1,1,1,0,0,1,1,0,0
POI-ID-cdeb8265,18,18,16,1,1,17,17,0,0
POI-ID-decf8878,30,30,20,6,4,10,10,0,0
POI-ID-05226b10,3,3,3,0,0,3,3,0,0
POI-ID-8495f58d,54,54,45,8,1,45,45,0,0
POI-ID-31abb54c,14,14,10,3,1,9,9,0,0
POI-ID-94183dfa,12,12,10,1,1,10,10,0,0
POI-ID-04ba9fa6,1,1,1,0,0,1,1,0,0
POI-ID-7da96e22,11,11,11,0,0,11,11,0,0
POI-ID-7d4cdd49,6,6,3,1,2,1,1,0,0
POI-ID-7f04cbcd,16,16,12,2,2,12,12,0,0
POI-ID-4cf8cb88,1,1,1,0,0,1,1,0,0
POI-ID-6c76c54b,10,10,6,2,2,4,4,0,0
POI-ID-67872862,9,9,8,1,0,8,8,0,0
POI-ID-4e96981c,2,2,1,1,0,1,1,0,0
POI-ID-8fb57a5b,8,8,6,1,1,6,6,0,0
POI-ID-31ebe712,14,14,8,3,3,5,5,0,0
POI-ID-15c5af72,3,3,3,0,0,3,3,0,0
POI-ID-8224cc9b,50,50,39,7,4,35,35,0,0
POI-ID-b06552c8,17,17,15,2,0,16,16,0,0
POI-ID-d45c28e2,2,2,2,0,0,2,2,0,0
POI-ID-54b7ed6a,1,1,1,0,0,1,1,0,0
POI-ID-50136764,5,5,4,1,0,4,4,0,0
POI-ID-f43f6126,17,17,14,2,1,14,14,0,0
POI-ID-a70487ca,3,3,2,0,1,2,2,0,0
POI-ID-51f9af93,9,9,9,0,0,9,9,0,0
POI-ID-099a85eb,2,2,2,0,0,2,2,0,0
POI-ID-0af4953e,76,76,49,19,8,21,21,0,0
POI-ID-02e4c616,11,11,11,0,0,11,11,0,0
POI-ID-7ba82a62,1,1,1,0,0,1,1,0,0
POI-ID-117bc7cd,2,2,1,1,0,1,1,0,0
POI-ID-9a4c8d57,12,12,11,0,1,12,12,0,0
POI-ID-3ea5a94d,1,1,1,0,0,1,1,0,0
POI-ID-548a52a4,3,3,3,0,0,3,3,0,0
POI-ID-6588d98f,2,2,1,1,0,1,1,0,0
POI-ID-fa86dfce,14,14,14,0,0,14,14,0,0
POI-ID-32e47cd6,19,19,17,2,0,17,17,0,0
POI-ID-b17ef908,18,18,17,1,0,17,17,0,0
POI-ID-5d18c2b5,8,8,7,1,0,7,7,0,0
POI-ID-db0410b2,6,6,6,0,0,6,6,0,0
POI-ID-81ec7ce0,1,1,1,0,0,1,1,0,0
POI-ID-8b903679,5,5,2,2,1,2,2,0,0
POI-ID-147bdae2,2,2,2,0,0,2,2,0,0
POI-ID-758ba728,18,18,16,2,0,16,16,0,0
POI-ID-c38a43c9,6,6,6,0,0,6,6,0,0
POI-ID-5b59d89d,1,1,1,0,0,1,1,0,0
POI-ID-49419144,28,28,20,5,3,21,21,0,0
POI-ID-123529a4,2,2,2,0,0,2,2,0,0
POI-ID-ee268473,4,4,4,0,0,4,4,0,0
POI-ID-b3014bfb,10,10,10,0,0,10,10,0,0
POI-ID-07127516,3,3,2,1,0,2,2,0,0
POI-ID-88807568,5,5,4,1,0,4,4,0,0
POI-ID-e6c3bd6b,11,11,10,1,0,10,10,0,0
POI-ID-57c2f864,1,1,1,0,0,1,1,0,0
POI-ID-1fad05cc,3,3,2,1,0,2,2,0,0
POI-ID-ba488f26,9,9,8,1,0,8,8,0,0
POI-ID-23db0f5a,39,39,36,3,0,36,36,0,0
POI-ID-6a6d8337,16,16,14,2,0,14,14,0,0
POI-ID-13d53703,20,20,16,2,2,15,15,0,0
POI-ID-dfffc901,4,4,4,0,0,4,4,0,0
POI-ID-004cd3be,3,3,3,0,0,3,3,0,0
POI-ID-543fd6fc,1,1,1,0,0,1,1,0,0
POI-ID-9108b3cf,2,2,2,0,0,2,2,0,0
POI-ID-a9117998,1,1,1,0,0,1,1,0,0
POI-ID-13f933ef,8,8,5,2,1,5,5,0,0
POI-ID-d32959bb,8,8,8,0,0,8,8,0,0
POI-ID-698f7825,3,3,2,1,0,2,2,0,0
POI-ID-6219cecb,8,8,6,2,0,6,6,0,0
POI-ID-75d3d68b,4,4,4,0,0,4,4,0,0
POI-ID-1abf9e27,6,6,6,0,0,6,6,0,0
POI-ID-82ef4c76,2,2,2,0,0,2,2,0,0
POI-ID-af974f87,5,5,4,1,0,4,4,0,0
POI-ID-422da50c,7,7,6,1,0,6,6,0,0
POI-ID-c91be429,3,3,3,0,0,3,3,0,0
POI-ID-70f1c07d,3,3,2,0,1,2,2,0,0
POI-ID-7886e00c,2,2,1,1,0,1,1,0,0
POI-ID-2cc25fac,8,8,7,1,0,7,7,0,0
POI-ID-85a85f73,6,6,5,1,0,5,5,0,0
POI-ID-eb018213,4,4,4,0,0,4,4,0,0
POI-ID-c6045faa,1,1,1,0,0,1,1,0,0
POI-ID-c45ea9fa,26,26,24,2,0,24,24,0,0
POI-ID-16167cef,32,32,26,4,2,27,27,0,0
POI-ID-f15a5bf8,11,11,11,0,0,11,11,0,0
POI-ID-a0fd9f34,1,1,1,0,0,1,1,0,0
POI-ID-b3ed041e,20,19,16,2,1,16,15,-1,-1
POI-ID-b4b412d3,1,1,1,0,0,1,1,0,0
POI-ID-6b32e1a3,8,8,8,0,0,8,8,0,0
POI-ID-a20897cc,15,15,15,0,0,15,15,0,0
POI-ID-88af402a,19,19,13,4,2,11,11,0,0
POI-ID-46781735,16,16,16,0,0,16,16,0,0
POI-ID-9733c05d,11,11,10,1,0,10,10,0,0
POI-ID-9de2f1c7,9,9,9,0,0,9,9,0,0
POI-ID-edddc399,3,3,3,0,0,3,3,0,0
POI-ID-3c67e092,7,7,7,0,0,7,7,0,0
POI-ID-c3119281,2,2,2,0,0,2,2,0,0
POI-ID-b077cded,17,17,15,2,0,15,15,0,0
POI-ID-c582ab53,29,29,22,5,2,21,21,0,0
POI-ID-37f87592,31,31,27,3,1,28,28,0,0
POI-ID-cc74f889,9,9,9,0,0,9,9,0,0
POI-ID-9a604e82,1,1,1,0,0,1,1,0,0
POI-ID-55d60b6e,12,12,8,2,2,7,7,0,0
POI-ID-a530b489,2,2,1,1,0,1,1,0,0
POI-ID-90adc767,6,6,6,0,0,6,6,0,0
POI-ID-faee42ce,22,22,13,6,3,9,9,0,0
POI-ID-b18382d3,47,47,39,6,2,38,38,0,0
POI-ID-9a210cfd,14,14,9,3,2,8,8,0,0
POI-ID-1dd1c06c,6,6,3,2,1,3,3,0,0
POI-ID-9ff98fea,43,43,40,1,2,40,40,0,0
POI-ID-e16c34cb,12,12,8,2,2,8,8,0,0
POI-ID-a41623bb,6,6,5,1,0,5,5,0,0
POI-ID-4eae7ccf,2,2,2,0,0,2,2,0,0
POI-ID-1dfaf580,13,13,12,1,0,12,12,0,0
POI-ID-db9e3cc1,35,35,30,3,2,27,27,0,0
POI-ID-9bb00816,10,10,7,2,1,6,6,0,0
POI-ID-c3cee2e9,1,1,1,0,0,1,1,0,0
POI-ID-180e6a29,16,16,13,2,1,12,12,0,0
POI-ID-a9061951,1,1,1,0,0,1,1,0,0
POI-ID-363c314e,4,4,3,1,0,3,3,0,0
POI-ID-928a71be,1,1,1,0,0,1,1,0,0
POI-ID-6463bed8,80,80,47,21,12,10,10,0,0
POI-ID-3f8a3df8,2,2,2,0,0,2,2,0,0
POI-ID-9bfd701f,10,10,7,2,1,7,7,0,0
POI-ID-8d257cc9,2,2,2,0,0,2,2,0,0
POI-ID-33d8f7f9,4,4,4,0,0,4,4,0,0
POI-ID-96e3c951,19,19,14,3,2,13,13,0,0
POI-ID-8b71b1cf,1,1,1,0,0,1,1,0,0
POI-ID-e1e46b1b,1,1,1,0,0,1,1,0,0
POI-ID-96a4da0a,1,1,1,0,0,1,1,0,0
POI-ID-22f603a5,10,10,8,2,0,8,8,0,0
POI-ID-89be5629,4,4,4,0,0,4,4,0,0
POI-ID-028d4950,27,27,24,1,2,24,24,0,0
POI-ID-040e3579,3,3,1,1,1,1,1,0,0
POI-ID-2f7b3790,33,33,22,8,3,19,19,0,0
POI-ID-176d4767,1,1,1,0,0,1,1,0,0
POI-ID-66e762b9,16,16,11,3,2,9,9,0,0
POI-ID-c9965bfb,14,14,14,0,0,14,14,0,0
POI-ID-dea63e37,5,5,5,0,0,5,5,0,0
POI-ID-72458b54,3,3,2,1,0,2,2,0,0
POI-ID-47ae0c5c,1,1,1,0,0,1,1,0,0
POI-ID-b9a65e7a,1,1,1,0,0,1,1,0,0
POI-ID-2f10a001,5,5,4,1,0,4,4,0,0
POI-ID-919adbdf,2,2,2,0,0,2,2,0,0
POI-ID-c06cff6f,2,2,2,0,0,2,2,0,0
POI-ID-5548df8a,7,7,5,2,0,5,5,0,0
POI-ID-9ff30296,2,2,1,1,0,1,1,0,0
POI-ID-0c84136c,5,5,4,1,0,4,4,0,0
POI-ID-e6ef696a,3,3,3,0,0,3,3,0,0
POI-ID-3ff20a33,10,10,10,0,0,10,10,0,0
POI-ID-02e98b4c,27,27,22,4,1,22,22,0,0
POI-ID-319817d6,15,15,12,3,0,12,12,0,0
POI-ID-9f6cae85,9,9,6,2,1,4,4,0,0
POI-ID-8ff82db2,8,8,6,1,1,5,5,0,0
POI-ID-13ab5c6d,10,10,6,2,2,6,6,0,0
POI-ID-0d74c589,14,14,11,2,1,11,11,0,0
POI-ID-1bd68afb,1,1,1,0,0,1,1,0,0
POI-ID-3847f047,2,2,2,0,0,2,2,0,0
POI-ID-638d5be5,14,14,6,4,4,5,5,0,0
POI-ID-ad046348,1,1,1,0,0,1,1,0,0
POI-ID-fa9721d9,17,17,15,2,0,15,15,0,0
POI-ID-975bcf91,14,14,12,2,0,12,12,0,0
POI-ID-1981009d,2,2,2,0,0,2,2,0,0
POI-ID-592bb0c7,6,6,5,1,0,5,5,0,0
POI-ID-6cec8d07,4,4,2,1,1,1,1,0,0
POI-ID-e2c17149,7,7,6,1,0,6,6,0,0
POI-ID-a797e67e,1,1,1,0,0,1,1,0,0
POI-ID-d6aba3d0,7,7,7,0,0,7,7,0,0
POI-ID-f4926b0e,2,2,2,0,0,2,2,0,0
POI-ID-46234a5e,1,1,1,0,0,1,1,0,0
POI-ID-bbfb4645,1,1,1,0,0,1,1,0,0
POI-ID-1a70b3a1,3,3,3,0,0,3,3,0,0
POI-ID-4f38e65d,55,55,40,9,6,31,31,0,0
POI-ID-f48344b4,2,2,2,0,0,2,2,0,0
POI-ID-764a8562,14,14,9,3,2,10,10,0,0
POI-ID-f4624132,6,6,3,1,2,1,1,0,0
POI-ID-b3fff237,12,12,10,2,0,10,10,0,0
POI-ID-e76de69b,13,13,11,1,1,11,11,0,0
POI-ID-502e9973,17,17,12,3,2,12,12,0,0
POI-ID-323390b2,1,1,1,0,0,1,1,0,0
POI-ID-395b99ca,7,7,7,0,0,7,7,0,0
POI-ID-bb31a60a,4,4,4,0,0,4,4,0,0
POI-ID-b5b8531c,1,1,1,0,0,1,1,0,0
POI-ID-39bfe946,11,11,8,2,1,8,8,0,0
POI-ID-023b7e65,1,1,1,0,0,1,1,0,0
POI-ID-c3554f75,4,4,4,0,0,4,4,0,0
POI-ID-9b804bf7,18,18,16,1,1,16,16,0,0
POI-ID-f988be36,10,10,10,0,0,10,10,0,0
POI-ID-b25dd4c9,3,3,3,0,0,3,3,0,0
POI-ID-7dad0b91,1,1,1,0,0,1,1,0,0
POI-ID-1e3f7e03,26,26,19,5,2,19,19,0,0
POI-ID-dbb488c1,6,6,4,1,1,4,4,0,0
POI-ID-b46fd47e,30,30,30,0,0,30,30,0,0
POI-ID-34cd79f5,11,11,7,2,2,5,5,0,0
POI-ID-4f10b6d9,19,19,17,2,0,17,17,0,0
POI-ID-98b12a49,8,8,4,3,1,4,4,0,0
POI-ID-4cfc4a9c,1,1,1,0,0,1,1,0,0
POI-ID-17851c01,7,7,6,1,0,6,6,0,0
POI-ID-27683f04,30,30,21,6,3,21,21,0,0
POI-ID-594337b0,12,12,9,2,1,9,9,0,0
POI-ID-e225cb47,1,1,1,0,0,1,1,0,0
POI-ID-fde61b79,1,1,1,0,0,1,1,0,0
POI-ID-263f46fe,3,3,3,0,0,3,3,0,0
POI-ID-4222783b,1,1,1,0,0,1,1,0,0
POI-ID-4f1c3d89,2,2,2,0,0,2,2,0,0
POI-ID-4459357a,1,1,1,0,0,1,1,0,0
POI-ID-86c00a90,12,12,7,3,2,1,1,0,0
POI-ID-4c7b3c6d,1,1,1,0,0,1,1,0,0
POI-ID-0559698e,1,1,1,0,0,1,1,0,0
POI-ID-58a02839,1,1,1,0,0,1,1,0,0
POI-ID-c6a6d32e,3,3,3,0,0,3,3,0,0
POI-ID-5559f254,20,20,17,3,0,18,18,0,0
POI-ID-5a069b4e,1,1,1,0,0,1,1,0,0
POI-ID-f3964bd6,8,8,5,2,1,2,2,0,0
POI-ID-3a06a083,161,161,102,36,23,79,79,0,0
POI-ID-7f3c7343,4,4,2,1,1,2,2,0,0
POI-ID-5a0d9fbb,13,13,7,3,3,1,1,0,0
POI-ID-134bef7b,9,9,6,1,2,4,4,0,0
POI-ID-5daba9b2,7,7,5,1,1,3,3,0,0
POI-ID-6c81f905,35,35,24,7,4,19,19,0,0
POI-ID-d7c4117d,1,1,1,0,0,1,1,0,0
POI-ID-ca19a3d7,3,3,3,0,0,3,3,0,0
POI-ID-cd5b146b,3,3,1,1,1,1,1,0,0
POI-ID-1350c279,22,22,13,6,3,1,1,0,0
POI-ID-d2c10296,2,2,1,1,0,1,1,0,0
POI-ID-cbc40363,5,5,3,1,1,4,4,0,0
POI-ID-9240bfc1,2,2,1,1,0,1,1,0,0
POI-ID-2f02ed2d,1,1,1,0,0,1,1,0,0
POI-ID-87d44a06,1,1,1,0,0,1,1,0,0
POI-ID-f62a6928,1,1,1,0,0,1,1,0,0
POI-ID-72a1648f,1,1,1,0,0,1,1,0,0
POI-ID-27c3f7c5,5,5,4,1,0,4,4,0,0
POI-ID-1a0c9f61,1,1,1,0,0,1,1,0,0
POI-ID-4a7cbb09,1,1,1,0,0,1,1,0,0
POI-ID-9d2515c6,10,10,10,0,0,10,10,0,0
POI-ID-ab963eba,3,3,1,1,1,1,1,0,0
POI-ID-0d81edbe,14,14,8,4,2,2,2,0,0
POI-ID-bcc1b62e,10,10,6,3,1,1,1,0,0
POI-ID-596d1e02,3,3,1,1,1,1,1,0,0
POI-ID-4050392c,5,5,3,1,1,2,2,0,0
POI-ID-8b6b6432,3,3,1,1,1,1,1,0,0
POI-ID-7d0c3e37,2,2,1,1,0,1,1,0,0
POI-ID-1e73cb98,3,3,2,1,0,2,2,0,0
POI-ID-ff973fb2,5,5,4,1,0,4,4,0,0
POI-ID-62674b4f,1,1,1,0,0,1,1,0,0
POI-ID-f2f04df7,18,18,13,4,1,13,13,0,0
POI-ID-b22e17ce,15,15,15,0,0,15,15,0,0
POI-ID-3f8de84c,2,2,2,0,0,2,2,0,0
POI-ID-740b9dcf,77,77,52,19,6,51,51,0,0
POI-ID-cab5afcb,2,2,2,0,0,2,2,0,0
POI-ID-5d6d6e34,1,1,1,0,0,1,1,0,0
POI-ID-3e065fc4,1,1,1,0,0,1,1,0,0
POI-ID-dde39c51,32,32,19,9,4,1,1,0,0
POI-ID-5d9f769e,1,1,1,0,0,1,1,0,0
POI-ID-45cf7c91,33,33,31,1,1,32,32,0,0
POI-ID-5ee5c35b,23,23,19,3,1,20,20,0,0
POI-ID-4ebd20fb,4,4,2,2,0,3,3,0,0
POI-ID-22f15a4c,37,37,32,4,1,31,31,0,0
POI-ID-9976900e,3,3,3,0,0,3,3,0,0
POI-ID-ba875e94,7,7,7,0,0,7,7,0,0
POI-ID-de815757,2,2,2,0,0,2,2,0,0
POI-ID-dcc080ec,11,11,9,1,1,9,9,0,0
POI-ID-56c61c4b,32,32,31,1,0,31,31,0,0
POI-ID-7e31c0c2,6,6,6,0,0,6,6,0,0
POI-ID-a81a2421,3,3,2,1,0,2,2,0,0
POI-ID-e56f1f69,8,8,5,2,1,5,5,0,0
POI-ID-e5775cde,16,16,15,1,0,15,15,0,0
POI-ID-039bd500,10,10,9,1,0,9,9,0,0
POI-ID-082c10a4,12,12,12,0,0,12,12,0,0
POI-ID-0d039c0b,7,7,6,1,0,6,6,0,0
POI-ID-9157fa66,2,2,2,0,0,2,2,0,0
POI-ID-c914d44a,3,3,3,0,0,3,3,0,0
POI-ID-753b6cc2,3,3,3,0,0,3,3,0,0
POI-ID-2bfb438a,14,14,13,1,0,13,13,0,0
POI-ID-91e24ff4,5,5,4,1,0,4,4,0,0
POI-ID-50882bc0,2,2,2,0,0,2,2,0,0
POI-ID-3ce27ec2,1,1,1,0,0,1,1,0,0
POI-ID-3bcc478b,15,15,14,1,0,14,14,0,0
POI-ID-7e55a7ac,2,2,2,0,0,2,2,0,0
POI-ID-2f770ce6,1,1,1,0,0,1,1,0,0
POI-ID-95775ff4,11,11,9,2,0,9,9,0,0
POI-ID-16073bda,2,2,2,0,0,2,2,0,0
POI-ID-c5c4af04,5,5,3,1,1,3,3,0,0
POI-ID-bd4bd578,80,80,60,14,6,58,58,0,0
POI-ID-dafa0c27,2,2,2,0,0,2,2,0,0
POI-ID-bbc2035c,2,2,1,1,0,1,1,0,0
POI-ID-421a5d55,55,55,35,15,5,26,26,0,0
POI-ID-3b4c0707,6,6,4,1,1,4,4,0,0
POI-ID-f80e488d,34,34,28,3,3,26,26,0,0
POI-ID-880ec9e2,28,28,24,4,0,24,24,0,0
POI-ID-22d39343,1,1,1,0,0,1,1,0,0
POI-ID-1208e50e,7,7,5,2,0,5,5,0,0
POI-ID-6a10d0f3,2,2,2,0,0,2,2,0,0
POI-ID-571cfdec,1,1,1,0,0,1,1,0,0
POI-ID-48553fe3,15,15,9,3,3,5,5,0,0
POI-ID-e28d8d98,14,14,8,3,3,2,2,0,0
POI-ID-a35e55e8,8,8,5,2,1,5,5,0,0
POI-ID-a5a06b0f,6,6,6,0,0,6,6,0,0
POI-ID-6c05d9eb,2,2,1,1,0,1,1,0,0
POI-ID-d7069549,1,1,1,0,0,1,1,0,0
POI-ID-8309edb7,28,28,25,2,1,25,25,0,0
POI-ID-a525212c,28,28,26,2,0,27,27,0,0
POI-ID-4015a30c,8,8,7,1,0,7,7,0,0
POI-ID-2b37431d,51,51,32,12,7,11,11,0,0
POI-ID-5ef31b96,46,46,35,8,3,34,34,0,0
POI-ID-bb82b8ef,2,2,2,0,0,2,2,0,0
POI-ID-242901d3,5,5,3,1,1,1,1,0,0
POI-ID-42ba1c65,6,6,5,1,0,5,5,0,0
POI-ID-21e147a2,2,2,2,0,0,2,2,0,0
POI-ID-c2f6a911,12,12,6,3,3,2,2,0,0
POI-ID-a1968b93,31,31,27,4,0,28,28,0,0
POI-ID-3ba702eb,8,8,5,1,2,6,6,0,0
POI-ID-2076367b,1,1,1,0,0,1,1,0,0
POI-ID-14b1b4ae,1,1,1,0,0,1,1,0,0
POI-ID-6181561f,8,8,5,2,1,5,5,0,0
POI-ID-2bc99f54,3,3,3,0,0,3,3,0,0
POI-ID-912f8d04,1,1,1,0,0,1,1,0,0
POI-ID-db0d1cdc,10,10,6,2,2,6,6,0,0
POI-ID-c21ba2d7,2,2,1,1,0,1,1,0,0
POI-ID-b6067fe5,4,4,4,0,0,4,4,0,0
POI-ID-244029ee,1,1,1,0,0,1,1,0,0
POI-ID-30560317,5,5,5,0,0,5,5,0,0
POI-ID-440e7c97,16,16,10,4,2,6,6,0,0
POI-ID-b12a9210,28,28,23,3,2,22,22,0,0
POI-ID-0cd52551,2,2,2,0,0,2,2,0,0
POI-ID-f855603e,7,7,5,2,0,5,5,0,0
POI-ID-fc33703f,9,9,6,2,1,5,5,0,0
POI-ID-a539266a,5,5,4,1,0,4,4,0,0
POI-ID-6925829c,1,1,1,0,0,1,1,0,0
POI-ID-eacb40b0,10,10,8,2,0,8,8,0,0
POI-ID-725c1924,5,5,4,1,0,4,4,0,0
POI-ID-bf4eb27d,3,3,3,0,0,3,3,0,0
POI-ID-2af5b226,3,3,2,1,0,2,2,0,0
POI-ID-b92947ae,3,3,3,0,0,3,3,0,0
POI-ID-3ca29274,6,6,4,2,0,4,4,0,0
POI-ID-7a227ab4,13,13,11,2,0,11,11,0,0
POI-ID-2739f647,2,2,2,0,0,2,2,0,0
POI-ID-bcd262b2,20,20,12,5,3,3,3,0,0
POI-ID-cbe02ab5,11,11,7,2,2,6,6,0,0
POI-ID-0ab36e5e,39,39,23,10,6,20,20,0,0
POI-ID-e020213e,27,27,27,0,0,27,27,0,0
POI-ID-4c866c93,9,9,5,2,2,1,1,0,0
POI-ID-5b334708,4,4,4,0,0,4,4,0,0
POI-ID-0bac5303,2,2,1,1,0,1,1,0,0
POI-ID-3852bbca,8,8,7,1,0,8,8,0,0
POI-ID-34b3b2f7,10,10,8,1,1,8,8,0,0
POI-ID-e10fffb6,1,1,1,0,0,1,1,0,0
POI-ID-299b6e0f,49,49,37,10,2,34,34,0,0
POI-ID-3a8e3fa0,6,6,6,0,0,6,6,0,0
POI-ID-d24ba278,7,7,5,1,1,3,3,0,0
POI-ID-6a1a151c,14,14,10,3,1,5,5,0,0
POI-ID-b028609c,1,1,1,0,0,1,1,0,0
POI-ID-27216306,2,2,1,1,0,1,1,0,0
POI-ID-d80ec27a,3,3,2,1,0,2,2,0,0
POI-ID-8495ce6b,1,1,1,0,0,1,1,0,0
POI-ID-f1d94a0a,25,25,22,2,1,21,21,0,0
POI-ID-bb89bfe5,5,5,5,0,0,5,5,0,0
POI-ID-1afb3459,11,11,10,1,0,10,10,0,0
POI-ID-0166275e,2,2,2,0,0,2,2,0,0
POI-ID-3d650b52,3,3,2,0,1,3,3,0,0
POI-ID-0d12deb7,11,11,9,1,1,8,8,0,0
POI-ID-e5f8b93d,18,18,14,4,0,14,14,0,0
POI-ID-ebbf29f6,4,4,4,0,0,4,4,0,0
POI-ID-cdbb1841,33,33,27,4,2,27,27,0,0
POI-ID-617eddcd,1,1,1,0,0,1,1,0,0
POI-ID-547a8cce,18,18,13,3,2,11,11,0,0
POI-ID-397b577b,28,28,16,8,4,1,1,0,0
POI-ID-c1a0ecfa,23,23,16,6,1,16,16,0,0
POI-ID-ae7b5e0e,8,8,6,1,1,5,5,0,0
POI-ID-32e2c0a3,10,10,8,1,1,6,6,0,0
POI-ID-37715c40,1,1,1,0,0,1,1,0,0
POI-ID-8cfa22f6,1,1,1,0,0,1,1,0,0
POI-ID-040d300c,5,5,5,0,0,5,5,0,0
POI-ID-4019b22d,4,4,4,0,0,4,4,0,0
POI-ID-5d3c6c0a,3,3,3,0,0,3,3,0,0
POI-ID-447813cf,17,17,12,4,1,12,12,0,0
POI-ID-edcd9277,2,2,2,0,0,2,2,0,0
POI-ID-594bfc60,48,48,37,8,3,35,35,0,0
POI-ID-4e7a12fa,6,6,4,1,1,5,5,0,0
POI-ID-1b2cb828,20,20,17,3,0,17,17,0,0
POI-ID-e26d4e1e,3,3,3,0,0,3,3,0,0
POI-ID-447b284d,19,19,17,1,1,17,17,0,0
POI-ID-b8c32fcd,22,22,17,3,2,17,17,0,0
POI-ID-a596de11,19,19,17,1,1,17,17,0,0
POI-ID-a1221a49,6,6,5,1,0,5,5,0,0
POI-ID-c04f58c8,19,19,15,3,1,12,12,0,0
POI-ID-05d94cc9,6,6,6,0,0,6,6,0,0
POI-ID-f54cec17,1,1,1,0,0,1,1,0,0
POI-ID-e97ef237,24,24,17,5,2,15,15,0,0
POI-ID-8f2a04a7,2,2,1,1,0,1,1,0,0
POI-ID-47970deb,1,1,1,0,0,1,1,0,0
POI-ID-c72056b3,2,2,2,0,0,2,2,0,0
POI-ID-84132279,7,7,6,1,0,6,6,0,0
POI-ID-5c9f93f8,1,1,1,0,0,1,1,0,0
POI-ID-aba61888,16,16,12,2,2,10,10,0,0
POI-ID-8370e3d9,2,2,1,1,0,1,1,0,0
POI-ID-f915dc67,2,2,2,0,0,2,2,0,0
POI-ID-8cac1c71,19,19,17,2,0,17,17,0,0
POI-ID-62a041bb,4,4,2,1,1,1,1,0,0
POI-ID-5521bb87,6,6,6,0,0,6,6,0,0
POI-ID-58dcfffd,1,1,1,0,0,1,1,0,0
POI-ID-ce628a9e,10,10,7,2,1,7,7,0,0
POI-ID-48d34fd7,2,2,1,1,0,1,1,0,0
POI-ID-a56c4729,2,2,2,0,0,2,2,0,0
POI-ID-6d65c253,1,1,1,0,0,1,1,0,0
POI-ID-d1c793d4,1,1,1,0,0,1,1,0,0
POI-ID-ee704526,2,2,2,0,0,2,2,0,0
POI-ID-f11329c8,2,2,2,0,0,2,2,0,0
POI-ID-6e3d080e,49,49,33,11,5,16,16,0,0
POI-ID-045a081f,5,5,5,0,0,5,5,0,0
POI-ID-4a85a682,5,5,3,1,1,3,3,0,0
POI-ID-f51b808a,1,1,1,0,0,1,1,0,0
POI-ID-fa849a22,23,23,13,6,4,1,1,0,0
POI-ID-1c9076db,1,1,1,0,0,1,1,0,0
POI-ID-753237c9,15,15,10,3,2,10,10,0,0
POI-ID-5a23bb65,5,5,4,1,0,4,4,0,0
POI-ID-69f4f88e,13,13,7,3,3,1,1,0,0
POI-ID-3c7b0288,1,1,1,0,0,1,1,0,0
POI-ID-01519bb9,2,2,1,1,0,1,1,0,0
POI-ID-8a1ff55a,1,1,1,0,0,1,1,0,0
POI-ID-c1f8a8f4,3,3,3,0,0,3,3,0,0
POI-ID-1f626a0d,1,1,1,0,0,1,1,0,0
POI-ID-f8e6c916,38,38,27,9,2,25,25,0,0
POI-ID-744352ab,23,23,17,4,2,17,17,0,0
POI-ID-41056233,20,20,15,3,2,12,12,0,0
POI-ID-f688da93,4,4,3,0,1,3,3,0,0
POI-ID-168778e5,5,5,5,0,0,5,5,0,0
POI-ID-0d77b30a,2,2,1,1,0,1,1,0,0
POI-ID-3d04700f,1,1,1,0,0,1,1,0,0
POI-ID-3077d4dd,19,19,14,3,2,14,14,0,0
POI-ID-47d57d37,15,15,13,2,0,14,14,0,0
POI-ID-7e45683b,7,7,5,1,1,5,5,0,0
POI-ID-449edfd5,1,1,1,0,0,1,1,0,0
POI-ID-182b48a5,8,8,5,1,2,3,3,0,0
POI-ID-4a35ec91,2,2,2,0,0,2,2,0,0
POI-ID-a60fc635,1,1,1,0,0,1,1,0,0
POI-ID-1f4b65a8,2,2,2,0,0,2,2,0,0
POI-ID-36296582,1,1,1,0,0,1,1,0,0
POI-ID-9e4d7c84,9,9,9,0,0,9,9,0,0
POI-ID-c5b458fb,13,13,10,2,1,8,8,0,0
POI-ID-2f447aaa,14,14,12,2,0,12,12,0,0
POI-ID-f2532c67,2,2,2,0,0,2,2,0,0
POI-ID-2dde3e1e,11,11,8,2,1,9,9,0,0
POI-ID-3bff16ce,12,12,11,1,0,11,11,0,0
POI-ID-f02c5e2c,2,2,2,0,0,2,2,0,0
POI-ID-f949fcf7,11,11,11,0,0,11,11,0,0
POI-ID-5b63b845,4,4,4,0,0,4,4,0,0
POI-ID-7a2f1366,4,4,4,0,0,4,4,0,0
POI-ID-a12fe845,54,54,31,15,8,23,23,0,0
POI-ID-d42d8876,5,5,3,1,1,3,3,0,0
POI-ID-13fa16e9,27,27,25,2,0,25,25,0,0
POI-ID-7b73f13b,9,9,8,1,0,8,8,0,0
POI-ID-ebbed5df,55,55,44,7,4,36,36,0,0
POI-ID-9749d4ff,3,3,2,1,0,2,2,0,0
POI-ID-ca2505e7,20,20,17,3,0,17,17,0,0
POI-ID-7cba2f4e,3,3,3,0,0,3,3,0,0
POI-ID-c979ad81,7,7,6,1,0,6,6,0,0
POI-ID-22e66677,23,23,20,3,0,20,20,0,0
POI-ID-e2d3a97a,2,2,1,1,0,1,1,0,0
POI-ID-d62f4f2a,3,3,3,0,0,3,3,0,0
POI-ID-5f4a2b7f,4,4,4,0,0,4,4,0,0
POI-ID-4b65bbc7,3,3,2,1,0,2,2,0,0
POI-ID-2e31f17d,21,21,18,2,1,19,19,0,0
POI-ID-9aebedf4,2,2,2,0,0,2,2,0,0
POI-ID-f74309ef,13,13,11,2,0,11,11,0,0
POI-ID-5038219a,14,14,11,2,1,11,11,0,0
POI-ID-973bf36e,4,4,4,0,0,4,4,0,0
POI-ID-ff186076,10,10,10,0,0,10,10,0,0
POI-ID-49c86942,1,1,1,0,0,1,1,0,0
POI-ID-0771b607,2,2,2,0,0,2,2,0,0
POI-ID-b0f73235,4,4,2,1,1,1,1,0,0
POI-ID-26e1780a,1,1,1,0,0,1,1,0,0
POI-ID-b85c85d3,8,8,6,1,1,6,6,0,0
POI-ID-6d10421c,13,13,12,1,0,12,12,0,0
POI-ID-f190aead,14,14,12,1,1,12,12,0,0
POI-ID-9c3e8120,3,3,2,1,0,2,2,0,0
POI-ID-d540b9ae,5,5,4,1,0,4,4,0,0
POI-ID-128ec54f,2,2,2,0,0,2,2,0,0
POI-ID-3827505b,9,9,6,2,1,6,6,0,0
POI-ID-ffa5c090,1,1,1,0,0,1,1,0,0
POI-ID-d0a9b663,43,43,29,9,5,25,25,0,0
POI-ID-92f799d0,19,19,16,2,1,16,16,0,0
POI-ID-94e71499,10,10,9,1,0,9,9,0,0
POI-ID-9b717246,12,12,7,3,2,1,1,0,0
POI-ID-878e910e,3,3,1,1,1,1,1,0,0
POI-ID-fc848a28,1,1,1,0,0,1,1,0,0
POI-ID-daa0a4a1,2,2,2,0,0,2,2,0,0
POI-ID-890cfede,1,1,1,0,0,1,1,0,0
POI-ID-3711187d,5,5,3,1,1,1,1,0,0
POI-ID-1c1c00d8,18,18,14,3,1,14,14,0,0
POI-ID-7d9e6210,2,2,2,0,0,2,2,0,0
POI-ID-48a6aa33,11,11,7,3,1,6,6,0,0
POI-ID-2f873815,2,2,1,1,0,1,1,0,0
POI-ID-6c10cd34,11,11,9,1,1,8,8,0,0
POI-ID-3dca589c,4,4,4,0,0,4,4,0,0
POI-ID-d15bc6a8,3,3,3,0,0,3,3,0,0
POI-ID-8c931c57,6,6,6,0,0,6,6,0,0
POI-ID-3bbd1e70,16,16,13,3,0,14,14,0,0
POI-ID-2ec15cd7,9,9,7,2,0,7,7,0,0
POI-ID-7e3ef7f8,1,1,1,0,0,1,1,0,0
POI-ID-501acc14,4,4,4,0,0,4,4,0,0
POI-ID-133749d0,36,36,29,5,2,29,29,0,0
POI-ID-eb4efdd4,5,5,3,1,1,1,1,0,0
POI-ID-16cd8274,5,5,4,1,0,4,4,0,0
POI-ID-0e282d9f,4,4,4,0,0,4,4,0,0
POI-ID-50f5ebed,12,12,8,3,1,6,6,0,0
POI-ID-29b607fb,10,10,10,0,0,10,10,0,0
POI-ID-31b7808f,36,36,24,8,4,10,10,0,0
POI-ID-704ff178,3,3,3,0,0,3,3,0,0
POI-ID-7daeaa46,19,19,17,1,1,17,17,0,0
POI-ID-e360a0cd,26,26,20,5,1,19,19,0,0
POI-ID-1810d1e7,15,15,13,2,0,13,13,0,0
POI-ID-5cd0fd9f,5,5,5,0,0,5,5,0,0
POI-ID-29ee68af,4,4,3,1,0,3,3,0,0
POI-ID-4b4612ce,5,5,5,0,0,5,5,0,0
POI-ID-89a31642,1,1,1,0,0,1,1,0,0
POI-ID-10122dc3,7,7,7,0,0,7,7,0,0
POI-ID-5daf3298,1,1,1,0,0,1,1,0,0
POI-ID-3b8246d0,1,1,1,0,0,1,1,0,0
POI-ID-3ada0424,17,17,16,1,0,16,16,0,0
POI-ID-180efd16,1,1,1,0,0,1,1,0,0
POI-ID-5889d395,5,5,5,0,0,5,5,0,0
POI-ID-9249d746,3,3,3,0,0,3,3,0,0
POI-ID-f0fc6643,2,2,1,1,0,1,1,0,0
POI-ID-9d6a96ee,1,1,1,0,0,1,1,0,0
POI-ID-f1d492eb,3,3,3,0,0,3,3,0,0
POI-ID-94aae31e,7,7,7,0,0,7,7,0,0
POI-ID-296e0e84,6,6,5,1,0,5,5,0,0
POI-ID-dc889d3e,20,20,13,5,2,13,13,0,0
POI-ID-5d627f81,4,4,4,0,0,4,4,0,0
POI-ID-144e0e16,25,25,15,6,4,13,13,0,0
POI-ID-427cb245,1,1,1,0,0,1,1,0,0
POI-ID-cd389b69,6,6,6,0,0,6,6,0,0
POI-ID-ecdf259b,6,6,4,2,0,4,4,0,0
POI-ID-5bea8d08,3,3,3,0,0,3,3,0,0
POI-ID-f3765441,4,4,4,0,0,4,4,0,0
POI-ID-40616b04,3,3,3,0,0,3,3,0,0
POI-ID-b4af956a,18,18,13,4,1,13,13,0,0
POI-ID-8ebc27a4,21,21,14,5,2,7,7,0,0
POI-ID-b7df4a04,88,88,56,21,11,35,35,0,0
POI-ID-08e4b67f,2,2,1,1,0,1,1,0,0
POI-ID-60ae1587,3,3,3,0,0,3,3,0,0
POI-ID-8fa95d52,10,10,7,2,1,4,4,0,0
POI-ID-e6c46a56,1,1,1,0,0,1,1,0,0
POI-ID-c588f7e8,24,24,19,4,1,19,19,0,0
POI-ID-fd7244dc,32,32,24,6,2,24,24,0,0
POI-ID-b106d16d,18,18,14,2,2,13,13,0,0
POI-ID-08423c8d,8,8,8,0,0,8,8,0,0
POI-ID-548be9a9,2,2,2,0,0,2,2,0,0
POI-ID-f0515379,4,4,4,0,0,4,4,0,0
POI-ID-00120e42,15,15,13,2,0,13,13,0,0
POI-ID-72bd8bfb,2,2,2,0,0,2,2,0,0
POI-ID-50740759,4,4,2,1,1,1,1,0,0
POI-ID-ab96a79d,15,15,14,1,0,14,14,0,0
POI-ID-8036d634,1,1,1,0,0,1,1,0,0
POI-ID-c79cf2a1,9,9,6,1,2,7,7,0,0
POI-ID-9aaa1fdf,31,31,26,4,1,26,26,0,0
POI-ID-2de38e9b,7,7,6,1,0,6,6,0,0
POI-ID-d9d40fae,13,13,8,3,2,7,7,0,0
POI-ID-02922fb7,1,1,1,0,0,1,1,0,0
POI-ID-9fcaedf8,5,5,4,1,0,4,4,0,0
POI-ID-f4938310,4,4,3,1,0,4,4,0,0
POI-ID-6a8fb567,11,11,10,1,0,10,10,0,0
POI-ID-e1312956,4,4,4,0,0,4,4,0,0
POI-ID-43c865d8,2,2,2,0,0,2,2,0,0
POI-ID-10137ac0,3,3,3,0,0,3,3,0,0
POI-ID-ede3cf4d,21,21,13,6,2,8,8,0,0
POI-ID-b016525a,4,4,4,0,0,4,4,0,0
POI-ID-ed118b36,1,1,1,0,0,1,1,0,0
POI-ID-92b24c81,3,3,2,1,0,2,2,0,0
POI-ID-0a979471,22,22,15,6,1,10,10,0,0
POI-ID-76d0b1c8,1,1,1,0,0,1,1,0,0
POI-ID-5e6206d2,1,1,1,0,0,1,1,0,0
POI-ID-19ab68b4,1,1,1,0,0,1,1,0,0
POI-ID-918804d4,8,8,6,1,1,6,6,0,0
POI-ID-37a1a1b7,8,8,8,0,0,8,8,0,0
POI-ID-64804f42,4,4,4,0,0,4,4,0,0
POI-ID-0a2ee6d4,52,52,32,14,6,5,5,0,0
POI-ID-7224a9b7,1,1,1,0,0,1,1,0,0
POI-ID-cca06b83,31,31,23,5,3,21,21,0,0
POI-ID-5d70d58d,13,13,11,2,0,11,11,0,0
POI-ID-422a2332,1,1,1,0,0,1,1,0,0
POI-ID-392c8f27,1,1,1,0,0,1,1,0,0
POI-ID-4f8f8686,17,17,12,3,2,9,9,0,0
POI-ID-1ba0a51f,8,8,5,1,2,3,3,0,0
POI-ID-40450b5d,3,3,1,1,1,1,1,0,0
POI-ID-f870bbb4,28,28,23,3,2,20,20,0,0
POI-ID-f8a8ee74,1,1,1,0,0,1,1,0,0
POI-ID-12c96492,2,2,2,0,0,2,2,0,0
POI-ID-d8c20a07,14,14,13,1,0,14,14,0,0
POI-ID-e91ad87f,15,15,11,3,1,11,11,0,0
POI-ID-871e4648,13,13,12,1,0,12,12,0,0
POI-ID-466ee75c,2,2,2,0,0,2,2,0,0
POI-ID-1b91fe5e,2,2,2,0,0,2,2,0,0
POI-ID-efba8c55,1,1,1,0,0,1,1,0,0
POI-ID-8fe645b8,21,21,14,4,3,13,13,0,0
POI-ID-1d1dabae,12,12,7,3,2,5,5,0,0
POI-ID-9085a63f,7,7,7,0,0,7,7,0,0
POI-ID-fd8f532b,11,11,8,2,1,7,7,0,0
POI-ID-2d7dac70,10,10,10,0,0,10,10,0,0
POI-ID-83be27a8,13,13,11,1,1,11,11,0,0
POI-ID-2ab1cc2d,11,11,10,1,0,10,10,0,0
POI-ID-1adc0a8a,16,16,12,3,1,12,12,0,0
POI-ID-f0c9b964,20,20,11,5,4,9,9,0,0
POI-ID-72a70652,20,20,19,1,0,19,19,0,0
POI-ID-be0eff96,2,2,2,0,0,2,2,0,0
POI-ID-67af4816,6,6,5,1,0,5,5,0,0
POI-ID-bd9bb4f5,2,2,2,0,0,2,2,0,0
POI-ID-7a952ff7,13,13,10,1,2,8,8,0,0
POI-ID-094703a0,2,2,1,1,0,1,1,0,0
POI-ID-aa754b6b,5,5,5,0,0,5,5,0,0
POI-ID-c8eef56e,1,1,1,0,0,1,1,0,0
POI-ID-efb67cb7,7,7,4,2,1,1,1,0,0
POI-ID-33e32723,5,5,5,0,0,5,5,0,0
POI-ID-20e5a559,4,4,3,1,0,3,3,0,0
POI-ID-546777f8,2,2,1,1,0,1,1,0,0
POI-ID-f6028182,1,1,1,0,0,1,1,0,0
POI-ID-6504bee3,1,1,1,0,0,1,1,0,0
POI-ID-2f5f2d04,1,1,1,0,0,1,1,0,0
POI-ID-b032c717,2,2,2,0,0,2,2,0,0
POI-ID-796ba60b,7,7,7,0,0,7,7,0,0
POI-ID-93a8bf46,1,1,1,0,0,1,1,0,0
POI-ID-624aa42c,6,6,6,0,0,6,6,0,0
POI-ID-63728e1d,1,1,1,0,0,1,1,0,0
POI-ID-a07f5773,3,3,3,0,0,3,3,0,0
POI-ID-ec87bde0,3,3,2,1,0,3,3,0,0
POI-ID-f71d9584,5,5,5,0,0,5,5,0,0
POI-ID-db8d119c,21,21,17,3,1,16,16,0,0
POI-ID-20a49f25,2,2,1,1,0,1,1,0,0
POI-ID-6e364898,4,4,2,1,1,1,1,0,0
POI-ID-853a3368,1,1,1,0,0,1,1,0,0
POI-ID-c5d780dc,9,9,8,1,0,8,8,0,0
POI-ID-7d04fe78,1,1,1,0,0,1,1,0,0
POI-ID-6fc0f9d9,16,16,12,2,2,12,12,0,0
POI-ID-962608ec,1,1,1,0,0,1,1,0,0
POI-ID-6bc0b4e4,7,7,6,1,0,6,6,0,0
POI-ID-cc58ce4e,1,1,1,0,0,1,1,0,0
POI-ID-15b32688,3,3,3,0,0,3,3,0,0
POI-ID-f0575afe,1,1,1,0,0,1,1,0,0
POI-ID-367e95ab,5,5,5,0,0,5,5,0,0
POI-ID-e926b356,3,3,3,0,0,3,3,0,0
POI-ID-26455789,5,5,5,0,0,5,5,0,0
POI-ID-db99eaa0,9,9,6,2,1,6,6,0,0
POI-ID-39385b32,2,2,2,0,0,2,2,0,0
POI-ID-49efe75c,3,3,2,1,0,2,2,0,0
POI-ID-58229635,12,12,9,2,1,9,9,0,0
POI-ID-2446acac,17,17,15,1,1,15,15,0,0
POI-ID-fa3f9d26,31,31,25,4,2,20,20,0,0
POI-ID-d8a15998,5,5,4,1,0,4,4,0,0
POI-ID-983514cc,2,2,2,0,0,2,2,0,0
POI-ID-87350782,11,11,10,1,0,10,10,0,0
POI-ID-b248f624,1,1,1,0,0,1,1,0,0
POI-ID-6b44c177,31,31,26,4,1,25,25,0,0
POI-ID-5ca95635,1,1,1,0,0,1,1,0,0
POI-ID-2b236ebf,1,1,1,0,0,1,1,0,0
POI-ID-11cc8263,5,5,5,0,0,5,5,0,0
POI-ID-9964c56c,2,2,2,0,0,2,2,0,0
POI-ID-b4d4c0f7,96,96,57,27,12,7,7,0,0
POI-ID-923e37ac,1,1,1,0,0,1,1,0,0
POI-ID-be37e46d,5,5,4,1,0,4,4,0,0
POI-ID-20ad6dbc,3,3,3,0,0,3,3,0,0
POI-ID-24174246,4,4,2,1,1,1,1,0,0
POI-ID-6ff0dc75,5,5,5,0,0,5,5,0,0
POI-ID-77828828,9,9,8,1,0,8,8,0,0
POI-ID-66ba63b5,2,2,2,0,0,2,2,0,0
POI-ID-26f11163,8,8,7,1,0,7,7,0,0
POI-ID-1d06cece,6,6,3,1,2,1,1,0,0
POI-ID-3e82058f,1,1,1,0,0,1,1,0,0
POI-ID-0d71a432,5,5,4,1,0,4,4,0,0
POI-ID-06dcb827,1,1,1,0,0,1,1,0,0
POI-ID-347dc971,2,2,2,0,0,2,2,0,0
POI-ID-ac786466,4,4,4,0,0,4,4,0,0
POI-ID-ff3f3542,3,3,1,1,1,1,1,0,0
POI-ID-c433fcfa,12,12,11,1,0,11,11,0,0
POI-ID-e12c4050,16,16,13,2,1,11,11,0,0
POI-ID-aa226770,19,19,15,2,2,15,15,0,0
POI-ID-7a4ab7e0,2,2,1,1,0,1,1,0,0
POI-ID-4a4df293,1,1,1,0,0,1,1,0,0
POI-ID-905ab414,18,18,14,3,1,14,14,0,0
POI-ID-c47e0b11,5,5,4,1,0,4,4,0,0
POI-ID-55d9be2c,8,8,6,2,0,6,6,0,0
POI-ID-32a2a548,38,38,26,8,4,10,10,0,0
POI-ID-fde3804c,20,20,16,2,2,16,16,0,0
POI-ID-58fbd200,27,27,20,5,2,18,18,0,0
POI-ID-3dfcac8d,25,25,18,4,3,18,18,0,0
POI-ID-780fa4e1,21,21,15,3,3,9,9,0,0
POI-ID-aa1f9f93,3,3,3,0,0,3,3,0,0
POI-ID-b08d1932,3,3,3,0,0,3,3,0,0
POI-ID-d60ef1d9,5,5,3,1,1,3,3,0,0
POI-ID-f1f9fc95,25,25,20,4,1,18,18,0,0
POI-ID-2d6c6e6a,31,31,23,5,3,21,21,0,0
POI-ID-6ccc0ec1,20,20,17,2,1,18,18,0,0
POI-ID-43fd5472,2,2,2,0,0,2,2,0,0
POI-ID-d2cbccc9,4,4,4,0,0,4,4,0,0
POI-ID-9e889f2f,2,2,2,0,0,2,2,0,0
POI-ID-50684ac6,23,23,17,3,3,17,17,0,0
POI-ID-440c2708,7,7,6,1,0,6,6,0,0
POI-ID-4f0f161e,17,17,12,3,2,13,13,0,0
POI-ID-f32d2ac1,5,5,4,1,0,4,4,0,0
POI-ID-d415d29d,1,1,1,0,0,1,1,0,0
POI-ID-cfd22e58,3,3,3,0,0,3,3,0,0
POI-ID-004745da,7,7,6,1,0,6,6,0,0
POI-ID-d398c8d8,7,7,7,0,0,7,7,0,0
POI-ID-29ca18f2,8,8,7,0,1,8,8,0,0
POI-ID-cc17837c,13,13,13,0,0,13,13,0,0
POI-ID-2b1ff0ed,3,3,2,1,0,2,2,0,0
POI-ID-c7533496,1,1,1,0,0,1,1,0,0
POI-ID-6c0b6842,5,5,3,1,1,1,1,0,0
POI-ID-d260bdf5,1,1,1,0,0,1,1,0,0
POI-ID-fe70bb2e,1,1,1,0,0,1,1,0,0
POI-ID-f3b5134f,7,7,4,2,1,4,4,0,0
POI-ID-5e80baaf,1,1,1,0,0,1,1,0,0
POI-ID-7e8e52bf,6,6,6,0,0,6,6,0,0
POI-ID-8443919c,5,5,4,1,0,4,4,0,0
POI-ID-19dc2722,6,6,5,1,0,5,5,0,0
POI-ID-851487a8,1,1,1,0,0,1,1,0,0
POI-ID-16c07951,5,5,3,1,1,3,3,0,0
POI-ID-355c9451,2,2,2,0,0,2,2,0,0
POI-ID-9fef1f52,4,4,4,0,0,4,4,0,0
POI-ID-5aa60361,1,1,1,0,0,1,1,0,0
POI-ID-0137ea30,3,3,3,0,0,3,3,0,0
POI-ID-00bd5c3a,3,3,3,0,0,3,3,0,0
POI-ID-36641941,2,2,1,1,0,1,1,0,0
POI-ID-90cd0e7b,5,5,5,0,0,5,5,0,0
POI-ID-afe50e89,6,6,5,1,0,5,5,0,0
POI-ID-d062b849,6,6,4,1,1,2,2,0,0
POI-ID-2ce883c7,8,8,7,1,0,7,7,0,0
POI-ID-259b0500,41,40,37,2,1,38,37,-1,-1
POI-ID-0127a091,5,5,4,1,0,4,4,0,0
POI-ID-f520392f,16,16,10,3,3,4,4,0,0
POI-ID-143253ef,10,10,6,2,2,2,2,0,0
POI-ID-670ba03c,1,1,1,0,0,1,1,0,0
POI-ID-45e2d4c6,1,1,1,0,0,1,1,0,0
POI-ID-2d71584e,1,1,1,0,0,1,1,0,0
POI-ID-28b5c1ad,1,1,1,0,0,1,1,0,0
POI-ID-b3722f4b,11,11,7,3,1,7,7,0,0
POI-ID-d700af1a,1,1,1,0,0,1,1,0,0
POI-ID-bea373be,42,42,23,12,7,10,10,0,0
POI-ID-21772104,1,1,1,0,0,1,1,0,0
POI-ID-781edfcf,19,19,17,2,0,17,17,0,0
POI-ID-0321aac4,1,1,1,0,0,1,1,0,0
POI-ID-bdb403a8,1,1,1,0,0,1,1,0,0
POI-ID-00aec65f,3,3,2,1,0,2,2,0,0
POI-ID-2950430e,5,5,5,0,0,5,5,0,0
POI-ID-f371ebe3,4,4,3,1,0,3,3,0,0
POI-ID-33ff9d92,5,5,3,1,1,3,3,0,0
POI-ID-135f090d,6,6,5,1,0,5,5,0,0
POI-ID-067e08a1,33,33,23,5,5,18,18,0,0
POI-ID-4ca9b86f,4,4,4,0,0,4,4,0,0
POI-ID-747fdb32,22,22,14,6,2,8,8,0,0
POI-ID-59738d78,20,20,16,4,0,17,17,0,0
POI-ID-42ac19b8,1,1,1,0,0,1,1,0,0
POI-ID-7da8ada6,1,1,1,0,0,1,1,0,0
POI-ID-f6a3dd6a,12,12,11,1,0,11,11,0,0
POI-ID-79f61350,3,3,3,0,0,3,3,0,0
POI-ID-9c470564,5,5,3,1,1,1,1,0,0
POI-ID-0a1ffbc2,6,6,4,1,1,4,4,0,0
POI-ID-5ac3ebdb,25,25,14,6,5,3,3,0,0
POI-ID-a1abd59e,37,37,24,9,4,20,20,0,0
POI-ID-a2a005aa,12,12,9,2,1,6,6,0,0
POI-ID-776bb85c,1,1,1,0,0,1,1,0,0
POI-ID-4002de2a,2,2,1,1,0,1,1,0,0
POI-ID-b40c297e,7,7,6,1,0,6,6,0,0
POI-ID-cb2c096b,6,6,6,0,0,6,6,0,0
POI-ID-e206eb6f,4,4,4,0,0,4,4,0,0
POI-ID-7459e33b,3,3,3,0,0,3,3,0,0
POI-ID-e3e8f269,1,1,1,0,0,1,1,0,0
POI-ID-5a2a954e,4,4,4,0,0,4,4,0,0
POI-ID-76dd5bef,1,1,1,0,0,1,1,0,0
POI-ID-6482bbbf,4,4,3,1,0,3,3,0,0
POI-ID-a35cb1b8,6,6,4,2,0,4,4,0,0
POI-ID-1a21e0d0,7,7,4,2,1,1,1,0,0
POI-ID-8e0e11f2,5,5,3,1,1,1,1,0,0
POI-ID-34a40fe3,1,1,1,0,0,1,1,0,0
POI-ID-e00fab95,2,2,2,0,0,2,2,0,0
POI-ID-08d112c2,1,1,1,0,0,1,1,0,0
POI-ID-8dc961cb,1,1,1,0,0,1,1,0,0
POI-ID-8227f575,12,12,11,1,0,11,11,0,0
POI-ID-6cff13a5,1,1,1,0,0,1,1,0,0
POI-ID-34270f90,10,10,6,3,1,1,1,0,0
POI-ID-9adc1423,2,2,2,0,0,2,2,0,0
POI-ID-de2c719b,2,2,1,1,0,1,1,0,0
POI-ID-b1e47309,5,5,3,1,1,1,1,0,0
POI-ID-9c42a473,3,3,3,0,0,3,3,0,0
POI-ID-39947e38,11,11,8,2,1,7,7,0,0
POI-ID-a3552a73,1,1,1,0,0,1,1,0,0
POI-ID-68edc496,3,3,3,0,0,3,3,0,0
POI-ID-f007ad88,4,4,4,0,0,4,4,0,0
POI-ID-5d41f612,17,17,10,5,2,1,1,0,0
POI-ID-29183673,4,4,4,0,0,4,4,0,0
POI-ID-19fe4eaa,4,4,4,0,0,4,4,0,0
POI-ID-d5bb3891,35,35,23,6,6,14,14,0,0
POI-ID-71cd41bc,4,4,4,0,0,4,4,0,0
POI-ID-cfb1fca0,2,2,2,0,0,2,2,0,0
POI-ID-807fbfe3,2,2,2,0,0,2,2,0,0
POI-ID-b3f81b3a,13,13,12,0,1,13,13,0,0
POI-ID-352fcedc,5,5,5,0,0,5,5,0,0
POI-ID-1c8e5ed8,3,3,3,0,0,3,3,0,0
POI-ID-d86a4048,1,1,1,0,0,1,1,0,0
POI-ID-2c1ab631,3,3,2,1,0,2,2,0,0
POI-ID-eac98f3a,16,16,14,2,0,14,14,0,0
POI-ID-5fa08d47,3,3,1,1,1,1,1,0,0
POI-ID-8bef1fed,13,13,7,4,2,2,2,0,0
POI-ID-50f08a0e,19,19,15,3,1,12,12,0,0
POI-ID-7f73b554,22,22,16,3,3,13,13,0,0
POI-ID-887ad31e,16,16,14,2,0,14,14,0,0
POI-ID-eb63e567,7,7,6,1,0,6,6,0,0
POI-ID-a2839188,8,8,8,0,0,8,8,0,0
POI-ID-b0a1f925,37,37,28,5,4,25,25,0,0
POI-ID-c1d1c812,13,13,11,2,0,11,11,0,0
POI-ID-b631e19d,1,1,1,0,0,1,1,0,0
POI-ID-f186c1a3,2,2,2,0,0,2,2,0,0
POI-ID-b976623d,5,5,4,1,0,4,4,0,0
POI-ID-91a53b3b,3,3,1,1,1,1,1,0,0
POI-ID-f24461dc,10,10,7,2,1,4,4,0,0
POI-ID-e2659509,10,10,8,1,1,8,8,0,0
POI-ID-88b75e3d,1,1,1,0,0,1,1,0,0
POI-ID-343ea688,12,12,10,1,1,8,8,0,0
POI-ID-8721ee28,1,1,1,0,0,1,1,0,0
POI-ID-a456d2c4,14,14,7,4,3,3,3,0,0
POI-ID-69716f39,12,12,8,3,1,7,7,0,0
POI-ID-bfbec209,2,2,2,0,0,2,2,0,0
POI-ID-d6e57a83,33,33,20,9,4,14,14,0,0
POI-ID-8fa1d7e0,12,12,7,4,1,8,8,0,0
POI-ID-88644f6c,15,15,12,2,1,12,12,0,0
POI-ID-3221c248,5,5,5,0,0,5,5,0,0
POI-ID-c707e672,4,4,4,0,0,4,4,0,0
POI-ID-504e6d66,12,12,8,2,2,8,8,0,0
POI-ID-761aa3e8,2,2,2,0,0,2,2,0,0
POI-ID-c521b482,11,11,10,1,0,10,10,0,0
POI-ID-c5756505,26,26,16,6,4,15,15,0,0
POI-ID-bf8b2375,12,12,11,1,0,11,11,0,0
POI-ID-196c1b3c,1,1,1,0,0,1,1,0,0
POI-ID-01701341,3,3,2,1,0,2,2,0,0
POI-ID-8694b83a,4,4,4,0,0,4,4,0,0
POI-ID-bb34e114,25,25,22,3,0,22,22,0,0
POI-ID-4840d594,7,7,6,1,0,6,6,0,0
POI-ID-379d4c79,7,7,7,0,0,7,7,0,0
POI-ID-5fd4f257,1,1,1,0,0,1,1,0,0
POI-ID-933222a8,13,13,13,0,0,13,13,0,0
POI-ID-c31ce874,12,12,11,1,0,11,11,0,0
POI-ID-2941ef20,1,1,1,0,0,1,1,0,0
POI-ID-077e8e41,1,1,1,0,0,1,1,0,0
POI-ID-fb06b9a3,1,1,1,0,0,1,1,0,0
POI-ID-635b3641,2,2,2,0,0,2,2,0,0
POI-ID-9b393e1d,2,2,2,0,0,2,2,0,0
POI-ID-4ff1b7bb,1,1,1,0,0,1,1,0,0
POI-ID-67d765b0,89,89,72,11,6,72,72,0,0
POI-ID-81538317,1,1,1,0,0,1,1,0,0
POI-ID-9e33a0c4,1,1,1,0,0,1,1,0,0
POI-ID-a558c99e,23,23,22,1,0,22,22,0,0
POI-ID-f66999a8,5,5,4,1,0,4,4,0,0
POI-ID-16080401,2,2,2,0,0,2,2,0,0
POI-ID-7b17f3ec,1,1,1,0,0,1,1,0,0
POI-ID-0386e191,10,10,8,1,1,6,6,0,0
POI-ID-676b59ce,17,17,15,1,1,15,15,0,0
POI-ID-4f42b4b6,8,8,7,1,0,7,7,0,0
POI-ID-083355ba,1,1,1,0,0,1,1,0,0
POI-ID-d6a668e6,4,4,3,0,1,4,4,0,0
POI-ID-b1a59586,7,7,6,1,0,6,6,0,0
POI-ID-f3ec0981,23,23,19,3,1,19,19,0,0
POI-ID-fc2244f8,17,17,10,5,2,1,1,0,0
POI-ID-56ea10e5,26,26,15,7,4,1,1,0,0
POI-ID-f132e9d4,10,10,5,3,2,4,4,0,0
POI-ID-d084e688,17,17,12,4,1,10,10,0,0
POI-ID-cc6ce68e,16,16,9,4,3,3,3,0,0
POI-ID-5ad6fc38,7,7,4,2,1,1,1,0,0
POI-ID-4fd5f7d8,70,70,41,17,12,18,18,0,0
POI-ID-d20d21fc,8,8,4,2,2,1,1,0,0
POI-ID-71bbf14d,12,12,7,3,2,2,2,0,0
POI-ID-b6c4099f,3,3,2,1,0,2,2,0,0
POI-ID-22caf9b2,3,3,3,0,0,3,3,0,0
POI-ID-0d74c1d1,1,1,1,0,0,1,1,0,0
POI-ID-bef49d63,7,7,5,2,0,5,5,0,0
POI-ID-0e4b5914,11,11,9,1,1,8,8,0,0
POI-ID-10f974de,3,3,3,0,0,3,3,0,0
POI-ID-a4a7d225,45,45,36,6,3,34,34,0,0
POI-ID-5eb11a56,4,4,3,1,0,3,3,0,0
POI-ID-40fed6d4,19,19,17,1,1,17,17,0,0
POI-ID-0c0f84bd,3,3,3,0,0,3,3,0,0
POI-ID-30afb3d0,1,1,1,0,0,1,1,0,0
POI-ID-f3a896fa,1,1,1,0,0,1,1,0,0
POI-ID-771390e6,6,6,5,0,1,6,6,0,0
POI-ID-6943acb2,1,1,1,0,0,1,1,0,0
POI-ID-59750c49,7,7,5,2,0,5,5,0,0
POI-ID-6b4cc46d,2,2,1,0,1,1,1,0,0
POI-ID-6ad9d1da,13,13,11,2,0,12,12,0,0
POI-ID-3811fe02,13,13,13,0,0,13,13,0,0
POI-ID-b4331f04,8,8,8,0,0,8,8,0,0
POI-ID-29b02b43,1,1,1,0,0,1,1,0,0
POI-ID-9e99f8c0,11,11,10,1,0,10,10,0,0
POI-ID-564de822,1,1,1,0,0,1,1,0,0
POI-ID-daa5d522,2,2,2,0,0,2,2,0,0
POI-ID-25e6aeeb,1,1,1,0,0,1,1,0,0
POI-ID-eceb79fe,4,4,3,1,0,3,3,0,0
POI-ID-1d64ea7f,5,5,5,0,0,5,5,0,0
POI-ID-4c358130,42,42,38,3,1,35,35,0,0
POI-ID-41765af2,1,1,1,0,0,1,1,0,0
POI-ID-b31fdb7f,2,2,2,0,0,2,2,0,0
POI-ID-b5dc1cac,22,22,21,1,0,21,21,0,0
POI-ID-ff9d6587,4,4,4,0,0,4,4,0,0
POI-ID-03fe580c,1,1,1,0,0,1,1,0,0
POI-ID-d6edd59d,9,9,9,0,0,9,9,0,0
POI-ID-01fcca5c,2,2,2,0,0,2,2,0,0
POI-ID-bdf4b330,5,5,4,1,0,4,4,0,0
POI-ID-179a5940,1,1,1,0,0,1,1,0,0
POI-ID-38aa5cbd,2,2,2,0,0,2,2,0,0
POI-ID-e920b6bf,13,13,11,2,0,11,11,0,0
POI-ID-7bb6b580,5,5,5,0,0,5,5,0,0
POI-ID-f096a58e,11,11,9,1,1,7,7,0,0
POI-ID-edbad91c,11,11,10,1,0,10,10,0,0
POI-ID-4a17afac,8,8,7,1,0,7,7,0,0
POI-ID-6ca4310e,8,8,7,1,0,7,7,0,0
POI-ID-0c891eb2,5,5,5,0,0,5,5,0,0
POI-ID-00752dff,7,7,6,1,0,6,6,0,0
POI-ID-e47f7af1,35,35,25,7,3,13,13,0,0
POI-ID-d3b6e13b,2,2,2,0,0,2,2,0,0
POI-ID-905ca9f2,10,10,9,1,0,9,9,0,0
POI-ID-0995ecda,5,5,4,1,0,4,4,0,0
POI-ID-327885dd,2,2,2,0,0,2,2,0,0
POI-ID-6079aefd,30,30,25,4,1,27,27,0,0
POI-ID-af25eb1d,7,7,7,0,0,7,7,0,0
POI-ID-5ae3dbc4,3,3,1,1,1,1,1,0,0
POI-ID-53c67197,1,1,1,0,0,1,1,0,0
POI-ID-53bdbb38,7,7,6,1,0,6,6,0,0
POI-ID-f9276d8f,6,6,4,1,1,3,3,0,0
POI-ID-69d5b1dc,9,9,9,0,0,9,9,0,0
POI-ID-560fb373,5,5,5,0,0,5,5,0,0
POI-ID-6218c671,18,18,14,2,2,11,11,0,0
POI-ID-253aa7f1,1,1,1,0,0,1,1,0,0
POI-ID-31bc5c2f,23,23,18,4,1,18,18,0,0
POI-ID-d25b5fb6,3,3,1,1,1,1,1,0,0
POI-ID-be03d64f,5,5,5,0,0,5,5,0,0
POI-ID-408e423e,1,1,1,0,0,1,1,0,0
POI-ID-39f08ae9,17,17,10,5,2,7,7,0,0
POI-ID-eeee33d5,2,2,1,1,0,1,1,0,0
POI-ID-3a8b582f,5,5,3,1,1,1,1,0,0
POI-ID-1d44c40b,1,1,1,0,0,1,1,0,0
POI-ID-aafb922a,45,45,36,7,2,36,36,0,0
POI-ID-dd5c998c,1,1,1,0,0,1,1,0,0
POI-ID-40d4774a,14,14,9,3,2,4,4,0,0
POI-ID-da2e5cdc,12,12,11,1,0,11,11,0,0
POI-ID-96a9010c,4,4,3,1,0,3,3,0,0
POI-ID-7ee752ee,4,4,4,0,0,4,4,0,0
POI-ID-d656b170,21,21,21,0,0,21,21,0,0
POI-ID-6733731c,1,1,1,0,0,1,1,0,0
POI-ID-7c024716,3,3,3,0,0,3,3,0,0
POI-ID-47687633,4,4,4,0,0,4,4,0,0
POI-ID-e739aa66,8,8,7,1,0,8,8,0,0
POI-ID-ea54fa31,3,3,1,1,1,1,1,0,0
POI-ID-ae927e9a,10,10,8,2,0,8,8,0,0
POI-ID-159bdcaf,1,1,1,0,0,1,1,0,0
POI-ID-d596f33d,11,11,7,3,1,4,4,0,0
POI-ID-1f5740da,14,14,11,2,1,9,9,0,0
POI-ID-a34dcb8a,2,2,1,1,0,1,1,0,0
POI-ID-c4ccfc9f,5,5,5,0,0,5,5,0,0
POI-ID-2f303a2a,3,3,2,1,0,2,2,0,0
POI-ID-dbcb4c95,5,5,5,0,0,5,5,0,0
POI-ID-9c0357c6,1,1,1,0,0,1,1,0,0
POI-ID-5d7353c2,3,3,3,0,0,3,3,0,0
POI-ID-765edca6,18,18,18,0,0,18,18,0,0
POI-ID-0771396c,3,3,1,1,1,1,1,0,0
POI-ID-4fcd861f,14,14,12,2,0,12,12,0,0
POI-ID-7c867aef,16,16,12,2,2,10,10,0,0
POI-ID-4701a3a0,3,3,3,0,0,3,3,0,0
POI-ID-904ea0aa,10,10,6,3,1,3,3,0,0
POI-ID-91dad19d,10,10,9,0,1,10,10,0,0
POI-ID-b731ac85,1,1,1,0,0,1,1,0,0
POI-ID-95f42aae,6,6,6,0,0,6,6,0,0
POI-ID-67753f57,1,1,1,0,0,1,1,0,0
POI-ID-fd441319,6,6,5,1,0,5,5,0,0
POI-ID-a4417e91,2,2,2,0,0,2,2,0,0
POI-ID-37e09c20,1,1,1,0,0,1,1,0,0
POI-ID-89e3dac1,9,9,9,0,0,9,9,0,0
POI-ID-26e0c392,8,8,7,1,0,7,7,0,0
POI-ID-8bf6f117,12,12,9,2,1,8,8,0,0
POI-ID-a853e478,3,3,3,0,0,3,3,0,0
POI-ID-36907832,5,5,5,0,0,5,5,0,0
POI-ID-0f94935b,3,3,2,1,0,2,2,0,0
POI-ID-978f3511,3,3,3,0,0,3,3,0,0
POI-ID-57c379e8,19,19,18,1,0,18,18,0,0
POI-ID-c6d75ae0,12,12,10,1,1,8,8,0,0
POI-ID-22938ce0,6,6,5,1,0,5,5,0,0
POI-ID-1b43db3d,32,32,24,5,3,21,21,0,0
POI-ID-b3642429,6,6,6,0,0,6,6,0,0
POI-ID-52e0b58a,2,2,2,0,0,2,2,0,0
POI-ID-27aa6afc,27,27,19,6,2,13,13,0,0
POI-ID-bc6f1d7c,3,3,1,1,1,1,1,0,0
POI-ID-6be025b5,3,3,2,1,0,2,2,0,0
POI-ID-6052d110,4,4,2,1,1,1,1,0,0
POI-ID-9ccbcc63,3,3,3,0,0,3,3,0,0
POI-ID-734d5f69,3,3,3,0,0,3,3,0,0
POI-ID-f9021f33,2,2,2,0,0,2,2,0,0
POI-ID-1b923326,10,10,7,3,0,8,8,0,0
POI-ID-bc9b2bad,2,2,1,1,0,1,1,0,0
POI-ID-308c17ff,1,1,1,0,0,1,1,0,0
POI-ID-f4a16b32,2,2,2,0,0,2,2,0,0
POI-ID-102e40a9,2,2,2,0,0,2,2,0,0
POI-ID-0b8bb333,1,1,1,0,0,1,1,0,0
POI-ID-61249599,5,5,3,2,0,3,3,0,0
POI-ID-7f283e23,3,3,3,0,0,3,3,0,0
POI-ID-0b19b5c1,2,2,2,0,0,2,2,0,0
POI-ID-8509fe3b,2,2,1,1,0,1,1,0,0
POI-ID-fff251bb,4,4,2,1,1,1,1,0,0
POI-ID-b5723b3e,2,2,2,0,0,2,2,0,0
POI-ID-de4a97c8,2,2,2,0,0,2,2,0,0
POI-ID-ba1ebc2d,6,6,6,0,0,6,6,0,0
POI-ID-8b568733,3,3,3,0,0,3,3,0,0
POI-ID-32884442,6,6,6,0,0,6,6,0,0
POI-ID-a6338f77,1,1,1,0,0,1,1,0,0
POI-ID-10a94afc,14,14,13,0,1,14,14,0,0
POI-ID-94d8d82f,18,18,15,3,0,15,15,0,0
POI-ID-7410d306,4,4,4,0,0,4,4,0,0
POI-ID-89bf9ba2,2,2,2,0,0,2,2,0,0
POI-ID-365c4ab4,9,9,9,0,0,9,9,0,0
POI-ID-1f4e3a4d,1,1,1,0,0,1,1,0,0
POI-ID-0f416803,2,2,2,0,0,2,2,0,0
POI-ID-ba766ef4,1,1,1,0,0,1,1,0,0
POI-ID-85fddcfd,8,8,7,0,1,7,7,0,0
POI-ID-17957767,1,1,1,0,0,1,1,0,0
POI-ID-dd17a0bf,5,5,5,0,0,5,5,0,0
POI-ID-fe5cd1b9,21,21,13,5,3,13,13,0,0
POI-ID-c6639dd2,2,2,1,1,0,1,1,0,0
POI-ID-8f539573,1,1,1,0,0,1,1,0,0
POI-ID-4a3ca42c,3,3,3,0,0,3,3,0,0
POI-ID-bf832fc3,11,11,8,2,1,5,5,0,0
POI-ID-32985c1b,4,4,3,1,0,3,3,0,0
POI-ID-116ba901,1,1,1,0,0,1,1,0,0
POI-ID-b8558d40,1,1,1,0,0,1,1,0,0
POI-ID-4da6b880,1,1,1,0,0,1,1,0,0
POI-ID-33caed9c,3,3,3,0,0,3,3,0,0
POI-ID-26bf0d2d,4,4,2,1,1,2,2,0,0
POI-ID-765f1d2f,7,7,6,1,0,6,6,0,0
POI-ID-149f93dc,2,2,2,0,0,2,2,0,0
POI-ID-0b606389,1,1,1,0,0,1,1,0,0
POI-ID-da482909,1,1,1,0,0,1,1,0,0
POI-ID-0398a2e5,5,5,5,0,0,5,5,0,0
POI-ID-b2fc9856,1,1,1,0,0,1,1,0,0
POI-ID-0199a2a9,1,1,1,0,0,1,1,0,0
POI-ID-723ffd70,2,2,2,0,0,2,2,0,0
POI-ID-c61f3bed,2,2,1,1,0,1,1,0,0
POI-ID-d90817b4,2,2,1,1,0,1,1,0,0
POI-ID-5a5970ce,10,10,10,0,0,10,10,0,0
POI-ID-d20f7206,1,1,1,0,0,1,1,0,0
POI-ID-a71f0f4a,2,2,1,1,0,1,1,0,0
POI-ID-52779d22,1,1,1,0,0,1,1,0,0
POI-ID-be2d354d,2,2,2,0,0,2,2,0,0
POI-ID-e5cbc81f,32,32,26,4,2,22,22,0,0
POI-ID-e283483c,2,2,2,0,0,2,2,0,0
POI-ID-1938cf26,2,2,2,0,0,2,2,0,0
POI-ID-48e21dcc,4,4,2,1,1,2,2,0,0
POI-ID-9dfd32f1,18,18,13,3,2,11,11,0,0
POI-ID-21a13274,1,1,1,0,0,1,1,0,0
POI-ID-98c77f17,1,1,1,0,0,1,1,0,0
POI-ID-4bb7730e,2,2,1,1,0,1,1,0,0
POI-ID-1b0a5e2e,4,4,4,0,0,4,4,0,0
POI-ID-785dc4f1,8,8,8,0,0,8,8,0,0
POI-ID-ffff979e,1,1,1,0,0,1,1,0,0
POI-ID-7eb4e7f7,24,24,18,3,3,17,17,0,0
POI-ID-5b559d9d,1,1,1,0,0,1,1,0,0
POI-ID-44dff2a3,1,1,1,0,0,1,1,0,0
POI-ID-8d7e679e,5,5,5,0,0,5,5,0,0
POI-ID-24d4f0ce,6,6,6,0,0,6,6,0,0
POI-ID-5d6486d4,1,1,1,0,0,1,1,0,0
POI-ID-759abee5,2,2,2,0,0,2,2,0,0
POI-ID-ae57bf99,4,4,3,0,1,4,4,0,0
POI-ID-50c54597,10,10,8,2,0,9,9,0,0
POI-ID-a8f5bf50,7,7,7,0,0,7,7,0,0
POI-ID-fe62a09b,70,70,53,13,4,54,54,0,0
POI-ID-3f8835a8,3,3,3,0,0,3,3,0,0
POI-ID-87050de5,1,1,1,0,0,1,1,0,0
POI-ID-3134e365,24,24,19,3,2,20,20,0,0
POI-ID-93aecb5e,1,1,1,0,0,1,1,0,0
POI-ID-53eaa03f,4,4,3,1,0,3,3,0,0
POI-ID-471c7afa,5,5,4,1,0,5,5,0,0
POI-ID-f3d5629e,6,6,4,1,1,4,4,0,0
POI-ID-f638f1ab,41,41,38,2,1,36,36,0,0
POI-ID-21ab6ab8,2,2,2,0,0,2,2,0,0
POI-ID-52d33a37,1,1,1,0,0,1,1,0,0
POI-ID-9d567325,5,5,4,1,0,4,4,0,0
POI-ID-905c10d9,5,5,4,1,0,4,4,0,0
POI-ID-ee736ac1,1,1,1,0,0,1,1,0,0
POI-ID-b0972234,5,5,3,1,1,2,2,0,0
POI-ID-286b511a,5,5,4,1,0,4,4,0,0
POI-ID-a27e3036,7,7,4,1,2,2,2,0,0
POI-ID-0df1b3b4,1,1,1,0,0,1,1,0,0
POI-ID-0db40205,6,6,6,0,0,6,6,0,0
POI-ID-762c6976,2,2,2,0,0,2,2,0,0
POI-ID-839bf13b,6,6,5,1,0,5,5,0,0
POI-ID-76dd5f28,18,18,18,0,0,18,18,0,0
POI-ID-9fe458c0,9,9,9,0,0,9,9,0,0
POI-ID-4304400e,3,3,3,0,0,3,3,0,0
POI-ID-94ad2454,1,1,1,0,0,1,1,0,0
POI-ID-be886229,3,3,3,0,0,3,3,0,0
POI-ID-d469995f,11,11,8,3,0,8,8,0,0
POI-ID-51a7c013,2,2,2,0,0,2,2,0,0
POI-ID-8c809c1b,1,1,1,0,0,1,1,0,0
POI-ID-5a66a4f7,8,8,6,2,0,6,6,0,0
POI-ID-ca574014,8,8,6,1,1,5,5,0,0
POI-ID-f7337e7a,1,1,1,0,0,1,1,0,0
POI-ID-e668e485,1,1,1,0,0,1,1,0,0
POI-ID-beb24258,1,1,1,0,0,1,1,0,0
POI-ID-ec1fc5f7,3,3,1,1,1,1,1,0,0
POI-ID-1ebce054,7,7,4,2,1,3,3,0,0
POI-ID-22d09bef,1,1,1,0,0,1,1,0,0
POI-ID-a18797d8,13,13,13,0,0,13,13,0,0
POI-ID-ea0d47c1,2,2,2,0,0,2,2,0,0
POI-ID-01fc23b2,11,11,8,1,2,6,6,0,0
POI-ID-7b1e1f86,2,2,1,1,0,1,1,0,0
POI-ID-ab7e8cd2,3,3,1,1,1,1,1,0,0
POI-ID-6519184e,70,70,43,20,7,7,7,0,0
POI-ID-fa2b5eb8,7,7,6,1,0,6,6,0,0
POI-ID-db26094c,9,9,6,3,0,7,7,0,0
POI-ID-b4616d5f,1,1,1,0,0,1,1,0,0
POI-ID-2a9a0546,5,5,4,0,1,4,4,0,0
POI-ID-027786e1,2,2,2,0,0,2,2,0,0
POI-ID-5f669e60,6,6,6,0,0,6,6,0,0
POI-ID-2c6e8c67,1,1,1,0,0,1,1,0,0
POI-ID-a794147e,9,9,9,0,0,9,9,0,0
POI-ID-a58f9b4b,126,126,79,29,18,34,34,0,0
POI-ID-208fbc46,5,5,3,1,1,3,3,0,0
POI-ID-ee54e34d,2,2,2,0,0,2,2,0,0
POI-ID-f706027e,23,23,17,4,2,13,13,0,0
POI-ID-7e96f528,43,43,32,8,3,18,18,0,0
POI-ID-baa0d4d1,1,1,1,0,0,1,1,0,0
POI-ID-c8f48da1,30,30,25,4,1,25,25,0,0
POI-ID-a175e7d2,1,1,1,0,0,1,1,0,0
POI-ID-70179bdd,12,12,8,2,2,5,5,0,0
POI-ID-4830572a,1,1,1,0,0,1,1,0,0
POI-ID-26d96b6d,1,1,1,0,0,1,1,0,0
POI-ID-444b03da,1,1,1,0,0,1,1,0,0
POI-ID-adff4197,1,1,1,0,0,1,1,0,0
POI-ID-9ea3f4e3,9,9,9,0,0,9,9,0,0
POI-ID-da857b69,1,1,1,0,0,1,1,0,0
POI-ID-20548fbb,3,3,3,0,0,3,3,0,0
POI-ID-5361ac35,31,31,21,8,2,12,12,0,0
POI-ID-5594c62e,3,3,2,1,0,2,2,0,0
POI-ID-3c07db5a,7,7,5,1,1,3,3,0,0
POI-ID-cab489e7,19,19,17,1,1,16,16,0,0
POI-ID-d13b0469,2,2,2,0,0,2,2,0,0
POI-ID-7a0e0e22,1,1,1,0,0,1,1,0,0
POI-ID-95d4cde5,1,1,1,0,0,1,1,0,0
POI-ID-bdbf8416,3,3,3,0,0,3,3,0,0
POI-ID-5ed7db19,16,16,13,2,1,12,12,0,0
POI-ID-89098363,5,5,5,0,0,5,5,0,0
POI-ID-7940d3a3,3,3,3,0,0,3,3,0,0
POI-ID-7521cb9a,9,9,7,2,0,7,7,0,0
POI-ID-c9916984,12,12,10,2,0,10,10,0,0
POI-ID-24980500,8,8,7,1,0,7,7,0,0
POI-ID-d9e83745,2,2,2,0,0,2,2,0,0
POI-ID-ce35ada5,2,2,2,0,0,2,2,0,0
POI-ID-03f84e25,1,1,1,0,0,1,1,0,0
POI-ID-0b4eaf34,4,4,3,1,0,3,3,0,0
POI-ID-af913925,3,3,2,1,0,3,3,0,0
POI-ID-daa0a29a,4,4,4,0,0,4,4,0,0
POI-ID-47cb2d50,2,2,2,0,0,2,2,0,0
POI-ID-9f3aa637,3,3,2,0,1,3,3,0,0
POI-ID-b1e5fa9b,1,1,1,0,0,1,1,0,0
POI-ID-38c327de,2,2,2,0,0,2,2,0,0
POI-ID-8b3be05f,1,1,1,0,0,1,1,0,0
POI-ID-55a8d1ed,5,5,5,0,0,5,5,0,0
POI-ID-57a0a89e,32,32,22,7,3,11,11,0,0
POI-ID-8eda04f5,6,6,5,1,0,5,5,0,0
POI-ID-4fb81ca6,6,6,6,0,0,6,6,0,0
POI-ID-4f2ef495,13,13,8,3,2,6,6,0,0
POI-ID-28b64c18,4,4,4,0,0,4,4,0,0
POI-ID-ca6c2485,9,9,6,2,1,6,6,0,0
POI-ID-e24bccab,41,41,30,8,3,24,24,0,0
POI-ID-e793ddec,2,2,2,0,0,2,2,0,0
POI-ID-8a71e6e6,1,1,1,0,0,1,1,0,0
POI-ID-4a34285d,1,1,1,0,0,1,1,0,0
POI-ID-7b00227c,4,4,3,1,0,3,3,0,0
POI-ID-9ce09da6,1,1,1,0,0,1,1,0,0
POI-ID-9b203447,12,12,11,1,0,11,11,0,0
POI-ID-6017e914,2,2,2,0,0,2,2,0,0
POI-ID-d0a340dc,3,3,2,1,0,2,2,0,0
POI-ID-b5e6438c,2,2,2,0,0,2,2,0,0
POI-ID-ba04eb73,4,4,3,1,0,3,3,0,0
POI-ID-86bbdaa8,3,3,3,0,0,3,3,0,0
POI-ID-3af18436,1,1,1,0,0,1,1,0,0
POI-ID-603934dc,1,1,1,0,0,1,1,0,0
POI-ID-040e79f4,4,4,4,0,0,4,4,0,0
POI-ID-cd448e9e,1,1,1,0,0,1,1,0,0
POI-ID-aa2ecca6,7,7,7,0,0,7,7,0,0
POI-ID-3639be37,26,26,17,6,3,14,14,0,0
POI-ID-bb96c790,10,10,8,2,0,8,8,0,0
POI-ID-8c428fd9,13,13,13,0,0,13,13,0,0
POI-ID-f63e00e9,6,6,4,1,1,4,4,0,0
POI-ID-60518dc4,4,4,4,0,0,4,4,0,0
POI-ID-36cb7b29,17,17,14,2,1,13,13,0,0
POI-ID-ce4777af,3,3,3,0,0,3,3,0,0
POI-ID-b2bd2d0f,16,16,14,1,1,13,13,0,0
POI-ID-30ada2d6,1,1,1,0,0,1,1,0,0
POI-ID-889fae8a,2,2,2,0,0,2,2,0,0
POI-ID-bb93cb69,2,2,2,0,0,2,2,0,0
POI-ID-dccea953,2,2,2,0,0,2,2,0,0
POI-ID-5c37cd27,3,3,3,0,0,3,3,0,0
POI-ID-aa288232,9,9,9,0,0,9,9,0,0
POI-ID-a0dbb633,5,5,4,1,0,4,4,0,0
POI-ID-74979e1c,11,11,10,1,0,10,10,0,0
POI-ID-35731855,1,1,1,0,0,1,1,0,0
POI-ID-a5be7110,1,1,1,0,0,1,1,0,0
POI-ID-7f1d9f8b,39,39,23,11,5,3,3,0,0
POI-ID-8cf44e40,35,35,21,10,4,2,2,0,0
POI-ID-3667209c,13,13,8,2,3,6,6,0,0
POI-ID-3a01f9eb,90,90,55,24,11,16,16,0,0
POI-ID-78014d6a,13,13,8,3,2,2,2,0,0
POI-ID-676fbffa,7,7,4,1,2,2,2,0,0
POI-ID-049d6ced,1,1,1,0,0,1,1,0,0
POI-ID-db0e4aa6,12,12,7,2,3,4,4,0,0
POI-ID-da139763,2,2,1,1,0,1,1,0,0
POI-ID-b53c6782,6,6,2,2,2,2,2,0,0
POI-ID-c969142a,1,1,1,0,0,1,1,0,0
POI-ID-68b0f84f,3,3,3,0,0,3,3,0,0
POI-ID-19836a46,1,1,1,0,0,1,1,0,0
POI-ID-6b010fac,8,8,6,2,0,6,6,0,0
POI-ID-064a628b,1,1,1,0,0,1,1,0,0
POI-ID-7cd403c2,1,1,1,0,0,1,1,0,0
POI-ID-e6e35ff4,36,36,21,9,6,5,5,0,0
POI-ID-ce25919b,2,2,1,1,0,1,1,0,0
POI-ID-87aaaee5,3,3,3,0,0,3,3,0,0
POI-ID-33dcb87a,4,4,3,1,0,3,3,0,0
POI-ID-33075e6c,2,2,2,0,0,2,2,0,0
POI-ID-a3bd4242,7,7,4,2,1,1,1,0,0
POI-ID-7580a2fb,15,15,11,3,1,10,10,0,0
POI-ID-e0d2018b,14,14,7,4,3,3,3,0,0
POI-ID-19bab824,2,2,2,0,0,2,2,0,0
POI-ID-3ad3e54d,1,1,1,0,0,1,1,0,0
POI-ID-fcc4765d,4,4,2,1,1,1,1,0,0
POI-ID-9355cb2f,2,2,2,0,0,2,2,0,0
POI-ID-3e27afe2,1,1,1,0,0,1,1,0,0
POI-ID-06083fe7,8,8,5,1,2,5,5,0,0
POI-ID-fc9c7990,1,1,1,0,0,1,1,0,0
POI-ID-c324f506,2,2,2,0,0,2,2,0,0
POI-ID-6a1d372c,1,1,1,0,0,1,1,0,0
POI-ID-815e5c70,2,2,1,1,0,1,1,0,0
POI-ID-f095c026,4,4,2,2,0,2,2,0,0
POI-ID-6dcdfd27,1,1,1,0,0,1,1,0,0
POI-ID-67956006,2,2,2,0,0,2,2,0,0
POI-ID-ddb914c1,1,1,1,0,0,1,1,0,0
POI-ID-02d5bf71,3,3,1,1,1,1,1,0,0
POI-ID-e4768024,3,3,1,1,1,1,1,0,0
POI-ID-5718ed2f,6,6,3,2,1,3,3,0,0
POI-ID-59309bda,4,4,4,0,0,4,4,0,0
POI-ID-3e1554be,6,6,6,0,0,6,6,0,0
POI-ID-e4b6653d,1,1,1,0,0,1,1,0,0
POI-ID-6d4630ce,3,3,2,1,0,2,2,0,0
POI-ID-2c0c576d,3,3,3,0,0,3,3,0,0
POI-ID-deaf12d8,3,3,3,0,0,3,3,0,0
POI-ID-88a0b492,2,2,2,0,0,2,2,0,0
POI-ID-c80ebff6,5,5,4,1,0,4,4,0,0
POI-ID-bcb3297e,5,5,2,2,1,2,2,0,0
POI-ID-3871dbf4,8,8,5,2,1,5,5,0,0
POI-ID-5219484b,1,1,1,0,0,1,1,0,0
POI-ID-1bce66ff,1,1,1,0,0,1,1,0,0
POI-ID-86cf13b8,8,8,4,2,2,1,1,0,0
POI-ID-ae9cac4d,2,2,1,1,0,1,1,0,0
POI-ID-20f4fe06,1,1,1,0,0,1,1,0,0
POI-ID-dd950695,34,34,20,10,4,3,3,0,0
POI-ID-aaea45a8,12,12,7,2,3,4,4,0,0
POI-ID-b2e7971d,16,16,13,2,1,10,10,0,0
POI-ID-d66aba4b,9,9,9,0,0,9,9,0,0
POI-ID-79f38873,4,4,4,0,0,4,4,0,0
POI-ID-ba1d8e4e,1,1,1,0,0,1,1,0,0
POI-ID-3644acbd,3,3,2,1,0,2,2,0,0
POI-ID-adb5d79f,8,8,5,2,1,2,2,0,0
POI-ID-3442d803,10,10,6,2,2,2,2,0,0
POI-ID-50530f3c,40,40,23,12,5,2,2,0,0
POI-ID-74683c58,1,1,1,0,0,1,1,0,0
POI-ID-17346c90,6,6,4,2,0,4,4,0,0
POI-ID-6f5f4480,1,1,1,0,0,1,1,0,0
POI-ID-853d424b,6,6,6,0,0,6,6,0,0
POI-ID-710621e5,2,2,1,1,0,1,1,0,0
POI-ID-3272aa3a,39,39,23,11,5,2,2,0,0
POI-ID-c9e41b16,2,2,2,0,0,2,2,0,0
POI-ID-ae6e0f9e,3,3,2,1,0,2,2,0,0
POI-ID-2586b1ae,5,5,4,1,0,4,4,0,0
POI-ID-8157e740,5,5,5,0,0,5,5,0,0
POI-ID-c0086ea7,2,2,2,0,0,2,2,0,0
POI-ID-e79dfe68,16,16,11,3,2,8,8,0,0
POI-ID-5b12a7c3,7,7,7,0,0,7,7,0,0
POI-ID-ea2653bd,1,1,1,0,0,1,1,0,0
POI-ID-ac331758,3,3,2,1,0,2,2,0,0
POI-ID-86d9b4d8,2,2,1,1,0,1,1,0,0
POI-ID-ec1dcb7e,2,2,2,0,0,2,2,0,0
POI-ID-94a5ff9b,19,19,17,2,0,17,17,0,0
POI-ID-ff85172f,2,2,2,0,0,2,2,0,0
POI-ID-eb00fb13,3,3,3,0,0,3,3,0,0
POI-ID-f8ad4223,1,1,1,0,0,1,1,0,0
POI-ID-3b717441,4,4,2,1,1,2,2,0,0
POI-ID-90ae50ac,3,3,2,1,0,2,2,0,0
POI-ID-290174ba,19,19,14,3,2,13,13,0,0
POI-ID-0883dc28,4,4,4,0,0,4,4,0,0
POI-ID-5e5ba52d,2,2,2,0,0,2,2,0,0
POI-ID-8b3ab96d,1,1,1,0,0,1,1,0,0
POI-ID-104b8c5e,3,3,2,1,0,2,2,0,0
POI-ID-de47213f,1,1,1,0,0,1,1,0,0
POI-ID-97e133c5,16,16,16,0,0,16,16,0,0
POI-ID-7f77648f,9,9,5,2,2,2,2,0,0
POI-ID-3778ed3f,2,2,1,1,0,1,1,0,0
POI-ID-dc56ce5f,1,1,1,0,0,1,1,0,0
POI-ID-7cb35439,2,2,2,0,0,2,2,0,0
POI-ID-28ee4c8f,2,2,2,0,0,2,2,0,0
POI-ID-2bdec8d9,1,1,1,0,0,1,1,0,0
POI-ID-fe13a64d,5,5,4,1,0,4,4,0,0
POI-ID-02612880,8,8,4,2,2,2,2,0,0
POI-ID-df630bd6,1,1,1,0,0,1,1,0,0
POI-ID-b6f3fbb1,3,3,3,0,0,3,3,0,0
POI-ID-f37483f8,4,4,4,0,0,4,4,0,0
POI-ID-d943f7b8,5,5,3,2,0,3,3,0,0
POI-ID-5ee2bdcf,2,2,2,0,0,2,2,0,0
POI-ID-8b60a970,2,2,1,1,0,1,1,0,0
POI-ID-ad4117f7,8,8,4,2,2,2,2,0,0
POI-ID-71160d77,1,1,1,0,0,1,1,0,0
POI-ID-3a664540,6,6,4,1,1,6,6,0,0
POI-ID-d19495bb,1,1,1,0,0,1,1,0,0
POI-ID-d44fe19c,3,3,3,0,0,3,3,0,0
POI-ID-f0282e70,2,2,2,0,0,2,2,0,0
POI-ID-8bf07c66,9,9,9,0,0,9,9,0,0
POI-ID-1636e3cd,6,6,4,2,0,4,4,0,0
POI-ID-75ff1eed,11,11,7,2,2,3,3,0,0
POI-ID-768d25da,11,11,6,3,2,3,3,0,0
POI-ID-fc8f5c28,6,6,4,1,1,2,2,0,0
POI-ID-a1678d3a,2,2,2,0,0,2,2,0,0
POI-ID-f400b7c1,1,1,1,0,0,1,1,0,0
POI-ID-a343ca0a,1,1,1,0,0,1,1,0,0
POI-ID-6ebc8445,11,11,10,1,0,10,10,0,0
POI-ID-ea6563ec,2,2,2,0,0,2,2,0,0
POI-ID-0d95111e,5,5,5,0,0,5,5,0,0
POI-ID-5a1b771b,12,12,12,0,0,12,12,0,0
POI-ID-92c15fc6,2,2,2,0,0,2,2,0,0
POI-ID-f223e73e,2,2,2,0,0,2,2,0,0
POI-ID-de976b9a,9,9,7,1,1,7,7,0,0
POI-ID-0e9a1653,1,1,1,0,0,1,1,0,0
POI-ID-bf8b0025,5,5,4,1,0,4,4,0,0
POI-ID-b98e28b0,6,6,5,1,0,5,5,0,0
POI-ID-19f2bf99,2,2,2,0,0,2,2,0,0
POI-ID-ea802015,4,4,2,2,0,2,2,0,0
POI-ID-ba8e8f38,2,2,2,0,0,2,2,0,0
POI-ID-4d9dd971,4,4,4,0,0,4,4,0,0
POI-ID-bfd6e74a,1,1,1,0,0,1,1,0,0
POI-ID-4f7ae5f4,2,2,2,0,0,2,2,0,0
POI-ID-72d76734,1,1,1,0,0,1,1,0,0
POI-ID-d81e7038,1,1,1,0,0,1,1,0,0
POI-ID-b4e4f44e,4,4,2,1,1,2,2,0,0
POI-ID-dfb040d5,1,1,1,0,0,1,1,0,0
POI-ID-e95a1d52,1,1,1,0,0,1,1,0,0
POI-ID-93e3a295,2,2,1,1,0,1,1,0,0
POI-ID-74c8cf5a,5,5,5,0,0,5,5,0,0
POI-ID-d083c32d,9,9,6,1,2,4,4,0,0
POI-ID-e4e001d8,1,1,1,0,0,1,1,0,0
POI-ID-391a8064,5,5,3,1,1,3,3,0,0
POI-ID-5d11a26d,3,3,2,1,0,2,2,0,0
POI-ID-ef6b6e84,34,34,19,10,5,4,4,0,0
POI-ID-26601e70,14,14,11,3,0,11,11,0,0
POI-ID-ec394e48,9,9,5,2,2,3,3,0,0
POI-ID-7ea7f736,1,1,1,0,0,1,1,0,0
POI-ID-78b9b873,1,1,1,0,0,1,1,0,0
POI-ID-7089564b,2,2,1,1,0,1,1,0,0
POI-ID-6ca537e3,5,5,4,1,0,4,4,0,0
POI-ID-71bd15d2,1,1,1,0,0,1,1,0,0
POI-ID-7084d223,3,3,1,1,1,1,1,0,0
POI-ID-3975fa42,3,3,3,0,0,3,3,0,0
POI-ID-0729685b,2,2,2,0,0,2,2,0,0
POI-ID-71a231d9,1,1,1,0,0,1,1,0,0
POI-ID-755bebd9,1,1,1,0,0,1,1,0,0
POI-ID-30815853,2,2,2,0,0,2,2,0,0
POI-ID-f0419fd2,1,1,1,0,0,1,1,0,0
POI-ID-66efa075,5,5,4,1,0,4,4,0,0
POI-ID-f53f2c21,2,2,1,1,0,1,1,0,0
POI-ID-9dd2e7a8,2,2,1,1,0,1,1,0,0
POI-ID-6a2b7c0b,3,3,3,0,0,3,3,0,0
POI-ID-bed98258,4,4,4,0,0,4,4,0,0
POI-ID-b1638eaf,2,2,2,0,0,2,2,0,0
POI-ID-a175c074,2,2,2,0,0,2,2,0,0
POI-ID-57583421,14,14,13,1,0,13,13,0,0
POI-ID-c7e014fd,4,4,3,1,0,3,3,0,0
POI-ID-13486012,3,3,3,0,0,3,3,0,0
POI-ID-d177e83a,2,2,2,0,0,2,2,0,0
POI-ID-358f3d96,6,6,4,1,1,2,2,0,0
POI-ID-e5586bf4,4,4,4,0,0,4,4,0,0
POI-ID-d657fa8a,2,2,2,0,0,2,2,0,0
POI-ID-25b674b1,5,5,5,0,0,5,5,0,0
POI-ID-53e01cdf,1,1,1,0,0,1,1,0,0
POI-ID-f43ca1eb,2,2,2,0,0,2,2,0,0
POI-ID-de91d0aa,27,27,26,0,1,27,27,0,0
POI-ID-cbf896a3,3,3,3,0,0,3,3,0,0
POI-ID-31af4484,1,1,1,0,0,1,1,0,0
POI-ID-a2f0c445,9,9,9,0,0,9,9,0,0
POI-ID-dd4d306b,2,2,2,0,0,2,2,0,0
POI-ID-17321a5c,1,1,1,0,0,1,1,0,0
POI-ID-cd4bdd22,2,2,2,0,0,2,2,0,0
POI-ID-fdc5ba50,3,3,2,1,0,2,2,0,0
POI-ID-60de5851,4,4,4,0,0,4,4,0,0
POI-ID-b989b3d7,1,1,1,0,0,1,1,0,0
POI-ID-6796fffe,3,3,3,0,0,3,3,0,0
POI-ID-47a68f7b,1,1,1,0,0,1,1,0,0
POI-ID-01354a6e,12,12,11,1,0,11,11,0,0
POI-ID-9bae6622,12,12,12,0,0,12,12,0,0
POI-ID-988f400f,7,7,3,3,1,4,4,0,0
POI-ID-6a53eed2,5,5,3,1,1,3,3,0,0
POI-ID-88699047,10,10,8,1,1,8,8,0,0
POI-ID-f9a96e25,6,6,4,1,1,3,3,0,0
POI-ID-3059da69,2,2,1,1,0,1,1,0,0
POI-ID-c2284677,4,4,4,0,0,4,4,0,0
POI-ID-9f12692c,1,1,1,0,0,1,1,0,0
POI-ID-94eecc4e,1,1,1,0,0,1,1,0,0
POI-ID-385fc2a2,1,1,1,0,0,1,1,0,0
POI-ID-4b10f7f4,2,2,2,0,0,2,2,0,0
POI-ID-87e6d1b4,9,9,9,0,0,9,9,0,0
POI-ID-832c2463,10,10,6,2,2,3,3,0,0
POI-ID-331d2142,11,11,9,2,0,9,9,0,0
POI-ID-61230781,2,2,2,0,0,2,2,0,0
POI-ID-a7d32e00,13,13,10,2,1,10,10,0,0
POI-ID-3678e588,7,7,7,0,0,7,7,0,0
POI-ID-0d4eeb30,2,2,2,0,0,2,2,0,0
POI-ID-4f71b3ff,5,5,4,1,0,4,4,0,0
POI-ID-3eb6644c,5,5,5,0,0,5,5,0,0
POI-ID-b2f0f7de,10,10,7,2,1,8,8,0,0
POI-ID-ea703a9d,12,12,12,0,0,12,12,0,0
POI-ID-8fbb7d34,1,1,1,0,0,1,1,0,0
POI-ID-aacbe696,24,24,22,2,0,22,22,0,0
POI-ID-96f3ec77,1,1,1,0,0,1,1,0,0
POI-ID-5fdca3a9,8,8,6,2,0,6,6,0,0
POI-ID-957c8d42,1,1,1,0,0,1,1,0,0
POI-ID-fcfd58e3,1,1,1,0,0,1,1,0,0
POI-ID-76aa1986,2,2,2,0,0,2,2,0,0
POI-ID-ab5f2f83,85,85,55,19,11,29,29,0,0
POI-ID-80c98601,5,5,3,1,1,3,3,0,0
POI-ID-da8ad1cc,6,6,6,0,0,6,6,0,0
POI-ID-810c38c9,1,1,1,0,0,1,1,0,0
POI-ID-e48f31f1,36,36,26,7,3,14,14,0,0
POI-ID-5ef6101e,7,7,7,0,0,7,7,0,0
POI-ID-cae5da9d,2,2,2,0,0,2,2,0,0
POI-ID-8f13ad2c,10,10,9,1,0,9,9,0,0
POI-ID-3aaae342,5,5,5,0,0,5,5,0,0
POI-ID-6728b132,3,3,3,0,0,3,3,0,0
POI-ID-58894426,9,9,7,2,0,7,7,0,0
POI-ID-0cab6529,11,11,10,0,1,10,10,0,0
POI-ID-21faf563,14,14,13,1,0,13,13,0,0
POI-ID-fe50c24e,7,7,7,0,0,7,7,0,0
POI-ID-03aea1bd,9,9,9,0,0,9,9,0,0
POI-ID-b59104e0,1,1,1,0,0,1,1,0,0
POI-ID-51226720,1,1,1,0,0,1,1,0,0
POI-ID-4a5c1298,13,13,13,0,0,13,13,0,0
POI-ID-5869e8b2,15,15,9,4,2,4,4,0,0
POI-ID-f68fffd8,8,8,6,2,0,7,7,0,0
POI-ID-b5ebac99,2,2,2,0,0,2,2,0,0
POI-ID-46bbb4a2,6,6,5,1,0,5,5,0,0
POI-ID-0675b7ce,1,1,1,0,0,1,1,0,0
POI-ID-ca701109,13,13,11,1,1,11,11,0,0
POI-ID-2bc52afe,3,3,3,0,0,3,3,0,0
POI-ID-1831d19d,33,33,29,3,1,28,28,0,0
POI-ID-219dfded,9,9,6,2,1,6,6,0,0
POI-ID-a17afbdc,9,9,8,1,0,8,8,0,0
POI-ID-76e46893,16,16,13,1,2,11,11,0,0
POI-ID-e75b8974,4,4,3,1,0,3,3,0,0
POI-ID-1149dee0,4,4,3,1,0,3,3,0,0
POI-ID-7f77e664,12,12,11,1,0,11,11,0,0
POI-ID-267b19be,2,2,1,1,0,1,1,0,0
POI-ID-b2a0b2b8,4,4,3,1,0,3,3,0,0
POI-ID-5cfc6562,3,3,3,0,0,3,3,0,0
POI-ID-36db6b59,2,2,1,1,0,1,1,0,0
POI-ID-2ce50ba5,8,8,5,3,0,5,5,0,0
POI-ID-ba2be1ed,8,8,5,2,1,5,5,0,0
POI-ID-ab9353c3,1,1,1,0,0,1,1,0,0
POI-ID-7d5f29e9,13,13,13,0,0,13,13,0,0
POI-ID-959dede1,14,14,11,2,1,11,11,0,0
POI-ID-2962c57a,14,14,13,1,0,14,14,0,0
POI-ID-ebdb8c29,6,6,5,1,0,5,5,0,0
POI-ID-d22895b0,7,7,7,0,0,7,7,0,0
POI-ID-e6ccbe1c,3,3,3,0,0,3,3,0,0
POI-ID-1c09ec18,9,9,6,2,1,6,6,0,0
POI-ID-f390c7fc,3,3,3,0,0,3,3,0,0
POI-ID-48910d11,20,20,18,2,0,18,18,0,0
POI-ID-4fd1c2d6,11,11,9,2,0,9,9,0,0
POI-ID-63f7b4d9,3,3,3,0,0,3,3,0,0
POI-ID-c9cc687c,5,5,5,0,0,5,5,0,0
POI-ID-2328820d,8,8,6,1,1,4,4,0,0
POI-ID-f12a4d0e,2,2,2,0,0,2,2,0,0
POI-ID-6b55c78d,18,18,16,2,0,16,16,0,0
POI-ID-2289aa77,1,1,1,0,0,1,1,0,0
POI-ID-32c63274,3,3,1,1,1,1,1,0,0
POI-ID-9ecad160,3,3,3,0,0,3,3,0,0
POI-ID-5afd1173,14,14,12,1,1,12,12,0,0
POI-ID-a1bf8875,6,6,4,1,1,5,5,0,0
POI-ID-38c79a44,3,3,3,0,0,3,3,0,0
POI-ID-4eab5aca,27,27,25,1,1,26,26,0,0
POI-ID-d0daeecf,24,24,22,2,0,22,22,0,0
POI-ID-2557c84d,6,6,4,1,1,4,4,0,0
POI-ID-e17710bd,1,1,1,0,0,1,1,0,0
POI-ID-ef59058e,9,9,7,1,1,7,7,0,0
POI-ID-cc6f25bb,1,1,1,0,0,1,1,0,0
POI-ID-83c52f32,4,4,3,1,0,3,3,0,0
POI-ID-a3897db3,1,1,1,0,0,1,1,0,0
POI-ID-1d4cf448,7,7,4,1,2,3,3,0,0
POI-ID-b0f3fcba,6,6,6,0,0,6,6,0,0
POI-ID-5b08cb4b,1,1,1,0,0,1,1,0,0
POI-ID-26559243,9,9,5,2,2,1,1,0,0
POI-ID-972bf84a,2,2,2,0,0,2,2,0,0
POI-ID-b41781f9,2,2,2,0,0,2,2,0,0
POI-ID-f3a4c6fb,3,3,3,0,0,3,3,0,0
POI-ID-848822c5,3,3,3,0,0,3,3,0,0
POI-ID-b3f4ece8,2,2,2,0,0,2,2,0,0
POI-ID-7f979564,6,6,6,0,0,6,6,0,0
POI-ID-5b61fc95,7,7,7,0,0,7,7,0,0
POI-ID-912a96c1,5,5,4,1,0,4,4,0,0
POI-ID-402212a3,4,4,2,1,1,1,1,0,0
POI-ID-6193373a,6,6,6,0,0,6,6,0,0
POI-ID-ceb77cd2,31,31,20,6,5,15,15,0,0
POI-ID-3b925315,5,5,4,1,0,4,4,0,0
POI-ID-3c889ffb,1,1,1,0,0,1,1,0,0
POI-ID-5870785e,3,3,3,0,0,3,3,0,0
POI-ID-ac50f1d5,1,1,1,0,0,1,1,0,0
POI-ID-ed71286d,8,8,7,1,0,7,7,0,0
POI-ID-eb174343,2,2,2,0,0,2,2,0,0
POI-ID-d155b7af,1,1,1,0,0,1,1,0,0
POI-ID-aa5ca98f,5,5,5,0,0,5,5,0,0
POI-ID-cf59f076,3,3,2,0,1,3,3,0,0
POI-ID-b2fba861,6,6,5,1,0,5,5,0,0
POI-ID-dae41ad4,14,14,10,2,2,6,6,0,0
POI-ID-7a7c5ebc,11,11,8,1,2,6,6,0,0
POI-ID-4d82b3c6,56,56,34,16,6,2,2,0,0
POI-ID-850f8519,1,1,1,0,0,1,1,0,0
POI-ID-0e03a81e,29,29,20,5,4,20,20,0,0
POI-ID-13f8aead,17,17,13,3,1,13,13,0,0
POI-ID-ba6d4cd0,6,6,5,1,0,5,5,0,0
POI-ID-7b974d81,27,27,18,6,3,7,7,0,0
POI-ID-ddca3afe,6,6,6,0,0,6,6,0,0
POI-ID-faa121cf,9,9,8,1,0,8,8,0,0
POI-ID-6990592d,38,38,36,2,0,36,36,0,0
POI-ID-909571ab,5,5,3,2,0,4,4,0,0
POI-ID-fa83f3c8,14,14,12,1,1,13,13,0,0
POI-ID-dbb9d8ae,3,3,3,0,0,3,3,0,0
POI-ID-1070598b,1,1,1,0,0,1,1,0,0
POI-ID-7a7200f7,2,2,1,1,0,1,1,0,0
POI-ID-b773d83b,3,3,3,0,0,3,3,0,0
POI-ID-d883e055,2,2,2,0,0,2,2,0,0
POI-ID-3ba8f5a6,3,3,3,0,0,3,3,0,0
POI-ID-8dbdfcc9,29,29,20,5,4,18,18,0,0
POI-ID-2c389b83,6,6,5,1,0,5,5,0,0
POI-ID-f948b298,5,5,5,0,0,5,5,0,0
POI-ID-c816cfae,1,1,1,0,0,1,1,0,0
POI-ID-3a633449,3,3,3,0,0,3,3,0,0
POI-ID-ceb7b016,21,21,18,3,0,18,18,0,0
POI-ID-a314c1a0,6,6,5,1,0,5,5,0,0
POI-ID-e37f7a8e,9,9,9,0,0,9,9,0,0
POI-ID-a0d85a8e,11,11,10,1,0,10,10,0,0
POI-ID-b932c1a9,1,1,1,0,0,1,1,0,0
POI-ID-53e2f872,1,1,1,0,0,1,1,0,0
POI-ID-49dc9d2d,17,17,13,3,1,13,13,0,0
POI-ID-79ffb3a4,3,3,3,0,0,3,3,0,0
POI-ID-502cc4b3,20,20,18,1,1,18,18,0,0
POI-ID-c7f8a7de,3,3,3,0,0,3,3,0,0
POI-ID-5b150f88,1,1,1,0,0,1,1,0,0
POI-ID-6992bcaa,2,2,2,0,0,2,2,0,0
POI-ID-93f99b78,3,3,2,1,0,2,2,0,0
POI-ID-0423fd45,1,1,1,0,0,1,1,0,0
POI-ID-628e28a6,6,6,5,0,1,6,6,0,0
POI-ID-13ab7742,4,4,3,1,0,3,3,0,0
POI-ID-224cdca9,25,25,18,5,2,10,10,0,0
POI-ID-b4d56e7c,19,19,16,1,2,14,14,0,0
POI-ID-5bd7f0fd,12,12,11,1,0,11,11,0,0
POI-ID-60d34910,8,8,7,1,0,7,7,0,0
POI-ID-37372cc6,2,2,2,0,0,2,2,0,0
POI-ID-6ef1089b,2,2,1,1,0,1,1,0,0
POI-ID-61ca4356,2,2,2,0,0,2,2,0,0
POI-ID-7441cb26,2,2,2,0,0,2,2,0,0
POI-ID-19a72d86,4,4,4,0,0,4,4,0,0
POI-ID-7713a11c,2,2,1,1,0,1,1,0,0
POI-ID-36397eb2,2,2,2,0,0,2,2,0,0
POI-ID-ea4b63d6,1,1,1,0,0,1,1,0,0
POI-ID-c4937fbc,2,2,1,1,0,1,1,0,0
POI-ID-ecd05736,3,3,2,1,0,2,2,0,0
POI-ID-3a17ae5a,10,10,7,2,1,7,7,0,0
POI-ID-a9cb47d5,9,9,8,1,0,8,8,0,0
POI-ID-b3ff5bcd,6,6,5,1,0,5,5,0,0
POI-ID-32288930,1,1,1,0,0,1,1,0,0
POI-ID-67afba32,16,16,14,2,0,14,14,0,0
POI-ID-f7666843,8,8,8,0,0,8,8,0,0
POI-ID-8db05a63,2,2,2,0,0,2,2,0,0
POI-ID-d7f8d61c,15,15,13,2,0,13,13,0,0
POI-ID-3a2f486f,2,2,2,0,0,2,2,0,0
POI-ID-eb1d7618,16,16,15,1,0,15,15,0,0
POI-ID-aafad7d4,1,1,1,0,0,1,1,0,0
POI-ID-72cab3ab,3,3,1,1,1,1,1,0,0
POI-ID-ae6aac12,2,2,2,0,0,2,2,0,0
POI-ID-71c9fbcf,2,2,2,0,0,2,2,0,0
POI-ID-dcc385d4,7,7,5,1,1,5,5,0,0
POI-ID-3f5abbad,15,15,14,1,0,14,14,0,0
POI-ID-e73201a9,22,22,21,1,0,21,21,0,0
POI-ID-fb105255,3,3,3,0,0,3,3,0,0
POI-ID-580e4404,1,1,1,0,0,1,1,0,0
POI-ID-efbfee3b,3,3,3,0,0,3,3,0,0
POI-ID-87a144a2,1,1,1,0,0,1,1,0,0
POI-ID-80fc123e,12,12,11,1,0,11,11,0,0
POI-ID-c64822aa,1,1,1,0,0,1,1,0,0
POI-ID-40d4281b,1,1,1,0,0,1,1,0,0
POI-ID-9bc78947,2,2,2,0,0,2,2,0,0
POI-ID-d574cd61,4,4,3,1,0,3,3,0,0
POI-ID-c38a009e,2,2,2,0,0,2,2,0,0
POI-ID-41e342db,1,1,1,0,0,1,1,0,0
POI-ID-f3a78d76,1,1,1,0,0,1,1,0,0
POI-ID-a088e2e0,10,10,7,2,1,7,7,0,0
POI-ID-99add2c7,2,2,2,0,0,2,2,0,0
POI-ID-586bb784,2,2,2,0,0,2,2,0,0
POI-ID-a4e71daf,18,18,11,4,3,3,3,0,0
POI-ID-fd3dd936,3,3,3,0,0,3,3,0,0
POI-ID-d879b132,14,14,11,2,1,11,11,0,0
POI-ID-2467922c,4,4,2,1,1,2,2,0,0
POI-ID-5cbc3082,1,1,1,0,0,1,1,0,0
POI-ID-450ce728,8,8,8,0,0,8,8,0,0
POI-ID-022edfc7,1,1,1,0,0,1,1,0,0
POI-ID-1527296b,3,3,3,0,0,3,3,0,0
POI-ID-3aa92710,5,5,5,0,0,5,5,0,0
POI-ID-2f175a77,1,1,1,0,0,1,1,0,0
POI-ID-59ee3e35,4,4,4,0,0,4,4,0,0
POI-ID-3faad49d,6,6,6,0,0,6,6,0,0
POI-ID-7d9e3c72,2,2,2,0,0,2,2,0,0
POI-ID-28f4d14b,1,1,1,0,0,1,1,0,0
POI-ID-62a91971,1,1,1,0,0,1,1,0,0
POI-ID-a9447ed9,13,13,10,2,1,10,10,0,0
POI-ID-9d1748ff,18,18,16,2,0,16,16,0,0
POI-ID-243d416c,7,7,6,1,0,6,6,0,0
POI-ID-e30e8e2f,3,3,3,0,0,3,3,0,0
POI-ID-ec8abce4,1,1,1,0,0,1,1,0,0
POI-ID-1158814d,2,2,2,0,0,2,2,0,0
POI-ID-f571b42c,1,1,1,0,0,1,1,0,0
POI-ID-00185471,2,2,2,0,0,2,2,0,0
POI-ID-b4f2c101,3,3,2,1,0,2,2,0,0
POI-ID-9f928ebf,1,1,1,0,0,1,1,0,0
POI-ID-28286ce0,1,1,1,0,0,1,1,0,0
POI-ID-8f37fa2e,4,4,4,0,0,4,4,0,0
POI-ID-075c7134,2,2,2,0,0,2,2,0,0
POI-ID-01a207cc,3,3,2,1,0,2,2,0,0
POI-ID-59e4f203,1,1,1,0,0,1,1,0,0
POI-ID-360c5bcd,1,1,1,0,0,1,1,0,0
POI-ID-020ffde8,9,9,8,1,0,8,8,0,0
POI-ID-537edde3,1,1,1,0,0,1,1,0,0
POI-ID-9b2eab8b,1,1,1,0,0,1,1,0,0
POI-ID-53558b01,2,2,2,0,0,2,2,0,0
POI-ID-1906aed5,2,2,2,0,0,2,2,0,0
POI-ID-59a10091,3,3,3,0,0,3,3,0,0
POI-ID-a4153cf1,7,7,4,2,1,1,1,0,0
POI-ID-cda9d941,3,3,1,1,1,1,1,0,0
POI-ID-8d3447ba,2,2,1,1,0,1,1,0,0
POI-ID-beca2eaa,1,1,1,0,0,1,1,0,0
POI-ID-46028652,1,1,1,0,0,1,1,0,0
POI-ID-f74bb614,4,4,2,1,1,1,1,0,0
POI-ID-58873e1b,18,18,17,1,0,18,18,0,0
POI-ID-6af3640a,3,3,1,1,1,1,1,0,0
POI-ID-a4eea5ff,1,1,1,0,0,1,1,0,0
POI-ID-f1badcb7,1,1,1,0,0,1,1,0,0
POI-ID-569baa8c,2,2,1,1,0,1,1,0,0
POI-ID-5493a4a6,1,1,1,0,0,1,1,0,0
POI-ID-35eb775a,2,2,1,1,0,1,1,0,0
POI-ID-9ff95073,1,1,1,0,0,1,1,0,0
POI-ID-493bc143,1,1,1,0,0,1,1,0,0
POI-ID-198c7824,2,2,2,0,0,2,2,0,0
POI-ID-16591df2,1,1,1,0,0,1,1,0,0
POI-ID-46134a61,10,10,8,1,1,7,7,0,0
POI-ID-6caa8953,1,1,1,0,0,1,1,0,0
POI-ID-d586b054,1,1,1,0,0,1,1,0,0
POI-ID-871cdfd0,55,55,38,13,4,26,26,0,0
POI-ID-9fa323e6,1,1,1,0,0,1,1,0,0
POI-ID-df5bcb76,3,3,2,0,1,3,3,0,0
POI-ID-c29b3908,1,1,1,0,0,1,1,0,0
POI-ID-9fc3c008,15,15,13,1,1,13,13,0,0
POI-ID-7541819c,2,2,2,0,0,2,2,0,0
POI-ID-5f49cdfd,1,1,1,0,0,1,1,0,0
POI-ID-9e0be2d0,1,1,1,0,0,1,1,0,0
POI-ID-f83b7b83,1,1,1,0,0,1,1,0,0
POI-ID-988ac7b0,16,16,13,2,1,11,11,0,0
POI-ID-71628074,1,1,1,0,0,1,1,0,0
POI-ID-310e64b8,13,13,11,2,0,12,12,0,0
POI-ID-bc66cdb0,2,2,1,1,0,1,1,0,0
POI-ID-4a609a96,3,3,1,1,1,1,1,0,0
POI-ID-8541d7b7,4,4,4,0,0,4,4,0,0
POI-ID-f4ebb62a,1,1,1,0,0,1,1,0,0
POI-ID-296dcef5,2,2,2,0,0,2,2,0,0
POI-ID-77e4eaa4,4,4,3,1,0,3,3,0,0
POI-ID-18f60596,5,5,5,0,0,5,5,0,0
POI-ID-8572fd8c,1,1,1,0,0,1,1,0,0
POI-ID-38e6af99,2,2,2,0,0,2,2,0,0
POI-ID-2891ed8d,1,1,1,0,0,1,1,0,0
POI-ID-a27f06fc,15,15,13,1,1,14,14,0,0
POI-ID-ed355448,3,3,3,0,0,3,3,0,0
POI-ID-14ab0bdf,8,8,8,0,0,8,8,0,0
POI-ID-626c97da,2,2,2,0,0,2,2,0,0
POI-ID-ac30cd63,6,6,6,0,0,6,6,0,0
POI-ID-288932f2,1,1,1,0,0,1,1,0,0
POI-ID-736f7d11,9,9,7,2,0,7,7,0,0
POI-ID-241f9ce6,2,2,1,1,0,1,1,0,0
POI-ID-4f1634b3,13,13,9,2,2,6,6,0,0
POI-ID-cd5b2387,4,4,2,1,1,1,1,0,0
POI-ID-9dbae2a0,6,6,4,1,1,2,2,0,0
POI-ID-734dd0e6,2,2,2,0,0,2,2,0,0
POI-ID-d975508d,2,2,1,1,0,1,1,0,0
POI-ID-c12c470b,1,1,1,0,0,1,1,0,0
POI-ID-13f0ed3d,1,1,1,0,0,1,1,0,0
POI-ID-6cf62db3,3,3,3,0,0,3,3,0,0
POI-ID-533cf7f3,5,5,3,1,1,3,3,0,0
POI-ID-bea282ab,7,7,6,1,0,6,6,0,0
POI-ID-d420f1fd,3,3,3,0,0,3,3,0,0
POI-ID-3237a976,5,5,4,1,0,4,4,0,0
POI-ID-9199e092,3,3,2,1,0,2,2,0,0
POI-ID-0952ddfe,7,7,6,1,0,6,6,0,0
POI-ID-c79ba778,1,1,1,0,0,1,1,0,0
POI-ID-4e986a63,7,7,7,0,0,7,7,0,0
POI-ID-4174c23c,1,1,1,0,0,1,1,0,0
POI-ID-0bf5c48c,5,5,5,0,0,5,5,0,0
POI-ID-b5ae49d7,4,4,4,0,0,4,4,0,0
POI-ID-b14246ef,2,2,1,1,0,1,1,0,0
POI-ID-5d3ed4ca,2,2,2,0,0,2,2,0,0
POI-ID-b42fc9da,1,1,1,0,0,1,1,0,0
POI-ID-854b1aa1,6,6,4,2,0,4,4,0,0
POI-ID-b4a6f702,1,1,1,0,0,1,1,0,0
POI-ID-942d6c6c,2,2,1,1,0,1,1,0,0
POI-ID-1a243639,3,3,3,0,0,3,3,0,0
POI-ID-89a82d8d,6,6,4,1,1,2,2,0,0
POI-ID-b4d3e754,1,1,1,0,0,1,1,0,0
POI-ID-340ac068,12,12,12,0,0,12,12,0,0
POI-ID-0dac629d,35,35,24,6,5,15,15,0,0
POI-ID-a48ccc2c,10,10,7,1,2,5,5,0,0
POI-ID-e1e43c23,7,7,5,1,1,3,3,0,0
POI-ID-42a786ba,3,3,2,1,0,2,2,0,0
POI-ID-7ca388d0,2,2,1,1,0,1,1,0,0
POI-ID-0bd18da6,12,12,10,2,0,11,11,0,0
POI-ID-791d07bd,14,14,9,3,2,6,6,0,0
POI-ID-0adb3edc,1,1,1,0,0,1,1,0,0
POI-ID-ce60cfe7,1,1,1,0,0,1,1,0,0
POI-ID-64f0f1f7,2,2,2,0,0,2,2,0,0
POI-ID-a6eb4c6a,5,5,5,0,0,5,5,0,0
POI-ID-b56c6632,1,1,1,0,0,1,1,0,0
POI-ID-56433293,5,5,5,0,0,5,5,0,0
POI-ID-edc83132,1,1,1,0,0,1,1,0,0
POI-ID-bc036d1d,3,3,3,0,0,3,3,0,0
POI-ID-bb378e74,1,1,1,0,0,1,1,0,0
POI-ID-f21f7b04,3,3,3,0,0,3,3,0,0
POI-ID-8658cd4d,1,1,1,0,0,1,1,0,0
POI-ID-41e19616,17,17,13,3,1,13,13,0,0
POI-ID-0db19622,2,2,2,0,0,2,2,0,0
POI-ID-502e797b,5,5,5,0,0,5,5,0,0
POI-ID-ab867957,2,2,2,0,0,2,2,0,0
POI-ID-0de40c15,5,5,5,0,0,5,5,0,0
POI-ID-2965612c,6,6,5,1,0,5,5,0,0
POI-ID-243bb358,2,2,2,0,0,2,2,0,0
POI-ID-b9986f47,11,11,9,1,1,8,8,0,0
POI-ID-996db755,9,9,7,1,1,7,7,0,0
POI-ID-13300a77,10,10,5,3,2,6,6,0,0
POI-ID-3b597522,18,18,11,5,2,4,4,0,0
POI-ID-5b92ce83,7,7,4,2,1,4,4,0,0
POI-ID-a03cbff4,14,14,10,2,2,6,6,0,0
POI-ID-834eeb0d,11,11,8,1,2,6,6,0,0
POI-ID-8ee1ab49,4,4,4,0,0,4,4,0,0
POI-ID-2000459a,2,2,2,0,0,2,2,0,0
POI-ID-0df4e478,5,5,3,1,1,2,2,0,0
POI-ID-9e907b61,1,1,1,0,0,1,1,0,0
POI-ID-0d9248da,2,2,1,1,0,1,1,0,0
POI-ID-b88db30a,4,4,4,0,0,4,4,0,0
POI-ID-416dbf7e,1,1,1,0,0,1,1,0,0
POI-ID-137e9a3e,1,1,1,0,0,1,1,0,0
POI-ID-f1eca7ba,2,2,2,0,0,2,2,0,0
POI-ID-4464ab9f,2,2,2,0,0,2,2,0,0
POI-ID-f5c51203,1,1,1,0,0,1,1,0,0
POI-ID-966359a3,7,7,6,1,0,6,6,0,0
POI-ID-6c30a9c6,3,3,1,1,1,1,1,0,0
POI-ID-52178789,3,3,1,1,1,1,1,0,0
POI-ID-79b967c9,1,1,1,0,0,1,1,0,0
POI-ID-30f1e4a3,1,1,1,0,0,1,1,0,0
POI-ID-ffd8d498,2,2,2,0,0,2,2,0,0
POI-ID-31f2455d,2,2,1,1,0,1,1,0,0
POI-ID-f85e68ff,1,1,1,0,0,1,1,0,0
POI-ID-a223b163,5,5,5,0,0,5,5,0,0
POI-ID-54ba35b1,3,3,1,1,1,1,1,0,0
POI-ID-53d4e2ea,3,3,1,1,1,1,1,0,0
POI-ID-f0be90df,9,9,8,0,1,8,8,0,0
POI-ID-3e11255a,2,2,1,1,0,1,1,0,0
POI-ID-cde01fcd,2,2,1,1,0,1,1,0,0
POI-ID-6c428846,3,3,3,0,0,3,3,0,0
POI-ID-352ee392,4,4,4,0,0,4,4,0,0
POI-ID-b0210c68,3,3,1,1,1,1,1,0,0
POI-ID-ff97119e,1,1,1,0,0,1,1,0,0
POI-ID-04215d4b,8,8,7,1,0,7,7,0,0
POI-ID-edc91c66,1,1,1,0,0,1,1,0,0
POI-ID-a2da75ca,2,2,2,0,0,2,2,0,0
POI-ID-7ef36527,1,1,1,0,0,1,1,0,0
POI-ID-daa9c46e,3,3,2,1,0,2,2,0,0
POI-ID-95cc7498,4,4,3,1,0,3,3,0,0
POI-ID-24df51b3,5,5,4,1,0,4,4,0,0
POI-ID-1a41657a,4,4,3,1,0,3,3,0,0
POI-ID-934cb569,7,7,7,0,0,7,7,0,0
POI-ID-059dacf7,1,1,1,0,0,1,1,0,0
POI-ID-24628fc2,1,1,1,0,0,1,1,0,0
POI-ID-8b6eb8fa,2,2,2,0,0,2,2,0,0
POI-ID-1caf71a2,50,50,37,8,5,28,28,0,0
POI-ID-f9b310d2,64,64,43,15,6,16,16,0,0
POI-ID-8024770e,1,1,1,0,0,1,1,0,0
POI-ID-123b6d78,1,1,1,0,0,1,1,0,0
POI-ID-a3b7adcd,2,2,2,0,0,2,2,0,0
POI-ID-9d76b18e,2,2,2,0,0,2,2,0,0
POI-ID-77d6dd49,1,1,1,0,0,1,1,0,0
POI-ID-df9bf576,1,1,1,0,0,1,1,0,0
POI-ID-c78e479f,2,2,2,0,0,2,2,0,0
POI-ID-f2f35886,2,2,2,0,0,2,2,0,0
POI-ID-9d6c57ca,4,4,2,1,1,2,2,0,0
POI-ID-6c1cba94,1,1,1,0,0,1,1,0,0
POI-ID-73f26d42,6,6,4,2,0,4,4,0,0
POI-ID-7d984d05,14,14,10,3,1,9,9,0,0
POI-ID-29579d85,1,1,1,0,0,1,1,0,0
POI-ID-f3ec08f3,3,3,3,0,0,3,3,0,0
POI-ID-11e6e459,2,2,2,0,0,2,2,0,0
POI-ID-b3a03b91,4,4,2,1,1,1,1,0,0
POI-ID-77a587bd,1,1,1,0,0,1,1,0,0
POI-ID-165a6bba,7,7,4,1,2,2,2,0,0
POI-ID-38b3d54a,17,17,9,4,4,5,5,0,0
POI-ID-97968be6,4,4,4,0,0,4,4,0,0
POI-ID-176ca236,2,2,1,0,1,2,2,0,0
POI-ID-65cd786c,1,1,1,0,0,1,1,0,0
POI-ID-39fdfe96,6,6,6,0,0,6,6,0,0
POI-ID-ad5b6486,3,3,2,1,0,2,2,0,0
POI-ID-76f5bed2,1,1,1,0,0,1,1,0,0
POI-ID-008231d1,2,2,2,0,0,2,2,0,0
POI-ID-06b13e3b,8,8,7,1,0,7,7,0,0
POI-ID-4cb4e084,4,4,2,2,0,2,2,0,0
POI-ID-0c4bccaf,1,1,1,0,0,1,1,0,0
POI-ID-09bf5f66,12,12,7,4,1,2,2,0,0
POI-ID-35605b5a,15,15,10,4,1,10,10,0,0
POI-ID-87f53e9c,2,2,1,1,0,1,1,0,0
POI-ID-de788931,1,1,1,0,0,1,1,0,0
POI-ID-cc5509a1,4,4,3,1,0,3,3,0,0
POI-ID-ec964a81,1,1,1,0,0,1,1,0,0
POI-ID-5782f291,2,2,2,0,0,2,2,0,0
POI-ID-288afc1b,1,1,1,0,0,1,1,0,0
POI-ID-fb3548aa,2,2,2,0,0,2,2,0,0
POI-ID-d8089c50,4,4,4,0,0,4,4,0,0
POI-ID-f9ecbea2,9,9,8,0,1,8,8,0,0
POI-ID-ff297da8,6,6,6,0,0,6,6,0,0
POI-ID-73dbd38c,3,3,3,0,0,3,3,0,0
POI-ID-2f73571d,4,4,4,0,0,4,4,0,0
POI-ID-7005298d,5,5,5,0,0,5,5,0,0
POI-ID-f08cca16,14,14,11,2,1,10,10,0,0
POI-ID-b869dc83,4,4,4,0,0,4,4,0,0
POI-ID-6c05eaa0,15,15,15,0,0,15,15,0,0
POI-ID-f3700d95,1,1,1,0,0,1,1,0,0
POI-ID-1c296d0b,8,8,8,0,0,8,8,0,0
POI-ID-dd3ef3b6,4,4,4,0,0,4,4,0,0
POI-ID-594108ad,4,4,4,0,0,4,4,0,0
POI-ID-3db003a5,4,4,4,0,0,4,4,0,0
POI-ID-55e5b006,1,1,1,0,0,1,1,0,0
POI-ID-3c63c04d,11,11,8,2,1,7,7,0,0
POI-ID-1c3c5362,6,6,6,0,0,6,6,0,0
POI-ID-8d7f4c5e,1,1,1,0,0,1,1,0,0
POI-ID-f413d5de,4,4,4,0,0,4,4,0,0
POI-ID-b928695b,3,3,3,0,0,3,3,0,0
POI-ID-adc25588,10,10,9,1,0,9,9,0,0
POI-ID-66c89daa,2,2,2,0,0,2,2,0,0
POI-ID-e32121e5,2,2,2,0,0,2,2,0,0
POI-ID-a8da89ec,8,8,6,1,1,8,8,0,0
POI-ID-c6507bd2,4,4,2,1,1,2,2,0,0
POI-ID-21f4ffa9,5,5,4,1,0,4,4,0,0
POI-ID-8cc9a2f5,4,4,4,0,0,4,4,0,0
POI-ID-ae50003b,16,16,11,4,1,11,11,0,0
POI-ID-3f860ccf,17,17,11,3,3,7,7,0,0
POI-ID-2cd941a8,25,25,21,2,2,17,17,0,0
POI-ID-18a3e23f,4,4,3,0,1,3,3,0,0
POI-ID-75203785,2,2,2,0,0,2,2,0,0
POI-ID-c8de59c3,1,1,1,0,0,1,1,0,0
POI-ID-86b945a9,2,2,2,0,0,2,2,0,0
POI-ID-9fb6a466,15,15,9,3,3,3,3,0,0
POI-ID-a6fc1002,1,1,1,0,0,1,1,0,0
POI-ID-9d36cb19,28,28,21,4,3,13,13,0,0
POI-ID-849acf2b,2,2,2,0,0,2,2,0,0
POI-ID-29b5c8dd,4,4,3,1,0,3,3,0,0
POI-ID-e29b3ba7,29,29,17,9,3,2,2,0,0
POI-ID-bcab6cb9,1,1,1,0,0,1,1,0,0
POI-ID-0c8cb3ac,2,2,2,0,0,2,2,0,0
POI-ID-a406f588,1,1,1,0,0,1,1,0,0
POI-ID-ef7fa93f,47,47,28,13,6,2,2,0,0
POI-ID-bc257f30,7,7,5,1,1,5,5,0,0
POI-ID-0a8d9d22,1,1,1,0,0,1,1,0,0
POI-ID-f77cce4c,10,10,10,0,0,10,10,0,0
POI-ID-bdac4930,3,3,3,0,0,3,3,0,0
POI-ID-c591fb3a,1,1,1,0,0,1,1,0,0
POI-ID-3c52653f,3,3,3,0,0,3,3,0,0
POI-ID-3d35da0e,12,12,10,2,0,10,10,0,0
POI-ID-33a4282e,7,7,7,0,0,7,7,0,0
POI-ID-d9b2bec7,22,22,17,3,2,16,16,0,0
POI-ID-24d72388,4,4,2,2,0,2,2,0,0
POI-ID-5628ad54,1,1,1,0,0,1,1,0,0
POI-ID-8310b034,2,2,2,0,0,2,2,0,0
POI-ID-19d6a73e,1,1,1,0,0,1,1,0,0
POI-ID-f4058b36,11,11,9,2,0,9,9,0,0
POI-ID-c4af31d7,2,2,2,0,0,2,2,0,0
POI-ID-6c5f304e,10,10,7,1,2,5,5,0,0
POI-ID-90eb481a,5,5,5,0,0,5,5,0,0
POI-ID-c672bc4f,2,2,2,0,0,2,2,0,0
POI-ID-beee5628,31,31,23,7,1,18,18,0,0
POI-ID-6803842b,3,3,3,0,0,3,3,0,0
POI-ID-aaddc048,1,1,1,0,0,1,1,0,0
POI-ID-dc4d3462,1,1,1,0,0,1,1,0,0
POI-ID-6119e3f8,2,2,2,0,0,2,2,0,0
POI-ID-4030572d,22,22,15,4,3,11,11,0,0
POI-ID-51eabf82,1,1,1,0,0,1,1,0,0
POI-ID-da3ed1a9,1,1,1,0,0,1,1,0,0
POI-ID-afc23e06,4,4,4,0,0,4,4,0,0
POI-ID-24f8a2d3,1,1,1,0,0,1,1,0,0
POI-ID-6cef32fe,27,27,16,7,4,4,4,0,0
POI-ID-d16ce8ff,8,8,5,2,1,2,2,0,0
POI-ID-f11b9c11,13,13,8,3,2,2,2,0,0
POI-ID-8fff9ef6,1,1,1,0,0,1,1,0,0
POI-ID-35c5a5e6,2,2,2,0,0,2,2,0,0
POI-ID-7694fa08,1,1,1,0,0,1,1,0,0
POI-ID-375f90a1,1,1,1,0,0,1,1,0,0
POI-ID-4094eb9d,3,3,3,0,0,3,3,0,0
POI-ID-b19352e2,1,1,1,0,0,1,1,0,0
POI-ID-9fb01750,3,3,3,0,0,3,3,0,0
POI-ID-b299ca53,9,9,8,1,0,8,8,0,0
POI-ID-2c45fa8c,1,1,1,0,0,1,1,0,0
POI-ID-4d07a43a,1,1,1,0,0,1,1,0,0
POI-ID-62acf4b3,5,5,2,2,1,2,2,0,0
POI-ID-c7677c07,1,1,1,0,0,1,1,0,0
POI-ID-9b8bdade,12,12,8,3,1,8,8,0,0
POI-ID-94361f5d,14,14,11,1,2,11,11,0,0
POI-ID-37579a7f,1,1,1,0,0,1,1,0,0
POI-ID-ed1e9418,4,4,4,0,0,4,4,0,0
POI-ID-1a6e90ec,4,4,4,0,0,4,4,0,0
POI-ID-88262df3,22,22,14,6,2,3,3,0,0
POI-ID-61aef63c,4,4,4,0,0,4,4,0,0
POI-ID-fa68f05e,2,2,1,1,0,1,1,0,0
POI-ID-142a239b,3,3,3,0,0,3,3,0,0
POI-ID-a609b586,1,1,1,0,0,1,1,0,0
POI-ID-1aa3c1ea,10,10,8,1,1,6,6,0,0
POI-ID-f646dcd6,2,2,2,0,0,2,2,0,0
POI-ID-ee580d78,2,2,1,1,0,1,1,0,0
POI-ID-ebd4e557,3,3,3,0,0,3,3,0,0
POI-ID-727cfd44,2,2,1,1,0,1,1,0,0
POI-ID-d43292be,2,2,2,0,0,2,2,0,0
POI-ID-47befec7,2,2,2,0,0,2,2,0,0
POI-ID-9142933d,8,8,7,1,0,7,7,0,0
POI-ID-d648859b,2,2,1,1,0,1,1,0,0
POI-ID-67e6a3ab,2,2,2,0,0,2,2,0,0
POI-ID-fb063492,12,12,8,2,2,5,5,0,0
POI-ID-a04046ed,22,22,14,6,2,3,3,0,0
POI-ID-bd85370a,2,2,2,0,0,2,2,0,0
POI-ID-2b74ed35,12,12,8,4,0,8,8,0,0
POI-ID-0446e6f8,21,21,17,3,1,14,14,0,0
POI-ID-b657bd01,2,2,2,0,0,2,2,0,0
POI-ID-c89660ef,5,5,3,1,1,3,3,0,0
POI-ID-069194ed,1,1,1,0,0,1,1,0,0
POI-ID-105da74e,7,7,4,2,1,1,1,0,0
POI-ID-5f1d880d,1,1,1,0,0,1,1,0,0
POI-ID-553cf430,3,3,3,0,0,3,3,0,0
POI-ID-8806aa44,10,10,7,2,1,7,7,0,0
POI-ID-2bf991bc,2,2,2,0,0,2,2,0,0
POI-ID-ca29ca6e,1,1,1,0,0,1,1,0,0
POI-ID-7feb9c81,7,7,5,1,1,4,4,0,0
POI-ID-f9d2a812,2,2,2,0,0,2,2,0,0
POI-ID-9351a86f,2,2,2,0,0,2,2,0,0
POI-ID-481c4d74,24,24,18,4,2,11,11,0,0
POI-ID-a0b270c6,8,8,8,0,0,8,8,0,0
POI-ID-b0eae241,2,2,2,0,0,2,2,0,0
POI-ID-1e105cad,16,16,12,2,2,10,10,0,0
POI-ID-f60a478b,2,2,2,0,0,2,2,0,0
POI-ID-077fe567,23,23,17,3,3,12,12,0,0
POI-ID-09fa455b,1,1,1,0,0,1,1,0,0
POI-ID-e1dbc7cc,1,1,1,0,0,1,1,0,0
POI-ID-68dcb371,2,2,2,0,0,2,2,0,0
POI-ID-c38133f5,1,1,1,0,0,1,1,0,0
POI-ID-5ea384fc,2,2,2,0,0,2,2,0,0
POI-ID-f72e2363,3,3,2,1,0,3,3,0,0
POI-ID-69e3a4c8,11,11,11,0,0,11,11,0,0
POI-ID-757e8125,3,3,3,0,0,3,3,0,0
POI-ID-e31ce54f,4,4,3,1,0,3,3,0,0
POI-ID-dadfc44a,1,1,1,0,0,1,1,0,0
POI-ID-144f78ab,1,1,1,0,0,1,1,0,0
POI-ID-99563669,6,6,5,1,0,5,5,0,0
POI-ID-ffd90f18,2,2,1,1,0,1,1,0,0
POI-ID-6cfc9cfe,1,1,1,0,0,1,1,0,0
POI-ID-dff6441a,1,1,1,0,0,1,1,0,0
POI-ID-f43ab183,1,1,1,0,0,1,1,0,0
POI-ID-bd0ca6e4,3,3,3,0,0,3,3,0,0
POI-ID-6049d796,9,9,8,1,0,8,8,0,0
POI-ID-a1d7a49c,8,8,5,2,1,3,3,0,0
POI-ID-f8ec5923,1,1,1,0,0,1,1,0,0
POI-ID-4e66cfa4,1,1,1,0,0,1,1,0,0
POI-ID-c33a91d5,2,2,2,0,0,2,2,0,0
POI-ID-4f5c1784,2,2,2,0,0,2,2,0,0
POI-ID-6993f101,1,1,1,0,0,1,1,0,0
POI-ID-4126c9f2,2,2,2,0,0,2,2,0,0
POI-ID-82a0fe2b,2,2,2,0,0,2,2,0,0
POI-ID-26369c79,2,2,2,0,0,2,2,0,0
POI-ID-164714ad,10,10,8,0,2,9,9,0,0
POI-ID-dbc0c898,1,1,1,0,0,1,1,0,0
POI-ID-af818de9,2,2,2,0,0,2,2,0,0
POI-ID-cc2d7a66,4,4,4,0,0,4,4,0,0
POI-ID-e20d4220,2,2,2,0,0,2,2,0,0
POI-ID-1bca87b8,7,7,4,2,1,1,1,0,0
POI-ID-5c00d30b,1,1,1,0,0,1,1,0,0
POI-ID-4447491e,4,4,4,0,0,4,4,0,0
POI-ID-df3e4873,22,22,13,6,3,1,1,0,0
POI-ID-66e49ad8,2,2,2,0,0,2,2,0,0
POI-ID-312eece8,2,2,1,1,0,1,1,0,0
POI-ID-9734d603,5,5,3,1,1,2,2,0,0
POI-ID-61775ce7,5,5,3,1,1,1,1,0,0
POI-ID-2e83da82,10,10,6,3,1,1,1,0,0
POI-ID-21980258,25,25,15,8,2,4,4,0,0
POI-ID-164e1802,1,1,1,0,0,1,1,0,0
POI-ID-469fe2d6,3,3,3,0,0,3,3,0,0
POI-ID-83fecf00,1,1,1,0,0,1,1,0,0
POI-ID-9526bae8,2,2,1,1,0,1,1,0,0
POI-ID-6f9c694a,7,7,6,1,0,7,7,0,0
POI-ID-f2e96d8c,2,2,1,1,0,1,1,0,0
POI-ID-e848bf76,1,1,1,0,0,1,1,0,0
POI-ID-e9bb26a4,2,2,1,1,0,1,1,0,0
POI-ID-bf36c4ff,4,4,2,1,1,1,1,0,0
POI-ID-11112bba,2,2,1,1,0,1,1,0,0
POI-ID-df04a179,1,1,1,0,0,1,1,0,0
POI-ID-2e29b19c,1,1,1,0,0,1,1,0,0
POI-ID-b4ae71b0,7,7,4,2,1,1,1,0,0
POI-ID-5893dab7,12,12,7,3,2,1,1,0,0
POI-ID-0f4ce0bc,1,1,1,0,0,1,1,0,0
POI-ID-13027d9c,1,1,1,0,0,1,1,0,0
POI-ID-c269edb2,1,1,1,0,0,1,1,0,0
POI-ID-27ee0671,4,4,3,1,0,3,3,0,0
POI-ID-3289ea3b,12,12,7,3,2,6,6,0,0
POI-ID-6cec769e,1,1,1,0,0,1,1,0,0
POI-ID-f4737e5f,2,2,2,0,0,2,2,0,0
POI-ID-92d727da,1,1,1,0,0,1,1,0,0
POI-ID-e58348d3,1,1,1,0,0,1,1,0,0
POI-ID-677e6a8a,1,1,1,0,0,1,1,0,0
POI-ID-54c639bb,6,6,6,0,0,6,6,0,0
POI-ID-fa1ac201,3,3,3,0,0,3,3,0,0
POI-ID-4731f131,1,1,1,0,0,1,1,0,0
POI-ID-9df99660,1,1,1,0,0,1,1,0,0
POI-ID-4ebce2a7,2,2,1,1,0,1,1,0,0
POI-ID-936dd75d,3,3,3,0,0,3,3,0,0
POI-ID-b5d595ba,3,3,1,1,1,1,1,0,0
POI-ID-c92f7fcc,4,4,2,1,1,1,1,0,0
POI-ID-f021d7d6,1,1,1,0,0,1,1,0,0
POI-ID-737a48c7,5,5,3,1,1,1,1,0,0
POI-ID-b8497b2d,11,11,6,3,2,1,1,0,0
POI-ID-99b1c337,4,4,2,1,1,1,1,0,0
POI-ID-2ed7c2df,3,3,1,1,1,1,1,0,0
POI-ID-40a1e746,1,1,1,0,0,1,1,0,0
POI-ID-39ea9630,1,1,1,0,0,1,1,0,0
POI-ID-26a681ac,2,2,1,1,0,1,1,0,0
POI-ID-75c579c8,1,1,1,0,0,1,1,0,0
POI-ID-11812dfc,1,1,1,0,0,1,1,0,0
POI-ID-9e9d7f8e,3,3,2,1,0,2,2,0,0
POI-ID-4c1eac10,2,2,1,1,0,1,1,0,0
POI-ID-9bf4e4a2,2,2,2,0,0,2,2,0,0
POI-ID-e3695e47,9,9,7,1,1,7,7,0,0
POI-ID-8f542a50,1,1,1,0,0,1,1,0,0
POI-ID-86467bf7,2,2,1,1,0,1,1,0,0
POI-ID-5a6335eb,5,5,3,2,0,3,3,0,0
POI-ID-cd215784,1,1,1,0,0,1,1,0,0
POI-ID-57315c30,10,10,9,0,1,10,10,0,0
POI-ID-f994aa96,1,1,1,0,0,1,1,0,0
POI-ID-31303145,6,6,6,0,0,6,6,0,0
POI-ID-a1ec730a,1,1,1,0,0,1,1,0,0
POI-ID-abce9781,2,2,2,0,0,2,2,0,0
POI-ID-2a740e48,3,3,1,1,1,1,1,0,0
POI-ID-65daafdf,1,1,1,0,0,1,1,0,0
POI-ID-c703a1a2,1,1,1,0,0,1,1,0,0
POI-ID-69551663,1,1,1,0,0,1,1,0,0
POI-ID-d8297b56,1,1,1,0,0,1,1,0,0
POI-ID-bbfed005,1,1,1,0,0,1,1,0,0
POI-ID-346f9497,1,1,1,0,0,1,1,0,0
POI-ID-a4fd6982,1,1,1,0,0,1,1,0,0
POI-ID-7aa4a1ec,1,1,1,0,0,1,1,0,0
POI-ID-1ce7602c,1,1,1,0,0,1,1,0,0
POI-ID-9dd98171,1,1,1,0,0,1,1,0,0
POI-ID-4bc92d7c,2,2,2,0,0,2,2,0,0
POI-ID-0d732bbd,1,1,1,0,0,1,1,0,0
POI-ID-4ed6bd6b,4,4,2,1,1,1,1,0,0
POI-ID-757dc808,2,2,1,1,0,1,1,0,0
POI-ID-63c77a5e,6,6,4,2,0,4,4,0,0
POI-ID-e08c990f,1,1,1,0,0,1,1,0,0
POI-ID-9d888e3b,1,1,1,0,0,1,1,0,0
POI-ID-eff04ae6,2,2,1,1,0,1,1,0,0
POI-ID-1bd72d50,1,1,1,0,0,1,1,0,0
POI-ID-aba052b9,12,12,6,3,3,5,5,0,0
POI-ID-2b001298,3,3,1,1,1,1,1,0,0
POI-ID-6f8dd432,3,3,2,1,0,2,2,0,0
POI-ID-c21d6768,1,1,1,0,0,1,1,0,0
POI-ID-22c5e0e0,1,1,1,0,0,1,1,0,0
POI-ID-b0114b32,2,2,2,0,0,2,2,0,0
POI-ID-4b4bc094,11,11,11,0,0,11,11,0,0
POI-ID-8cd4469c,1,1,1,0,0,1,1,0,0
POI-ID-72aba879,1,1,1,0,0,1,1,0,0
POI-ID-043cb026,1,1,1,0,0,1,1,0,0
POI-ID-5f607341,17,17,14,2,1,14,14,0,0
POI-ID-2ecd058b,4,4,4,0,0,4,4,0,0
POI-ID-7004086c,2,2,1,1,0,1,1,0,0
POI-ID-999f5641,27,27,17,7,3,14,14,0,0
POI-ID-09e62501,7,7,4,2,1,2,2,0,0
POI-ID-94d0c4c8,3,3,1,1,1,1,1,0,0
POI-ID-f38a0495,6,6,3,2,1,3,3,0,0
POI-ID-d122c24b,1,1,1,0,0,1,1,0,0
POI-ID-aa6dfacb,3,3,1,1,1,1,1,0,0
POI-ID-59bb3b99,5,5,3,1,1,2,2,0,0
POI-ID-399bdaf1,1,1,1,0,0,1,1,0,0
POI-ID-33416ad4,16,16,9,4,3,1,1,0,0
POI-ID-60209f94,6,6,3,1,2,1,1,0,0
POI-ID-e0bb050d,3,3,1,1,1,1,1,0,0
POI-ID-610994f3,1,1,1,0,0,1,1,0,0
POI-ID-f1c08980,1,1,1,0,0,1,1,0,0
POI-ID-3e15ee01,12,12,7,3,2,1,1,0,0
POI-ID-4b094d14,2,2,1,1,0,1,1,0,0
POI-ID-e5439127,10,10,10,0,0,10,10,0,0
POI-ID-5e685ab8,1,1,1,0,0,1,1,0,0
POI-ID-a1abec10,1,1,1,0,0,1,1,0,0
POI-ID-f632209a,2,2,1,1,0,1,1,0,0
POI-ID-caacbf50,1,1,1,0,0,1,1,0,0
POI-ID-ca37b84d,3,3,3,0,0,3,3,0,0
POI-ID-9d776d7d,1,1,1,0,0,1,1,0,0
POI-ID-bcfeabd1,4,4,2,1,1,1,1,0,0
POI-ID-b2e9271a,2,2,1,1,0,1,1,0,0
POI-ID-dae71f33,2,2,2,0,0,2,2,0,0
POI-ID-c307701d,2,2,1,1,0,1,1,0,0
POI-ID-2730a1df,1,1,1,0,0,1,1,0,0
POI-ID-3de6a3f7,2,2,1,1,0,1,1,0,0
POI-ID-5ed30422,8,8,4,2,2,1,1,0,0
POI-ID-3ba90500,2,2,1,1,0,1,1,0,0
POI-ID-ff08686a,11,11,11,0,0,11,11,0,0
POI-ID-5116e845,2,2,2,0,0,2,2,0,0
POI-ID-783e9bae,3,3,3,0,0,3,3,0,0
POI-ID-47de18b6,1,1,1,0,0,1,1,0,0
POI-ID-98eb0e45,7,7,4,2,1,1,1,0,0
POI-ID-85cca692,1,1,1,0,0,1,1,0,0
POI-ID-cdd1825e,5,5,5,0,0,5,5,0,0
POI-ID-ed940f7f,2,2,2,0,0,2,2,0,0
POI-ID-84659738,4,4,2,1,1,1,1,0,0
POI-ID-41bbb214,1,1,1,0,0,1,1,0,0
POI-ID-dfcfb6fa,4,4,4,0,0,4,4,0,0
POI-ID-d86bd0fb,2,2,1,1,0,1,1,0,0
POI-ID-58e2a5c9,1,1,1,0,0,1,1,0,0
POI-ID-26956172,1,1,1,0,0,1,1,0,0
POI-ID-d773cd51,1,1,1,0,0,1,1,0,0
POI-ID-73601f4a,2,2,1,1,0,1,1,0,0
POI-ID-4b9c8ae4,1,1,1,0,0,1,1,0,0
POI-ID-8cfa78e1,1,1,1,0,0,1,1,0,0
POI-ID-d48844dd,1,1,1,0,0,1,1,0,0
POI-ID-9768bcb2,2,2,2,0,0,2,2,0,0
POI-ID-cebeabe6,1,1,1,0,0,1,1,0,0
POI-ID-93d81d8a,3,3,3,0,0,3,3,0,0
POI-ID-094ae771,1,1,1,0,0,1,1,0,0
POI-ID-5d04a573,8,8,5,2,1,3,3,0,0
POI-ID-b11ad2cd,1,1,1,0,0,1,1,0,0
POI-ID-39706e85,7,7,4,1,2,2,2,0,0
POI-ID-5b5b53a7,6,6,3,1,2,1,1,0,0
POI-ID-89cbdc6c,2,2,2,0,0,2,2,0,0
POI-ID-0257a7d1,1,1,1,0,0,1,1,0,0
POI-ID-8f0d60ce,1,1,1,0,0,1,1,0,0
POI-ID-d9b2fe9f,4,4,2,1,1,1,1,0,0
POI-ID-0716e5b0,1,1,1,0,0,1,1,0,0
POI-ID-b6eca637,2,2,1,1,0,1,1,0,0
POI-ID-b1b83ca3,1,1,1,0,0,1,1,0,0
POI-ID-e6b33c18,1,1,1,0,0,1,1,0,0
POI-ID-2ac08ae3,2,2,2,0,0,2,2,0,0
POI-ID-c80a1612,1,1,1,0,0,1,1,0,0
POI-ID-1c9c8b7a,2,2,1,1,0,1,1,0,0
POI-ID-816aeb1a,2,2,1,1,0,1,1,0,0
POI-ID-5acee28b,1,1,1,0,0,1,1,0,0
POI-ID-243a770c,11,11,10,1,0,10,10,0,0
POI-ID-4b4a72cb,1,1,1,0,0,1,1,0,0
POI-ID-5811e83f,2,2,2,0,0,2,2,0,0
POI-ID-d7c8c664,1,1,1,0,0,1,1,0,0
POI-ID-42aa1455,1,1,1,0,0,1,1,0,0
POI-ID-0c09563f,10,10,6,3,1,1,1,0,0
POI-ID-499f88fa,1,1,1,0,0,1,1,0,0
POI-ID-fd782ccd,2,2,2,0,0,2,2,0,0
POI-ID-4878ea21,1,1,1,0,0,1,1,0,0
POI-ID-3e3e8784,2,2,2,0,0,2,2,0,0
POI-ID-2a6ddade,29,29,25,2,2,25,25,0,0
POI-ID-f5ed1c7d,2,2,2,0,0,2,2,0,0
POI-ID-2689d1db,14,14,13,1,0,13,13,0,0
POI-ID-cb2b4d8f,1,1,1,0,0,1,1,0,0
POI-ID-2adf6c48,4,4,2,1,1,1,1,0,0
POI-ID-f8b7fa09,1,1,1,0,0,1,1,0,0
POI-ID-5062be48,1,1,1,0,0,1,1,0,0
POI-ID-2c07c2dc,1,1,1,0,0,1,1,0,0
POI-ID-ce22d2bb,1,1,1,0,0,1,1,0,0
POI-ID-c5c05de1,1,1,1,0,0,1,1,0,0
POI-ID-d571fb28,8,8,5,1,2,3,3,0,0
POI-ID-16a09b4f,4,4,2,1,1,1,1,0,0
POI-ID-40fa8085,2,2,2,0,0,2,2,0,0
POI-ID-27700645,1,1,1,0,0,1,1,0,0
POI-ID-50d6a56f,7,7,4,2,1,1,1,0,0
POI-ID-fc85355c,9,9,7,1,1,8,8,0,0
POI-ID-189127d0,9,9,4,3,2,3,3,0,0
POI-ID-0bb78751,2,2,1,1,0,1,1,0,0
POI-ID-9ff88a2e,4,4,2,1,1,2,2,0,0
POI-ID-7dd5b913,3,3,2,1,0,2,2,0,0
POI-ID-5c30810e,1,1,1,0,0,1,1,0,0
POI-ID-723a1851,1,1,1,0,0,1,1,0,0
POI-ID-cb6f33bc,5,5,3,1,1,1,1,0,0
POI-ID-faeeaede,13,13,11,2,0,11,11,0,0
POI-ID-8a142689,5,5,5,0,0,5,5,0,0
POI-ID-78dab8f5,1,1,1,0,0,1,1,0,0
POI-ID-ebd72ac5,2,2,2,0,0,2,2,0,0
POI-ID-b4465643,1,1,1,0,0,1,1,0,0
POI-ID-4750ca13,5,5,5,0,0,5,5,0,0
POI-ID-9bf69894,2,2,2,0,0,2,2,0,0
POI-ID-9e1e386e,2,2,2,0,0,2,2,0,0
POI-ID-765550de,2,2,1,1,0,1,1,0,0
POI-ID-04be4466,10,10,8,1,1,8,8,0,0
POI-ID-b8f6f8ab,1,1,1,0,0,1,1,0,0
POI-ID-b3cea816,1,1,1,0,0,1,1,0,0
POI-ID-6e5c0757,2,2,1,1,0,1,1,0,0
POI-ID-02a93ea5,2,2,2,0,0,2,2,0,0
POI-ID-65fd7182,34,34,29,4,1,28,28,0,0
POI-ID-fca79db5,2,2,1,1,0,1,1,0,0
POI-ID-c0742d8d,5,5,5,0,0,5,5,0,0
POI-ID-80b083dc,3,3,3,0,0,3,3,0,0
POI-ID-de9fc24e,1,1,1,0,0,1,1,0,0
POI-ID-a14be300,1,1,1,0,0,1,1,0,0
POI-ID-0d6de7cd,1,1,1,0,0,1,1,0,0
POI-ID-90e7d518,4,4,2,1,1,1,1,0,0
POI-ID-7991f33a,1,1,1,0,0,1,1,0,0
POI-ID-bb17cd91,1,1,1,0,0,1,1,0,0
POI-ID-820d0903,1,1,1,0,0,1,1,0,0
POI-ID-b007632d,1,1,1,0,0,1,1,0,0
POI-ID-aa48fe1b,1,1,1,0,0,1,1,0,0
POI-ID-e70a7fad,1,1,1,0,0,1,1,0,0
POI-ID-b961ece0,1,1,1,0,0,1,1,0,0
POI-ID-4072bc20,1,1,1,0,0,1,1,0,0
POI-ID-bd6d5536,1,1,1,0,0,1,1,0,0
POI-ID-704959c2,2,2,2,0,0,2,2,0,0
POI-ID-95c51d69,1,1,1,0,0,1,1,0,0
POI-ID-7d2a2521,4,4,3,1,0,3,3,0,0
POI-ID-ac487824,1,1,1,0,0,1,1,0,0
POI-ID-bda491ae,1,1,1,0,0,1,1,0,0
POI-ID-16cf956a,2,2,1,1,0,1,1,0,0
POI-ID-f6013ea6,1,1,1,0,0,1,1,0,0
POI-ID-86a516c4,1,1,1,0,0,1,1,0,0
POI-ID-cde9d99c,1,1,1,0,0,1,1,0,0
POI-ID-b311d468,1,1,1,0,0,1,1,0,0
POI-ID-218dff00,4,4,4,0,0,4,4,0,0
POI-ID-9d75295d,2,2,2,0,0,2,2,0,0
POI-ID-cf068e1c,1,1,1,0,0,1,1,0,0
POI-ID-71e49fdd,1,1,1,0,0,1,1,0,0
POI-ID-d46c551f,1,1,1,0,0,1,1,0,0
POI-ID-15db2234,3,3,1,1,1,1,1,0,0
POI-ID-636e37ca,2,2,2,0,0,2,2,0,0
POI-ID-4d60c474,1,1,1,0,0,1,1,0,0
POI-ID-bb03c171,2,2,1,1,0,1,1,0,0
POI-ID-9ff671b6,2,2,2,0,0,2,2,0,0
POI-ID-a58268aa,1,1,1,0,0,1,1,0,0
POI-ID-2fb8fefa,1,1,1,0,0,1,1,0,0
POI-ID-f019a61d,1,1,1,0,0,1,1,0,0
POI-ID-6388883e,6,6,4,2,0,4,4,0,0
POI-ID-a0c46de0,1,1,1,0,0,1,1,0,0
POI-ID-7d85a4ca,1,1,1,0,0,1,1,0,0
POI-ID-7b208c79,1,1,1,0,0,1,1,0,0
POI-ID-74a6b567,1,1,1,0,0,1,1,0,0
POI-ID-257f97b6,28,28,21,5,2,21,21,0,0
POI-ID-63da4a24,15,15,11,2,2,10,10,0,0
POI-ID-fbaf46fb,1,1,1,0,0,1,1,0,0
POI-ID-e34cb2ef,1,1,1,0,0,1,1,0,0
POI-ID-935ea71c,1,1,1,0,0,1,1,0,0
POI-ID-0ed0fbda,1,1,1,0,0,1,1,0,0
POI-ID-a57fceb3,1,1,1,0,0,1,1,0,0
POI-ID-a7bde118,1,1,1,0,0,1,1,0,0
POI-ID-8dd4f14a,3,3,2,1,0,2,2,0,0
POI-ID-248bd2d8,15,15,9,4,2,5,5,0,0
POI-ID-d3632810,2,2,2,0,0,2,2,0,0
POI-ID-05169db3,20,20,18,2,0,18,18,0,0
POI-ID-a32dbb71,2,2,1,1,0,1,1,0,0
POI-ID-45a7cfae,12,12,11,0,1,12,12,0,0
POI-ID-cb11337d,19,19,14,3,2,9,9,0,0
POI-ID-1fe8fa10,4,4,3,1,0,3,3,0,0
POI-ID-6185080d,1,1,1,0,0,1,1,0,0
POI-ID-48ef7668,1,1,1,0,0,1,1,0,0
POI-ID-456e6a8d,2,2,2,0,0,2,2,0,0
POI-ID-ba3cb05b,1,1,1,0,0,1,1,0,0
POI-ID-f1ea599a,6,6,6,0,0,6,6,0,0
POI-ID-d1a0f268,49,49,29,14,6,2,2,0,0
POI-ID-0561defb,18,18,11,5,2,5,5,0,0
POI-ID-dbb1490a,12,12,8,3,1,8,8,0,0
POI-ID-a7a12f8c,8,8,4,2,2,4,4,0,0
POI-ID-069ac89a,2,2,2,0,0,2,2,0,0
POI-ID-96a69f3d,2,2,1,1,0,1,1,0,0
POI-ID-2adc2cd7,8,8,4,2,2,1,1,0,0
POI-ID-9185e8c0,1,1,1,0,0,1,1,0,0
POI-ID-41d4e0fa,2,2,2,0,0,2,2,0,0
POI-ID-1ea00a7c,6,6,5,1,0,5,5,0,0
POI-ID-51bdeaab,2,2,2,0,0,2,2,0,0
POI-ID-c026aa4f,3,3,3,0,0,3,3,0,0
POI-ID-64da9677,4,4,2,1,1,1,1,0,0
POI-ID-9cf3a34b,2,2,2,0,0,2,2,0,0
POI-ID-8facdac8,3,3,2,1,0,2,2,0,0
POI-ID-97f6ef35,4,4,3,1,0,3,3,0,0
POI-ID-a1c0f240,74,74,44,22,8,1,1,0,0
POI-ID-ea3743cf,3,3,3,0,0,3,3,0,0
POI-ID-180301c8,3,3,3,0,0,3,3,0,0
POI-ID-ce9df1a2,6,6,4,1,1,4,4,0,0
POI-ID-239c799c,8,8,5,2,1,3,3,0,0
POI-ID-e3a5d462,5,5,5,0,0,5,5,0,0
POI-ID-aba59963,1,1,1,0,0,1,1,0,0
POI-ID-9b19e3bb,1,1,1,0,0,1,1,0,0
POI-ID-a5631b5e,1,1,1,0,0,1,1,0,0
POI-ID-d086e112,2,2,2,0,0,2,2,0,0
POI-ID-b3b8826b,8,8,4,2,2,1,1,0,0
POI-ID-92ef531b,1,1,1,0,0,1,1,0,0
POI-ID-2f182730,14,13,13,0,0,14,13,-1,-1
POI-ID-c90af95c,9,9,7,1,1,6,6,0,0
POI-ID-f960b8e1,7,7,5,1,1,4,4,0,0
POI-ID-ae4f577b,15,15,13,2,0,13,13,0,0
POI-ID-07cb5300,12,12,10,1,1,9,9,0,0
POI-ID-05c740b1,2,2,2,0,0,2,2,0,0
POI-ID-b88f33ea,13,13,11,2,0,11,11,0,0
POI-ID-bf21b60f,7,7,5,1,1,3,3,0,0
POI-ID-648d3366,1,1,1,0,0,1,1,0,0
POI-ID-3d694ec9,6,6,4,1,1,4,4,0,0
POI-ID-11aa1ba8,2,2,2,0,0,2,2,0,0
POI-ID-7a370b91,11,11,11,0,0,11,11,0,0
POI-ID-15e8a3bb,1,1,1,0,0,1,1,0,0
POI-ID-1755f944,3,3,3,0,0,3,3,0,0
POI-ID-efe960f8,5,5,4,0,1,4,4,0,0
POI-ID-42004015,1,1,1,0,0,1,1,0,0
POI-ID-ade42627,22,22,12,6,4,10,10,0,0
POI-ID-f0f2a7f1,12,12,6,3,3,2,2,0,0
POI-ID-a22cd37b,1,1,1,0,0,1,1,0,0
POI-ID-2e906cd6,1,1,1,0,0,1,1,0,0
POI-ID-5de37fd5,2,2,1,1,0,1,1,0,0
POI-ID-44287b49,4,4,4,0,0,4,4,0,0
POI-ID-4220475e,1,1,1,0,0,1,1,0,0
POI-ID-3da1538f,5,5,4,1,0,4,4,0,0
POI-ID-dbab28ee,5,5,4,1,0,4,4,0,0
POI-ID-46507ba8,1,1,1,0,0,1,1,0,0
POI-ID-4d4274d3,1,1,1,0,0,1,1,0,0
POI-ID-b338f8a5,32,32,23,5,4,20,20,0,0
POI-ID-9701ac50,1,1,1,0,0,1,1,0,0
POI-ID-091b6e06,1,1,1,0,0,1,1,0,0
POI-ID-f82b1ace,5,5,3,2,0,3,3,0,0
POI-ID-5fb3c936,1,1,1,0,0,1,1,0,0
POI-ID-c60d89e8,6,6,5,0,1,5,5,0,0
POI-ID-e6f5a595,1,1,1,0,0,1,1,0,0
POI-ID-97e62e97,6,6,4,1,1,3,3,0,0
POI-ID-2ddde150,4,4,4,0,0,4,4,0,0
POI-ID-e67cd44f,16,16,14,1,1,14,14,0,0
POI-ID-1d8bd12e,1,1,1,0,0,1,1,0,0
POI-ID-22d19bc3,2,2,1,0,1,1,1,0,0
POI-ID-29e02d26,1,1,1,0,0,1,1,0,0
POI-ID-7fb1ae21,2,2,2,0,0,2,2,0,0
POI-ID-f8c47419,2,2,1,1,0,1,1,0,0
POI-ID-2e31dcd3,2,2,2,0,0,2,2,0,0
POI-ID-d8430589,6,6,4,2,0,4,4,0,0
POI-ID-8cf306ed,3,3,3,0,0,3,3,0,0
POI-ID-baa0600f,1,1,1,0,0,1,1,0,0
POI-ID-3ff63985,4,4,4,0,0,4,4,0,0
POI-ID-8341ee24,1,1,1,0,0,1,1,0,0
POI-ID-5f3abaa9,5,5,5,0,0,5,5,0,0
POI-ID-13bf5a9f,5,5,4,0,1,5,5,0,0
POI-ID-9d2ccb18,1,1,1,0,0,1,1,0,0
POI-ID-196c5e72,12,12,9,2,1,9,9,0,0
POI-ID-73edce6c,1,1,1,0,0,1,1,0,0
POI-ID-8193b2cd,17,17,12,4,1,12,12,0,0
POI-ID-924a63b7,3,3,3,0,0,3,3,0,0
POI-ID-47f9b1ca,1,1,1,0,0,1,1,0,0
POI-ID-f9d200bc,1,1,1,0,0,1,1,0,0
POI-ID-53cb512c,3,3,3,0,0,3,3,0,0
POI-ID-c1c716c3,7,7,4,1,2,2,2,0,0
POI-ID-176aa2de,1,1,1,0,0,1,1,0,0
POI-ID-b1e65d69,1,1,1,0,0,1,1,0,0
POI-ID-b8ccebb6,4,4,4,0,0,4,4,0,0
POI-ID-745dca9a,1,1,1,0,0,1,1,0,0
POI-ID-46500ef9,2,2,2,0,0,2,2,0,0
POI-ID-c1614697,2,2,2,0,0,2,2,0,0
POI-ID-a1243fd1,4,4,2,1,1,1,1,0,0
POI-ID-1f5634a8,2,2,1,1,0,1,1,0,0
POI-ID-776b8fb1,6,6,4,1,1,3,3,0,0
POI-ID-df78b052,4,4,4,0,0,4,4,0,0
POI-ID-88cf16e2,3,3,3,0,0,3,3,0,0
POI-ID-50b537a5,25,25,16,6,3,5,5,0,0
POI-ID-d069ba88,1,1,1,0,0,1,1,0,0
POI-ID-02f627a4,4,4,3,1,0,3,3,0,0
POI-ID-0f920f62,1,1,1,0,0,1,1,0,0
POI-ID-a1826317,6,6,3,1,2,1,1,0,0
POI-ID-2f39786a,1,1,1,0,0,1,1,0,0
POI-ID-a5c560cf,5,5,5,0,0,5,5,0,0
POI-ID-819a2da2,1,1,1,0,0,1,1,0,0
POI-ID-611af5e7,6,6,6,0,0,6,6,0,0
POI-ID-d388729f,16,16,11,3,2,11,11,0,0
POI-ID-8a85feaa,2,2,2,0,0,2,2,0,0
POI-ID-2e052ff2,2,2,2,0,0,2,2,0,0
POI-ID-a37b99b3,6,6,5,1,0,5,5,0,0
POI-ID-60ee5c24,1,1,1,0,0,1,1,0,0
POI-ID-6a99d594,1,1,1,0,0,1,1,0,0
POI-ID-4cd67fb9,17,17,10,5,2,2,2,0,0
POI-ID-01a219b5,3,3,3,0,0,3,3,0,0
POI-ID-76df9cfc,2,2,2,0,0,2,2,0,0
POI-ID-922d9f70,5,5,5,0,0,5,5,0,0
POI-ID-67d750b1,4,4,4,0,0,4,4,0,0
POI-ID-5f24ef39,2,2,2,0,0,2,2,0,0
POI-ID-252c828f,1,1,1,0,0,1,1,0,0
POI-ID-09db6107,2,2,2,0,0,2,2,0,0
POI-ID-8efc5eca,1,1,1,0,0,1,1,0,0
POI-ID-d08106a2,3,3,2,1,0,2,2,0,0
POI-ID-f11ab220,2,2,2,0,0,2,2,0,0
POI-ID-d1ebccbc,9,9,8,1,0,8,8,0,0
POI-ID-6497787d,3,3,2,1,0,2,2,0,0
POI-ID-c6159862,1,1,1,0,0,1,1,0,0
POI-ID-479e5d23,3,3,1,1,1,1,1,0,0
POI-ID-24b3add7,1,1,1,0,0,1,1,0,0
POI-ID-823a2ec9,1,1,1,0,0,1,1,0,0
POI-ID-4520b2db,1,1,1,0,0,1,1,0,0
POI-ID-37ca3edb,15,15,15,0,0,15,15,0,0
POI-ID-ea3bf964,63,63,52,6,5,51,51,0,0
POI-ID-e97d5125,3,3,2,1,0,2,2,0,0
POI-ID-8f01e452,4,4,2,1,1,1,1,0,0
POI-ID-de35ad37,5,5,5,0,0,5,5,0,0
POI-ID-d9d4653c,5,5,5,0,0,5,5,0,0
POI-ID-8afd3ea3,8,8,8,0,0,8,8,0,0
POI-ID-f7d3455c,6,6,5,1,0,5,5,0,0
POI-ID-b1681d9e,1,1,1,0,0,1,1,0,0
POI-ID-b2272f61,1,1,1,0,0,1,1,0,0
POI-ID-23205dc5,2,2,2,0,0,2,2,0,0
POI-ID-1017196d,3,3,3,0,0,3,3,0,0
POI-ID-d3cfc22d,1,1,1,0,0,1,1,0,0
POI-ID-e05bb37a,7,7,4,1,2,2,2,0,0
POI-ID-07459f47,11,11,11,0,0,11,11,0,0
POI-ID-83ba1d70,2,2,2,0,0,2,2,0,0
POI-ID-5817ab72,4,4,3,1,0,3,3,0,0
POI-ID-33c519ab,1,1,1,0,0,1,1,0,0
POI-ID-a890fd65,4,4,2,2,0,2,2,0,0
POI-ID-cc878d9b,6,6,4,2,0,4,4,0,0
POI-ID-d5511004,1,1,1,0,0,1,1,0,0
POI-ID-e6b0ee60,5,5,2,3,0,3,3,0,0
POI-ID-d2dbda58,4,4,4,0,0,4,4,0,0
POI-ID-ad947742,2,2,2,0,0,2,2,0,0
POI-ID-530ff9ae,2,2,2,0,0,2,2,0,0
POI-ID-35b8a62f,4,4,3,0,1,4,4,0,0
POI-ID-51840859,1,1,1,0,0,1,1,0,0
POI-ID-daa93163,2,2,2,0,0,2,2,0,0
POI-ID-f963227c,6,6,5,1,0,6,6,0,0
POI-ID-a6b9c12c,1,1,1,0,0,1,1,0,0
POI-ID-9c25c663,1,1,1,0,0,1,1,0,0
POI-ID-7c11b1f2,1,1,1,0,0,1,1,0,0
POI-ID-50c15edb,1,1,1,0,0,1,1,0,0
POI-ID-1c26a73a,3,3,3,0,0,3,3,0,0
POI-ID-76222afb,2,2,2,0,0,2,2,0,0
POI-ID-5364736b,14,14,13,1,0,13,13,0,0
POI-ID-008b945a,9,9,5,2,2,4,4,0,0
POI-ID-8181725c,3,3,1,1,1,1,1,0,0
POI-ID-eacaaaae,2,2,2,0,0,2,2,0,0
POI-ID-fdf5ed20,1,1,1,0,0,1,1,0,0
POI-ID-b05a8b98,6,6,6,0,0,6,6,0,0
POI-ID-51581ee4,1,1,1,0,0,1,1,0,0
POI-ID-77280f5a,2,2,2,0,0,2,2,0,0
POI-ID-9d70a0e7,11,11,10,1,0,10,10,0,0
POI-ID-279a4b4d,2,2,1,1,0,1,1,0,0
POI-ID-dc38399d,2,2,2,0,0,2,2,0,0
POI-ID-2178f472,1,1,1,0,0,1,1,0,0
POI-ID-6bc4ab36,1,1,1,0,0,1,1,0,0
POI-ID-9a7b9655,45,45,33,9,3,32,32,0,0
POI-ID-4eccf015,1,1,1,0,0,1,1,0,0
POI-ID-34460b99,1,1,1,0,0,1,1,0,0
POI-ID-b15cb997,3,3,3,0,0,3,3,0,0
POI-ID-e2372978,1,1,1,0,0,1,1,0,0
POI-ID-59870276,1,1,1,0,0,1,1,0,0
POI-ID-6eaa6f7e,1,1,1,0,0,1,1,0,0
POI-ID-f4925382,1,1,1,0,0,1,1,0,0
POI-ID-c3fe621a,6,6,4,1,1,3,3,0,0
POI-ID-f55bed22,1,1,1,0,0,1,1,0,0
POI-ID-c37cf37e,1,1,1,0,0,1,1,0,0
POI-ID-9448a142,12,12,11,0,1,11,11,0,0
POI-ID-690b4ee1,1,1,1,0,0,1,1,0,0
POI-ID-678b1821,12,12,8,2,2,6,6,0,0
POI-ID-ea07d5d2,1,1,1,0,0,1,1,0,0
POI-ID-8a91ddae,1,1,1,0,0,1,1,0,0
POI-ID-22d51311,2,2,2,0,0,2,2,0,0
POI-ID-511b5a55,6,6,3,1,2,1,1,0,0
POI-ID-804fb58a,1,1,1,0,0,1,1,0,0
POI-ID-397b1a40,3,3,1,1,1,1,1,0,0
POI-ID-d48d0254,5,5,4,1,0,4,4,0,0
POI-ID-459d6006,9,9,7,2,0,7,7,0,0
POI-ID-053d0fcc,1,1,1,0,0,1,1,0,0
POI-ID-6d0bd154,11,11,7,2,2,5,5,0,0
POI-ID-83a618ef,1,1,1,0,0,1,1,0,0
POI-ID-799cea75,1,1,1,0,0,1,1,0,0
POI-ID-324a5a5f,2,2,1,1,0,1,1,0,0
POI-ID-c5be30ad,33,33,24,5,4,22,22,0,0
POI-ID-fe2a6538,6,6,5,1,0,5,5,0,0
POI-ID-2a70fd5c,1,1,1,0,0,1,1,0,0
POI-ID-924535ae,1,1,1,0,0,1,1,0,0
POI-ID-7dbfb8eb,12,12,9,1,2,7,7,0,0
POI-ID-e3170439,3,3,2,1,0,2,2,0,0
POI-ID-b98ad79a,9,9,8,1,0,8,8,0,0
POI-ID-959ce0d4,4,4,3,1,0,3,3,0,0
POI-ID-3d4ea320,2,2,2,0,0,2,2,0,0
POI-ID-748024d8,1,1,1,0,0,1,1,0,0
POI-ID-3b5c9a4a,11,11,10,1,0,10,10,0,0
POI-ID-5d35998d,3,3,2,1,0,2,2,0,0
POI-ID-38731919,1,1,1,0,0,1,1,0,0
POI-ID-5a6940ec,4,4,3,1,0,3,3,0,0
POI-ID-91c1e127,1,1,1,0,0,1,1,0,0
POI-ID-b5df76b7,1,1,1,0,0,1,1,0,0
POI-ID-8c3299f4,31,31,20,8,3,5,5,0,0
POI-ID-14de987c,2,2,1,1,0,1,1,0,0
POI-ID-7587db75,5,5,3,1,1,3,3,0,0
POI-ID-9dc9140c,9,9,5,2,2,3,3,0,0
POI-ID-52ac4bdf,3,3,2,1,0,2,2,0,0
POI-ID-a87a2710,3,3,3,0,0,3,3,0,0
POI-ID-a9722755,10,10,7,3,0,7,7,0,0
POI-ID-c39bce91,2,2,2,0,0,2,2,0,0
POI-ID-cb95df01,1,1,1,0,0,1,1,0,0
POI-ID-335c6148,6,6,4,1,1,2,2,0,0
POI-ID-fd75e59f,3,3,3,0,0,3,3,0,0
POI-ID-b124a906,2,2,2,0,0,2,2,0,0
POI-ID-ccad612b,11,11,7,3,1,7,7,0,0
POI-ID-873f312b,20,20,17,2,1,17,17,0,0
POI-ID-bfdf549d,2,2,2,0,0,2,2,0,0
POI-ID-e05d39f9,6,6,6,0,0,6,6,0,0
POI-ID-78c543c6,11,11,9,2,0,9,9,0,0
POI-ID-d4e7e7c1,14,14,11,2,1,8,8,0,0
POI-ID-02588009,8,8,6,2,0,6,6,0,0
POI-ID-ee7d3e42,1,1,1,0,0,1,1,0,0
POI-ID-ec928c15,2,2,1,1,0,1,1,0,0
POI-ID-ccfb1604,1,1,1,0,0,1,1,0,0
POI-ID-b23da76a,1,1,1,0,0,1,1,0,0
POI-ID-74125897,15,15,10,3,2,9,9,0,0
POI-ID-2d50ba11,5,5,5,0,0,5,5,0,0
POI-ID-793aeec7,1,1,1,0,0,1,1,0,0
POI-ID-d3de1116,4,4,3,1,0,3,3,0,0
POI-ID-612bfca6,7,7,4,1,2,3,3,0,0
POI-ID-91f86324,1,1,1,0,0,1,1,0,0
POI-ID-fb9ea2d4,5,5,3,1,1,3,3,0,0
POI-ID-fbc95e53,3,3,2,1,0,2,2,0,0
POI-ID-68d62123,4,4,4,0,0,4,4,0,0
POI-ID-83ae676e,13,13,11,1,1,11,11,0,0
POI-ID-b3b8bf14,1,1,1,0,0,1,1,0,0
POI-ID-72307cc7,6,6,6,0,0,6,6,0,0
POI-ID-181a5162,7,7,4,1,2,2,2,0,0
POI-ID-23fc453f,6,6,4,1,1,2,2,0,0
POI-ID-23e3acfa,7,7,7,0,0,7,7,0,0
POI-ID-4f866ab1,5,5,5,0,0,5,5,0,0
POI-ID-3e6f177f,7,7,7,0,0,7,7,0,0
POI-ID-27ed5a38,4,4,3,1,0,3,3,0,0
POI-ID-21461102,12,12,9,2,1,7,7,0,0
POI-ID-b66a7eeb,3,3,2,1,0,2,2,0,0
POI-ID-2986d47b,3,3,3,0,0,3,3,0,0
POI-ID-421d51a4,1,1,1,0,0,1,1,0,0
POI-ID-cf4ce69e,1,1,1,0,0,1,1,0,0
POI-ID-ec3053aa,1,1,1,0,0,1,1,0,0
POI-ID-1ce954af,1,1,1,0,0,1,1,0,0
POI-ID-e76fdc26,2,2,1,1,0,1,1,0,0
POI-ID-c3935d1b,2,2,2,0,0,2,2,0,0
POI-ID-a88fef71,5,5,5,0,0,5,5,0,0
POI-ID-e795d193,3,3,2,1,0,2,2,0,0
POI-ID-5f623179,2,2,2,0,0,2,2,0,0
POI-ID-4c160c2f,6,6,6,0,0,6,6,0,0
POI-ID-23530c04,10,10,9,1,0,9,9,0,0
POI-ID-f10da4df,14,14,9,4,1,8,8,0,0
POI-ID-40ad5817,2,2,2,0,0,2,2,0,0
POI-ID-05411516,9,9,9,0,0,9,9,0,0
POI-ID-df082bbf,1,1,1,0,0,1,1,0,0
POI-ID-b13d32d8,3,3,3,0,0,3,3,0,0
POI-ID-92b7266e,1,1,1,0,0,1,1,0,0
POI-ID-f8a62065,7,7,4,3,0,4,4,0,0
POI-ID-e2401896,14,14,12,1,1,10,10,0,0
POI-ID-deedc20d,1,1,1,0,0,1,1,0,0
POI-ID-c823fbd4,5,5,2,2,1,2,2,0,0
POI-ID-a4353bc1,1,1,1,0,0,1,1,0,0
POI-ID-bec7690d,4,4,2,1,1,1,1,0,0
POI-ID-ab97ba15,3,3,2,1,0,2,2,0,0
POI-ID-106ba995,20,18,12,4,2,10,8,-2,-2
POI-ID-aca158b7,17,17,13,3,1,12,12,0,0
POI-ID-68de367e,2,2,2,0,0,2,2,0,0
POI-ID-699b58a0,2,2,2,0,0,2,2,0,0
POI-ID-57b846a4,6,6,5,1,0,5,5,0,0
POI-ID-9374af5a,1,1,1,0,0,1,1,0,0
POI-ID-44428015,2,2,2,0,0,2,2,0,0
POI-ID-290866a9,1,1,1,0,0,1,1,0,0
POI-ID-68e382b1,1,1,1,0,0,1,1,0,0
POI-ID-f9c9b9b6,2,2,2,0,0,2,2,0,0
POI-ID-9e00e764,4,4,2,2,0,2,2,0,0
POI-ID-4c4bf47c,5,5,3,1,1,3,3,0,0
POI-ID-4f037cd3,2,2,2,0,0,2,2,0,0
POI-ID-4a3ff1f6,5,5,3,1,1,2,2,0,0
POI-ID-c1b58e48,1,1,1,0,0,1,1,0,0
POI-ID-ebc51f7d,1,1,1,0,0,1,1,0,0
POI-ID-e8c9ac63,11,11,10,1,0,10,10,0,0
POI-ID-1f2fce8f,1,1,1,0,0,1,1,0,0
POI-ID-e31cf97d,3,3,2,1,0,2,2,0,0
POI-ID-22058bfa,17,17,13,2,2,13,13,0,0
POI-ID-decba41e,5,5,2,2,1,2,2,0,0
POI-ID-0a987951,3,3,2,1,0,2,2,0,0
POI-ID-d5cc5dd0,7,7,5,1,1,5,5,0,0
POI-ID-4f9181e2,1,1,1,0,0,1,1,0,0
POI-ID-741c57e5,13,13,11,2,0,11,11,0,0
POI-ID-c5d7ec33,13,13,13,0,0,13,13,0,0
POI-ID-f30ffdf0,4,4,4,0,0,4,4,0,0
POI-ID-14b4aa25,1,1,1,0,0,1,1,0,0
POI-ID-c3efd05a,1,1,1,0,0,1,1,0,0
POI-ID-b11c0ad0,4,4,4,0,0,4,4,0,0
POI-ID-f384a4c6,3,3,3,0,0,3,3,0,0
POI-ID-f8f45dd0,2,2,2,0,0,2,2,0,0
POI-ID-8a07ab99,3,3,3,0,0,3,3,0,0
POI-ID-426394f0,3,3,3,0,0,3,3,0,0
POI-ID-2ad50a85,2,2,1,1,0,1,1,0,0
POI-ID-27ed9526,3,3,3,0,0,3,3,0,0
POI-ID-acde0f21,1,1,1,0,0,1,1,0,0
POI-ID-56416f56,1,1,1,0,0,1,1,0,0
POI-ID-c2fbbbe7,1,1,1,0,0,1,1,0,0
POI-ID-c5e05734,1,1,1,0,0,1,1,0,0
POI-ID-ef3ffa4d,4,4,2,1,1,1,1,0,0
POI-ID-986193bc,5,5,4,1,0,4,4,0,0
POI-ID-420bba73,6,6,3,1,2,1,1,0,0
POI-ID-bbe53b4e,3,3,2,1,0,2,2,0,0
POI-ID-b196256b,2,2,2,0,0,2,2,0,0
POI-ID-34ee5149,1,1,1,0,0,1,1,0,0
POI-ID-50853c2f,1,1,1,0,0,1,1,0,0
POI-ID-fef2d4ed,7,7,5,1,1,5,5,0,0
POI-ID-12613e0c,2,2,2,0,0,2,2,0,0
POI-ID-340c4b9d,2,2,2,0,0,2,2,0,0
POI-ID-3d8d9e6b,1,1,1,0,0,1,1,0,0
POI-ID-8a0a7dec,2,2,2,0,0,2,2,0,0
POI-ID-0d4834b9,8,8,8,0,0,8,8,0,0
POI-ID-c6d71042,2,2,1,1,0,1,1,0,0
POI-ID-e8d6a7e4,4,4,4,0,0,4,4,0,0
POI-ID-5b6e0992,2,2,2,0,0,2,2,0,0
POI-ID-e8ed2329,7,7,7,0,0,7,7,0,0
POI-ID-61231dd6,1,1,1,0,0,1,1,0,0
POI-ID-1c01982d,2,2,2,0,0,2,2,0,0
POI-ID-8995e907,2,2,2,0,0,2,2,0,0
POI-ID-b7402198,5,5,4,1,0,4,4,0,0
POI-ID-2d6c4404,1,1,1,0,0,1,1,0,0
POI-ID-9b1f400d,1,1,1,0,0,1,1,0,0
POI-ID-717dc8f3,1,1,1,0,0,1,1,0,0
POI-ID-116d67c8,1,1,1,0,0,1,1,0,0
POI-ID-cc26f86a,1,1,1,0,0,1,1,0,0
POI-ID-9da3af48,1,1,1,0,0,1,1,0,0
POI-ID-7160f4e6,2,2,2,0,0,2,2,0,0
POI-ID-7ebd6584,12,12,11,1,0,11,11,0,0
POI-ID-34239967,2,2,1,1,0,1,1,0,0
POI-ID-7812135a,3,3,3,0,0,3,3,0,0
POI-ID-084efe56,38,38,23,11,4,2,2,0,0
POI-ID-294cfb92,2,2,2,0,0,2,2,0,0
POI-ID-86583d09,2,2,1,1,0,1,1,0,0
POI-ID-967f9f07,3,3,2,1,0,2,2,0,0
POI-ID-e75f22ed,2,2,1,1,0,1,1,0,0
POI-ID-17d7e15e,4,4,2,1,1,2,2,0,0
POI-ID-0ed8b0cb,1,1,1,0,0,1,1,0,0
POI-ID-20abc55b,6,6,4,2,0,4,4,0,0
POI-ID-82d1cdd7,14,14,8,5,1,3,3,0,0
POI-ID-11ec9f8b,1,1,1,0,0,1,1,0,0
POI-ID-1b63dd3b,22,22,13,5,4,9,9,0,0
POI-ID-bd9588f2,2,2,2,0,0,2,2,0,0
POI-ID-6ee10982,7,7,6,1,0,6,6,0,0
POI-ID-b321e367,2,2,2,0,0,2,2,0,0
POI-ID-ba15aa48,6,6,5,1,0,5,5,0,0
POI-ID-ecd67189,2,2,2,0,0,2,2,0,0
POI-ID-68d0d526,9,9,6,2,1,6,6,0,0
POI-ID-f2a553d0,3,3,3,0,0,3,3,0,0
POI-ID-b8430619,5,5,5,0,0,5,5,0,0
POI-ID-b389771e,1,1,1,0,0,1,1,0,0
POI-ID-767386d1,9,9,7,1,1,5,5,0,0
POI-ID-cec7e34d,3,3,2,1,0,2,2,0,0
POI-ID-1acbadde,4,4,3,1,0,3,3,0,0
POI-ID-c5c011af,16,16,11,4,1,11,11,0,0
POI-ID-3a53438a,2,2,2,0,0,2,2,0,0
POI-ID-690f3c9a,4,4,3,1,0,3,3,0,0
POI-ID-6099b08a,4,4,4,0,0,4,4,0,0
POI-ID-4d1652ac,5,5,3,2,0,3,3,0,0
POI-ID-f3d97921,5,5,3,1,1,3,3,0,0
POI-ID-536fc98c,6,6,6,0,0,6,6,0,0
POI-ID-90539be4,4,4,4,0,0,4,4,0,0
POI-ID-81c3e378,2,2,2,0,0,2,2,0,0
POI-ID-b58a5358,2,2,2,0,0,2,2,0,0
POI-ID-a4d2b404,1,1,1,0,0,1,1,0,0
POI-ID-ffa3a5ff,26,26,15,6,5,8,8,0,0
POI-ID-2ccde801,3,3,3,0,0,3,3,0,0
POI-ID-ad7e1539,1,1,1,0,0,1,1,0,0
POI-ID-c72a3c54,2,2,1,1,0,1,1,0,0
POI-ID-be9d9e2b,7,7,6,1,0,6,6,0,0
POI-ID-3e89e23c,1,1,1,0,0,1,1,0,0
POI-ID-8af76602,6,6,6,0,0,6,6,0,0
POI-ID-164c1e28,2,2,2,0,0,2,2,0,0
POI-ID-f8f4db0d,6,6,6,0,0,6,6,0,0
POI-ID-6ac8789c,3,3,3,0,0,3,3,0,0
POI-ID-cc9b522b,11,11,9,1,1,7,7,0,0
POI-ID-7a05bb15,7,7,6,1,0,6,6,0,0
POI-ID-051d167e,12,12,11,1,0,11,11,0,0
POI-ID-3b228235,1,1,1,0,0,1,1,0,0
POI-ID-5464b6dc,3,3,2,1,0,2,2,0,0
POI-ID-495a3689,4,4,2,1,1,1,1,0,0
POI-ID-356e61d6,4,4,4,0,0,4,4,0,0
POI-ID-d8de3db3,9,9,6,2,1,3,3,0,0
POI-ID-ebbb9441,6,6,6,0,0,6,6,0,0
POI-ID-1ad9fa76,5,5,3,2,0,3,3,0,0
POI-ID-9485b346,3,3,3,0,0,3,3,0,0
POI-ID-b152d275,2,2,2,0,0,2,2,0,0
POI-ID-ed67d21b,20,20,18,2,0,19,19,0,0
POI-ID-2d2fa8e0,1,1,1,0,0,1,1,0,0
POI-ID-796d4be2,1,1,1,0,0,1,1,0,0
POI-ID-c4b9e184,4,4,4,0,0,4,4,0,0
POI-ID-7485173f,6,6,6,0,0,6,6,0,0
POI-ID-a603237f,1,1,1,0,0,1,1,0,0
POI-ID-9b442914,17,17,10,4,3,4,4,0,0
POI-ID-ad378b2f,1,1,1,0,0,1,1,0,0
POI-ID-aede37d7,1,1,1,0,0,1,1,0,0
POI-ID-9f107163,2,2,2,0,0,2,2,0,0
POI-ID-5f943483,1,1,1,0,0,1,1,0,0
POI-ID-ef7ab60f,1,1,1,0,0,1,1,0,0
POI-ID-4612dbec,1,1,1,0,0,1,1,0,0
POI-ID-cdc7148b,1,1,1,0,0,1,1,0,0
POI-ID-d85d0e6f,17,17,13,2,2,9,9,0,0
POI-ID-bd5da056,5,5,5,0,0,5,5,0,0
POI-ID-3f900f0d,15,15,14,0,1,15,15,0,0
POI-ID-e8eb3cf9,26,26,25,1,0,25,25,0,0
POI-ID-65edb30b,2,2,2,0,0,2,2,0,0
POI-ID-9cf03dcc,1,1,1,0,0,1,1,0,0
POI-ID-59fb0987,1,1,1,0,0,1,1,0,0
POI-ID-038f981c,11,11,6,4,1,3,3,0,0
POI-ID-67b82ebc,2,2,2,0,0,2,2,0,0
POI-ID-c6b6f63f,9,9,5,2,2,1,1,0,0
POI-ID-1efcb8f6,9,9,7,2,0,7,7,0,0
POI-ID-88353df4,9,9,3,3,3,3,3,0,0
POI-ID-1867f259,1,1,1,0,0,1,1,0,0
POI-ID-859db675,1,1,1,0,0,1,1,0,0
POI-ID-122a912e,1,1,1,0,0,1,1,0,0
POI-ID-83ee1c0b,1,1,1,0,0,1,1,0,0
POI-ID-90b5a501,5,5,3,1,1,2,2,0,0
POI-ID-0bb855b6,1,1,1,0,0,1,1,0,0
POI-ID-e3778895,5,5,4,1,0,4,4,0,0
POI-ID-36f05158,3,3,3,0,0,3,3,0,0
POI-ID-c6622c47,1,1,1,0,0,1,1,0,0
POI-ID-dcf85fc3,1,1,1,0,0,1,1,0,0
POI-ID-5fb0c760,1,1,1,0,0,1,1,0,0
POI-ID-9202e739,2,2,1,1,0,1,1,0,0
POI-ID-b16e9f57,1,1,1,0,0,1,1,0,0
POI-ID-36a6b078,7,7,7,0,0,7,7,0,0
POI-ID-5d2c689e,8,8,5,2,1,2,2,0,0
POI-ID-4ba24f72,1,1,1,0,0,1,1,0,0
POI-ID-038aa5a9,1,1,1,0,0,1,1,0,0
POI-ID-d5f4a060,1,1,1,0,0,1,1,0,0
POI-ID-afea24fe,1,1,1,0,0,1,1,0,0
POI-ID-817565e4,1,1,1,0,0,1,1,0,0
POI-ID-fa88caf8,2,2,2,0,0,2,2,0,0
POI-ID-61b5e341,6,6,5,1,0,5,5,0,0
POI-ID-02fdc9d4,1,1,1,0,0,1,1,0,0
POI-ID-a91af970,1,1,1,0,0,1,1,0,0
POI-ID-470ade79,1,1,1,0,0,1,1,0,0
POI-ID-6f2321f6,2,2,1,1,0,1,1,0,0
POI-ID-9c4557b3,1,1,1,0,0,1,1,0,0
POI-ID-fb7cd6fc,6,6,4,1,1,4,4,0,0
POI-ID-4547902e,7,7,5,2,0,5,5,0,0
POI-ID-880348ea,2,2,2,0,0,2,2,0,0
POI-ID-62fbb33f,4,4,3,1,0,3,3,0,0
POI-ID-2fe71a39,10,10,9,1,0,10,10,0,0
POI-ID-1a9b67be,2,2,1,1,0,1,1,0,0
POI-ID-3e3a8546,13,13,9,3,1,8,8,0,0
POI-ID-7bf0c287,3,3,3,0,0,3,3,0,0
POI-ID-a7b10702,1,1,1,0,0,1,1,0,0
POI-ID-1c81f1ae,23,23,15,5,3,12,12,0,0
POI-ID-fc807217,12,12,6,4,2,6,6,0,0
POI-ID-e9e8acc2,1,1,1,0,0,1,1,0,0
POI-ID-3ed80d09,6,6,4,1,1,4,4,0,0
POI-ID-5c365f00,2,2,2,0,0,2,2,0,0
POI-ID-7b91229e,6,6,4,1,1,3,3,0,0
POI-ID-2c67d30f,1,1,1,0,0,1,1,0,0
POI-ID-7d035943,5,5,5,0,0,5,5,0,0
POI-ID-e9262b18,1,1,1,0,0,1,1,0,0
POI-ID-d04e8625,44,44,26,10,8,15,15,0,0
POI-ID-ca006273,3,3,2,1,0,2,2,0,0
POI-ID-9b631c70,3,3,2,0,1,3,3,0,0
POI-ID-c17d6020,1,1,1,0,0,1,1,0,0
POI-ID-f430492c,1,1,1,0,0,1,1,0,0
POI-ID-590512ee,10,10,8,1,1,8,8,0,0
POI-ID-3e4eca50,1,1,1,0,0,1,1,0,0
POI-ID-6794201e,24,24,16,5,3,13,13,0,0
POI-ID-c4e10fef,4,4,2,1,1,1,1,0,0
POI-ID-be733e03,11,11,7,2,2,6,6,0,0
POI-ID-8a890f80,3,3,2,1,0,2,2,0,0
POI-ID-1dad689c,2,2,2,0,0,2,2,0,0
POI-ID-ee67e85f,1,1,1,0,0,1,1,0,0
POI-ID-143e805e,5,5,4,1,0,5,5,0,0
POI-ID-baa2d7cb,43,43,36,5,2,35,35,0,0
POI-ID-e493909a,10,10,7,2,1,5,5,0,0
POI-ID-108d041b,3,3,2,1,0,2,2,0,0
POI-ID-f5ad49a1,2,2,1,1,0,1,1,0,0
POI-ID-90f344f0,4,4,3,1,0,3,3,0,0
POI-ID-32631a13,12,12,8,2,2,7,7,0,0
POI-ID-1bfc2aee,2,2,1,1,0,1,1,0,0
POI-ID-c06fead9,2,2,2,0,0,2,2,0,0
POI-ID-72b6d7ae,2,2,2,0,0,2,2,0,0
POI-ID-ea417627,2,2,2,0,0,2,2,0,0
POI-ID-d8d93d1b,6,6,3,2,1,2,2,0,0
POI-ID-7fc76114,2,2,1,1,0,1,1,0,0
POI-ID-2ea70475,5,5,5,0,0,5,5,0,0
POI-ID-417bfb1d,8,8,7,1,0,7,7,0,0
POI-ID-eaafc960,1,1,1,0,0,1,1,0,0
POI-ID-3d056f46,1,1,1,0,0,1,1,0,0
POI-ID-eecb0073,8,8,4,2,2,4,4,0,0
POI-ID-e9408556,2,2,1,1,0,1,1,0,0
POI-ID-6fa9e42a,4,4,2,2,0,2,2,0,0
POI-ID-5f2e7535,2,2,2,0,0,2,2,0,0
POI-ID-4957d622,2,2,1,1,0,1,1,0,0
POI-ID-de0436a7,1,1,1,0,0,1,1,0,0
POI-ID-4e7912c6,4,4,4,0,0,4,4,0,0
POI-ID-6c3a6f34,6,6,4,1,1,4,4,0,0
POI-ID-85f56dbe,3,3,3,0,0,3,3,0,0
POI-ID-4f3c35d6,10,10,7,1,2,5,5,0,0
POI-ID-ef50e50b,4,4,2,1,1,1,1,0,0
POI-ID-70a7f475,2,2,2,0,0,2,2,0,0
POI-ID-63cfd4b1,1,1,1,0,0,1,1,0,0
POI-ID-322b5a66,1,1,1,0,0,1,1,0,0
POI-ID-3a6fdea3,1,1,1,0,0,1,1,0,0
POI-ID-05fc9d41,3,3,3,0,0,3,3,0,0
POI-ID-41f6f3b6,12,12,11,1,0,11,11,0,0
POI-ID-fca5ddfd,4,4,4,0,0,4,4,0,0
POI-ID-7efbc505,4,4,2,2,0,2,2,0,0
POI-ID-8bef48c4,1,1,1,0,0,1,1,0,0
POI-ID-d303c7d7,5,5,5,0,0,5,5,0,0
POI-ID-5201b11e,4,4,3,1,0,3,3,0,0
POI-ID-cd15e5ad,2,2,1,1,0,1,1,0,0
POI-ID-796b775f,7,7,6,1,0,6,6,0,0
POI-ID-edc35004,3,3,2,1,0,2,2,0,0
POI-ID-4da617f7,2,2,2,0,0,2,2,0,0
POI-ID-df5ce363,1,1,1,0,0,1,1,0,0
POI-ID-45d9d233,2,2,2,0,0,2,2,0,0
POI-ID-ecfec206,4,4,4,0,0,4,4,0,0
POI-ID-15730e29,2,2,1,1,0,1,1,0,0
POI-ID-ad44e00e,1,1,1,0,0,1,1,0,0
POI-ID-8a906a58,6,6,6,0,0,6,6,0,0
POI-ID-48cf8a87,1,1,1,0,0,1,1,0,0
POI-ID-3fc964e2,1,1,1,0,0,1,1,0,0
POI-ID-1c53c978,28,28,16,8,4,1,1,0,0
POI-ID-192fc6c6,3,3,1,1,1,1,1,0,0
POI-ID-7a5f6332,1,1,1,0,0,1,1,0,0
POI-ID-289704f5,2,2,2,0,0,2,2,0,0
POI-ID-69f9d72a,3,3,3,0,0,3,3,0,0
POI-ID-e8715d4f,4,4,2,1,1,1,1,0,0
POI-ID-ea7ef644,3,3,1,1,1,1,1,0,0
POI-ID-acb1450e,2,2,2,0,0,2,2,0,0
POI-ID-9bd0efaf,2,2,1,1,0,1,1,0,0
POI-ID-e7ff8b2f,16,16,9,4,3,1,1,0,0
POI-ID-82ccacba,5,5,3,1,1,1,1,0,0
POI-ID-a0cdd460,1,1,1,0,0,1,1,0,0
POI-ID-1924cc92,2,2,2,0,0,2,2,0,0
POI-ID-7efc5bae,4,4,3,1,0,3,3,0,0
POI-ID-98f6baf1,2,2,1,1,0,1,1,0,0
POI-ID-7b64f2df,43,43,29,10,4,15,15,0,0
POI-ID-285c635a,2,2,2,0,0,2,2,0,0
POI-ID-f0592d7e,2,2,2,0,0,2,2,0,0
POI-ID-b6254e27,1,1,1,0,0,1,1,0,0
POI-ID-d35f1b07,6,6,4,2,0,4,4,0,0
POI-ID-e3ca3723,1,1,1,0,0,1,1,0,0
POI-ID-2ebd08af,1,1,1,0,0,1,1,0,0
POI-ID-7608d9d4,1,1,1,0,0,1,1,0,0
POI-ID-d30039b6,31,31,18,9,4,1,1,0,0
POI-ID-05dc18e9,1,1,1,0,0,1,1,0,0
POI-ID-cb861106,2,2,2,0,0,2,2,0,0
POI-ID-1e471ea1,1,1,1,0,0,1,1,0,0
POI-ID-69d4ab0a,2,2,2,0,0,2,2,0,0
POI-ID-d315499d,4,4,3,1,0,3,3,0,0
POI-ID-3401270a,1,1,1,0,0,1,1,0,0
POI-ID-7a57395b,1,1,1,0,0,1,1,0,0
POI-ID-f92e4829,2,2,1,1,0,1,1,0,0
POI-ID-56236af1,7,7,4,2,1,1,1,0,0
POI-ID-15c20037,2,2,2,0,0,2,2,0,0
POI-ID-ad01a71d,3,3,1,1,1,1,1,0,0
POI-ID-f3698350,2,2,2,0,0,2,2,0,0
POI-ID-9ccdd671,77,77,47,22,8,3,3,0,0
POI-ID-b4a10cd0,2,2,2,0,0,2,2,0,0
POI-ID-e414d26e,1,1,1,0,0,1,1,0,0
POI-ID-8b52c3c1,1,1,1,0,0,1,1,0,0
POI-ID-ea6f39bb,5,5,3,1,1,3,3,0,0
POI-ID-3a3ca027,5,5,5,0,0,5,5,0,0
POI-ID-03607341,12,12,11,1,0,11,11,0,0
POI-ID-4af39aec,2,2,1,1,0,1,1,0,0
POI-ID-26cf0623,2,2,2,0,0,2,2,0,0
POI-ID-c3ac3bb4,1,1,1,0,0,1,1,0,0
POI-ID-9bc9df95,3,3,3,0,0,3,3,0,0
POI-ID-4a79656c,6,6,4,1,1,2,2,0,0
POI-ID-29985db1,1,1,1,0,0,1,1,0,0
POI-ID-424d9556,4,4,2,1,1,2,2,0,0
POI-ID-9ae88e2a,1,1,1,0,0,1,1,0,0
POI-ID-a6acb53e,1,1,1,0,0,1,1,0,0
POI-ID-ab93c753,2,2,2,0,0,2,2,0,0
POI-ID-17730a21,4,4,2,1,1,1,1,0,0
POI-ID-c9099780,1,1,1,0,0,1,1,0,0
POI-ID-f81d77c1,26,26,14,7,5,12,12,0,0
POI-ID-611a514f,1,1,1,0,0,1,1,0,0
POI-ID-5d358c9a,2,2,2,0,0,2,2,0,0
POI-ID-b7cee6cc,2,2,2,0,0,2,2,0,0
POI-ID-0852a3d4,17,17,10,5,2,3,3,0,0
POI-ID-964775f4,2,2,2,0,0,2,2,0,0
POI-ID-6cebb050,9,9,7,2,0,7,7,0,0
POI-ID-2a829803,1,1,1,0,0,1,1,0,0
POI-ID-a4d95607,1,1,1,0,0,1,1,0,0
POI-ID-51c2e3f1,4,4,2,1,1,1,1,0,0
POI-ID-7b503eb5,5,5,3,1,1,1,1,0,0
POI-ID-c5ec3116,10,10,9,1,0,9,9,0,0
POI-ID-a48b9373,9,9,6,2,1,6,6,0,0
POI-ID-74a7d451,1,1,1,0,0,1,1,0,0
POI-ID-52cd6c1e,4,4,3,1,0,3,3,0,0
POI-ID-076e6a65,4,4,4,0,0,4,4,0,0
POI-ID-7dded13c,27,27,16,7,4,2,2,0,0
POI-ID-98c269fa,1,1,1,0,0,1,1,0,0
POI-ID-6756aede,2,2,1,1,0,1,1,0,0
POI-ID-48facdfa,3,3,3,0,0,3,3,0,0
POI-ID-ecd0f16b,1,1,1,0,0,1,1,0,0
POI-ID-5d9f509c,1,1,1,0,0,1,1,0,0
POI-ID-963bddaa,6,6,5,1,0,5,5,0,0
POI-ID-7dabb9a7,1,1,1,0,0,1,1,0,0
POI-ID-d4aaebc8,6,6,6,0,0,6,6,0,0
POI-ID-486eebaf,7,7,7,0,0,7,7,0,0
POI-ID-ddd10d3c,1,1,1,0,0,1,1,0,0
POI-ID-4ec646a1,1,1,1,0,0,1,1,0,0
POI-ID-6003bc5d,1,1,1,0,0,1,1,0,0
POI-ID-28f9c064,8,8,8,0,0,8,8,0,0
POI-ID-190da3a8,1,1,1,0,0,1,1,0,0
POI-ID-48023c5e,1,1,1,0,0,1,1,0,0
POI-ID-d702b2c3,1,1,1,0,0,1,1,0,0
POI-ID-ee145410,1,1,1,0,0,1,1,0,0
POI-ID-fd2ed106,6,6,4,1,1,2,2,0,0
POI-ID-e315b975,1,1,1,0,0,1,1,0,0
POI-ID-43979b4f,1,1,1,0,0,1,1,0,0
POI-ID-87e51403,1,1,1,0,0,1,1,0,0
POI-ID-9e82313e,2,2,2,0,0,2,2,0,0
POI-ID-142dff93,2,2,2,0,0,2,2,0,0
POI-ID-1884e33e,1,1,1,0,0,1,1,0,0
POI-ID-8d65c414,8,8,7,1,0,7,7,0,0
POI-ID-ba63d52c,1,1,1,0,0,1,1,0,0
POI-ID-79804dae,17,17,16,1,0,16,16,0,0
POI-ID-41896159,12,12,8,2,2,8,8,0,0
POI-ID-23df7af7,2,2,2,0,0,2,2,0,0
POI-ID-b774d098,2,2,2,0,0,2,2,0,0
POI-ID-fd956a26,51,51,35,11,5,13,13,0,0
POI-ID-4ff7a3cd,8,8,7,1,0,7,7,0,0
POI-ID-f6973518,5,5,4,1,0,4,4,0,0
POI-ID-8a7f269e,67,67,42,18,7,14,14,0,0
POI-ID-fc0ef382,7,7,6,1,0,6,6,0,0
POI-ID-f08da108,7,7,6,1,0,6,6,0,0
POI-ID-3dc32261,8,8,5,2,1,3,3,0,0
POI-ID-a06df9c0,1,1,1,0,0,1,1,0,0
POI-ID-7ca03c34,1,1,1,0,0,1,1,0,0
POI-ID-ae51b791,11,11,8,2,1,8,8,0,0
POI-ID-9620a319,2,2,2,0,0,2,2,0,0
POI-ID-b8069f06,3,3,3,0,0,3,3,0,0
POI-ID-ca5ac43f,1,1,1,0,0,1,1,0,0
POI-ID-f79826ca,8,8,5,1,2,3,3,0,0
POI-ID-cc80e088,6,6,4,1,1,3,3,0,0
POI-ID-132ec239,11,11,6,3,2,1,1,0,0
POI-ID-5dc0ace6,3,3,1,1,1,1,1,0,0
POI-ID-dd884d54,1,1,1,0,0,1,1,0,0
POI-ID-18e44bd2,8,8,7,1,0,7,7,0,0
POI-ID-544b0722,4,4,4,0,0,4,4,0,0
POI-ID-a4a5eec5,7,7,5,1,1,5,5,0,0
POI-ID-eab69866,3,3,3,0,0,3,3,0,0
POI-ID-c267b892,6,6,6,0,0,6,6,0,0
POI-ID-e637a173,2,2,2,0,0,2,2,0,0
POI-ID-ee126c71,4,4,4,0,0,4,4,0,0
POI-ID-2c09d0c8,1,1,1,0,0,1,1,0,0
POI-ID-5f8d76aa,2,2,2,0,0,2,2,0,0
POI-ID-955808df,2,2,1,1,0,1,1,0,0
POI-ID-11193724,1,1,1,0,0,1,1,0,0
POI-ID-edd68b8d,1,1,1,0,0,1,1,0,0
POI-ID-3dbd8617,9,9,7,1,1,7,7,0,0
POI-ID-7d4b3732,10,10,9,1,0,9,9,0,0
POI-ID-db8ffbc4,1,1,1,0,0,1,1,0,0
POI-ID-008edc8a,1,1,1,0,0,1,1,0,0
POI-ID-79b8abe0,14,14,13,1,0,14,14,0,0
POI-ID-739d8157,29,29,24,5,0,24,24,0,0
POI-ID-f3f09fb2,1,1,1,0,0,1,1,0,0
POI-ID-91857eaf,1,1,1,0,0,1,1,0,0
POI-ID-f1d931dd,1,1,1,0,0,1,1,0,0
POI-ID-72a6dabd,6,6,6,0,0,6,6,0,0
POI-ID-5577cc01,2,2,2,0,0,2,2,0,0
POI-ID-87a6aaa6,2,2,2,0,0,2,2,0,0
POI-ID-1bb03531,9,9,7,1,1,7,7,0,0
POI-ID-72305205,11,11,11,0,0,11,11,0,0
POI-ID-72be9df9,6,6,4,1,1,2,2,0,0
POI-ID-032af868,1,1,1,0,0,1,1,0,0
POI-ID-1373c5f4,1,1,1,0,0,1,1,0,0
POI-ID-a064e3e1,5,5,3,1,1,3,3,0,0
POI-ID-c514e85a,2,2,2,0,0,2,2,0,0
POI-ID-ae4d48de,1,1,1,0,0,1,1,0,0
POI-ID-793c76cd,6,6,3,2,1,2,2,0,0
POI-ID-c437a6c4,2,2,2,0,0,2,2,0,0
POI-ID-66a843a2,1,1,1,0,0,1,1,0,0
POI-ID-950a3918,1,1,1,0,0,1,1,0,0
POI-ID-e6d18b5e,1,1,1,0,0,1,1,0,0
POI-ID-7f25311c,2,2,2,0,0,2,2,0,0
POI-ID-4be0e770,2,2,2,0,0,2,2,0,0
POI-ID-e005a5bc,4,4,4,0,0,4,4,0,0
POI-ID-e07aa3e7,4,4,4,0,0,4,4,0,0
POI-ID-981339cb,2,2,2,0,0,2,2,0,0
POI-ID-c4d0a8f6,1,1,1,0,0,1,1,0,0
POI-ID-7194b4d8,1,1,1,0,0,1,1,0,0
POI-ID-c23a7e3a,21,21,16,3,2,14,14,0,0
POI-ID-03f389cc,26,26,15,7,4,1,1,0,0
POI-ID-a3c4227b,5,5,5,0,0,5,5,0,0
POI-ID-2c1fa313,13,13,9,3,1,9,9,0,0
POI-ID-06a0dd8a,4,4,3,0,1,3,3,0,0
POI-ID-a0fd7bb7,7,7,4,3,0,5,5,0,0
POI-ID-e48bb735,1,1,1,0,0,1,1,0,0
POI-ID-c70ae055,2,2,1,1,0,1,1,0,0
POI-ID-84980b2b,2,2,1,1,0,1,1,0,0
POI-ID-272368b2,6,6,4,1,1,4,4,0,0
POI-ID-3dc678f0,4,4,3,1,0,3,3,0,0
POI-ID-de59c580,13,13,12,1,0,12,12,0,0
POI-ID-c3b9cdfa,5,5,5,0,0,5,5,0,0
POI-ID-563150e4,5,5,2,2,1,2,2,0,0
POI-ID-695c9e71,1,1,1,0,0,1,1,0,0
POI-ID-9f72a4d9,3,3,3,0,0,3,3,0,0
POI-ID-7b01b586,4,4,4,0,0,4,4,0,0
POI-ID-93cfe721,5,5,4,1,0,4,4,0,0
POI-ID-de8f0e0d,6,6,4,1,1,5,5,0,0
POI-ID-e40d3581,3,3,3,0,0,3,3,0,0
POI-ID-e63aee7f,1,1,1,0,0,1,1,0,0
POI-ID-4ddb6080,6,6,3,2,1,3,3,0,0
POI-ID-aa8c10b6,1,1,1,0,0,1,1,0,0
POI-ID-efb36e47,9,9,6,2,1,6,6,0,0
POI-ID-50e5b75c,19,19,14,2,3,12,12,0,0
POI-ID-a9327df5,4,4,4,0,0,4,4,0,0
POI-ID-725cab75,3,3,3,0,0,3,3,0,0
POI-ID-e94e67ba,2,2,2,0,0,2,2,0,0
POI-ID-f2e9bfc2,1,1,1,0,0,1,1,0,0
POI-ID-abb4ad90,4,4,3,1,0,3,3,0,0
POI-ID-561aebe8,5,5,4,1,0,4,4,0,0
POI-ID-39bf99ca,5,5,5,0,0,5,5,0,0
POI-ID-eb313e6e,3,3,3,0,0,3,3,0,0
POI-ID-6f56232d,4,4,4,0,0,4,4,0,0
POI-ID-e0aad643,4,4,3,1,0,3,3,0,0
POI-ID-3bc3247e,5,5,4,1,0,4,4,0,0
POI-ID-237422a5,4,4,4,0,0,4,4,0,0
POI-ID-0844a5bc,2,2,2,0,0,2,2,0,0
POI-ID-ea1b1722,1,1,1,0,0,1,1,0,0
POI-ID-d2e07a17,3,3,2,1,0,3,3,0,0
POI-ID-ee4ed7ae,4,4,4,0,0,4,4,0,0
POI-ID-4eea7b2b,4,4,4,0,0,4,4,0,0
POI-ID-77f75786,2,2,2,0,0,2,2,0,0
POI-ID-c3c33fd5,1,1,1,0,0,1,1,0,0
POI-ID-8cb51fe3,2,2,2,0,0,2,2,0,0
POI-ID-93e71c3c,2,2,2,0,0,2,2,0,0
POI-ID-674186f1,1,1,1,0,0,1,1,0,0
POI-ID-49c405d6,1,1,1,0,0,1,1,0,0
POI-ID-a2de5b09,2,2,2,0,0,2,2,0,0
POI-ID-3cdf1f3c,1,1,1,0,0,1,1,0,0
POI-ID-8efe86f4,3,3,3,0,0,3,3,0,0
POI-ID-33a84e83,2,2,2,0,0,2,2,0,0
POI-ID-c6b9f153,4,4,4,0,0,4,4,0,0
POI-ID-a8f5452b,1,1,1,0,0,1,1,0,0
POI-ID-8897f0f2,1,1,1,0,0,1,1,0,0
POI-ID-490f8a5f,1,1,1,0,0,1,1,0,0
POI-ID-cd6ba593,4,4,2,1,1,2,2,0,0
POI-ID-cb122a4a,1,1,1,0,0,1,1,0,0
POI-ID-f65d2801,2,2,2,0,0,2,2,0,0
POI-ID-9878dc9e,4,4,4,0,0,4,4,0,0
POI-ID-cb6c377b,1,1,1,0,0,1,1,0,0
POI-ID-8803bd00,2,2,2,0,0,2,2,0,0
POI-ID-ecce6381,2,2,2,0,0,2,2,0,0
POI-ID-f4dfa2b9,23,23,15,5,3,9,9,0,0
POI-ID-8adbd7a3,14,14,10,3,1,10,10,0,0
POI-ID-bf25b8c0,4,4,4,0,0,4,4,0,0
POI-ID-9e3d118f,1,1,1,0,0,1,1,0,0
POI-ID-b1590bc1,3,3,2,1,0,2,2,0,0
POI-ID-751b2486,1,1,1,0,0,1,1,0,0
POI-ID-234c36d0,18,18,11,5,2,2,2,0,0
POI-ID-d5d4094e,5,5,5,0,0,5,5,0,0
POI-ID-21b5404c,1,1,1,0,0,1,1,0,0
POI-ID-4d674ec2,8,8,6,1,1,6,6,0,0
POI-ID-80e4dbc6,1,1,1,0,0,1,1,0,0
POI-ID-184c02ab,13,13,12,1,0,12,12,0,0
POI-ID-7c139f8e,5,5,5,0,0,5,5,0,0
POI-ID-eaead210,1,1,1,0,0,1,1,0,0
POI-ID-b7c7a859,6,6,6,0,0,6,6,0,0
POI-ID-9d61989c,2,2,2,0,0,2,2,0,0
POI-ID-2a8084ad,2,2,1,1,0,1,1,0,0
POI-ID-0387a5f5,4,4,4,0,0,4,4,0,0
POI-ID-851730cc,3,3,3,0,0,3,3,0,0
POI-ID-b158638e,1,1,1,0,0,1,1,0,0
POI-ID-1c574af3,42,42,27,11,4,10,10,0,0
POI-ID-b5b7e893,5,5,3,2,0,3,3,0,0
POI-ID-bb8cf9a2,4,4,4,0,0,4,4,0,0
POI-ID-4f64dc4c,1,1,1,0,0,1,1,0,0
POI-ID-c04c2cd6,2,2,2,0,0,2,2,0,0
POI-ID-b241f525,2,2,2,0,0,2,2,0,0
POI-ID-f05d426c,1,1,1,0,0,1,1,0,0
POI-ID-8d257be8,1,1,1,0,0,1,1,0,0
POI-ID-7be63327,16,16,12,3,1,11,11,0,0
POI-ID-8078c2cf,5,5,4,1,0,4,4,0,0
POI-ID-ad7b6f4a,5,5,5,0,0,5,5,0,0
POI-ID-1edfeac5,2,2,2,0,0,2,2,0,0
POI-ID-093162ce,8,8,8,0,0,8,8,0,0
POI-ID-7447a7b9,1,1,1,0,0,1,1,0,0
POI-ID-85733a85,9,9,8,1,0,8,8,0,0
POI-ID-ea6b536d,12,12,11,1,0,11,11,0,0
POI-ID-5089ca44,7,7,6,1,0,6,6,0,0
POI-ID-f0d539aa,1,1,1,0,0,1,1,0,0
POI-ID-b68901e9,2,2,1,1,0,1,1,0,0
POI-ID-0bde604a,4,4,4,0,0,4,4,0,0
POI-ID-c11e8841,1,1,1,0,0,1,1,0,0
POI-ID-eeb7b246,9,9,9,0,0,9,9,0,0
POI-ID-f3d62296,7,7,5,1,1,5,5,0,0
POI-ID-a61f5d2f,3,3,2,0,1,3,3,0,0
POI-ID-825df06c,2,2,2,0,0,2,2,0,0
POI-ID-e081891c,2,2,2,0,0,2,2,0,0
POI-ID-355f2406,2,2,2,0,0,2,2,0,0
POI-ID-e7de2eac,2,2,2,0,0,2,2,0,0
POI-ID-8af77dde,3,3,3,0,0,3,3,0,0
POI-ID-10c38fa7,3,3,2,1,0,2,2,0,0
POI-ID-eac0c4d6,4,4,2,1,1,1,1,0,0
POI-ID-888493d4,8,8,8,0,0,8,8,0,0
POI-ID-c16a29e3,1,1,1,0,0,1,1,0,0
POI-ID-22f3f681,7,7,3,2,2,3,3,0,0
POI-ID-5f40a637,2,2,2,0,0,2,2,0,0
POI-ID-37994fae,13,13,13,0,0,13,13,0,0
POI-ID-611b9e04,3,3,3,0,0,3,3,0,0
POI-ID-3fef314f,10,10,10,0,0,10,10,0,0
POI-ID-6d39ea35,4,4,3,1,0,4,4,0,0
POI-ID-75d376c4,49,49,29,13,7,6,6,0,0
POI-ID-7e635280,1,1,1,0,0,1,1,0,0
POI-ID-d5327483,14,14,14,0,0,14,14,0,0
POI-ID-75ba198d,4,4,3,1,0,3,3,0,0
POI-ID-a8c63cb3,4,4,4,0,0,4,4,0,0
POI-ID-87b05606,3,3,3,0,0,3,3,0,0
POI-ID-64042a5d,16,16,16,0,0,16,16,0,0
POI-ID-00229020,1,1,1,0,0,1,1,0,0
POI-ID-8b07d10c,1,1,1,0,0,1,1,0,0
POI-ID-49718c20,3,3,2,1,0,2,2,0,0
POI-ID-5d3c7a32,15,15,10,3,2,5,5,0,0
POI-ID-802ef77d,1,1,1,0,0,1,1,0,0
POI-ID-59f06eea,26,26,17,6,3,12,12,0,0
POI-ID-1b099ea3,9,9,6,1,2,4,4,0,0
POI-ID-e4d426bd,3,3,3,0,0,3,3,0,0
POI-ID-19d936aa,2,2,2,0,0,2,2,0,0
POI-ID-746819cd,4,4,2,1,1,1,1,0,0
POI-ID-6d4e6637,1,1,1,0,0,1,1,0,0
POI-ID-d55a0cab,1,1,1,0,0,1,1,0,0
POI-ID-b98d5a1a,10,10,7,2,1,7,7,0,0
POI-ID-c260e8ad,6,6,6,0,0,6,6,0,0
POI-ID-41541fd5,4,4,4,0,0,4,4,0,0
POI-ID-cff3bf58,13,13,11,1,1,12,12,0,0
POI-ID-c093e0ec,1,1,1,0,0,1,1,0,0
POI-ID-e7c373ed,14,14,13,1,0,13,13,0,0
POI-ID-7152407d,5,5,5,0,0,5,5,0,0
POI-ID-5ff20ea7,5,5,5,0,0,5,5,0,0
POI-ID-542778b3,4,4,3,1,0,3,3,0,0
POI-ID-04d2592d,8,8,6,1,1,5,5,0,0
POI-ID-9d1c8158,1,1,1,0,0,1,1,0,0
POI-ID-ab0f9d10,2,2,2,0,0,2,2,0,0
POI-ID-1385646e,3,3,3,0,0,3,3,0,0
POI-ID-da2c2f9f,1,1,1,0,0,1,1,0,0
POI-ID-ab28f6b0,3,3,2,1,0,2,2,0,0
POI-ID-00daba70,3,3,3,0,0,3,3,0,0
POI-ID-c0971df1,15,15,11,2,2,11,11,0,0
POI-ID-e8097080,4,4,4,0,0,4,4,0,0
POI-ID-722652a1,3,3,2,1,0,2,2,0,0
POI-ID-e9c46ba1,1,1,1,0,0,1,1,0,0
POI-ID-ea980876,1,1,1,0,0,1,1,0,0
POI-ID-8273dc0f,1,1,1,0,0,1,1,0,0
POI-ID-df7c23b6,4,4,4,0,0,4,4,0,0
POI-ID-ba70618b,2,2,2,0,0,2,2,0,0
POI-ID-8ed0d1a3,18,18,10,5,3,1,1,0,0
POI-ID-35e6441a,1,1,1,0,0,1,1,0,0
POI-ID-6d93ce1a,3,3,1,1,1,1,1,0,0
POI-ID-6fe87b77,1,1,1,0,0,1,1,0,0
POI-ID-4f6def23,4,4,3,1,0,3,3,0,0
POI-ID-139b1fc3,7,7,5,1,1,5,5,0,0
POI-ID-6abc87ee,2,2,2,0,0,2,2,0,0
POI-ID-11f05339,3,3,3,0,0,3,3,0,0
POI-ID-0cbad28b,12,12,7,3,2,3,3,0,0
POI-ID-79f41e41,1,1,1,0,0,1,1,0,0
POI-ID-6c18ae44,2,2,1,1,0,1,1,0,0
POI-ID-0589a244,29,29,17,8,4,1,1,0,0
POI-ID-8f27696b,5,5,3,2,0,3,3,0,0
POI-ID-b791e5e4,1,1,1,0,0,1,1,0,0
POI-ID-8e44c89a,12,12,7,3,2,2,2,0,0
POI-ID-cf3954a5,4,4,4,0,0,4,4,0,0
POI-ID-75f34584,4,4,3,1,0,3,3,0,0
POI-ID-b2107518,5,5,5,0,0,5,5,0,0
POI-ID-a5fcfc94,2,2,2,0,0,2,2,0,0
POI-ID-aace3c25,4,4,4,0,0,4,4,0,0
POI-ID-dcec3d3f,4,4,4,0,0,4,4,0,0
POI-ID-642a4cde,1,1,1,0,0,1,1,0,0
POI-ID-44ee6f2e,1,1,1,0,0,1,1,0,0
POI-ID-ef4124cf,14,14,10,3,1,8,8,0,0
POI-ID-352e87a8,3,3,3,0,0,3,3,0,0
POI-ID-ae299942,1,1,1,0,0,1,1,0,0
POI-ID-2f406250,1,1,1,0,0,1,1,0,0
POI-ID-134a76c5,4,4,2,1,1,1,1,0,0
POI-ID-2d4c35fe,3,3,3,0,0,3,3,0,0
POI-ID-7d6cc3f0,2,2,1,1,0,1,1,0,0
POI-ID-46757693,8,8,5,2,1,5,5,0,0
POI-ID-0f00f821,10,10,6,2,2,2,2,0,0
POI-ID-d45ea1a8,9,9,8,1,0,8,8,0,0
POI-ID-02681069,8,8,5,2,1,2,2,0,0
POI-ID-d261c3ac,10,10,8,2,0,8,8,0,0
POI-ID-0ec6aa68,1,1,1,0,0,1,1,0,0
POI-ID-db263194,2,2,1,1,0,1,1,0,0
POI-ID-4160761a,2,2,2,0,0,2,2,0,0
POI-ID-00ccbc55,2,2,2,0,0,2,2,0,0
POI-ID-1d931752,2,2,1,1,0,1,1,0,0
POI-ID-c46510b3,1,1,1,0,0,1,1,0,0
POI-ID-bdd62902,7,7,4,3,0,4,4,0,0
POI-ID-142ba7e6,7,7,5,1,1,5,5,0,0
POI-ID-901d2acc,1,1,1,0,0,1,1,0,0
POI-ID-a1d62782,3,3,3,0,0,3,3,0,0
POI-ID-f1db6cab,1,1,1,0,0,1,1,0,0
POI-ID-ddc38ef8,2,2,2,0,0,2,2,0,0
POI-ID-e70640a3,1,1,1,0,0,1,1,0,0
POI-ID-27da76cc,2,2,2,0,0,2,2,0,0
POI-ID-4eda8584,42,42,24,10,8,13,13,0,0
POI-ID-fc981c11,1,1,1,0,0,1,1,0,0
POI-ID-3e18a93c,4,4,4,0,0,4,4,0,0
POI-ID-05bb3429,9,9,9,0,0,9,9,0,0
POI-ID-3b73f292,4,4,4,0,0,4,4,0,0
POI-ID-4835344d,1,1,1,0,0,1,1,0,0
POI-ID-bd8d2dd1,1,1,1,0,0,1,1,0,0
POI-ID-0320cc4f,4,4,4,0,0,4,4,0,0
POI-ID-04adf8ff,5,5,3,2,0,3,3,0,0
POI-ID-6110f847,1,1,1,0,0,1,1,0,0
POI-ID-9acd8720,10,10,10,0,0,10,10,0,0
POI-ID-d0593a08,1,1,1,0,0,1,1,0,0
POI-ID-1ad06097,3,3,2,1,0,2,2,0,0
POI-ID-3e374413,2,2,2,0,0,2,2,0,0
POI-ID-3b2e2af2,2,2,2,0,0,2,2,0,0
POI-ID-05a743fb,2,2,2,0,0,2,2,0,0
POI-ID-fa4838de,5,5,5,0,0,5,5,0,0
POI-ID-5a0b0026,3,3,2,1,0,2,2,0,0
POI-ID-91d2bb3d,1,1,1,0,0,1,1,0,0
POI-ID-6c650abd,2,2,2,0,0,2,2,0,0
POI-ID-8bf7b717,5,5,5,0,0,5,5,0,0
POI-ID-3692d05b,1,1,1,0,0,1,1,0,0
POI-ID-4b0eb9c2,4,4,2,2,0,2,2,0,0
POI-ID-7dd1279e,3,3,3,0,0,3,3,0,0
POI-ID-85923e95,1,1,1,0,0,1,1,0,0
POI-ID-743f311c,1,1,1,0,0,1,1,0,0
POI-ID-f8eadda6,2,2,2,0,0,2,2,0,0
POI-ID-c17d472d,1,1,1,0,0,1,1,0,0
POI-ID-e3a354d4,1,1,1,0,0,1,1,0,0
POI-ID-242f37cc,1,1,1,0,0,1,1,0,0
POI-ID-9a42a6dd,2,2,2,0,0,2,2,0,0
POI-ID-f088e761,2,2,2,0,0,2,2,0,0
POI-ID-13f68292,1,1,1,0,0,1,1,0,0
POI-ID-f0879205,3,3,3,0,0,3,3,0,0
POI-ID-f322ce6a,1,1,1,0,0,1,1,0,0
POI-ID-ae13c9bf,1,1,1,0,0,1,1,0,0
POI-ID-773d8c0a,1,1,1,0,0,1,1,0,0
POI-ID-6eb662e7,1,1,1,0,0,1,1,0,0
POI-ID-81506bcc,3,3,3,0,0,3,3,0,0
POI-ID-ee849c6f,3,3,2,1,0,2,2,0,0
POI-ID-18a59acd,7,7,5,1,1,3,3,0,0
POI-ID-e3df64fa,1,1,1,0,0,1,1,0,0
POI-ID-32a9822e,1,1,1,0,0,1,1,0,0
POI-ID-d0dcf062,1,1,1,0,0,1,1,0,0
POI-ID-aafd8121,4,4,4,0,0,4,4,0,0
POI-ID-cbcd4efe,1,1,1,0,0,1,1,0,0
POI-ID-d03b3279,1,1,0,1,0,1,1,0,0
POI-ID-52ac1cc9,1,1,0,0,1,1,1,0,0
POI-ID-b70f41bc,1,1,1,0,0,1,1,0,0
POI-ID-261e3ca4,1,1,1,0,0,1,1,0,0
POI-ID-3c847382,4,4,4,0,0,4,4,0,0
POI-ID-ef5a8e76,1,1,1,0,0,1,1,0,0
POI-ID-71f05fd0,2,2,2,0,0,2,2,0,0
POI-ID-7afbfeb2,3,3,3,0,0,3,3,0,0
POI-ID-872b7408,2,2,2,0,0,2,2,0,0
POI-ID-0a361035,6,6,4,1,1,4,4,0,0
POI-ID-eef6c309,1,1,1,0,0,1,1,0,0
POI-ID-ca61c87e,4,4,4,0,0,4,4,0,0
POI-ID-a5193461,1,1,1,0,0,1,1,0,0
POI-ID-84b3d25f,3,3,2,1,0,2,2,0,0
POI-ID-a260b7d6,1,1,1,0,0,1,1,0,0
POI-ID-a4754164,2,2,1,1,0,1,1,0,0
POI-ID-86b13506,1,1,1,0,0,1,1,0,0
POI-ID-4d60552a,1,1,1,0,0,1,1,0,0
POI-ID-f518997f,2,2,2,0,0,2,2,0,0
POI-ID-b387d627,1,1,1,0,0,1,1,0,0
POI-ID-8fe9975c,2,2,2,0,0,2,2,0,0
POI-ID-832c25cc,1,1,1,0,0,1,1,0,0
POI-ID-c61f8d51,1,1,1,0,0,1,1,0,0
POI-ID-2e34361d,1,1,1,0,0,1,1,0,0
POI-ID-2de0aad3,2,2,2,0,0,2,2,0,0
POI-ID-218ab12c,1,1,1,0,0,1,1,0,0
POI-ID-66b519b1,1,1,1,0,0,1,1,0,0
POI-ID-b2bbcca1,4,4,4,0,0,4,4,0,0
POI-ID-d66c1fa5,5,5,4,1,0,4,4,0,0
POI-ID-4eba1ba3,1,1,1,0,0,1,1,0,0
POI-ID-25b2e57c,16,16,11,3,2,6,6,0,0
POI-ID-82092114,7,7,5,1,1,4,4,0,0
POI-ID-45e65e63,12,12,9,2,1,8,8,0,0
POI-ID-85620e69,2,2,1,1,0,1,1,0,0
POI-ID-25dda601,5,5,3,1,1,1,1,0,0
POI-ID-2483b679,3,3,3,0,0,3,3,0,0
POI-ID-bbd5ecb2,10,10,6,2,2,3,3,0,0
POI-ID-fb4db52b,1,1,1,0,0,1,1,0,0
POI-ID-a59a08a1,1,1,1,0,0,1,1,0,0
POI-ID-1f92fca5,8,8,6,1,1,4,4,0,0
POI-ID-bb5c4ebb,2,2,1,1,0,1,1,0,0
POI-ID-57b90fd1,2,2,2,0,0,2,2,0,0
POI-ID-4995c9f5,16,16,12,3,1,10,10,0,0
POI-ID-ba349e17,2,2,2,0,0,2,2,0,0
POI-ID-8e8f14e3,1,1,1,0,0,1,1,0,0
POI-ID-d230b494,3,3,2,1,0,2,2,0,0
POI-ID-24058cb0,10,10,7,2,1,7,7,0,0
POI-ID-ed834464,26,26,19,4,3,12,12,0,0
POI-ID-a7485865,1,1,1,0,0,1,1,0,0
POI-ID-91796588,1,1,1,0,0,1,1,0,0
POI-ID-3d70e528,5,5,3,1,1,3,3,0,0
POI-ID-6885aabe,5,5,3,1,1,2,2,0,0
POI-ID-6c4074b1,4,4,3,1,0,3,3,0,0
POI-ID-e1d52860,1,1,1,0,0,1,1,0,0
POI-ID-3e238164,6,6,4,1,1,3,3,0,0
POI-ID-fed6a5b6,1,1,1,0,0,1,1,0,0
POI-ID-7872120d,3,3,3,0,0,3,3,0,0
POI-ID-ccd5bef0,4,4,2,1,1,1,1,0,0
POI-ID-443f1ede,2,2,1,1,0,1,1,0,0
POI-ID-ed17b32c,1,1,1,0,0,1,1,0,0
POI-ID-3ccce084,3,3,3,0,0,3,3,0,0
POI-ID-9ed48763,3,3,3,0,0,3,3,0,0
POI-ID-7b97e015,2,2,2,0,0,2,2,0,0
POI-ID-1bc88f7f,1,1,1,0,0,1,1,0,0
POI-ID-55db10d9,27,27,17,6,4,16,16,0,0
POI-ID-8125dc52,1,1,1,0,0,1,1,0,0
POI-ID-689db93e,7,7,4,2,1,3,3,0,0
POI-ID-9c2422a1,1,1,1,0,0,1,1,0,0
POI-ID-4ac21dd9,7,7,5,2,0,5,5,0,0
POI-ID-8de0fcb4,1,1,1,0,0,1,1,0,0
POI-ID-79e5ea5c,1,1,1,0,0,1,1,0,0
POI-ID-0b1e8ad7,34,34,22,8,4,6,6,0,0
POI-ID-511e6145,1,1,1,0,0,1,1,0,0
POI-ID-dee74a11,1,1,1,0,0,1,1,0,0
POI-ID-88e17e48,1,1,1,0,0,1,1,0,0
POI-ID-647c4297,1,1,1,0,0,1,1,0,0
POI-ID-839eee92,7,7,4,2,1,4,4,0,0
POI-ID-2f106c54,1,1,1,0,0,1,1,0,0
POI-ID-e106dc9b,3,3,3,0,0,3,3,0,0
POI-ID-4e88ac52,2,2,2,0,0,2,2,0,0
POI-ID-1c95d1ac,1,1,1,0,0,1,1,0,0
POI-ID-2edaa001,2,2,2,0,0,2,2,0,0
POI-ID-8bc3b9a7,1,1,1,0,0,1,1,0,0
POI-ID-45bc7981,1,1,1,0,0,1,1,0,0
POI-ID-bdc9b360,11,11,8,1,2,6,6,0,0
POI-ID-82c2ee18,2,2,1,1,0,1,1,0,0
POI-ID-3c9feeed,11,11,10,1,0,11,11,0,0
POI-ID-9a7c95a3,1,1,1,0,0,1,1,0,0
POI-ID-51a95a62,4,4,4,0,0,4,4,0,0
POI-ID-4f4cceaa,12,12,7,4,1,2,2,0,0
POI-ID-7cb6f51f,3,3,1,1,1,1,1,0,0
POI-ID-e5f1d69c,3,3,3,0,0,3,3,0,0
POI-ID-ffa9fc6c,1,1,1,0,0,1,1,0,0
POI-ID-9127c416,2,2,2,0,0,2,2,0,0
POI-ID-3ce60f05,6,6,5,1,0,5,5,0,0
POI-ID-22e6de52,1,1,1,0,0,1,1,0,0
POI-ID-bd94f574,4,4,2,1,1,2,2,0,0
POI-ID-625e655e,2,2,2,0,0,2,2,0,0
POI-ID-aacc5f1b,3,3,2,1,0,2,2,0,0
POI-ID-4b605597,9,9,5,2,2,1,1,0,0
POI-ID-4abaf474,9,9,8,1,0,8,8,0,0
POI-ID-1b4b2ac4,4,4,2,1,1,1,1,0,0
POI-ID-43ccf1f3,2,2,2,0,0,2,2,0,0
POI-ID-835a819e,1,1,1,0,0,1,1,0,0
POI-ID-a7738802,11,11,9,1,1,9,9,0,0
POI-ID-6227e0a5,7,7,6,1,0,6,6,0,0
POI-ID-e540fce1,1,1,1,0,0,1,1,0,0
POI-ID-3318af5b,2,2,2,0,0,2,2,0,0
POI-ID-09df1ccf,4,4,4,0,0,4,4,0,0
POI-ID-6d70ba21,1,1,1,0,0,1,1,0,0
POI-ID-add2176a,28,28,16,8,4,1,1,0,0
POI-ID-5713b7b9,1,1,1,0,0,1,1,0,0
POI-ID-df7e332e,10,10,7,2,1,5,5,0,0
POI-ID-6d40df14,1,1,1,0,0,1,1,0,0
POI-ID-97574474,1,1,1,0,0,1,1,0,0
POI-ID-59838dd7,6,6,2,2,2,2,2,0,0
POI-ID-74b09a42,16,16,13,2,1,11,11,0,0
POI-ID-3a3601dd,2,2,1,1,0,1,1,0,0
POI-ID-dd11ff63,8,8,4,2,2,2,2,0,0
POI-ID-28313500,14,14,13,1,0,13,13,0,0
POI-ID-793e6101,4,4,3,1,0,3,3,0,0
POI-ID-63c83c95,5,5,4,1,0,5,5,0,0
POI-ID-1e443c99,2,2,2,0,0,2,2,0,0
POI-ID-86cc3f63,2,2,2,0,0,2,2,0,0
POI-ID-99118be2,4,4,4,0,0,4,4,0,0
POI-ID-879d25fc,3,3,3,0,0,3,3,0,0
POI-ID-d0e34c92,3,3,3,0,0,3,3,0,0
POI-ID-95bc47c1,1,1,1,0,0,1,1,0,0
POI-ID-51444900,4,4,4,0,0,4,4,0,0
POI-ID-f93d2440,1,1,1,0,0,1,1,0,0
POI-ID-09025d22,9,9,9,0,0,9,9,0,0
POI-ID-51f99efb,2,2,2,0,0,2,2,0,0
POI-ID-3130140e,16,16,9,4,3,1,1,0,0
POI-ID-f23e36fb,1,1,1,0,0,1,1,0,0
POI-ID-e1e7ed80,1,1,1,0,0,1,1,0,0
POI-ID-bf0fed63,6,6,3,1,2,1,1,0,0
POI-ID-53fd07ac,6,6,3,1,2,1,1,0,0
POI-ID-a69c7505,2,2,2,0,0,2,2,0,0
POI-ID-117c4483,6,6,3,1,2,1,1,0,0
POI-ID-74c23fc7,1,1,1,0,0,1,1,0,0
POI-ID-448e36c1,2,2,1,1,0,1,1,0,0
POI-ID-77ceb19d,12,12,9,2,1,7,7,0,0
POI-ID-e0da955b,1,1,1,0,0,1,1,0,0
POI-ID-2325e299,31,31,24,5,2,22,22,0,0
POI-ID-4474636d,2,2,2,0,0,2,2,0,0
POI-ID-f3410bee,2,2,2,0,0,2,2,0,0
POI-ID-6b230f45,1,1,1,0,0,1,1,0,0
POI-ID-caae9649,6,6,5,1,0,5,5,0,0
POI-ID-0364159a,2,2,1,1,0,1,1,0,0
POI-ID-4f404d6a,2,2,2,0,0,2,2,0,0
POI-ID-0772427e,1,1,1,0,0,1,1,0,0
POI-ID-6ab0bc92,1,1,1,0,0,1,1,0,0
POI-ID-de954af9,2,2,1,1,0,1,1,0,0
POI-ID-cdfdd05e,1,1,1,0,0,1,1,0,0
POI-ID-4f869161,1,1,1,0,0,1,1,0,0
POI-ID-f2c1625e,1,1,1,0,0,1,1,0,0
POI-ID-8de1b762,4,4,4,0,0,4,4,0,0
POI-ID-4686c419,1,1,1,0,0,1,1,0,0
POI-ID-984b0a82,10,10,5,3,2,4,4,0,0
POI-ID-80ce515e,2,2,2,0,0,2,2,0,0
POI-ID-24badbfd,1,1,1,0,0,1,1,0,0
POI-ID-57d59376,3,3,3,0,0,3,3,0,0
POI-ID-1b0e8437,2,2,2,0,0,2,2,0,0
POI-ID-6001ad87,7,7,4,2,1,6,6,0,0
POI-ID-04b3431b,1,1,1,0,0,1,1,0,0
POI-ID-6d2ac3b9,13,13,8,3,2,3,3,0,0
POI-ID-0cb4dc9e,1,1,1,0,0,1,1,0,0
POI-ID-1c773af5,1,1,1,0,0,1,1,0,0
POI-ID-6642dbc4,4,4,3,1,0,3,3,0,0
POI-ID-047b4d02,2,2,2,0,0,2,2,0,0
POI-ID-8c49539b,2,2,1,1,0,1,1,0,0
POI-ID-e365debc,2,2,2,0,0,2,2,0,0
POI-ID-ae1177ab,4,4,4,0,0,4,4,0,0
POI-ID-b84bdfd0,13,13,11,2,0,11,11,0,0
POI-ID-9d0c7771,10,10,8,2,0,8,8,0,0
POI-ID-deb59cbd,1,1,1,0,0,1,1,0,0
POI-ID-2bbeafac,1,1,1,0,0,1,1,0,0
POI-ID-115b0abe,1,1,1,0,0,1,1,0,0
POI-ID-e7aa08c8,10,10,6,2,2,2,2,0,0
POI-ID-94f7b5a4,2,2,2,0,0,2,2,0,0
POI-ID-4749a7a2,4,4,3,1,0,3,3,0,0
POI-ID-f77f7b06,1,1,1,0,0,1,1,0,0
POI-ID-5c780be2,14,14,9,3,2,4,4,0,0
POI-ID-05976bd1,5,5,3,1,1,2,2,0,0
POI-ID-89a8454e,1,1,1,0,0,1,1,0,0
POI-ID-889b7607,2,2,2,0,0,2,2,0,0
POI-ID-f889ce2a,1,1,1,0,0,1,1,0,0
POI-ID-9c2a33f2,2,2,2,0,0,2,2,0,0
POI-ID-456cead7,2,2,2,0,0,2,2,0,0
POI-ID-69243964,1,1,1,0,0,1,1,0,0
POI-ID-ad64eaf6,1,1,1,0,0,1,1,0,0
POI-ID-4d471401,9,9,6,2,1,6,6,0,0
POI-ID-2a1253a6,1,1,1,0,0,1,1,0,0
POI-ID-51fc9be8,7,7,7,0,0,7,7,0,0
POI-ID-90082e6d,1,1,1,0,0,1,1,0,0
POI-ID-dcf2707c,5,5,3,1,1,2,2,0,0
POI-ID-ea35fde4,1,1,1,0,0,1,1,0,0
POI-ID-e24659fb,1,1,1,0,0,1,1,0,0
POI-ID-fcdeaaf7,3,3,2,1,0,2,2,0,0
POI-ID-53e4277b,5,5,4,1,0,4,4,0,0
POI-ID-00b91894,2,2,1,1,0,1,1,0,0
POI-ID-0e02ad3b,7,7,6,1,0,6,6,0,0
POI-ID-084caf3b,1,1,1,0,0,1,1,0,0
POI-ID-538d7800,2,2,2,0,0,2,2,0,0
POI-ID-e9efcbc3,1,1,1,0,0,1,1,0,0
POI-ID-055d6a6a,2,2,2,0,0,2,2,0,0
POI-ID-f4ad8415,2,2,1,1,0,1,1,0,0
POI-ID-8829aeb4,1,1,1,0,0,1,1,0,0
POI-ID-535f0ad0,3,3,2,1,0,2,2,0,0
POI-ID-72df7c89,1,1,1,0,0,1,1,0,0
POI-ID-e9bf32fe,4,4,4,0,0,4,4,0,0
POI-ID-500694a8,2,2,2,0,0,2,2,0,0
POI-ID-5b75a6e5,1,1,1,0,0,1,1,0,0
POI-ID-c6cfd95c,1,1,1,0,0,1,1,0,0
POI-ID-354a1750,11,11,10,1,0,10,10,0,0
POI-ID-dfe2d84d,2,2,2,0,0,2,2,0,0
POI-ID-442a4ce0,6,6,6,0,0,6,6,0,0
POI-ID-592a2fbd,8,8,7,1,0,7,7,0,0
POI-ID-68fbec1a,2,2,2,0,0,2,2,0,0
POI-ID-707cef16,4,4,4,0,0,4,4,0,0
POI-ID-bd6a5329,4,4,4,0,0,4,4,0,0
POI-ID-d6eaca3e,10,10,6,2,2,3,3,0,0
POI-ID-e77fdf9c,7,7,5,1,1,6,6,0,0
POI-ID-6feae96c,2,2,2,0,0,2,2,0,0
POI-ID-fba9029e,1,1,1,0,0,1,1,0,0
POI-ID-9eb07db9,1,1,1,0,0,1,1,0,0
POI-ID-124e83ba,40,40,24,11,5,3,3,0,0
POI-ID-1e63ac07,1,1,1,0,0,1,1,0,0
POI-ID-d7e43e28,5,5,3,2,0,3,3,0,0
POI-ID-93eaeb97,9,9,9,0,0,9,9,0,0
POI-ID-aa5ca41a,1,1,1,0,0,1,1,0,0
POI-ID-dd1dce88,53,53,35,11,7,27,27,0,0
POI-ID-9b7f49d9,11,11,10,1,0,10,10,0,0
POI-ID-5bb90c86,1,1,1,0,0,1,1,0,0
POI-ID-30cad582,1,1,1,0,0,1,1,0,0
POI-ID-0be86cb1,3,3,1,1,1,1,1,0,0
POI-ID-ea5f4283,3,3,3,0,0,3,3,0,0
POI-ID-a7e5791f,1,1,1,0,0,1,1,0,0
POI-ID-de46ab3e,2,2,1,1,0,1,1,0,0
POI-ID-49ecfb77,6,6,4,1,1,4,4,0,0
POI-ID-473cd48d,3,3,2,1,0,2,2,0,0
POI-ID-293b052e,1,1,1,0,0,1,1,0,0
POI-ID-f873212a,4,4,4,0,0,4,4,0,0
POI-ID-dd0b6487,1,1,1,0,0,1,1,0,0
POI-ID-caebb275,19,19,10,6,3,5,5,0,0
POI-ID-06bac328,4,4,4,0,0,4,4,0,0
POI-ID-60d21088,4,4,3,1,0,3,3,0,0
POI-ID-d292b9b2,1,1,1,0,0,1,1,0,0
POI-ID-c975cad2,1,1,1,0,0,1,1,0,0
POI-ID-429c7519,2,2,1,1,0,1,1,0,0
POI-ID-7cf2cc52,7,7,5,2,0,5,5,0,0
POI-ID-2b7dc4dd,3,3,2,1,0,2,2,0,0
POI-ID-41e808b9,2,2,2,0,0,2,2,0,0
POI-ID-3c084960,8,8,6,1,1,5,5,0,0
POI-ID-c8f23f74,2,2,2,0,0,2,2,0,0
POI-ID-2b40d3f0,1,1,1,0,0,1,1,0,0
POI-ID-e8079866,9,9,7,1,1,6,6,0,0
POI-ID-75726f1a,7,7,7,0,0,7,7,0,0
POI-ID-547e1b0e,4,4,4,0,0,4,4,0,0
POI-ID-6c261649,1,1,1,0,0,1,1,0,0
POI-ID-c6c1537f,7,7,6,1,0,6,6,0,0
POI-ID-126970ae,5,5,4,1,0,4,4,0,0
POI-ID-19507821,1,1,1,0,0,1,1,0,0
POI-ID-2efcab6c,1,1,1,0,0,1,1,0,0
POI-ID-f82c549a,3,3,3,0,0,3,3,0,0
POI-ID-de49ddae,1,1,1,0,0,1,1,0,0
POI-ID-e4134c89,1,1,1,0,0,1,1,0,0
POI-ID-f7a374d1,1,1,1,0,0,1,1,0,0
POI-ID-3f6afac0,1,1,1,0,0,1,1,0,0
POI-ID-1e10e7ff,1,1,1,0,0,1,1,0,0
POI-ID-626afbe1,1,1,1,0,0,1,1,0,0
POI-ID-88410c5b,4,4,3,1,0,3,3,0,0
POI-ID-1aa99a89,1,1,1,0,0,1,1,0,0
POI-ID-304f5195,4,4,3,0,1,4,4,0,0
POI-ID-924b3b53,2,2,2,0,0,2,2,0,0
POI-ID-2399a9f2,1,1,1,0,0,1,1,0,0
POI-ID-611b7bae,1,1,1,0,0,1,1,0,0
POI-ID-6d496249,1,1,1,0,0,1,1,0,0
POI-ID-7ebf3a9c,3,3,3,0,0,3,3,0,0
POI-ID-63b765e2,7,7,6,1,0,6,6,0,0
POI-ID-2aa9eed9,4,4,4,0,0,4,4,0,0
POI-ID-769f5f04,1,1,1,0,0,1,1,0,0
POI-ID-6d38370c,3,3,3,0,0,3,3,0,0
POI-ID-a7596eb4,15,15,15,0,0,15,15,0,0
POI-ID-a2902dcb,2,2,2,0,0,2,2,0,0
POI-ID-15711e19,2,2,2,0,0,2,2,0,0
POI-ID-085d2d62,2,2,2,0,0,2,2,0,0
POI-ID-e8974ea2,1,1,1,0,0,1,1,0,0
POI-ID-b44c1cdd,1,1,1,0,0,1,1,0,0
POI-ID-8ac5d3e5,1,1,1,0,0,1,1,0,0
POI-ID-468c3038,4,4,2,1,1,2,2,0,0
POI-ID-de7397cf,4,4,3,1,0,4,4,0,0
POI-ID-20a0b717,1,1,1,0,0,1,1,0,0
POI-ID-44d9ea52,15,15,13,2,0,13,13,0,0
POI-ID-27cd9735,2,2,2,0,0,2,2,0,0
POI-ID-067ec93d,6,6,5,1,0,5,5,0,0
POI-ID-e0dab92c,1,1,1,0,0,1,1,0,0
POI-ID-38280b01,3,3,2,1,0,2,2,0,0
POI-ID-3cc9dcd6,1,1,1,0,0,1,1,0,0
POI-ID-9f3cd970,12,12,9,3,0,9,9,0,0
POI-ID-15cb8973,1,1,1,0,0,1,1,0,0
POI-ID-ec0ce927,5,5,5,0,0,5,5,0,0
POI-ID-9961f75b,1,1,1,0,0,1,1,0,0
POI-ID-f1182bb9,2,2,2,0,0,2,2,0,0
POI-ID-cd8b61c4,2,2,2,0,0,2,2,0,0
POI-ID-edba1105,6,6,6,0,0,6,6,0,0
POI-ID-a4b8bfec,12,12,12,0,0,12,12,0,0
POI-ID-1f84408b,2,2,2,0,0,2,2,0,0
POI-ID-408dcfaa,10,10,10,0,0,10,10,0,0
POI-ID-efa63041,8,8,7,1,0,7,7,0,0
POI-ID-c648fc19,1,1,1,0,0,1,1,0,0
POI-ID-10ae8143,1,1,1,0,0,1,1,0,0
POI-ID-59487e70,2,2,1,1,0,1,1,0,0
POI-ID-e2fe6492,4,4,3,1,0,3,3,0,0
POI-ID-2f08ebfd,1,1,1,0,0,1,1,0,0
POI-ID-261a58db,3,3,3,0,0,3,3,0,0
POI-ID-bac45b14,1,1,1,0,0,1,1,0,0
POI-ID-b12b4eb7,1,1,1,0,0,1,1,0,0
POI-ID-65e00b53,1,1,1,0,0,1,1,0,0
POI-ID-233b1e48,2,2,2,0,0,2,2,0,0
POI-ID-24963602,1,1,1,0,0,1,1,0,0
POI-ID-296623d1,1,1,1,0,0,1,1,0,0
POI-ID-bfbf1a80,4,4,4,0,0,4,4,0,0
POI-ID-0bf4dfd5,1,1,1,0,0,1,1,0,0
POI-ID-46d63830,1,1,1,0,0,1,1,0,0
POI-ID-dbe6f10d,2,2,1,1,0,1,1,0,0
POI-ID-59dce1b5,1,1,1,0,0,1,1,0,0
POI-ID-f61ffc06,6,6,5,1,0,6,6,0,0
POI-ID-641e0a28,5,5,5,0,0,5,5,0,0
POI-ID-2858ad02,5,5,5,0,0,5,5,0,0
POI-ID-a66feb1c,1,1,1,0,0,1,1,0,0
POI-ID-c0610c32,1,1,1,0,0,1,1,0,0
POI-ID-67c2d907,1,1,1,0,0,1,1,0,0
POI-ID-944cb35e,2,2,2,0,0,2,2,0,0
POI-ID-416919f8,3,3,3,0,0,3,3,0,0
POI-ID-4aaffc64,2,2,2,0,0,2,2,0,0
POI-ID-d9e8a89d,1,1,1,0,0,1,1,0,0
POI-ID-c12b6b35,7,7,7,0,0,7,7,0,0
POI-ID-b328463c,1,1,1,0,0,1,1,0,0
POI-ID-4b1e7cc8,3,3,3,0,0,3,3,0,0
POI-ID-89262ad3,1,1,1,0,0,1,1,0,0
POI-ID-0d4260ea,1,1,1,0,0,1,1,0,0
POI-ID-8af8b79e,1,1,1,0,0,1,1,0,0
POI-ID-23fef109,1,1,1,0,0,1,1,0,0
POI-ID-cba292db,1,1,1,0,0,1,1,0,0
POI-ID-be2458ff,2,2,2,0,0,2,2,0,0
POI-ID-80a82a8f,2,2,1,1,0,2,2,0,0
POI-ID-1ca075c2,1,1,1,0,0,1,1,0,0
POI-ID-29a6a911,1,1,1,0,0,1,1,0,0
POI-ID-d9839591,6,6,5,1,0,5,5,0,0
POI-ID-1757473d,1,1,1,0,0,1,1,0,0
POI-ID-e64a1f51,3,3,3,0,0,3,3,0,0
POI-ID-6d785506,1,1,1,0,0,1,1,0,0
POI-ID-a68f84e7,3,3,3,0,0,3,3,0,0
POI-ID-b3513928,1,1,1,0,0,1,1,0,0
POI-ID-ae3de9c4,1,1,1,0,0,1,1,0,0
POI-ID-78b9ad08,3,3,3,0,0,3,3,0,0
POI-ID-295f6373,8,8,7,1,0,8,8,0,0
POI-ID-59f274ec,1,1,1,0,0,1,1,0,0
POI-ID-5b18f684,3,3,2,1,0,2,2,0,0
POI-ID-848d7b64,1,1,1,0,0,1,1,0,0
POI-ID-0f773311,2,2,2,0,0,2,2,0,0
POI-ID-82a39a2d,1,1,1,0,0,1,1,0,0
POI-ID-7a5e521e,5,5,3,2,0,3,3,0,0
POI-ID-b36e280a,3,3,3,0,0,3,3,0,0
POI-ID-ffe5ce30,6,6,4,1,1,4,4,0,0
POI-ID-d17146bb,4,4,2,2,0,2,2,0,0
POI-ID-c7c5b68a,12,12,12,0,0,12,12,0,0
POI-ID-a9db36af,1,1,1,0,0,1,1,0,0
POI-ID-2a01cc98,1,1,1,0,0,1,1,0,0
POI-ID-8a703f5c,1,1,1,0,0,1,1,0,0
POI-ID-b6c5394e,1,1,1,0,0,1,1,0,0
POI-ID-ab109e14,11,11,9,2,0,9,9,0,0
POI-ID-30a9302a,2,2,2,0,0,2,2,0,0
POI-ID-a7d935b0,7,7,5,2,0,5,5,0,0
POI-ID-2358d73a,2,2,2,0,0,2,2,0,0
POI-ID-280e200f,5,5,4,1,0,4,4,0,0
POI-ID-6da8a5a6,1,1,1,0,0,1,1,0,0
POI-ID-84c8e2b5,40,40,25,10,5,14,14,0,0
POI-ID-bb9dfa85,8,8,5,3,0,5,5,0,0
POI-ID-83620f2c,2,2,1,1,0,1,1,0,0
POI-ID-1085443a,2,2,2,0,0,2,2,0,0
POI-ID-b7d2ba56,4,4,4,0,0,4,4,0,0
POI-ID-9246b9f8,1,1,1,0,0,1,1,0,0
POI-ID-89d0ec10,1,1,1,0,0,1,1,0,0
POI-ID-d109b197,3,3,3,0,0,3,3,0,0
POI-ID-99929fe1,3,3,3,0,0,3,3,0,0
POI-ID-e02b22ea,1,1,1,0,0,1,1,0,0
POI-ID-daa0d22f,1,1,1,0,0,1,1,0,0
POI-ID-4467f50b,13,13,10,3,0,11,11,0,0
POI-ID-40d6e428,4,4,3,1,0,3,3,0,0
POI-ID-a2729a3b,8,8,6,1,1,6,6,0,0
POI-ID-9dfa485c,1,1,1,0,0,1,1,0,0
POI-ID-ba026206,21,21,14,4,3,11,11,0,0
POI-ID-52fd9032,4,4,4,0,0,4,4,0,0
POI-ID-263c0ea7,4,4,3,1,0,3,3,0,0
POI-ID-7959ba1b,2,2,2,0,0,2,2,0,0
POI-ID-cbd47ec5,11,11,8,3,0,8,8,0,0
POI-ID-3b036beb,2,2,2,0,0,2,2,0,0
POI-ID-9ce61682,2,2,2,0,0,2,2,0,0
POI-ID-ef8add30,2,2,2,0,0,2,2,0,0
POI-ID-a10af448,2,2,2,0,0,2,2,0,0
POI-ID-fcff01f0,1,1,1,0,0,1,1,0,0
POI-ID-4f4d6960,1,1,1,0,0,1,1,0,0
POI-ID-c49bb51d,1,1,1,0,0,1,1,0,0
POI-ID-dd056d68,17,17,16,1,0,16,16,0,0
POI-ID-56db6fdd,1,1,1,0,0,1,1,0,0
POI-ID-42559150,11,11,9,2,0,10,10,0,0
POI-ID-59a102c9,1,1,1,0,0,1,1,0,0
POI-ID-a59dfbbb,6,6,4,1,1,2,2,0,0
POI-ID-956bc29b,8,8,7,1,0,7,7,0,0
POI-ID-986278d4,3,3,3,0,0,3,3,0,0
POI-ID-f09fd2b7,2,2,2,0,0,2,2,0,0
POI-ID-6efbb44c,1,1,1,0,0,1,1,0,0
POI-ID-03372fdf,4,4,4,0,0,4,4,0,0
POI-ID-9f1f81c5,3,3,3,0,0,3,3,0,0
POI-ID-a1145fa9,1,1,1,0,0,1,1,0,0
POI-ID-b5e5a0d4,2,2,1,1,0,1,1,0,0
POI-ID-42c05981,1,1,1,0,0,1,1,0,0
POI-ID-96534b71,2,2,2,0,0,2,2,0,0
POI-ID-3a822463,5,5,3,1,1,3,3,0,0
POI-ID-df65398b,1,1,1,0,0,1,1,0,0
POI-ID-95c08dd2,7,7,5,1,1,4,4,0,0
POI-ID-833e77e5,40,40,23,11,6,9,9,0,0
POI-ID-1e69d391,31,31,26,4,1,26,26,0,0
POI-ID-3dee956c,3,3,3,0,0,3,3,0,0
POI-ID-eb31bf5a,18,18,12,4,2,8,8,0,0
POI-ID-fe1d1e0e,1,1,1,0,0,1,1,0,0
POI-ID-6816f13b,8,8,8,0,0,8,8,0,0
POI-ID-3018cb01,1,1,1,0,0,1,1,0,0
POI-ID-559a3897,1,1,1,0,0,1,1,0,0
POI-ID-9e80387d,11,11,9,1,1,9,9,0,0
POI-ID-7f4bec1a,4,4,3,1,0,3,3,0,0
POI-ID-3be1522b,1,1,1,0,0,1,1,0,0
POI-ID-313c09e1,1,1,1,0,0,1,1,0,0
POI-ID-b310f904,4,4,4,0,0,4,4,0,0
POI-ID-a33b15b4,8,8,7,1,0,7,7,0,0
POI-ID-b61064a0,1,1,1,0,0,1,1,0,0
POI-ID-ee809f24,3,3,2,1,0,2,2,0,0
POI-ID-8da6666b,1,1,1,0,0,1,1,0,0
POI-ID-d42dd4bd,3,3,3,0,0,3,3,0,0
POI-ID-8dec1ef9,3,3,3,0,0,3,3,0,0
POI-ID-fd4c307b,1,1,1,0,0,1,1,0,0
POI-ID-cca787ec,4,4,2,1,1,2,2,0,0
POI-ID-82ab85b8,5,5,4,1,0,5,5,0,0
POI-ID-04850d8f,2,2,2,0,0,2,2,0,0
POI-ID-86c8ba57,1,1,1,0,0,1,1,0,0
POI-ID-18dabe9e,1,1,1,0,0,1,1,0,0
POI-ID-508c5623,2,2,2,0,0,2,2,0,0
POI-ID-0241556c,1,1,1,0,0,1,1,0,0
POI-ID-29377a7a,2,2,2,0,0,2,2,0,0
POI-ID-16e5ff89,2,2,2,0,0,2,2,0,0
POI-ID-fbbca9f6,1,1,1,0,0,1,1,0,0
POI-ID-7b91596d,2,2,2,0,0,2,2,0,0
POI-ID-e870d68c,2,2,2,0,0,2,2,0,0
POI-ID-92c109c4,5,5,3,1,1,2,2,0,0
POI-ID-dfd60e49,15,15,14,1,0,14,14,0,0
POI-ID-6ad8cb51,4,4,3,1,0,3,3,0,0
POI-ID-1575010e,1,1,1,0,0,1,1,0,0
POI-ID-61527731,3,3,2,1,0,2,2,0,0
POI-ID-cd8ae782,5,5,5,0,0,5,5,0,0
POI-ID-568eb8b7,3,3,3,0,0,3,3,0,0
POI-ID-2b3606cc,2,2,2,0,0,2,2,0,0
POI-ID-0dd55084,4,4,4,0,0,4,4,0,0
POI-ID-36bf7803,3,3,2,1,0,2,2,0,0
POI-ID-15d3dfae,8,8,8,0,0,8,8,0,0
POI-ID-2846e72e,1,1,1,0,0,1,1,0,0
POI-ID-81711fd1,21,21,12,6,3,2,2,0,0
POI-ID-8004d8b7,1,1,1,0,0,1,1,0,0
POI-ID-e5bfb1c0,9,9,5,2,2,5,5,0,0
POI-ID-204245a1,1,1,1,0,0,1,1,0,0
POI-ID-a0118b3e,1,1,1,0,0,1,1,0,0
POI-ID-82c1ed71,2,2,2,0,0,2,2,0,0
POI-ID-57445dc7,2,2,2,0,0,2,2,0,0
POI-ID-84d2461a,2,2,2,0,0,2,2,0,0
POI-ID-a8e35c95,1,1,1,0,0,1,1,0,0
POI-ID-2988c94a,1,1,1,0,0,1,1,0,0
POI-ID-3a4d4489,11,11,7,2,2,5,5,0,0
POI-ID-3b16f26c,5,5,4,1,0,4,4,0,0
POI-ID-646f7987,7,7,5,1,1,5,5,0,0
POI-ID-c515175b,1,1,1,0,0,1,1,0,0
POI-ID-37e06823,1,1,1,0,0,1,1,0,0
POI-ID-da13284d,8,8,6,1,1,4,4,0,0
POI-ID-a81129d8,4,4,4,0,0,4,4,0,0
POI-ID-04defc68,4,4,3,1,0,3,3,0,0
POI-ID-b23767d5,1,1,1,0,0,1,1,0,0
POI-ID-8e1e68a0,2,2,2,0,0,2,2,0,0
POI-ID-15a36879,1,1,1,0,0,1,1,0,0
POI-ID-d2fbcb82,1,1,1,0,0,1,1,0,0
POI-ID-20aa74e3,2,2,1,1,0,1,1,0,0
POI-ID-529df7bf,3,3,1,1,1,1,1,0,0
POI-ID-f6e8db70,1,1,1,0,0,1,1,0,0
POI-ID-62f00564,1,1,1,0,0,1,1,0,0
POI-ID-87b54b23,1,1,1,0,0,1,1,0,0
POI-ID-d87b510c,1,1,1,0,0,1,1,0,0
POI-ID-1aa9eedb,1,1,1,0,0,1,1,0,0
POI-ID-771d07c5,8,8,4,2,2,4,4,0,0
POI-ID-025128bb,1,1,1,0,0,1,1,0,0
POI-ID-cf8b9921,1,1,1,0,0,1,1,0,0
POI-ID-e2b36aab,5,5,3,1,1,3,3,0,0
POI-ID-bf44fd1e,3,3,2,1,0,2,2,0,0
POI-ID-86b8665e,1,1,1,0,0,1,1,0,0
POI-ID-f6effe9d,1,1,1,0,0,1,1,0,0
POI-ID-19b68b0f,4,4,3,1,0,3,3,0,0
POI-ID-aafca482,4,4,3,1,0,3,3,0,0
POI-ID-d3abbfe8,2,2,2,0,0,2,2,0,0
POI-ID-79f4ddd2,1,1,1,0,0,1,1,0,0
POI-ID-384899c2,2,2,1,1,0,1,1,0,0
POI-ID-720155dd,1,1,1,0,0,1,1,0,0
POI-ID-dcb117c3,2,2,2,0,0,2,2,0,0
POI-ID-cd895fd2,3,3,1,1,1,1,1,0,0
POI-ID-1ed1ebb9,2,2,2,0,0,2,2,0,0
POI-ID-04f581fb,2,2,2,0,0,2,2,0,0
POI-ID-3d16203d,3,3,2,1,0,2,2,0,0
POI-ID-22c0a999,2,2,2,0,0,2,2,0,0
POI-ID-794131a2,5,5,3,1,1,2,2,0,0
POI-ID-21a2bf25,1,1,1,0,0,1,1,0,0
POI-ID-d86782d2,1,1,1,0,0,1,1,0,0
POI-ID-10ef9854,2,2,2,0,0,2,2,0,0
POI-ID-e2947640,2,2,2,0,0,2,2,0,0
POI-ID-09a80a68,2,2,2,0,0,2,2,0,0
POI-ID-19ac211a,1,1,1,0,0,1,1,0,0
POI-ID-1a50ccc8,3,3,3,0,0,3,3,0,0
POI-ID-73d40b48,1,1,1,0,0,1,1,0,0
POI-ID-48c42c87,2,2,2,0,0,2,2,0,0
POI-ID-5774bbbf,1,1,1,0,0,1,1,0,0
POI-ID-4b24bb1c,5,5,4,1,0,4,4,0,0
POI-ID-24fb92a2,11,11,6,3,2,2,2,0,0
POI-ID-abfdb36b,1,1,1,0,0,1,1,0,0
POI-ID-76c7f1ca,1,1,1,0,0,1,1,0,0
POI-ID-15b87dd3,7,7,5,1,1,4,4,0,0
POI-ID-3928b73c,3,3,3,0,0,3,3,0,0
POI-ID-8932255e,1,1,1,0,0,1,1,0,0
POI-ID-c97044f2,3,3,3,0,0,3,3,0,0
POI-ID-3f9cfe12,1,1,0,1,0,1,1,0,0
POI-ID-9d86c958,6,6,4,1,1,3,3,0,0
POI-ID-eacef71c,2,2,2,0,0,2,2,0,0
POI-ID-3ad9a355,2,2,2,0,0,2,2,0,0
POI-ID-a44e34e5,2,2,2,0,0,2,2,0,0
POI-ID-3f4eb959,3,3,3,0,0,3,3,0,0
POI-ID-20f81ce2,3,3,2,1,0,2,2,0,0
POI-ID-c1c89f8d,1,1,1,0,0,1,1,0,0
POI-ID-c3a466d2,1,1,1,0,0,1,1,0,0
POI-ID-3a990f1d,6,6,4,2,0,5,5,0,0
POI-ID-b1b92f75,3,3,3,0,0,3,3,0,0
POI-ID-e80634c0,1,1,1,0,0,1,1,0,0
POI-ID-e00dfd4e,1,1,1,0,0,1,1,0,0
POI-ID-e4d64f1a,1,1,1,0,0,1,1,0,0
POI-ID-a252e2c1,4,4,4,0,0,4,4,0,0
POI-ID-87b52d06,1,1,1,0,0,1,1,0,0
POI-ID-9f741a65,2,2,2,0,0,2,2,0,0
POI-ID-325a4ac2,7,7,7,0,0,7,7,0,0
POI-ID-c50e114b,2,2,2,0,0,2,2,0,0
POI-ID-11c5cb50,3,3,2,1,0,2,2,0,0
POI-ID-186c7593,1,1,1,0,0,1,1,0,0
POI-ID-c8881a60,2,2,1,1,0,1,1,0,0
POI-ID-60b24464,1,1,1,0,0,1,1,0,0
POI-ID-a67a5767,1,1,1,0,0,1,1,0,0
POI-ID-9bcb9ee2,1,1,1,0,0,1,1,0,0
POI-ID-0af49e01,1,1,1,0,0,1,1,0,0
POI-ID-9ddf5f10,3,3,3,0,0,3,3,0,0
POI-ID-b6db9995,9,9,8,1,0,8,8,0,0
POI-ID-a86fb962,24,24,19,3,2,16,16,0,0
POI-ID-bddb6a2c,3,3,3,0,0,3,3,0,0
POI-ID-7b669c0e,2,2,2,0,0,2,2,0,0
POI-ID-5bd8f8b5,2,2,2,0,0,2,2,0,0
POI-ID-931192e2,1,1,1,0,0,1,1,0,0
POI-ID-550c9c88,2,2,1,1,0,1,1,0,0
POI-ID-5955d427,3,3,3,0,0,3,3,0,0
POI-ID-7f085aff,1,1,1,0,0,1,1,0,0
POI-ID-285d5050,2,2,1,1,0,1,1,0,0
POI-ID-8f55c125,2,2,2,0,0,2,2,0,0
POI-ID-82d79068,1,1,1,0,0,1,1,0,0
POI-ID-f0b721a3,3,3,2,1,0,2,2,0,0
POI-ID-761d9dd3,7,7,6,1,0,6,6,0,0
POI-ID-e372cc7c,1,1,1,0,0,1,1,0,0
POI-ID-8664aad7,1,1,1,0,0,1,1,0,0
POI-ID-cb909bc9,1,1,1,0,0,1,1,0,0
POI-ID-220f2dae,2,2,2,0,0,2,2,0,0
POI-ID-ea60a3a8,1,1,1,0,0,1,1,0,0
POI-ID-05fb3dcf,1,1,1,0,0,1,1,0,0
POI-ID-bf6129ab,6,6,6,0,0,6,6,0,0
POI-ID-17160e0b,4,4,3,1,0,3,3,0,0
POI-ID-8d34279d,2,2,2,0,0,2,2,0,0
POI-ID-30feec96,10,10,6,2,2,3,3,0,0
POI-ID-18a91202,13,13,9,3,1,8,8,0,0
POI-ID-1d469c9e,3,3,1,1,1,1,1,0,0
POI-ID-e4d536f3,1,1,1,0,0,1,1,0,0
POI-ID-17ec6587,2,2,2,0,0,2,2,0,0
POI-ID-9013e074,12,12,9,2,1,8,8,0,0
POI-ID-086232af,4,4,4,0,0,4,4,0,0
POI-ID-5a279b42,2,2,1,1,0,1,1,0,0
POI-ID-abac08c6,3,3,3,0,0,3,3,0,0
POI-ID-e9717250,9,9,7,1,1,7,7,0,0
POI-ID-7badffc9,3,3,2,1,0,2,2,0,0
POI-ID-f1ac84f5,8,8,4,2,2,1,1,0,0
POI-ID-d285eb0a,2,2,2,0,0,2,2,0,0
POI-ID-0af74550,1,1,1,0,0,1,1,0,0
POI-ID-342d573c,4,4,3,1,0,4,4,0,0
POI-ID-56fda9db,4,4,4,0,0,4,4,0,0
POI-ID-76085ee5,13,13,12,1,0,12,12,0,0
POI-ID-96bb784a,1,1,1,0,0,1,1,0,0
POI-ID-d5968378,8,8,7,1,0,7,7,0,0
POI-ID-c8850b9e,1,1,1,0,0,1,1,0,0
POI-ID-df468284,6,6,5,1,0,5,5,0,0
POI-ID-823cdc7e,1,1,1,0,0,1,1,0,0
POI-ID-043f633f,2,2,2,0,0,2,2,0,0
POI-ID-37b8f4d9,4,4,3,1,0,3,3,0,0
POI-ID-ed39f316,3,3,3,0,0,3,3,0,0
POI-ID-7f02a1d1,6,6,4,1,1,3,3,0,0
POI-ID-5bc6556b,1,1,1,0,0,1,1,0,0
POI-ID-595800fe,6,6,4,1,1,4,4,0,0
POI-ID-3aa7c880,1,1,1,0,0,1,1,0,0
POI-ID-6108bbbc,8,8,8,0,0,8,8,0,0
POI-ID-171e8496,2,2,1,1,0,1,1,0,0
POI-ID-cf50fc43,3,3,3,0,0,3,3,0,0
POI-ID-afa37838,16,16,9,4,3,7,7,0,0
POI-ID-771ff3fb,6,6,4,1,1,4,4,0,0
POI-ID-77133401,1,1,1,0,0,1,1,0,0
POI-ID-57efd88b,5,5,3,1,1,3,3,0,0
POI-ID-031dc720,2,2,2,0,0,2,2,0,0
POI-ID-6ad4878f,1,1,1,0,0,1,1,0,0
POI-ID-f2ce2313,5,5,5,0,0,5,5,0,0
POI-ID-f1ec8003,2,2,2,0,0,2,2,0,0
POI-ID-ec592d58,1,1,1,0,0,1,1,0,0
POI-ID-df5567f0,6,6,6,0,0,6,6,0,0
POI-ID-f4d106b9,8,8,6,2,0,7,7,0,0
POI-ID-3e2555c2,1,1,1,0,0,1,1,0,0
POI-ID-2f3778c0,3,3,1,1,1,1,1,0,0
POI-ID-5b3f4ee5,1,1,1,0,0,1,1,0,0
POI-ID-b177d0fb,3,3,2,1,0,2,2,0,0
POI-ID-23b94ee8,1,1,1,0,0,1,1,0,0
POI-ID-af419f9e,1,1,1,0,0,1,1,0,0
POI-ID-6f3e07ef,7,7,7,0,0,7,7,0,0
POI-ID-dd25eb70,6,6,4,2,0,4,4,0,0
POI-ID-fd84658d,1,1,1,0,0,1,1,0,0
POI-ID-ae0d13ed,1,1,1,0,0,1,1,0,0
POI-ID-56638207,5,5,5,0,0,5,5,0,0
POI-ID-0b31130f,2,2,2,0,0,2,2,0,0
POI-ID-74be4189,4,4,4,0,0,4,4,0,0
POI-ID-8afd4b20,3,3,3,0,0,3,3,0,0
POI-ID-d0fb6950,10,10,7,2,1,7,7,0,0
POI-ID-30ebadcc,2,2,2,0,0,2,2,0,0
POI-ID-ea92cc66,2,2,1,1,0,1,1,0,0
POI-ID-a548fe3a,2,2,2,0,0,2,2,0,0
POI-ID-f0a193ec,13,13,12,1,0,12,12,0,0
POI-ID-ed065029,12,12,10,1,1,10,10,0,0
POI-ID-780feb1c,3,3,3,0,0,3,3,0,0
POI-ID-5bae3573,3,3,3,0,0,3,3,0,0
POI-ID-8e3448b8,1,1,1,0,0,1,1,0,0
POI-ID-4c3684cc,1,1,1,0,0,1,1,0,0
POI-ID-490d3b52,8,8,7,1,0,8,8,0,0
POI-ID-472150fb,1,1,1,0,0,1,1,0,0
POI-ID-1d3c35d9,2,2,2,0,0,2,2,0,0
POI-ID-19b68db6,1,1,1,0,0,1,1,0,0
POI-ID-ec134414,6,6,6,0,0,6,6,0,0
POI-ID-5f149356,3,3,2,0,1,3,3,0,0
POI-ID-8883c442,15,15,9,4,2,2,2,0,0
POI-ID-e2f1186c,5,5,3,2,0,3,3,0,0
POI-ID-22399f4b,4,4,4,0,0,4,4,0,0
POI-ID-6ed9c555,1,1,1,0,0,1,1,0,0
POI-ID-2dd8e1c7,1,1,1,0,0,1,1,0,0
POI-ID-259a041c,1,1,1,0,0,1,1,0,0
POI-ID-905ec800,5,5,4,1,0,4,4,0,0
POI-ID-e3737286,3,3,1,1,1,1,1,0,0
POI-ID-0d6e37a5,2,2,2,0,0,2,2,0,0
POI-ID-24e7bc28,2,2,2,0,0,2,2,0,0
POI-ID-a9dfb3d6,1,1,1,0,0,1,1,0,0
POI-ID-aad6cbd8,1,1,1,0,0,1,1,0,0
POI-ID-c302a603,1,1,1,0,0,1,1,0,0
POI-ID-c5bea5b4,8,8,8,0,0,8,8,0,0
POI-ID-a274ef39,3,3,3,0,0,3,3,0,0
POI-ID-dce814ba,5,5,5,0,0,5,5,0,0
POI-ID-6e1853dd,3,3,2,1,0,2,2,0,0
POI-ID-df9de0a2,2,2,2,0,0,2,2,0,0
POI-ID-06b94b30,8,8,5,1,2,3,3,0,0
POI-ID-5446bd25,1,1,1,0,0,1,1,0,0
POI-ID-7215a87a,1,1,1,0,0,1,1,0,0
POI-ID-88fbce1a,23,23,13,6,4,1,1,0,0
POI-ID-15a8491c,2,2,1,1,0,1,1,0,0
POI-ID-91b2c506,1,1,1,0,0,1,1,0,0
POI-ID-6af5c5d7,9,9,6,1,2,6,6,0,0
POI-ID-19f95806,1,1,1,0,0,1,1,0,0
POI-ID-600d487a,1,1,1,0,0,1,1,0,0
POI-ID-6285a386,7,7,5,1,1,3,3,0,0
POI-ID-4a8fb9f3,5,5,4,0,1,4,4,0,0
POI-ID-29e899b3,1,1,1,0,0,1,1,0,0
POI-ID-756a7918,5,5,4,1,0,4,4,0,0
POI-ID-76c4f0d4,6,6,5,1,0,5,5,0,0
POI-ID-503a187d,1,1,1,0,0,1,1,0,0
POI-ID-69050e99,6,6,5,1,0,5,5,0,0
POI-ID-d3e2158c,1,1,1,0,0,1,1,0,0
POI-ID-f4078b13,13,13,9,2,2,8,8,0,0
POI-ID-df5b01a7,6,6,6,0,0,6,6,0,0
POI-ID-dc3ed474,1,1,1,0,0,1,1,0,0
POI-ID-d6a9edd5,7,7,6,1,0,6,6,0,0
POI-ID-34151b7e,7,7,6,1,0,6,6,0,0
POI-ID-df62b5cb,5,5,5,0,0,5,5,0,0
POI-ID-16dc1282,4,4,4,0,0,4,4,0,0
POI-ID-4130fb32,91,91,57,25,9,7,7,0,0
POI-ID-90dbc420,1,1,1,0,0,1,1,0,0
POI-ID-819bae16,4,4,3,1,0,3,3,0,0
POI-ID-6f174cb3,2,2,2,0,0,2,2,0,0
POI-ID-6290988d,2,2,2,0,0,2,2,0,0
POI-ID-2ea6f42f,5,5,5,0,0,5,5,0,0
POI-ID-8b0b4e96,1,1,1,0,0,1,1,0,0
POI-ID-b4b5dfee,12,12,6,4,2,3,3,0,0
POI-ID-37b9b558,1,1,1,0,0,1,1,0,0
POI-ID-bef061ae,2,2,2,0,0,2,2,0,0
POI-ID-47c9b44f,5,5,5,0,0,5,5,0,0
POI-ID-29729b4f,9,9,8,1,0,8,8,0,0
POI-ID-28dd8e1c,1,1,1,0,0,1,1,0,0
POI-ID-16f5efe6,4,4,3,1,0,3,3,0,0
POI-ID-85aca881,1,1,1,0,0,1,1,0,0
POI-ID-a644b09e,6,6,6,0,0,6,6,0,0
POI-ID-c04f2e05,1,1,1,0,0,1,1,0,0
POI-ID-695b0fa9,3,3,2,1,0,2,2,0,0
POI-ID-8a851850,1,1,1,0,0,1,1,0,0
POI-ID-ff03fdee,5,5,3,1,1,3,3,0,0
POI-ID-16c9c2fc,4,4,3,1,0,4,4,0,0
POI-ID-35f53598,8,8,7,1,0,7,7,0,0
POI-ID-d040b84a,3,3,1,1,1,1,1,0,0
POI-ID-ea4260e7,2,2,2,0,0,2,2,0,0
POI-ID-7e7fd097,9,9,8,1,0,8,8,0,0
POI-ID-9c70840f,8,8,4,2,2,1,1,0,0
POI-ID-554165fb,2,2,1,1,0,1,1,0,0
POI-ID-0e4baabf,3,3,3,0,0,3,3,0,0
POI-ID-537bb923,1,1,1,0,0,1,1,0,0
POI-ID-9dd6fe44,2,2,2,0,0,2,2,0,0
POI-ID-d165f26b,1,1,1,0,0,1,1,0,0
POI-ID-051a3f5b,2,2,2,0,0,2,2,0,0
POI-ID-60311b00,1,1,1,0,0,1,1,0,0
POI-ID-ec31ba88,1,1,1,0,0,1,1,0,0
POI-ID-96d13a5d,1,1,1,0,0,1,1,0,0
POI-ID-4abdc7ad,1,1,1,0,0,1,1,0,0
POI-ID-d115db23,1,1,1,0,0,1,1,0,0
POI-ID-b59d2225,1,1,1,0,0,1,1,0,0
POI-ID-2b31dc9c,4,4,3,1,0,3,3,0,0
POI-ID-4936aec7,1,1,1,0,0,1,1,0,0
POI-ID-09c5867d,11,11,6,3,2,1,1,0,0
POI-ID-ed90da7e,3,3,2,1,0,2,2,0,0
POI-ID-147e1f48,2,2,2,0,0,2,2,0,0
POI-ID-88630edc,1,1,1,0,0,1,1,0,0
POI-ID-e119dbbd,6,6,6,0,0,6,6,0,0
POI-ID-e91ff87c,1,1,1,0,0,1,1,0,0
POI-ID-8ac44510,6,6,5,1,0,5,5,0,0
POI-ID-2f5002bf,3,3,3,0,0,3,3,0,0
POI-ID-cf3fde72,1,1,1,0,0,1,1,0,0
POI-ID-aa0d12e2,5,5,3,1,1,2,2,0,0
POI-ID-14836a92,5,5,5,0,0,5,5,0,0
POI-ID-8a58f041,2,2,1,1,0,1,1,0,0
POI-ID-39dd38d0,1,1,1,0,0,1,1,0,0
POI-ID-64b781c0,2,2,2,0,0,2,2,0,0
POI-ID-64cf3b98,2,2,2,0,0,2,2,0,0
POI-ID-89d28dcb,1,1,1,0,0,1,1,0,0
POI-ID-e11af74f,4,4,3,1,0,3,3,0,0
POI-ID-628477bf,8,8,5,2,1,5,5,0,0
POI-ID-19cf6d02,8,8,8,0,0,8,8,0,0
POI-ID-daac3da1,4,4,4,0,0,4,4,0,0
POI-ID-ab924031,1,1,1,0,0,1,1,0,0
POI-ID-8edf38da,1,1,1,0,0,1,1,0,0
POI-ID-6931951b,6,6,5,1,0,5,5,0,0
POI-ID-5ef76ed4,1,1,1,0,0,1,1,0,0
POI-ID-93b90c2d,2,2,2,0,0,2,2,0,0
POI-ID-d18be9e5,5,5,5,0,0,5,5,0,0
POI-ID-4e1a1327,1,1,1,0,0,1,1,0,0
POI-ID-7e23f84e,2,2,2,0,0,2,2,0,0
POI-ID-1790ffe0,5,5,5,0,0,5,5,0,0
POI-ID-09396e70,3,3,3,0,0,3,3,0,0
POI-ID-939f3791,1,1,1,0,0,1,1,0,0
POI-ID-2879e6b4,3,3,3,0,0,3,3,0,0
POI-ID-f24a0d12,2,2,2,0,0,2,2,0,0
POI-ID-5c798ba7,3,3,3,0,0,3,3,0,0
POI-ID-09977fc1,8,8,7,1,0,7,7,0,0
POI-ID-f5efe234,1,1,1,0,0,1,1,0,0
POI-ID-6fedaac0,6,6,6,0,0,6,6,0,0
POI-ID-ace0d392,5,5,4,1,0,4,4,0,0
POI-ID-7232db1b,9,9,9,0,0,9,9,0,0
POI-ID-54623d8e,5,5,4,1,0,4,4,0,0
POI-ID-5a873fad,2,2,1,1,0,1,1,0,0
POI-ID-09c0cc4f,6,6,6,0,0,6,6,0,0
POI-ID-21d51831,7,7,4,2,1,4,4,0,0
POI-ID-d4230d6a,12,12,7,3,2,2,2,0,0
POI-ID-99a03509,2,2,1,1,0,1,1,0,0
POI-ID-7b055239,1,1,1,0,0,1,1,0,0
POI-ID-696ce749,1,1,1,0,0,1,1,0,0
POI-ID-0fed9e6d,1,1,1,0,0,1,1,0,0
POI-ID-2e0b36f2,1,1,1,0,0,1,1,0,0
POI-ID-ba282017,1,1,1,0,0,1,1,0,0
POI-ID-3ab74734,2,2,1,1,0,1,1,0,0
POI-ID-5c008467,2,2,1,1,0,1,1,0,0
POI-ID-ac356dcb,1,1,1,0,0,1,1,0,0
POI-ID-5e12cadf,3,3,1,1,1,1,1,0,0
POI-ID-4d742f08,1,1,1,0,0,1,1,0,0
POI-ID-7d48e336,1,1,1,0,0,1,1,0,0
POI-ID-1c7930ee,2,2,2,0,0,2,2,0,0
POI-ID-129bc380,1,1,1,0,0,1,1,0,0
POI-ID-a8987ab5,1,1,1,0,0,1,1,0,0
POI-ID-895eda2e,8,8,5,2,1,5,5,0,0
POI-ID-32c64e63,1,1,1,0,0,1,1,0,0
POI-ID-6d399513,2,2,1,1,0,1,1,0,0
POI-ID-868ecc57,1,1,1,0,0,1,1,0,0
POI-ID-ddfe9501,2,2,1,1,0,1,1,0,0
POI-ID-33a6800e,1,1,1,0,0,1,1,0,0
POI-ID-011fdc78,17,17,11,4,2,9,9,0,0
POI-ID-1cb9db02,3,3,2,1,0,2,2,0,0
POI-ID-2ef47b06,1,1,1,0,0,1,1,0,0
POI-ID-db53b44c,2,2,1,1,0,1,1,0,0
POI-ID-99ffaa16,7,7,4,2,1,4,4,0,0
POI-ID-9e47d5c4,3,3,3,0,0,3,3,0,0
POI-ID-07a5a6ae,2,2,1,1,0,1,1,0,0
POI-ID-da32f597,3,3,3,0,0,3,3,0,0
POI-ID-cc38f141,5,5,3,1,1,1,1,0,0
POI-ID-f7d38ea4,1,1,1,0,0,1,1,0,0
POI-ID-09355c3d,1,1,1,0,0,1,1,0,0
POI-ID-e863b106,4,4,4,0,0,4,4,0,0
POI-ID-c915fcf9,12,12,9,2,1,6,6,0,0
POI-ID-3415e6f6,3,3,3,0,0,3,3,0,0
POI-ID-6db0df56,19,19,16,3,0,17,17,0,0
POI-ID-f7d47efc,4,4,3,1,0,3,3,0,0
POI-ID-4f618a1d,2,2,2,0,0,2,2,0,0
POI-ID-c2b512d9,2,2,2,0,0,2,2,0,0
POI-ID-32984c68,3,3,3,0,0,3,3,0,0
POI-ID-39a79094,10,10,9,1,0,9,9,0,0
POI-ID-274c3552,1,1,1,0,0,1,1,0,0
POI-ID-f16e0a8e,4,4,4,0,0,4,4,0,0
POI-ID-53958872,6,6,4,1,1,3,3,0,0
POI-ID-08009714,2,2,1,1,0,1,1,0,0
POI-ID-3afac966,20,20,12,4,4,11,11,0,0
POI-ID-e0fdfd20,2,2,2,0,0,2,2,0,0
POI-ID-f74b9282,1,1,1,0,0,1,1,0,0
POI-ID-d2de6884,21,21,16,3,2,14,14,0,0
POI-ID-f421d1dd,12,12,10,2,0,10,10,0,0
POI-ID-3c6e4eb5,1,1,1,0,0,1,1,0,0
POI-ID-c07b1e27,11,11,7,2,2,4,4,0,0
POI-ID-18ecbb6a,1,1,1,0,0,1,1,0,0
POI-ID-882451b7,2,2,2,0,0,2,2,0,0
POI-ID-e6b7cff0,1,1,1,0,0,1,1,0,0
POI-ID-f045ffe2,1,1,1,0,0,1,1,0,0
POI-ID-045d7895,3,3,3,0,0,3,3,0,0
POI-ID-83467d94,1,1,1,0,0,1,1,0,0
POI-ID-2ced22e1,1,1,1,0,0,1,1,0,0
POI-ID-53cf2e84,4,4,4,0,0,4,4,0,0
POI-ID-a141a87d,1,1,1,0,0,1,1,0,0
POI-ID-9774ae04,1,1,1,0,0,1,1,0,0
POI-ID-6a8df13d,1,1,1,0,0,1,1,0,0
POI-ID-5ad2832c,4,4,3,1,0,3,3,0,0
POI-ID-20520466,7,7,5,1,1,3,3,0,0
POI-ID-c651c29e,4,4,4,0,0,4,4,0,0
POI-ID-f5478762,3,3,2,1,0,2,2,0,0
POI-ID-6d54885a,19,19,11,5,3,8,8,0,0
POI-ID-964169b4,12,12,9,2,1,8,8,0,0
POI-ID-490532c4,2,2,2,0,0,2,2,0,0
POI-ID-b6d5e05b,10,10,10,0,0,10,10,0,0
POI-ID-c3215b60,1,1,1,0,0,1,1,0,0
POI-ID-838785f9,7,7,5,2,0,5,5,0,0
POI-ID-371eef9e,2,2,1,1,0,1,1,0,0
POI-ID-12284c73,1,1,1,0,0,1,1,0,0
POI-ID-413fcf5d,11,11,7,2,2,7,7,0,0
POI-ID-a24dcddc,1,1,1,0,0,1,1,0,0
POI-ID-c59b5868,4,4,4,0,0,4,4,0,0
POI-ID-4a9d113e,1,1,1,0,0,1,1,0,0
POI-ID-21293568,1,1,1,0,0,1,1,0,0
POI-ID-9eeb3501,1,1,1,0,0,1,1,0,0
POI-ID-15af7fe7,10,10,7,2,1,7,7,0,0
POI-ID-a24d41f4,1,1,1,0,0,1,1,0,0
POI-ID-517db201,5,5,5,0,0,5,5,0,0
POI-ID-38b92271,2,2,2,0,0,2,2,0,0
POI-ID-a16dfe50,2,2,2,0,0,2,2,0,0
POI-ID-f42a5cd5,42,42,25,12,5,2,2,0,0
POI-ID-1e5837be,1,1,1,0,0,1,1,0,0
POI-ID-26590930,4,4,4,0,0,4,4,0,0
POI-ID-e3267d20,2,2,2,0,0,2,2,0,0
POI-ID-87b264cf,1,1,1,0,0,1,1,0,0
POI-ID-fe0c943e,1,1,1,0,0,1,1,0,0
POI-ID-1daf43f1,5,5,3,1,1,2,2,0,0
POI-ID-c3611d4e,1,1,1,0,0,1,1,0,0
POI-ID-414e9ba6,14,14,8,4,2,1,1,0,0
POI-ID-c7ecbd19,1,1,1,0,0,1,1,0,0
POI-ID-372c77bf,3,3,2,1,0,2,2,0,0
POI-ID-f7dcb035,1,1,1,0,0,1,1,0,0
POI-ID-5b187147,2,2,2,0,0,2,2,0,0
POI-ID-f7fe03ac,1,1,1,0,0,1,1,0,0
POI-ID-1a595ac7,1,1,1,0,0,1,1,0,0
POI-ID-da2e9f8a,15,15,13,1,1,11,11,0,0
POI-ID-2cf5f397,1,1,1,0,0,1,1,0,0
POI-ID-5246aae7,4,4,4,0,0,4,4,0,0
POI-ID-00236835,2,2,2,0,0,2,2,0,0
POI-ID-df9f04c6,3,3,2,0,1,3,3,0,0
POI-ID-6f5199e0,2,2,2,0,0,2,2,0,0
POI-ID-a39ccbad,1,1,1,0,0,1,1,0,0
POI-ID-9517da06,8,8,6,1,1,6,6,0,0
POI-ID-8ffee2e2,2,2,2,0,0,2,2,0,0
POI-ID-0fb0faca,1,1,1,0,0,1,1,0,0
POI-ID-e5e61bd4,1,1,1,0,0,1,1,0,0
POI-ID-0b682c26,1,1,1,0,0,1,1,0,0
POI-ID-31bf0e5b,1,1,1,0,0,1,1,0,0
POI-ID-1cd7d65f,8,8,5,2,1,4,4,0,0
POI-ID-44cba950,4,4,3,1,0,3,3,0,0
POI-ID-1434ce7d,1,1,1,0,0,1,1,0,0
POI-ID-48333589,1,1,1,0,0,1,1,0,0
POI-ID-352216a6,1,1,1,0,0,1,1,0,0
POI-ID-a449ed7f,1,1,1,0,0,1,1,0,0
POI-ID-48a20681,3,3,1,1,1,1,1,0,0
POI-ID-cc38af00,9,9,8,1,0,8,8,0,0
POI-ID-36b2ac9d,5,5,5,0,0,5,5,0,0
POI-ID-21b6701f,9,9,5,3,1,2,2,0,0
POI-ID-8e54c45a,3,3,2,1,0,2,2,0,0
POI-ID-590f3156,14,14,13,1,0,13,13,0,0
POI-ID-4099242d,1,1,1,0,0,1,1,0,0
POI-ID-aaaad007,1,1,1,0,0,1,1,0,0
POI-ID-e7dfbed9,2,2,2,0,0,2,2,0,0
POI-ID-0c91fb7c,1,1,1,0,0,1,1,0,0
POI-ID-0a5cbe1f,2,2,1,1,0,1,1,0,0
POI-ID-0c159c48,1,1,1,0,0,1,1,0,0
POI-ID-c1a900c7,1,1,1,0,0,1,1,0,0
POI-ID-75c13056,4,4,2,1,1,2,2,0,0
POI-ID-3a64b1b0,1,1,1,0,0,1,1,0,0
POI-ID-836e6eee,1,1,1,0,0,1,1,0,0
POI-ID-3188681c,3,3,3,0,0,3,3,0,0
POI-ID-9be33ac6,4,4,2,1,1,2,2,0,0
POI-ID-e0a458ce,2,2,2,0,0,2,2,0,0
POI-ID-8e347a6b,1,1,1,0,0,1,1,0,0
POI-ID-972a553c,5,5,5,0,0,5,5,0,0
POI-ID-ea3dd5da,2,2,2,0,0,2,2,0,0
POI-ID-399fdb33,1,1,1,0,0,1,1,0,0
POI-ID-2e4424f7,2,2,1,1,0,1,1,0,0
POI-ID-ce9d9d79,4,4,3,1,0,3,3,0,0
POI-ID-29a0ad0e,1,1,1,0,0,1,1,0,0
POI-ID-f0941664,1,1,1,0,0,1,1,0,0
POI-ID-d4083955,2,2,2,0,0,2,2,0,0
POI-ID-06cdfb8a,1,1,1,0,0,1,1,0,0
POI-ID-a5d4c56e,1,1,1,0,0,1,1,0,0
POI-ID-db978bc3,1,1,1,0,0,1,1,0,0
POI-ID-64d6cf67,2,2,2,0,0,2,2,0,0
POI-ID-cea16aa7,1,1,1,0,0,1,1,0,0
POI-ID-8b2235d7,10,10,7,2,1,8,8,0,0
POI-ID-b801ef12,2,2,1,1,0,1,1,0,0
POI-ID-9d093d7f,2,2,2,0,0,2,2,0,0
POI-ID-b0a69355,3,3,2,1,0,2,2,0,0
POI-ID-1049728a,2,2,2,0,0,2,2,0,0
POI-ID-033f831f,2,2,2,0,0,2,2,0,0
POI-ID-2e32acd8,1,1,1,0,0,1,1,0,0
POI-ID-3afcb519,6,6,6,0,0,6,6,0,0
POI-ID-a7318d0d,1,1,1,0,0,1,1,0,0
POI-ID-61e9c663,1,1,1,0,0,1,1,0,0
POI-ID-518d1e3c,2,2,2,0,0,2,2,0,0
POI-ID-e08a9270,1,1,1,0,0,1,1,0,0
POI-ID-0fd2796f,17,17,10,5,2,4,4,0,0
POI-ID-e849d629,2,2,2,0,0,2,2,0,0
POI-ID-33fed710,1,1,1,0,0,1,1,0,0
POI-ID-20a29bea,2,2,2,0,0,2,2,0,0
POI-ID-8bdc4d2c,2,2,2,0,0,2,2,0,0
POI-ID-08cbf4c4,3,3,3,0,0,3,3,0,0
POI-ID-4f22bc31,2,2,1,0,1,1,1,0,0
POI-ID-0f607963,1,1,1,0,0,1,1,0,0
POI-ID-4a8780ae,1,1,1,0,0,1,1,0,0
POI-ID-e18475e2,4,4,4,0,0,4,4,0,0
POI-ID-e7742e2f,4,4,4,0,0,4,4,0,0
POI-ID-69dcfa9a,3,3,2,1,0,2,2,0,0
POI-ID-474c1fdc,1,1,1,0,0,1,1,0,0
POI-ID-24452447,1,1,1,0,0,1,1,0,0
POI-ID-bea619a2,3,3,3,0,0,3,3,0,0
POI-ID-b30b8e1e,3,3,3,0,0,3,3,0,0
POI-ID-15adf993,6,6,5,0,1,6,6,0,0
POI-ID-51e05829,1,1,1,0,0,1,1,0,0
POI-ID-2a97ed9d,5,5,3,1,1,3,3,0,0
POI-ID-c1bd1217,6,6,5,1,0,5,5,0,0
POI-ID-4934b699,1,1,1,0,0,1,1,0,0
POI-ID-2ed66dd7,2,2,2,0,0,2,2,0,0
POI-ID-49d9e413,6,6,6,0,0,6,6,0,0
POI-ID-3f134f84,7,7,7,0,0,7,7,0,0
POI-ID-10d27cb8,2,2,2,0,0,2,2,0,0
POI-ID-82e4dd70,2,2,2,0,0,2,2,0,0
POI-ID-2ec016f6,10,10,10,0,0,10,10,0,0
POI-ID-ed7f89cb,4,4,3,1,0,3,3,0,0
POI-ID-f9ed7656,8,8,7,1,0,8,8,0,0
POI-ID-183f3b64,9,9,9,0,0,9,9,0,0
POI-ID-33da7192,5,5,5,0,0,5,5,0,0
POI-ID-d64523d8,1,1,1,0,0,1,1,0,0
POI-ID-f8f68171,5,5,3,1,1,3,3,0,0
POI-ID-ddcad01c,1,1,1,0,0,1,1,0,0
POI-ID-a95f226d,1,1,1,0,0,1,1,0,0
POI-ID-6e9b9038,6,6,6,0,0,6,6,0,0
POI-ID-8e05a767,5,5,4,1,0,4,4,0,0
POI-ID-177b3676,2,2,1,1,0,1,1,0,0
POI-ID-8093163f,2,2,1,1,0,1,1,0,0
POI-ID-938e047e,1,1,1,0,0,1,1,0,0
POI-ID-096c451d,5,5,3,1,1,2,2,0,0
POI-ID-0af72b01,3,3,3,0,0,3,3,0,0
POI-ID-94351424,1,1,1,0,0,1,1,0,0
POI-ID-3c4ead75,1,1,1,0,0,1,1,0,0
POI-ID-2a1e2e77,1,1,1,0,0,1,1,0,0
POI-ID-662efbb0,1,1,1,0,0,1,1,0,0
POI-ID-0c6b2731,1,1,1,0,0,1,1,0,0
POI-ID-299c5938,1,1,1,0,0,1,1,0,0
POI-ID-b315045e,20,20,12,5,3,2,2,0,0
POI-ID-06ba9ed8,1,1,1,0,0,1,1,0,0
POI-ID-afd02478,3,3,2,1,0,2,2,0,0
POI-ID-dd482904,1,1,1,0,0,1,1,0,0
POI-ID-3a71a1ed,2,2,2,0,0,2,2,0,0
POI-ID-b563715a,1,1,1,0,0,1,1,0,0
POI-ID-159c2443,9,9,5,2,2,1,1,0,0
POI-ID-63182bf6,1,1,1,0,0,1,1,0,0
POI-ID-12310937,1,1,1,0,0,1,1,0,0
POI-ID-0347735e,2,2,2,0,0,2,2,0,0
POI-ID-76e55cbd,3,3,3,0,0,3,3,0,0
POI-ID-1d0e5e26,3,3,1,1,1,1,1,0,0
POI-ID-fba55e6e,2,2,2,0,0,2,2,0,0
POI-ID-c538c4e0,2,2,1,1,0,1,1,0,0
POI-ID-203d3a8d,1,1,1,0,0,1,1,0,0
POI-ID-1e2bc934,3,3,3,0,0,3,3,0,0
POI-ID-95c0002a,5,5,3,1,1,3,3,0,0
POI-ID-0967bfa2,1,1,1,0,0,1,1,0,0
POI-ID-5bf3b497,2,2,1,1,0,1,1,0,0
POI-ID-39010950,1,1,1,0,0,1,1,0,0
POI-ID-75ab02cc,2,2,1,1,0,1,1,0,0
POI-ID-1a34fdad,2,2,2,0,0,2,2,0,0
POI-ID-55cfea54,2,2,2,0,0,2,2,0,0
POI-ID-80f50c28,2,2,2,0,0,2,2,0,0
POI-ID-35cbbece,2,2,2,0,0,2,2,0,0
POI-ID-6f97b514,1,1,1,0,0,1,1,0,0
POI-ID-dd33f089,6,6,4,2,0,4,4,0,0
POI-ID-cbea3a38,5,4,4,0,0,5,4,-1,-1
POI-ID-83e12bf8,1,1,1,0,0,1,1,0,0
POI-ID-1d0fe422,1,1,1,0,0,1,1,0,0
POI-ID-11c19c5f,3,3,2,1,0,2,2,0,0
POI-ID-c532665c,2,2,1,1,0,1,1,0,0
POI-ID-015466ae,1,1,1,0,0,1,1,0,0
POI-ID-ad941c11,2,2,2,0,0,2,2,0,0
POI-ID-f7b25bdf,3,3,3,0,0,3,3,0,0
POI-ID-08df83c2,1,1,1,0,0,1,1,0,0
POI-ID-4c2f548f,3,3,2,1,0,2,2,0,0
POI-ID-054b874c,4,4,2,1,1,1,1,0,0
POI-ID-45c075d2,1,1,1,0,0,1,1,0,0
POI-ID-c43a6f73,5,5,3,2,0,3,3,0,0
POI-ID-fd2fca7a,2,2,2,0,0,2,2,0,0
POI-ID-41a41b47,1,1,1,0,0,1,1,0,0
POI-ID-7052903e,2,2,1,1,0,1,1,0,0
POI-ID-b1ce479d,1,1,1,0,0,1,1,0,0
POI-ID-85725a2e,5,5,4,1,0,4,4,0,0
POI-ID-585bfad4,1,1,1,0,0,1,1,0,0
POI-ID-1d938d16,2,2,2,0,0,2,2,0,0
POI-ID-0c7ca698,1,1,1,0,0,1,1,0,0
POI-ID-068fe5ee,4,4,4,0,0,4,4,0,0
POI-ID-29eb4cc3,1,1,1,0,0,1,1,0,0
POI-ID-b3857486,5,5,5,0,0,5,5,0,0
POI-ID-1b58474f,1,1,1,0,0,1,1,0,0
POI-ID-8b08a732,2,2,1,1,0,1,1,0,0
POI-ID-71d579a5,2,2,2,0,0,2,2,0,0
POI-ID-6642293e,1,1,1,0,0,1,1,0,0
POI-ID-39f3ed0e,1,1,1,0,0,1,1,0,0
POI-ID-250a7b70,1,1,1,0,0,1,1,0,0
POI-ID-2662ebfe,1,1,1,0,0,1,1,0,0
POI-ID-c5a20b65,3,3,3,0,0,3,3,0,0
POI-ID-4354313c,2,2,2,0,0,2,2,0,0
POI-ID-d30c1bd4,2,2,1,1,0,1,1,0,0
POI-ID-b1c130f7,2,2,2,0,0,2,2,0,0
POI-ID-0e1f57ee,1,1,1,0,0,1,1,0,0
POI-ID-134531e1,1,1,1,0,0,1,1,0,0
POI-ID-974a2d68,2,2,2,0,0,2,2,0,0
POI-ID-828d1715,4,4,2,1,1,1,1,0,0
POI-ID-c5812378,1,1,1,0,0,1,1,0,0
POI-ID-ba7a432e,2,2,1,1,0,1,1,0,0
POI-ID-f5bb6ebc,6,6,5,1,0,5,5,0,0
POI-ID-051426ec,1,1,1,0,0,1,1,0,0
POI-ID-d490ff93,3,3,2,1,0,2,2,0,0
POI-ID-6402f78b,5,5,4,1,0,4,4,0,0
POI-ID-ee7c1640,5,5,4,1,0,4,4,0,0
POI-ID-3e7e84c0,5,5,3,1,1,2,2,0,0
POI-ID-70fbc71b,1,1,1,0,0,1,1,0,0
POI-ID-9a81d511,4,4,4,0,0,4,4,0,0
POI-ID-d057159a,7,7,6,1,0,6,6,0,0
POI-ID-a57ce23b,2,2,2,0,0,2,2,0,0
POI-ID-14531f7f,2,2,2,0,0,2,2,0,0
POI-ID-7cf9dd9d,3,3,3,0,0,3,3,0,0
POI-ID-b660c6e3,3,3,3,0,0,3,3,0,0
POI-ID-91614df5,1,1,1,0,0,1,1,0,0
POI-ID-457949ff,36,36,22,10,4,3,3,0,0
POI-ID-ed225997,8,8,6,2,0,6,6,0,0
POI-ID-2dc9d474,1,1,1,0,0,1,1,0,0
POI-ID-e2566f4e,1,1,1,0,0,1,1,0,0
POI-ID-466d142c,82,81,47,24,10,13,12,-1,-1
POI-ID-7f20d782,1,1,1,0,0,1,1,0,0
POI-ID-e89cd476,1,1,1,0,0,1,1,0,0
POI-ID-0cef0467,3,3,3,0,0,3,3,0,0
POI-ID-516cfe18,7,7,5,2,0,5,5,0,0
POI-ID-79104ea2,7,7,7,0,0,7,7,0,0
POI-ID-181537cd,4,4,3,1,0,3,3,0,0
POI-ID-d2d87e26,10,10,9,1,0,9,9,0,0
POI-ID-9a7a7ba5,4,4,3,1,0,3,3,0,0
POI-ID-3680fedb,1,1,1,0,0,1,1,0,0
POI-ID-1f2a655e,3,3,2,1,0,2,2,0,0
POI-ID-e36e1e52,4,4,4,0,0,4,4,0,0
POI-ID-40347bca,2,2,1,1,0,2,2,0,0
POI-ID-bec7998f,1,1,1,0,0,1,1,0,0
POI-ID-0abd3790,2,2,1,1,0,1,1,0,0
POI-ID-c49e2a0f,2,2,2,0,0,2,2,0,0
POI-ID-b0ea1d72,2,2,2,0,0,2,2,0,0
POI-ID-6baae945,1,1,1,0,0,1,1,0,0
POI-ID-7aacd5a2,5,5,5,0,0,5,5,0,0
POI-ID-cc3def1c,1,1,1,0,0,1,1,0,0
POI-ID-7c1086af,1,1,1,0,0,1,1,0,0
POI-ID-4cf93086,5,5,5,0,0,5,5,0,0
POI-ID-aa698273,1,1,1,0,0,1,1,0,0
POI-ID-fd0bfe15,1,1,1,0,0,1,1,0,0
POI-ID-3fa67109,1,1,1,0,0,1,1,0,0
POI-ID-ea15b6ae,4,4,4,0,0,4,4,0,0
POI-ID-56b32159,1,1,1,0,0,1,1,0,0
POI-ID-35777719,4,4,4,0,0,4,4,0,0
POI-ID-dcf39593,1,1,1,0,0,1,1,0,0
POI-ID-0d7acad9,4,4,3,1,0,3,3,0,0
POI-ID-ef8abbcf,2,2,1,1,0,1,1,0,0
POI-ID-91d81bfa,3,3,3,0,0,3,3,0,0
POI-ID-d611f5e3,1,1,1,0,0,1,1,0,0
POI-ID-748dd6d6,1,1,1,0,0,1,1,0,0
POI-ID-897d72b0,6,6,6,0,0,6,6,0,0
POI-ID-a516b89d,3,3,3,0,0,3,3,0,0
POI-ID-81f270b2,1,1,1,0,0,1,1,0,0
POI-ID-acbb0a51,2,2,2,0,0,2,2,0,0
POI-ID-c652fc80,3,3,3,0,0,3,3,0,0
POI-ID-693166af,7,7,5,1,1,4,4,0,0
POI-ID-1a874a05,1,1,1,0,0,1,1,0,0
POI-ID-62be6286,7,7,7,0,0,7,7,0,0
POI-ID-46277f15,2,2,2,0,0,2,2,0,0
POI-ID-24941ae4,2,2,2,0,0,2,2,0,0
POI-ID-cc77271a,2,2,2,0,0,2,2,0,0
POI-ID-8aef3678,2,2,2,0,0,2,2,0,0
POI-ID-f2f1b75c,2,2,2,0,0,2,2,0,0
POI-ID-be91052d,1,1,1,0,0,1,1,0,0
POI-ID-dcae9219,3,3,3,0,0,3,3,0,0
POI-ID-38b086ec,15,15,13,2,0,13,13,0,0
POI-ID-6630576e,6,6,6,0,0,6,6,0,0
POI-ID-2b4e88f5,1,1,1,0,0,1,1,0,0
POI-ID-d1048f03,2,2,2,0,0,2,2,0,0
POI-ID-5303c762,1,1,1,0,0,1,1,0,0
POI-ID-c62dbcf2,7,7,4,2,1,1,1,0,0
POI-ID-8ddd2a37,1,1,1,0,0,1,1,0,0
POI-ID-a59e694c,2,2,2,0,0,2,2,0,0
POI-ID-13343103,1,1,1,0,0,1,1,0,0
POI-ID-0e6f0ce8,1,1,1,0,0,1,1,0,0
POI-ID-7a4aab2d,8,8,6,1,1,6,6,0,0
POI-ID-36f9b838,57,57,33,16,8,12,12,0,0
POI-ID-0a967699,3,3,2,1,0,2,2,0,0
POI-ID-d132a4c2,1,1,1,0,0,1,1,0,0
POI-ID-cf2d07e2,1,1,1,0,0,1,1,0,0
POI-ID-9104c557,2,2,2,0,0,2,2,0,0
POI-ID-48bbe85f,2,2,2,0,0,2,2,0,0
POI-ID-d2a55d00,1,1,1,0,0,1,1,0,0
POI-ID-0399619b,4,4,3,1,0,3,3,0,0
POI-ID-d6fa8502,5,5,4,1,0,4,4,0,0
POI-ID-8a166efe,2,2,2,0,0,2,2,0,0
POI-ID-5faca52c,1,1,1,0,0,1,1,0,0
POI-ID-ffcb6ce8,1,1,1,0,0,1,1,0,0
POI-ID-c2a0723d,3,3,3,0,0,3,3,0,0
POI-ID-66c3c4a5,1,1,1,0,0,1,1,0,0
POI-ID-2021a0ae,5,5,2,2,1,2,2,0,0
POI-ID-2b59e8ac,2,2,1,1,0,1,1,0,0
POI-ID-74f7b78f,1,1,1,0,0,1,1,0,0
POI-ID-5d116993,1,1,1,0,0,1,1,0,0
POI-ID-7840172a,4,4,4,0,0,4,4,0,0
POI-ID-f236072e,1,1,1,0,0,1,1,0,0
POI-ID-acb1269e,2,2,2,0,0,2,2,0,0
POI-ID-fde21bd6,1,1,1,0,0,1,1,0,0
POI-ID-20800090,2,2,2,0,0,2,2,0,0
POI-ID-8103f184,2,2,2,0,0,2,2,0,0
POI-ID-e75b2652,4,4,2,2,0,3,3,0,0
POI-ID-b0ecd54f,8,8,6,1,1,6,6,0,0
POI-ID-f4ce19d3,1,1,1,0,0,1,1,0,0
POI-ID-947a22dd,1,1,1,0,0,1,1,0,0
POI-ID-541384d6,1,1,1,0,0,1,1,0,0
POI-ID-5466dce9,13,13,10,2,1,8,8,0,0
POI-ID-cd98e2d3,4,4,3,1,0,4,4,0,0
POI-ID-9932e42a,3,3,1,1,1,1,1,0,0
POI-ID-359f6356,1,1,1,0,0,1,1,0,0
POI-ID-445163df,1,1,1,0,0,1,1,0,0
POI-ID-b5e56cc8,3,3,1,1,1,1,1,0,0
POI-ID-78f31a9f,3,3,3,0,0,3,3,0,0
POI-ID-37c8628c,1,1,1,0,0,1,1,0,0
POI-ID-f0a3255d,2,2,1,1,0,1,1,0,0
POI-ID-027531bf,1,1,1,0,0,1,1,0,0
POI-ID-a04df73b,2,2,1,1,0,1,1,0,0
POI-ID-c9b315ce,1,1,1,0,0,1,1,0,0
POI-ID-0a9d8c87,2,2,2,0,0,2,2,0,0
POI-ID-b3ca332e,1,1,1,0,0,1,1,0,0
POI-ID-2971648a,6,6,5,1,0,5,5,0,0
POI-ID-890dcb1b,1,1,1,0,0,1,1,0,0
POI-ID-5919c6f3,8,8,4,2,2,3,3,0,0
POI-ID-4dbb9c95,4,4,2,1,1,2,2,0,0
POI-ID-c7681883,4,4,3,1,0,3,3,0,0
POI-ID-5c3a7147,2,2,2,0,0,2,2,0,0
POI-ID-bf1c544b,4,4,4,0,0,4,4,0,0
POI-ID-3d5e3cb6,1,1,1,0,0,1,1,0,0
POI-ID-c5ec8508,1,1,1,0,0,1,1,0,0
POI-ID-c92d8f39,5,5,3,2,0,3,3,0,0
POI-ID-a2b8abe6,4,4,4,0,0,4,4,0,0
POI-ID-3c57edf6,2,2,1,1,0,1,1,0,0
POI-ID-1e9aeb5f,4,4,2,1,1,1,1,0,0
POI-ID-af9dae6a,2,2,2,0,0,2,2,0,0
POI-ID-20c263dd,1,1,1,0,0,1,1,0,0
POI-ID-1d2dc3c2,1,1,1,0,0,1,1,0,0
POI-ID-0d0051d8,1,1,1,0,0,1,1,0,0
POI-ID-7e2bb608,2,2,2,0,0,2,2,0,0
POI-ID-58a1cdf7,1,1,1,0,0,1,1,0,0
POI-ID-a349e7ca,6,6,4,1,1,4,4,0,0
POI-ID-e8e10904,1,1,1,0,0,1,1,0,0
POI-ID-6e5c410d,6,6,4,1,1,2,2,0,0
POI-ID-bac0c934,14,14,8,4,2,5,5,0,0
POI-ID-35c09e50,4,4,4,0,0,4,4,0,0
POI-ID-a6be0a81,1,1,1,0,0,1,1,0,0
POI-ID-a2fcd30b,1,1,1,0,0,1,1,0,0
POI-ID-0f658703,2,2,2,0,0,2,2,0,0
POI-ID-e65c9bd1,6,6,4,1,1,3,3,0,0
POI-ID-ebea31d0,3,3,2,1,0,2,2,0,0
POI-ID-817a8bee,3,3,3,0,0,3,3,0,0
POI-ID-905d3bc1,3,3,3,0,0,3,3,0,0
POI-ID-a92ad0af,42,42,26,12,4,6,6,0,0
POI-ID-cf36dd71,4,4,2,1,1,1,1,0,0
POI-ID-44f21a45,6,6,4,2,0,4,4,0,0
POI-ID-904fb41d,5,5,4,1,0,4,4,0,0
POI-ID-dd766fae,3,3,3,0,0,3,3,0,0
POI-ID-7d76bfbc,2,2,1,1,0,1,1,0,0
POI-ID-7a51ae00,2,2,1,1,0,1,1,0,0
POI-ID-f1ba783d,1,1,1,0,0,1,1,0,0
POI-ID-bc97e39c,2,2,2,0,0,2,2,0,0
POI-ID-5c03150e,7,7,5,1,1,3,3,0,0
POI-ID-3415181f,1,1,1,0,0,1,1,0,0
POI-ID-2dd7bbf7,7,7,4,1,2,2,2,0,0
POI-ID-64a6f56e,2,2,2,0,0,2,2,0,0
POI-ID-2d79f611,1,1,1,0,0,1,1,0,0
POI-ID-37f5fa2d,1,1,1,0,0,1,1,0,0
POI-ID-9f0b0281,4,4,4,0,0,4,4,0,0
POI-ID-19b291f1,1,1,1,0,0,1,1,0,0
POI-ID-441839be,5,5,5,0,0,5,5,0,0
POI-ID-6aaa23bc,1,1,1,0,0,1,1,0,0
POI-ID-b7d1e2f7,1,1,1,0,0,1,1,0,0
POI-ID-ae43b77a,1,1,1,0,0,1,1,0,0
POI-ID-0f1af9d9,1,1,1,0,0,1,1,0,0
POI-ID-b4e86017,1,1,1,0,0,1,1,0,0
POI-ID-70e1df91,1,1,1,0,0,1,1,0,0
POI-ID-19d5caa9,5,5,5,0,0,5,5,0,0
POI-ID-abcadeee,14,14,7,4,3,4,4,0,0
POI-ID-7e47bc56,1,1,1,0,0,1,1,0,0
POI-ID-47788032,1,1,1,0,0,1,1,0,0
POI-ID-67571ed8,13,13,8,3,2,4,4,0,0
POI-ID-a85601ed,2,2,2,0,0,2,2,0,0
POI-ID-6756cd92,5,5,3,1,1,4,4,0,0
POI-ID-d02281c0,1,1,1,0,0,1,1,0,0
POI-ID-8914fabc,2,2,2,0,0,2,2,0,0
POI-ID-a092e3d9,2,2,2,0,0,2,2,0,0
POI-ID-d85f8c5d,26,26,16,7,3,2,2,0,0
POI-ID-a7a45816,1,1,1,0,0,1,1,0,0
POI-ID-928dc229,6,6,5,1,0,5,5,0,0
POI-ID-dab0f97c,6,6,6,0,0,6,6,0,0
POI-ID-57b31748,1,1,1,0,0,1,1,0,0
POI-ID-df116afe,1,1,1,0,0,1,1,0,0
POI-ID-2c737f58,8,8,6,1,1,4,4,0,0
POI-ID-0ad8798b,3,3,1,1,1,1,1,0,0
POI-ID-e3949a9e,3,3,2,1,0,2,2,0,0
POI-ID-c299e181,13,13,10,2,1,8,8,0,0
POI-ID-3e8311d5,2,2,2,0,0,2,2,0,0
POI-ID-ab0a4452,6,6,5,1,0,5,5,0,0
POI-ID-c86d72a4,3,3,3,0,0,3,3,0,0
POI-ID-26f566fe,3,3,3,0,0,3,3,0,0
POI-ID-edf84869,10,10,9,1,0,9,9,0,0
POI-ID-ea2d4d43,1,1,1,0,0,1,1,0,0
POI-ID-028e4098,3,3,3,0,0,3,3,0,0
POI-ID-49233f90,1,1,1,0,0,1,1,0,0
POI-ID-a0b297bc,9,9,8,1,0,8,8,0,0
POI-ID-3d0bc253,4,4,4,0,0,4,4,0,0
POI-ID-7e279d4f,1,1,1,0,0,1,1,0,0
POI-ID-289f65aa,7,7,7,0,0,7,7,0,0
POI-ID-0263ad26,4,4,3,1,0,3,3,0,0
POI-ID-b5be3257,4,4,4,0,0,4,4,0,0
POI-ID-1932f534,1,1,0,1,0,1,1,0,0
POI-ID-dca5eff0,1,1,1,0,0,1,1,0,0
POI-ID-8a51648f,1,1,1,0,0,1,1,0,0
POI-ID-fa6cb216,2,2,1,1,0,1,1,0,0
POI-ID-fdb535d3,2,2,1,1,0,1,1,0,0
POI-ID-35c51483,6,6,6,0,0,6,6,0,0
POI-ID-74143143,1,1,1,0,0,1,1,0,0
POI-ID-edc04bd3,8,8,6,2,0,6,6,0,0
POI-ID-e821027d,1,1,1,0,0,1,1,0,0
POI-ID-39d179ae,7,7,7,0,0,7,7,0,0
POI-ID-cfd32f0f,5,5,5,0,0,5,5,0,0
POI-ID-0704ec84,2,2,1,0,1,1,1,0,0
POI-ID-2ee0fe32,6,6,5,1,0,5,5,0,0
POI-ID-112d9f7d,17,17,10,5,2,1,1,0,0
POI-ID-908e969f,1,1,1,0,0,1,1,0,0
POI-ID-bc06e414,2,2,1,1,0,1,1,0,0
POI-ID-d70dd7c8,1,1,1,0,0,1,1,0,0
POI-ID-58167443,2,2,2,0,0,2,2,0,0
POI-ID-89e9eac5,2,2,1,1,0,1,1,0,0
POI-ID-e0d51c5e,6,6,6,0,0,6,6,0,0
POI-ID-3b9d1eac,8,8,7,0,1,8,8,0,0
POI-ID-9b2106ab,2,2,2,0,0,2,2,0,0
POI-ID-19e7fc4e,2,2,2,0,0,2,2,0,0
POI-ID-2ee77df0,1,1,1,0,0,1,1,0,0
POI-ID-a50bac02,2,2,2,0,0,2,2,0,0
POI-ID-24280203,2,2,2,0,0,2,2,0,0
POI-ID-b320e7b8,2,2,2,0,0,2,2,0,0
POI-ID-f4927768,5,5,3,1,1,3,3,0,0
POI-ID-689e91e4,6,6,5,1,0,5,5,0,0
POI-ID-6dff5479,1,1,1,0,0,1,1,0,0
POI-ID-3160cada,1,1,1,0,0,1,1,0,0
POI-ID-d01211b6,2,2,1,1,0,1,1,0,0
POI-ID-5d911844,2,2,2,0,0,2,2,0,0
POI-ID-51fd62bf,3,3,3,0,0,3,3,0,0
POI-ID-dca9d7c6,1,1,1,0,0,1,1,0,0
POI-ID-8c95f6e4,1,1,1,0,0,1,1,0,0
POI-ID-36c0dcd8,1,1,1,0,0,1,1,0,0
POI-ID-69a5a6de,1,1,1,0,0,1,1,0,0
POI-ID-54260258,3,3,1,1,1,1,1,0,0
POI-ID-669277df,1,1,1,0,0,1,1,0,0
POI-ID-14380913,1,1,1,0,0,1,1,0,0
POI-ID-d97d3dd6,1,1,1,0,0,1,1,0,0
POI-ID-1d4273da,1,1,1,0,0,1,1,0,0
POI-ID-a6f6d6af,2,2,2,0,0,2,2,0,0
POI-ID-60d41a93,1,1,1,0,0,1,1,0,0
POI-ID-880dda69,1,1,1,0,0,1,1,0,0
POI-ID-8ccf4878,1,1,1,0,0,1,1,0,0
POI-ID-782eea18,3,3,3,0,0,3,3,0,0
POI-ID-f7de59d3,1,1,1,0,0,1,1,0,0
POI-ID-7d3d07c2,6,6,4,1,1,3,3,0,0
POI-ID-2eb3e8c1,1,1,1,0,0,1,1,0,0
POI-ID-385edd5c,1,1,1,0,0,1,1,0,0
POI-ID-d59d883d,3,3,3,0,0,3,3,0,0
POI-ID-44f66fb1,2,2,1,1,0,1,1,0,0
POI-ID-b6c0b57e,3,3,3,0,0,3,3,0,0
POI-ID-2ef9128f,2,2,1,1,0,1,1,0,0
POI-ID-38bf8bb5,2,2,1,1,0,1,1,0,0
POI-ID-00b5b3bd,1,1,1,0,0,1,1,0,0
POI-ID-e7b81e44,1,1,1,0,0,1,1,0,0
POI-ID-93a07824,1,1,1,0,0,1,1,0,0
POI-ID-f440ca2a,6,6,3,2,1,3,3,0,0
POI-ID-94d4768d,1,1,1,0,0,1,1,0,0
POI-ID-35850ed9,3,3,3,0,0,3,3,0,0
POI-ID-a3245bf4,2,2,2,0,0,2,2,0,0
POI-ID-3c0e5c98,1,1,1,0,0,1,1,0,0
POI-ID-efef6d73,10,10,5,2,3,2,2,0,0
POI-ID-5996df19,2,2,2,0,0,2,2,0,0
POI-ID-d976d66b,4,4,4,0,0,4,4,0,0
POI-ID-6cad47b7,1,1,1,0,0,1,1,0,0
POI-ID-b458c235,7,7,4,2,1,4,4,0,0
POI-ID-ea6c7382,1,1,1,0,0,1,1,0,0
POI-ID-9528544b,1,1,1,0,0,1,1,0,0
POI-ID-7ad9ffd7,1,1,1,0,0,1,1,0,0
POI-ID-1b3c8cbf,2,2,1,1,0,1,1,0,0
POI-ID-f15dacc2,1,1,1,0,0,1,1,0,0
POI-ID-c2f6ab8f,1,1,1,0,0,1,1,0,0
POI-ID-84e60c43,2,2,2,0,0,2,2,0,0
POI-ID-254dd18e,2,2,2,0,0,2,2,0,0
POI-ID-c7ebfe4e,7,7,6,1,0,6,6,0,0
POI-ID-002089ab,2,2,1,1,0,1,1,0,0
POI-ID-9c60eb8c,2,2,2,0,0,2,2,0,0
POI-ID-0f6f703e,2,2,1,0,1,1,1,0,0
POI-ID-cd7e7744,1,1,1,0,0,1,1,0,0
POI-ID-502ecaa6,1,1,1,0,0,1,1,0,0
POI-ID-ed32456c,3,3,2,1,0,2,2,0,0
POI-ID-b378ea52,9,9,7,1,1,7,7,0,0
POI-ID-a0f2c825,11,11,7,2,2,3,3,0,0
POI-ID-f86d4951,2,2,2,0,0,2,2,0,0
POI-ID-996e0684,2,2,2,0,0,2,2,0,0
POI-ID-28edd97a,9,9,7,2,0,8,8,0,0
POI-ID-6c36c401,2,2,2,0,0,2,2,0,0
POI-ID-39bfaa0c,1,1,1,0,0,1,1,0,0
POI-ID-fe5635e2,1,1,1,0,0,1,1,0,0
POI-ID-78c8d646,1,1,1,0,0,1,1,0,0
POI-ID-5964382e,1,1,1,0,0,1,1,0,0
POI-ID-e1df7979,1,1,1,0,0,1,1,0,0
POI-ID-3da86ccc,1,1,1,0,0,1,1,0,0
POI-ID-4d1c4faa,3,3,3,0,0,3,3,0,0
POI-ID-01779d63,1,1,1,0,0,1,1,0,0
POI-ID-a4561ef7,1,1,1,0,0,1,1,0,0
POI-ID-22a3377f,6,5,5,0,0,6,5,-1,-1
POI-ID-e4edca8c,3,3,2,1,0,2,2,0,0
POI-ID-c1cbf336,6,6,4,1,1,2,2,0,0
POI-ID-a8663f0c,1,1,1,0,0,1,1,0,0
POI-ID-7259e7e2,2,2,2,0,0,2,2,0,0
POI-ID-2b5da9e7,9,9,7,1,1,8,8,0,0
POI-ID-cd4fefb8,1,1,1,0,0,1,1,0,0
POI-ID-1e3d4076,1,1,1,0,0,1,1,0,0
POI-ID-f8f4cf53,1,1,1,0,0,1,1,0,0
POI-ID-181714ea,2,2,2,0,0,2,2,0,0
POI-ID-14f8f2b1,2,2,2,0,0,2,2,0,0
POI-ID-8bdc4d19,2,2,2,0,0,2,2,0,0
POI-ID-975d44bf,2,2,2,0,0,2,2,0,0
POI-ID-51b48e98,3,3,2,1,0,2,2,0,0
POI-ID-b5eea69e,1,1,1,0,0,1,1,0,0
POI-ID-f0ae0502,2,2,2,0,0,2,2,0,0
POI-ID-c96039fc,2,2,2,0,0,2,2,0,0
POI-ID-b47b2e57,2,2,2,0,0,2,2,0,0
POI-ID-6f18ccce,9,9,7,2,0,7,7,0,0
POI-ID-c699237e,1,1,1,0,0,1,1,0,0
POI-ID-c9db10b6,1,1,1,0,0,1,1,0,0
POI-ID-4ea29ee2,7,7,6,1,0,6,6,0,0
POI-ID-03220cdd,1,1,1,0,0,1,1,0,0
POI-ID-a070c637,3,3,3,0,0,3,3,0,0
POI-ID-46ac6b6c,8,8,6,1,1,5,5,0,0
POI-ID-bb45bccb,7,7,7,0,0,7,7,0,0
POI-ID-a6aaf8fc,2,2,2,0,0,2,2,0,0
POI-ID-f415fce6,1,1,1,0,0,1,1,0,0
POI-ID-d55aaaeb,20,20,12,5,3,4,4,0,0
POI-ID-97d5ce01,1,1,1,0,0,1,1,0,0
POI-ID-3100e26c,1,1,1,0,0,1,1,0,0
POI-ID-2a525f88,2,2,2,0,0,2,2,0,0
POI-ID-c48c31fe,1,1,1,0,0,1,1,0,0
POI-ID-dfbe812f,1,1,1,0,0,1,1,0,0
POI-ID-f988ea70,1,1,1,0,0,1,1,0,0
POI-ID-1818fc3f,1,1,1,0,0,1,1,0,0
POI-ID-6703d483,2,2,2,0,0,2,2,0,0
POI-ID-a2386d41,1,1,1,0,0,1,1,0,0
POI-ID-c23e868d,7,7,5,1,1,5,5,0,0
POI-ID-aee34133,2,2,2,0,0,2,2,0,0
POI-ID-ba9e7f21,4,4,4,0,0,4,4,0,0
POI-ID-59af7c4d,1,1,1,0,0,1,1,0,0
POI-ID-1e8bc225,2,2,2,0,0,2,2,0,0
POI-ID-377f9886,7,7,4,2,1,1,1,0,0
POI-ID-f9034422,6,6,5,1,0,5,5,0,0
POI-ID-3326b859,2,2,2,0,0,2,2,0,0
POI-ID-11501c7a,8,8,8,0,0,8,8,0,0
POI-ID-25c4bcfc,1,1,1,0,0,1,1,0,0
POI-ID-8785ca61,1,1,1,0,0,1,1,0,0
POI-ID-ca8d0442,2,2,2,0,0,2,2,0,0
POI-ID-a7bb60f5,1,1,1,0,0,1,1,0,0
POI-ID-be7a61f3,1,1,1,0,0,1,1,0,0
POI-ID-e782319d,1,1,1,0,0,1,1,0,0
POI-ID-5c805881,1,1,1,0,0,1,1,0,0
POI-ID-e5251240,1,1,1,0,0,1,1,0,0
POI-ID-43ad8bca,1,1,1,0,0,1,1,0,0
POI-ID-4dfdd479,4,4,3,1,0,3,3,0,0
POI-ID-b8f13a33,4,4,4,0,0,4,4,0,0
POI-ID-91213c5b,9,9,8,1,0,8,8,0,0
POI-ID-0a3cbce6,4,4,3,1,0,3,3,0,0
POI-ID-072d1c74,2,2,2,0,0,2,2,0,0
POI-ID-95b6a0c5,1,1,1,0,0,1,1,0,0
POI-ID-d8679351,12,12,9,3,0,9,9,0,0
POI-ID-d0cbbac2,1,1,1,0,0,1,1,0,0
POI-ID-a64adda2,5,5,5,0,0,5,5,0,0
POI-ID-684db40d,5,5,4,1,0,4,4,0,0
POI-ID-391f0ab7,3,3,1,1,1,1,1,0,0
POI-ID-1658bca2,1,1,1,0,0,1,1,0,0
POI-ID-92780525,2,2,2,0,0,2,2,0,0
POI-ID-4e2db357,1,1,1,0,0,1,1,0,0
POI-ID-b67bf1ae,2,2,2,0,0,2,2,0,0
POI-ID-41389b33,1,1,1,0,0,1,1,0,0
POI-ID-da484914,1,1,1,0,0,1,1,0,0
POI-ID-95448d1b,4,4,4,0,0,4,4,0,0
POI-ID-fd519f9b,2,2,2,0,0,2,2,0,0
POI-ID-fd61cbf5,2,2,2,0,0,2,2,0,0
POI-ID-2f67bbe6,1,1,1,0,0,1,1,0,0
POI-ID-f81d6d88,1,1,1,0,0,1,1,0,0
POI-ID-a2f2206d,2,2,2,0,0,2,2,0,0
POI-ID-6f0621fa,4,4,2,1,1,2,2,0,0
POI-ID-baa0ae8e,3,3,3,0,0,3,3,0,0
POI-ID-d48d3cf7,10,10,6,2,2,3,3,0,0
POI-ID-ea7e9a9b,15,15,11,2,2,11,11,0,0
POI-ID-7d0200d0,1,1,1,0,0,1,1,0,0
POI-ID-ea1da22f,5,5,4,1,0,4,4,0,0
POI-ID-f1f55d56,4,4,3,1,0,3,3,0,0
POI-ID-f0b2bc39,5,5,5,0,0,5,5,0,0
POI-ID-fcc37cf9,1,1,1,0,0,1,1,0,0
POI-ID-9af4ea4b,3,3,3,0,0,3,3,0,0
POI-ID-20ba440e,5,5,4,1,0,4,4,0,0
POI-ID-daa3a05f,4,4,4,0,0,4,4,0,0
POI-ID-c69b1834,7,7,6,1,0,6,6,0,0
POI-ID-7bdd88b6,7,7,4,1,2,2,2,0,0
POI-ID-a612e3fa,2,2,2,0,0,2,2,0,0
POI-ID-a8c6be0b,1,1,1,0,0,1,1,0,0
POI-ID-ffce6c68,1,1,1,0,0,1,1,0,0
POI-ID-2e7bfdae,4,4,2,1,1,2,2,0,0
POI-ID-6c3a0967,3,3,2,1,0,2,2,0,0
POI-ID-26577697,4,4,4,0,0,4,4,0,0
POI-ID-127bd4e6,1,1,1,0,0,1,1,0,0
POI-ID-4949ec69,1,1,1,0,0,1,1,0,0
POI-ID-a7560157,5,5,4,1,0,4,4,0,0
POI-ID-aac43ccd,6,6,6,0,0,6,6,0,0
POI-ID-a3937100,1,1,1,0,0,1,1,0,0
POI-ID-90e0fa3d,1,1,1,0,0,1,1,0,0
POI-ID-d67ba857,2,2,2,0,0,2,2,0,0
POI-ID-1dc72b5d,1,1,1,0,0,1,1,0,0
POI-ID-0b09aea1,2,2,1,1,0,1,1,0,0
POI-ID-4a78238b,1,1,1,0,0,1,1,0,0
POI-ID-66df226a,6,6,4,1,1,4,4,0,0
POI-ID-296cc966,6,6,6,0,0,6,6,0,0
POI-ID-1de5f409,1,1,1,0,0,1,1,0,0
POI-ID-418dc23c,5,5,3,1,1,1,1,0,0
POI-ID-706d40af,1,1,1,0,0,1,1,0,0
POI-ID-e4c14db8,1,1,1,0,0,1,1,0,0
POI-ID-f98b182d,6,6,4,1,1,4,4,0,0
POI-ID-a0173fb5,4,4,4,0,0,4,4,0,0
POI-ID-c5ace1b9,1,1,1,0,0,1,1,0,0
POI-ID-3b26b4b6,1,1,1,0,0,1,1,0,0
POI-ID-35381224,1,1,1,0,0,1,1,0,0
POI-ID-f2103631,1,1,1,0,0,1,1,0,0
POI-ID-4d624b6e,1,1,1,0,0,1,1,0,0
POI-ID-17b424fc,4,4,3,1,0,3,3,0,0
POI-ID-9dfab5e9,1,1,1,0,0,1,1,0,0
POI-ID-6d362fd4,2,2,2,0,0,2,2,0,0
POI-ID-4a296d23,3,3,3,0,0,3,3,0,0
POI-ID-6181bdf1,1,1,1,0,0,1,1,0,0
POI-ID-da5d4776,1,1,1,0,0,1,1,0,0
POI-ID-10adca44,1,1,1,0,0,1,1,0,0
POI-ID-6e49229d,4,4,4,0,0,4,4,0,0
POI-ID-3e7a0857,26,26,15,7,4,1,1,0,0
POI-ID-131d3678,6,6,3,1,2,1,1,0,0
POI-ID-b12f898c,4,4,2,1,1,1,1,0,0
POI-ID-b54334aa,1,1,1,0,0,1,1,0,0
POI-ID-3f90c2cf,2,2,2,0,0,2,2,0,0
POI-ID-6787107d,1,1,1,0,0,1,1,0,0
POI-ID-92d49495,1,1,1,0,0,1,1,0,0
POI-ID-a34ee857,2,2,2,0,0,2,2,0,0
POI-ID-de177c51,1,1,1,0,0,1,1,0,0
POI-ID-09bb4bc2,2,2,2,0,0,2,2,0,0
POI-ID-1fddabf2,3,3,2,1,0,2,2,0,0
POI-ID-c0b06c56,6,6,4,2,0,4,4,0,0
POI-ID-fe39ac05,1,1,1,0,0,1,1,0,0
POI-ID-16f4c10d,1,1,1,0,0,1,1,0,0
POI-ID-15ca0afd,53,53,31,15,7,2,2,0,0
POI-ID-3ab0ab1d,6,6,4,1,1,2,2,0,0
POI-ID-7c234f16,2,2,1,1,0,1,1,0,0
POI-ID-e3d79a65,6,6,3,3,0,4,4,0,0
POI-ID-df2f06a6,1,1,1,0,0,1,1,0,0
POI-ID-ceb5b8d4,3,3,2,1,0,2,2,0,0
POI-ID-ce2d0740,3,3,3,0,0,3,3,0,0
POI-ID-4c0a2b2e,2,2,2,0,0,2,2,0,0
POI-ID-d2c07c17,2,2,1,1,0,1,1,0,0
POI-ID-3dec2819,2,2,1,1,0,1,1,0,0
POI-ID-ee24280b,3,3,2,1,0,2,2,0,0
POI-ID-132489dc,2,2,1,1,0,1,1,0,0
POI-ID-bc9a171a,1,1,1,0,0,1,1,0,0
POI-ID-56dae28a,1,1,1,0,0,1,1,0,0
POI-ID-133f87b0,1,1,1,0,0,1,1,0,0
POI-ID-d7b63a72,3,3,3,0,0,3,3,0,0
POI-ID-9c9797ae,3,3,2,1,0,2,2,0,0
POI-ID-291532fd,1,1,1,0,0,1,1,0,0
POI-ID-7ab40cd6,1,1,1,0,0,1,1,0,0
POI-ID-206774c5,5,5,5,0,0,5,5,0,0
POI-ID-af33b6bf,24,24,15,4,5,8,8,0,0
POI-ID-35eae34b,2,2,2,0,0,2,2,0,0
POI-ID-6cf795d3,2,2,2,0,0,2,2,0,0
POI-ID-0f11b4ee,3,3,1,1,1,1,1,0,0
POI-ID-8d10ff9f,3,3,3,0,0,3,3,0,0
POI-ID-4a338fa6,3,3,3,0,0,3,3,0,0
POI-ID-660302c6,1,1,1,0,0,1,1,0,0
POI-ID-57a19d45,1,1,1,0,0,1,1,0,0
POI-ID-112c6ce7,2,2,2,0,0,2,2,0,0
POI-ID-73991e63,2,2,2,0,0,2,2,0,0
POI-ID-61c9b5e6,4,4,4,0,0,4,4,0,0
POI-ID-92015a0f,1,1,1,0,0,1,1,0,0
POI-ID-c0aae618,1,1,1,0,0,1,1,0,0
POI-ID-c6cb3bf1,3,3,2,0,1,3,3,0,0
POI-ID-f13971ae,1,1,1,0,0,1,1,0,0
POI-ID-29221116,2,2,2,0,0,2,2,0,0
POI-ID-a43e3c21,4,4,2,2,0,3,3,0,0
POI-ID-14c83379,1,1,1,0,0,1,1,0,0
POI-ID-c6d50316,1,1,1,0,0,1,1,0,0
POI-ID-55cebc9e,4,4,1,2,1,2,2,0,0
POI-ID-71635fc7,10,10,8,2,0,8,8,0,0
POI-ID-9ccc6c08,2,2,2,0,0,2,2,0,0
POI-ID-2551c502,5,5,5,0,0,5,5,0,0
POI-ID-66def488,1,1,1,0,0,1,1,0,0
POI-ID-41abad57,1,1,1,0,0,1,1,0,0
POI-ID-749d301d,4,4,2,1,1,2,2,0,0
POI-ID-446a912b,5,5,3,2,0,3,3,0,0
POI-ID-5767d1b7,1,1,1,0,0,1,1,0,0
POI-ID-40329813,1,1,1,0,0,1,1,0,0
POI-ID-ea7441de,8,8,8,0,0,8,8,0,0
POI-ID-f9cd8541,2,2,2,0,0,2,2,0,0
POI-ID-fa1801c6,1,1,1,0,0,1,1,0,0
POI-ID-60a6c4e4,2,2,2,0,0,2,2,0,0
POI-ID-f1e93113,1,1,1,0,0,1,1,0,0
POI-ID-3dd8c876,1,1,1,0,0,1,1,0,0
POI-ID-4e45d34a,1,1,1,0,0,1,1,0,0
POI-ID-1bc4dad5,3,3,3,0,0,3,3,0,0
POI-ID-8108493d,3,3,3,0,0,3,3,0,0
POI-ID-b0f63db4,1,1,1,0,0,1,1,0,0
POI-ID-8e6b67be,4,4,2,1,1,2,2,0,0
POI-ID-e8707872,1,1,1,0,0,1,1,0,0
POI-ID-ef3bc440,1,1,1,0,0,1,1,0,0
POI-ID-5fdd8b48,2,2,2,0,0,2,2,0,0
POI-ID-928fa9a6,9,9,6,1,2,4,4,0,0
POI-ID-4db9474e,5,5,4,1,0,4,4,0,0
POI-ID-8d77f8d4,2,2,1,1,0,1,1,0,0
POI-ID-e1f71034,2,2,2,0,0,2,2,0,0
POI-ID-b83f69da,11,11,6,3,2,6,6,0,0
POI-ID-945969c8,13,13,10,1,2,8,8,0,0
POI-ID-1e38a4b3,1,1,1,0,0,1,1,0,0
POI-ID-0b60e10f,8,8,6,1,1,7,7,0,0
POI-ID-605b3406,1,1,1,0,0,1,1,0,0
POI-ID-ac22e3a8,2,2,2,0,0,2,2,0,0
POI-ID-9a41843b,2,2,2,0,0,2,2,0,0
POI-ID-2edbba56,2,2,2,0,0,2,2,0,0
POI-ID-71a7ebdf,2,2,2,0,0,2,2,0,0
POI-ID-a80d59ed,2,2,2,0,0,2,2,0,0
POI-ID-5cb8aec8,1,1,1,0,0,1,1,0,0
POI-ID-92ddf7eb,2,2,1,1,0,1,1,0,0
POI-ID-1b34305a,3,3,3,0,0,3,3,0,0
POI-ID-9833198a,1,1,1,0,0,1,1,0,0
POI-ID-8475ec79,2,2,2,0,0,2,2,0,0
POI-ID-52eb5fad,2,2,1,1,0,1,1,0,0
POI-ID-b75d40d3,3,3,3,0,0,3,3,0,0
POI-ID-a8478c9f,1,1,1,0,0,1,1,0,0
POI-ID-b6be5955,1,1,1,0,0,1,1,0,0
POI-ID-eca46329,3,3,1,1,1,1,1,0,0
POI-ID-157a88ee,6,6,4,2,0,4,4,0,0
POI-ID-6a7514a7,2,2,2,0,0,2,2,0,0
POI-ID-00670e70,3,3,2,0,1,3,3,0,0
POI-ID-04f4c123,11,11,6,3,2,1,1,0,0
POI-ID-f8c46432,1,1,1,0,0,1,1,0,0
POI-ID-ac4934f5,11,11,8,2,1,6,6,0,0
POI-ID-2088fbc2,1,1,1,0,0,1,1,0,0
POI-ID-bb46ef24,1,1,1,0,0,1,1,0,0
POI-ID-a7d697e6,7,7,6,1,0,6,6,0,0
POI-ID-acc6629e,4,4,4,0,0,4,4,0,0
POI-ID-83ce2cfe,2,2,1,1,0,1,1,0,0
POI-ID-3c33b0c0,1,1,1,0,0,1,1,0,0
POI-ID-89e1cdfe,7,7,4,1,2,5,5,0,0
POI-ID-1bf30370,10,10,6,3,1,1,1,0,0
POI-ID-14cb9a4a,1,1,1,0,0,1,1,0,0
POI-ID-c4d126dc,3,3,3,0,0,3,3,0,0
POI-ID-a2b0ae07,1,1,1,0,0,1,1,0,0
POI-ID-7dd742b3,1,1,1,0,0,1,1,0,0
POI-ID-739714c4,1,1,1,0,0,1,1,0,0
POI-ID-27da20a9,18,18,16,2,0,16,16,0,0
POI-ID-04bc926b,3,3,3,0,0,3,3,0,0
POI-ID-d5588bb9,3,3,2,1,0,2,2,0,0
POI-ID-06193357,6,6,6,0,0,6,6,0,0
POI-ID-2aeabf75,1,1,1,0,0,1,1,0,0
POI-ID-e84939d2,1,1,1,0,0,1,1,0,0
POI-ID-2bea481d,1,1,1,0,0,1,1,0,0
POI-ID-ed121e85,1,1,1,0,0,1,1,0,0
POI-ID-c2441daf,1,1,1,0,0,1,1,0,0
POI-ID-0364942f,1,1,1,0,0,1,1,0,0
POI-ID-96557f80,1,1,1,0,0,1,1,0,0
POI-ID-c601939c,1,1,1,0,0,1,1,0,0
POI-ID-79671c6d,1,1,1,0,0,1,1,0,0
POI-ID-edcfbdcd,1,1,1,0,0,1,1,0,0
POI-ID-e901d0eb,3,3,2,1,0,2,2,0,0
POI-ID-8888b926,1,1,1,0,0,1,1,0,0
POI-ID-cbec2bcc,5,5,3,1,1,3,3,0,0
POI-ID-39bfbf9d,1,1,1,0,0,1,1,0,0
POI-ID-c42aebd4,2,2,1,1,0,1,1,0,0
POI-ID-31466ba2,2,2,1,1,0,1,1,0,0
POI-ID-8aaf7d24,1,1,1,0,0,1,1,0,0
POI-ID-3126ede9,1,1,1,0,0,1,1,0,0
POI-ID-8a94c447,1,1,1,0,0,1,1,0,0
POI-ID-571f858e,1,1,1,0,0,1,1,0,0
POI-ID-87e3aca2,2,2,1,1,0,1,1,0,0
POI-ID-9776ea1e,2,2,2,0,0,2,2,0,0
POI-ID-7c8cccfb,1,1,1,0,0,1,1,0,0
POI-ID-84daf291,1,1,1,0,0,1,1,0,0
POI-ID-287c6502,6,6,4,1,1,3,3,0,0
POI-ID-4e3b7041,26,26,16,7,3,2,2,0,0
POI-ID-3f7b78e7,10,10,6,3,1,1,1,0,0
POI-ID-637223ed,9,9,5,2,2,1,1,0,0
POI-ID-dc45178d,3,3,2,1,0,2,2,0,0
POI-ID-e2afa0d0,3,3,2,1,0,2,2,0,0
POI-ID-4bab23e7,1,1,1,0,0,1,1,0,0
POI-ID-0b5b297f,1,1,0,1,0,1,1,0,0
POI-ID-28441a07,1,1,0,0,1,1,1,0,0
POI-ID-8f9086da,35,35,21,10,4,2,2,0,0
POI-ID-8b33297d,1,1,1,0,0,1,1,0,0
POI-ID-1134bc03,3,3,1,1,1,1,1,0,0
POI-ID-27e94205,1,1,1,0,0,1,1,0,0
POI-ID-613988ce,1,1,1,0,0,1,1,0,0
POI-ID-160e2e30,1,1,1,0,0,1,1,0,0
POI-ID-666da2fb,2,2,1,1,0,1,1,0,0
POI-ID-6472dde5,8,8,4,2,2,2,2,0,0
POI-ID-b0206796,3,3,2,1,0,2,2,0,0
POI-ID-ef0a1a60,7,7,5,1,1,5,5,0,0
POI-ID-3acfda2d,1,1,1,0,0,1,1,0,0
POI-ID-d686e998,42,42,26,12,4,3,3,0,0
POI-ID-e060ce78,3,3,3,0,0,3,3,0,0
POI-ID-2a4718d1,1,1,1,0,0,1,1,0,0
POI-ID-f5818c70,2,2,1,1,0,1,1,0,0
POI-ID-1804df29,4,4,4,0,0,4,4,0,0
POI-ID-eda29a51,1,1,1,0,0,1,1,0,0
POI-ID-46ffa746,2,2,2,0,0,2,2,0,0
POI-ID-272f3a4c,17,17,11,5,1,6,6,0,0
POI-ID-6b37c4db,3,3,3,0,0,3,3,0,0
POI-ID-d521f44f,2,2,2,0,0,2,2,0,0
POI-ID-330f2d27,1,1,1,0,0,1,1,0,0
POI-ID-2f62f0d2,2,2,2,0,0,2,2,0,0
POI-ID-0e0fea19,3,3,3,0,0,3,3,0,0
POI-ID-6912e97f,2,2,1,1,0,1,1,0,0
POI-ID-aeb7a040,1,1,1,0,0,1,1,0,0
POI-ID-af9e6c92,1,1,1,0,0,1,1,0,0
POI-ID-bc7dac4b,1,1,1,0,0,1,1,0,0
POI-ID-4a627f7d,2,2,2,0,0,2,2,0,0
POI-ID-2f94aa62,2,2,2,0,0,2,2,0,0
POI-ID-13ace78d,3,3,3,0,0,3,3,0,0
POI-ID-48496cfd,6,6,5,1,0,5,5,0,0
POI-ID-95624bff,1,1,1,0,0,1,1,0,0
POI-ID-a9da5ba2,2,2,2,0,0,2,2,0,0
POI-ID-131d7a00,3,3,3,0,0,3,3,0,0
POI-ID-a936d352,1,1,1,0,0,1,1,0,0
POI-ID-09f14e91,2,2,2,0,0,2,2,0,0
POI-ID-9eaef600,1,1,1,0,0,1,1,0,0
POI-ID-ed92ca8a,1,1,1,0,0,1,1,0,0
POI-ID-54a69a98,3,3,3,0,0,3,3,0,0
POI-ID-7dbac2cd,1,1,1,0,0,1,1,0,0
POI-ID-69cf3540,3,3,3,0,0,3,3,0,0
POI-ID-ef1286d5,1,1,1,0,0,1,1,0,0
POI-ID-75ea6260,6,6,5,1,0,5,5,0,0
POI-ID-2fe8388a,1,1,1,0,0,1,1,0,0
POI-ID-602cbe5c,1,1,1,0,0,1,1,0,0
POI-ID-bb71f105,2,2,2,0,0,2,2,0,0
POI-ID-ac5ead4f,3,3,1,1,1,1,1,0,0
POI-ID-9b824042,1,1,1,0,0,1,1,0,0
POI-ID-1c4b9618,1,1,1,0,0,1,1,0,0
POI-ID-ce5e7ed8,5,5,5,0,0,5,5,0,0
POI-ID-b85ba38d,3,3,2,1,0,2,2,0,0
POI-ID-3fabd3ae,1,1,1,0,0,1,1,0,0
POI-ID-7b45546a,1,1,1,0,0,1,1,0,0
POI-ID-bf92ff53,1,1,1,0,0,1,1,0,0
POI-ID-457f81d5,2,2,1,0,1,1,1,0,0
POI-ID-4828c71f,1,1,1,0,0,1,1,0,0
POI-ID-1f408a37,1,1,1,0,0,1,1,0,0
POI-ID-eea9412a,2,2,1,1,0,1,1,0,0
POI-ID-6a772afa,2,2,1,1,0,1,1,0,0
POI-ID-81ec806b,1,1,1,0,0,1,1,0,0
POI-ID-73628f3f,1,1,1,0,0,1,1,0,0
POI-ID-8731f03c,1,1,1,0,0,1,1,0,0
POI-ID-8c18c4f3,1,1,1,0,0,1,1,0,0
POI-ID-2637e0f1,1,1,1,0,0,1,1,0,0
POI-ID-12949a3c,1,1,1,0,0,1,1,0,0
POI-ID-b402f3bd,1,1,1,0,0,1,1,0,0
POI-ID-1fe721fd,3,3,2,1,0,2,2,0,0
POI-ID-bb08dbf8,1,1,1,0,0,1,1,0,0
POI-ID-9bfded72,1,1,1,0,0,1,1,0,0
POI-ID-61782652,2,2,2,0,0,2,2,0,0
POI-ID-6e8d1c4c,3,3,3,0,0,3,3,0,0
POI-ID-54ad121e,1,1,1,0,0,1,1,0,0
POI-ID-d35fd15e,3,3,3,0,0,3,3,0,0
POI-ID-b0530ad0,1,1,1,0,0,1,1,0,0
POI-ID-c016fa20,1,1,1,0,0,1,1,0,0
POI-ID-44ae8caa,1,1,1,0,0,1,1,0,0
POI-ID-bfe7d38a,4,4,4,0,0,4,4,0,0
POI-ID-c57c7da5,3,3,3,0,0,3,3,0,0
POI-ID-7f98eec2,1,1,1,0,0,1,1,0,0
POI-ID-c835039d,1,1,1,0,0,1,1,0,0
POI-ID-2a5042d3,2,2,2,0,0,2,2,0,0
POI-ID-93510394,1,1,0,1,0,1,1,0,0
POI-ID-4ca4e325,2,2,2,0,0,2,2,0,0
POI-ID-ea801540,6,6,4,1,1,3,3,0,0
POI-ID-9b661c37,1,1,1,0,0,1,1,0,0
POI-ID-9a3a5516,1,1,1,0,0,1,1,0,0
POI-ID-3c17faaf,1,1,1,0,0,1,1,0,0
POI-ID-1b5f2809,1,1,1,0,0,1,1,0,0
POI-ID-295b3561,3,3,3,0,0,3,3,0,0
POI-ID-7ed59dff,2,2,2,0,0,2,2,0,0
POI-ID-288ef4e9,1,1,1,0,0,1,1,0,0
POI-ID-1bfb9fcc,1,1,1,0,0,1,1,0,0
POI-ID-41be15b1,2,2,2,0,0,2,2,0,0
POI-ID-faf6c17b,3,3,3,0,0,3,3,0,0
POI-ID-fe28a6c7,1,1,1,0,0,1,1,0,0
POI-ID-675433f9,1,1,1,0,0,1,1,0,0
POI-ID-64d6af41,4,4,4,0,0,4,4,0,0
POI-ID-4979c9f5,2,2,2,0,0,2,2,0,0
POI-ID-25b46a44,1,1,1,0,0,1,1,0,0
POI-ID-41907b94,2,2,2,0,0,2,2,0,0
POI-ID-c989a142,2,2,1,1,0,2,2,0,0
POI-ID-06de1d89,10,10,9,1,0,9,9,0,0
POI-ID-389743a5,1,1,1,0,0,1,1,0,0
POI-ID-f514abc0,3,3,3,0,0,3,3,0,0
POI-ID-353f5c99,3,3,2,1,0,2,2,0,0
POI-ID-d5b58640,4,4,4,0,0,4,4,0,0
POI-ID-74b9c57e,5,5,5,0,0,5,5,0,0
POI-ID-5f4ff223,1,1,1,0,0,1,1,0,0
POI-ID-b8b3a87a,3,3,1,1,1,1,1,0,0
POI-ID-9ddd7ebd,1,1,1,0,0,1,1,0,0
POI-ID-0dfd6b9b,2,2,2,0,0,2,2,0,0
POI-ID-0449b752,7,7,5,1,1,4,4,0,0
POI-ID-edb072d0,12,12,8,3,1,5,5,0,0
POI-ID-fc093c74,1,1,1,0,0,1,1,0,0
POI-ID-ad8217d0,1,1,1,0,0,1,1,0,0
POI-ID-78d705df,1,1,1,0,0,1,1,0,0
POI-ID-d6c29968,4,4,2,1,1,2,2,0,0
POI-ID-5af4638c,1,1,1,0,0,1,1,0,0
POI-ID-01afeac5,1,1,1,0,0,1,1,0,0
POI-ID-24a3f7a8,2,2,2,0,0,2,2,0,0
POI-ID-e91280f0,1,1,1,0,0,1,1,0,0
POI-ID-e7bb2486,4,4,4,0,0,4,4,0,0
POI-ID-63e2870a,1,1,1,0,0,1,1,0,0
POI-ID-c82ad83c,1,1,1,0,0,1,1,0,0
POI-ID-f080754e,1,1,1,0,0,1,1,0,0
POI-ID-e9501c61,1,1,1,0,0,1,1,0,0
POI-ID-d35dd837,1,1,1,0,0,1,1,0,0
POI-ID-a1eec07b,2,2,2,0,0,2,2,0,0
POI-ID-426b5379,4,4,2,1,1,1,1,0,0
POI-ID-24695ca7,1,1,1,0,0,1,1,0,0
POI-ID-42cf62b5,11,11,9,1,1,8,8,0,0
POI-ID-2892c1c2,1,1,1,0,0,1,1,0,0
POI-ID-8a807972,1,1,1,0,0,1,1,0,0
POI-ID-639e8512,1,1,1,0,0,1,1,0,0
POI-ID-6ae7c4ec,8,8,8,0,0,8,8,0,0
POI-ID-cf71c923,2,2,2,0,0,2,2,0,0
POI-ID-58b13b3f,5,5,5,0,0,5,5,0,0
POI-ID-2cbe1e84,1,1,1,0,0,1,1,0,0
POI-ID-2e70bac4,1,1,1,0,0,1,1,0,0
POI-ID-aa168282,1,1,1,0,0,1,1,0,0
POI-ID-ebf0cb07,1,1,1,0,0,1,1,0,0
POI-ID-77d4a99d,1,1,1,0,0,1,1,0,0
POI-ID-ae42395c,1,1,1,0,0,1,1,0,0
POI-ID-1a84198a,2,2,2,0,0,2,2,0,0
POI-ID-842db282,1,1,1,0,0,1,1,0,0
POI-ID-3131be6f,2,2,2,0,0,2,2,0,0
POI-ID-1a77e222,2,2,2,0,0,2,2,0,0
POI-ID-b93d8110,1,1,1,0,0,1,1,0,0
POI-ID-c9c129fd,1,1,1,0,0,1,1,0,0
POI-ID-bfd9b1ea,1,1,1,0,0,1,1,0,0
POI-ID-694b87f1,2,2,2,0,0,2,2,0,0
POI-ID-93260509,2,2,2,0,0,2,2,0,0
POI-ID-2bcfd8e4,1,1,1,0,0,1,1,0,0
POI-ID-d04a1860,2,2,1,1,0,1,1,0,0
POI-ID-92918101,1,1,1,0,0,1,1,0,0
POI-ID-0b8db4ed,4,4,2,1,1,2,2,0,0
POI-ID-d9f27c22,1,1,1,0,0,1,1,0,0
POI-ID-431e3702,3,3,2,1,0,2,2,0,0
POI-ID-f4a4fac5,2,2,1,1,0,1,1,0,0
POI-ID-cba5b3b5,12,12,8,2,2,5,5,0,0
POI-ID-c683650f,8,8,5,2,1,4,4,0,0
POI-ID-14a40be9,2,2,2,0,0,2,2,0,0
POI-ID-dd655dfe,1,1,1,0,0,1,1,0,0
POI-ID-92eacdeb,1,1,1,0,0,1,1,0,0
POI-ID-625b454e,2,2,2,0,0,2,2,0,0
POI-ID-09d519a3,6,6,4,1,1,4,4,0,0
POI-ID-9a18e5e2,1,1,1,0,0,1,1,0,0
POI-ID-a1c11968,1,1,1,0,0,1,1,0,0
POI-ID-ed139ae3,6,6,4,2,0,5,5,0,0
POI-ID-d6fccfa6,3,3,3,0,0,3,3,0,0
POI-ID-40d55a5a,2,2,2,0,0,2,2,0,0
POI-ID-c52f1913,5,5,3,1,1,3,3,0,0
POI-ID-7a38da9f,2,2,2,0,0,2,2,0,0
POI-ID-b559eab0,7,7,4,2,1,4,4,0,0
POI-ID-86f00317,1,1,1,0,0,1,1,0,0
POI-ID-6b51b879,1,1,1,0,0,1,1,0,0
POI-ID-72f82319,2,2,2,0,0,2,2,0,0
POI-ID-0e2acab6,4,4,4,0,0,4,4,0,0
POI-ID-9065fbe0,3,3,3,0,0,3,3,0,0
POI-ID-ab695253,3,3,3,0,0,3,3,0,0
POI-ID-cdbc1876,1,1,1,0,0,1,1,0,0
POI-ID-ffa1ffa0,2,2,2,0,0,2,2,0,0
POI-ID-34841c2d,4,4,4,0,0,4,4,0,0
POI-ID-50481ce4,1,1,1,0,0,1,1,0,0
POI-ID-290489eb,1,1,1,0,0,1,1,0,0
POI-ID-e52dacef,4,4,2,1,1,1,1,0,0
POI-ID-e94be9ad,2,2,2,0,0,2,2,0,0
POI-ID-7e0bbeac,34,34,22,8,4,11,11,0,0
POI-ID-39803112,1,1,1,0,0,1,1,0,0
POI-ID-0473f59b,3,3,1,1,1,1,1,0,0
POI-ID-d1b9fb1b,9,9,5,2,2,2,2,0,0
POI-ID-76362fa2,1,1,1,0,0,1,1,0,0
POI-ID-bb9d6eeb,4,4,3,1,0,3,3,0,0
POI-ID-43b9e225,1,1,1,0,0,1,1,0,0
POI-ID-ea5c82e7,2,2,2,0,0,2,2,0,0
POI-ID-1eccac0e,1,1,1,0,0,1,1,0,0
POI-ID-5eb786e9,34,34,20,9,5,2,2,0,0
POI-ID-39545af6,1,1,1,0,0,1,1,0,0
POI-ID-b2f6f77f,1,1,1,0,0,1,1,0,0
POI-ID-6059a143,1,1,1,0,0,1,1,0,0
POI-ID-6e1675fe,16,16,9,4,3,1,1,0,0
POI-ID-7d88445d,25,25,15,7,3,2,2,0,0
POI-ID-c252fa38,25,25,15,7,3,1,1,0,0
POI-ID-33d70db4,22,22,13,6,3,1,1,0,0
POI-ID-e5e9cc4f,22,22,13,6,3,1,1,0,0
POI-ID-b1e6eb41,26,26,15,7,4,1,1,0,0
POI-ID-099640c8,3,3,1,1,1,1,1,0,0
POI-ID-57b34ca8,3,3,2,1,0,2,2,0,0
POI-ID-86a2e28d,2,2,1,1,0,1,1,0,0
POI-ID-9ae7bb2c,1,1,1,0,0,1,1,0,0
POI-ID-a3217a78,3,3,1,1,1,1,1,0,0
POI-ID-90eee05d,4,4,2,1,1,1,1,0,0
POI-ID-2aac2088,4,4,2,1,1,1,1,0,0
POI-ID-14cb69b4,3,3,1,1,1,1,1,0,0
POI-ID-f4fcd92b,1,1,1,0,0,1,1,0,0
POI-ID-50d518ab,2,2,1,1,0,1,1,0,0
POI-ID-fe4228f7,1,1,1,0,0,1,1,0,0
POI-ID-850a8771,2,2,1,1,0,1,1,0,0
POI-ID-4e832145,4,4,2,1,1,1,1,0,0
POI-ID-234f990a,4,4,2,1,1,2,2,0,0
POI-ID-b5a34786,1,1,1,0,0,1,1,0,0
POI-ID-ef7409ae,1,1,1,0,0,1,1,0,0
POI-ID-a82c2dea,2,2,1,1,0,1,1,0,0
POI-ID-c39a309d,1,1,1,0,0,1,1,0,0
POI-ID-a078d798,1,1,1,0,0,1,1,0,0
POI-ID-37bf36bd,1,1,1,0,0,1,1,0,0
POI-ID-c46600e4,1,1,1,0,0,1,1,0,0
POI-ID-718e647c,2,2,2,0,0,2,2,0,0
POI-ID-e448d2d9,9,9,5,2,2,1,1,0,0
POI-ID-a07eb667,2,2,1,1,0,1,1,0,0
POI-ID-cd4e8690,2,2,1,1,0,1,1,0,0
POI-ID-e08addfa,1,1,1,0,0,1,1,0,0
POI-ID-277a8108,2,2,1,1,0,1,1,0,0
POI-ID-e8249393,6,6,3,1,2,1,1,0,0
POI-ID-a6cc93f4,1,1,1,0,0,1,1,0,0
POI-ID-bdc09157,2,2,2,0,0,2,2,0,0
POI-ID-6f51312b,1,1,1,0,0,1,1,0,0
POI-ID-3bf29346,5,5,3,1,1,1,1,0,0
POI-ID-5daebfac,2,2,1,1,0,1,1,0,0
POI-ID-30a7e904,5,5,4,1,0,4,4,0,0
POI-ID-dafe4f10,1,1,1,0,0,1,1,0,0
POI-ID-2ef789fa,1,1,1,0,0,1,1,0,0
POI-ID-92acc25e,5,5,3,1,1,2,2,0,0
POI-ID-cf900bf4,1,1,1,0,0,1,1,0,0
POI-ID-581f7cdd,1,1,1,0,0,1,1,0,0
POI-ID-1e030663,2,2,2,0,0,2,2,0,0
POI-ID-eb50a600,1,1,1,0,0,1,1,0,0
POI-ID-ea2b2e10,2,2,1,1,0,1,1,0,0
POI-ID-6554893c,1,1,1,0,0,1,1,0,0
POI-ID-5be3bb35,1,1,1,0,0,1,1,0,0
POI-ID-72e143d3,1,1,1,0,0,1,1,0,0
POI-ID-687b861d,1,1,1,0,0,1,1,0,0
POI-ID-27fa5ea9,3,3,3,0,0,3,3,0,0
POI-ID-ddf919ac,1,1,1,0,0,1,1,0,0
POI-ID-09c06dc7,1,1,1,0,0,1,1,0,0
POI-ID-82499352,2,2,2,0,0,2,2,0,0
POI-ID-76080c47,1,1,1,0,0,1,1,0,0
POI-ID-ef25af1d,1,1,1,0,0,1,1,0,0
POI-ID-0c94dfe9,3,3,2,1,0,2,2,0,0
POI-ID-37c03eb4,2,2,2,0,0,2,2,0,0
POI-ID-df89fa2e,2,2,2,0,0,2,2,0,0
POI-ID-4be07487,1,1,1,0,0,1,1,0,0
POI-ID-bc5de7e9,10,10,6,4,0,6,6,0,0
POI-ID-133a5a2b,1,1,1,0,0,1,1,0,0
POI-ID-36003b4b,2,2,1,1,0,1,1,0,0
POI-ID-cbea8b64,10,10,7,2,1,7,7,0,0
POI-ID-c3872b87,9,9,7,1,1,5,5,0,0
POI-ID-a0a875ec,1,1,1,0,0,1,1,0,0
POI-ID-7ebdf574,1,1,1,0,0,1,1,0,0
POI-ID-c6cb486e,3,3,2,0,1,2,2,0,0
POI-ID-3fbce3e9,2,2,1,1,0,1,1,0,0
POI-ID-85c322b9,1,1,1,0,0,1,1,0,0
POI-ID-78e3697f,2,2,1,1,0,1,1,0,0
POI-ID-8ed0ac3d,2,2,1,1,0,1,1,0,0
POI-ID-8dbd1679,1,1,1,0,0,1,1,0,0
POI-ID-bbefecf7,1,1,1,0,0,1,1,0,0
POI-ID-26f4e2f7,1,1,1,0,0,1,1,0,0
POI-ID-dac97308,4,4,4,0,0,4,4,0,0
POI-ID-ccfd55ca,10,10,6,3,1,6,6,0,0
POI-ID-e53da6d7,5,5,3,1,1,1,1,0,0
POI-ID-ab4081c8,2,2,1,1,0,1,1,0,0
POI-ID-600ef84e,4,4,4,0,0,4,4,0,0
POI-ID-c8a5913a,1,1,1,0,0,1,1,0,0
POI-ID-3fe7331e,4,4,4,0,0,4,4,0,0
POI-ID-732e674a,1,1,1,0,0,1,1,0,0
POI-ID-2b427768,2,2,2,0,0,2,2,0,0
POI-ID-ff7317da,3,3,2,1,0,2,2,0,0
POI-ID-b1e8c4fa,3,3,2,1,0,2,2,0,0
POI-ID-5f5b7d53,2,2,2,0,0,2,2,0,0
POI-ID-1b0ef0b6,4,4,2,2,0,2,2,0,0
POI-ID-dc805db7,5,5,5,0,0,5,5,0,0
POI-ID-4168d771,2,2,2,0,0,2,2,0,0
POI-ID-25985d3b,3,3,1,1,1,1,1,0,0
POI-ID-b7c534d6,1,1,1,0,0,1,1,0,0
POI-ID-c2b8a99e,2,2,2,0,0,2,2,0,0
POI-ID-3d83b917,7,7,5,1,1,4,4,0,0
POI-ID-0212d93d,2,2,2,0,0,2,2,0,0
POI-ID-751b9515,3,3,3,0,0,3,3,0,0
POI-ID-227f43d2,2,2,1,1,0,1,1,0,0
POI-ID-34a19bfa,1,1,1,0,0,1,1,0,0
POI-ID-bd4bc844,2,2,2,0,0,2,2,0,0
POI-ID-e6104e52,1,1,1,0,0,1,1,0,0
POI-ID-da9c250e,1,1,1,0,0,1,1,0,0
POI-ID-8ffce5e3,2,2,2,0,0,2,2,0,0
POI-ID-d864754d,1,1,1,0,0,1,1,0,0
POI-ID-51d0aee5,1,1,1,0,0,1,1,0,0
POI-ID-f95da848,7,7,4,2,1,2,2,0,0
POI-ID-54ab76d7,3,3,2,1,0,2,2,0,0
POI-ID-33bdd288,1,1,1,0,0,1,1,0,0
POI-ID-dd226350,1,1,1,0,0,1,1,0,0
POI-ID-01fb2172,3,3,3,0,0,3,3,0,0
POI-ID-87366c81,1,1,1,0,0,1,1,0,0
POI-ID-7a9cbcc3,1,1,1,0,0,1,1,0,0
POI-ID-24609b80,1,1,1,0,0,1,1,0,0
POI-ID-26a1389c,1,1,1,0,0,1,1,0,0
POI-ID-2216bbdf,7,7,5,1,1,3,3,0,0
POI-ID-cc10dccc,1,1,1,0,0,1,1,0,0
POI-ID-c35c9a81,3,3,2,1,0,2,2,0,0
POI-ID-d6517f8e,1,1,1,0,0,1,1,0,0
POI-ID-b802aeef,2,2,2,0,0,2,2,0,0
POI-ID-b20d5513,3,3,1,1,1,1,1,0,0
POI-ID-93b5492d,1,1,1,0,0,1,1,0,0
POI-ID-027de41b,1,1,1,0,0,1,1,0,0
POI-ID-03d335ad,1,1,1,0,0,1,1,0,0
POI-ID-6de44e81,1,1,1,0,0,1,1,0,0
POI-ID-26e9637e,2,2,1,1,0,2,2,0,0
POI-ID-ed9e39e5,4,4,3,1,0,3,3,0,0
POI-ID-c2b17daf,1,1,1,0,0,1,1,0,0
POI-ID-ffa6ba1b,1,1,1,0,0,1,1,0,0
POI-ID-22b35c7c,1,1,1,0,0,1,1,0,0
POI-ID-56e8d3d2,8,8,8,0,0,8,8,0,0
POI-ID-95884195,3,3,3,0,0,3,3,0,0
POI-ID-c51e8f73,1,1,1,0,0,1,1,0,0
POI-ID-26c21f2b,5,5,5,0,0,5,5,0,0
POI-ID-5da05d80,1,1,1,0,0,1,1,0,0
POI-ID-63dcf51b,1,1,1,0,0,1,1,0,0
POI-ID-e33e1f18,1,1,1,0,0,1,1,0,0
POI-ID-f17b8b09,2,2,2,0,0,2,2,0,0
POI-ID-c1f35c08,2,2,2,0,0,2,2,0,0
POI-ID-5b0a978a,3,3,3,0,0,3,3,0,0
POI-ID-55af9464,8,8,6,2,0,6,6,0,0
POI-ID-916eeca3,1,1,1,0,0,1,1,0,0
POI-ID-a250e546,5,5,5,0,0,5,5,0,0
POI-ID-f2e2c88e,2,2,2,0,0,2,2,0,0
POI-ID-15308180,1,1,1,0,0,1,1,0,0
POI-ID-e284ad4e,1,1,1,0,0,1,1,0,0
POI-ID-c5716480,7,7,5,2,0,5,5,0,0
POI-ID-d80a5aac,4,4,4,0,0,4,4,0,0
POI-ID-98751743,1,1,1,0,0,1,1,0,0
POI-ID-d0404a84,2,2,2,0,0,2,2,0,0
POI-ID-65549ca3,1,1,1,0,0,1,1,0,0
POI-ID-f44ea640,1,1,1,0,0,1,1,0,0
POI-ID-2f42f150,1,1,1,0,0,1,1,0,0
POI-ID-2d859b5d,1,1,1,0,0,1,1,0,0
POI-ID-c2204eed,1,1,1,0,0,1,1,0,0
POI-ID-507218d5,1,1,1,0,0,1,1,0,0
POI-ID-60096bc1,1,1,1,0,0,1,1,0,0
POI-ID-be010c1d,1,1,1,0,0,1,1,0,0
POI-ID-cdfe96e4,2,2,2,0,0,2,2,0,0
POI-ID-5012a408,1,1,1,0,0,1,1,0,0
POI-ID-2a293e92,1,1,1,0,0,1,1,0,0
POI-ID-8af9a836,2,2,2,0,0,2,2,0,0
POI-ID-1ba955f5,2,2,2,0,0,2,2,0,0
POI-ID-b1610541,1,1,1,0,0,1,1,0,0
POI-ID-fe5f43f0,2,2,2,0,0,2,2,0,0
POI-ID-f91be11f,1,1,1,0,0,1,1,0,0
POI-ID-79fff27b,1,1,1,0,0,1,1,0,0
POI-ID-07111cd9,1,1,1,0,0,1,1,0,0
POI-ID-6c75af2a,10,10,7,2,1,7,7,0,0
POI-ID-3e447ddb,2,2,2,0,0,2,2,0,0
POI-ID-292c2922,2,2,2,0,0,2,2,0,0
POI-ID-cec12c34,1,1,1,0,0,1,1,0,0
POI-ID-c0293d20,1,1,1,0,0,1,1,0,0
POI-ID-fc105cfd,2,2,1,1,0,1,1,0,0
POI-ID-07598b97,1,1,1,0,0,1,1,0,0
POI-ID-1e5fa465,1,1,1,0,0,1,1,0,0
POI-ID-c6adaf76,31,31,18,9,4,1,1,0,0
POI-ID-0789220f,1,1,1,0,0,1,1,0,0
POI-ID-0ca05dcf,2,2,1,1,0,1,1,0,0
POI-ID-699070f0,1,1,1,0,0,1,1,0,0
POI-ID-9d1134b5,4,4,3,1,0,3,3,0,0
POI-ID-6e0f14c0,2,2,2,0,0,2,2,0,0
POI-ID-46c4127b,1,1,1,0,0,1,1,0,0
POI-ID-259a9a17,5,5,5,0,0,5,5,0,0
POI-ID-efe71ad1,1,1,1,0,0,1,1,0,0
POI-ID-77a26c1a,8,8,7,1,0,7,7,0,0
POI-ID-7bc1eaba,1,1,1,0,0,1,1,0,0
POI-ID-4f814f0f,2,2,2,0,0,2,2,0,0
POI-ID-45434fa4,2,2,2,0,0,2,2,0,0
POI-ID-3b4fedbb,3,3,3,0,0,3,3,0,0
POI-ID-210f0225,1,1,1,0,0,1,1,0,0
POI-ID-476d8e88,3,3,3,0,0,3,3,0,0
POI-ID-8a55ad63,19,19,12,4,3,4,4,0,0
POI-ID-6009e5e3,2,2,1,1,0,1,1,0,0
POI-ID-d0d61bb1,1,1,1,0,0,1,1,0,0
POI-ID-488c9d92,11,11,7,3,1,4,4,0,0
POI-ID-a6bf759e,8,8,6,1,1,6,6,0,0
POI-ID-54c83972,1,1,1,0,0,1,1,0,0
POI-ID-2fffd54f,1,1,1,0,0,1,1,0,0
POI-ID-d95ca6c7,1,1,1,0,0,1,1,0,0
POI-ID-d3a7bc7c,1,1,1,0,0,1,1,0,0
POI-ID-0b0a7fc6,1,1,1,0,0,1,1,0,0
POI-ID-763ab968,1,1,1,0,0,1,1,0,0
POI-ID-cee2b5fd,1,1,1,0,0,1,1,0,0
POI-ID-aab0fbc6,2,2,2,0,0,2,2,0,0
POI-ID-1365a156,2,2,1,1,0,1,1,0,0
POI-ID-4d66f716,1,1,1,0,0,1,1,0,0
POI-ID-8d625c8a,3,3,1,1,1,1,1,0,0
POI-ID-e44187aa,1,1,1,0,0,1,1,0,0
POI-ID-6efffbd3,1,1,1,0,0,1,1,0,0
POI-ID-2a535cca,4,4,4,0,0,4,4,0,0
POI-ID-e7552211,2,2,2,0,0,2,2,0,0
POI-ID-6d1c09a0,1,1,1,0,0,1,1,0,0
POI-ID-3e528dfa,4,4,3,1,0,3,3,0,0
POI-ID-c0c23adb,3,3,2,1,0,2,2,0,0
POI-ID-8c197f7c,2,2,2,0,0,2,2,0,0
POI-ID-fae6d87b,11,11,6,3,2,1,1,0,0
POI-ID-61a26a6f,3,3,1,1,1,1,1,0,0
POI-ID-c79ed1b8,2,2,1,1,0,1,1,0,0
POI-ID-fa4c9a4f,1,1,1,0,0,1,1,0,0
POI-ID-de1b203d,1,1,1,0,0,1,1,0,0
POI-ID-5b12e25c,41,41,25,10,6,6,6,0,0
POI-ID-58792328,12,12,7,3,2,1,1,0,0
POI-ID-5ab4e63e,10,10,6,2,2,2,2,0,0
POI-ID-1281b004,10,10,6,3,1,1,1,0,0
POI-ID-7577f890,2,2,2,0,0,2,2,0,0
POI-ID-4fbf6297,3,3,2,1,0,2,2,0,0
POI-ID-280b6f0b,1,1,1,0,0,1,1,0,0
POI-ID-446b8ae9,1,1,1,0,0,1,1,0,0
POI-ID-2a206295,18,18,11,4,3,7,7,0,0
POI-ID-a4170f47,15,15,9,4,2,1,1,0,0
POI-ID-be52450f,1,1,1,0,0,1,1,0,0
POI-ID-538670af,4,4,4,0,0,4,4,0,0
POI-ID-eb54f21a,1,1,1,0,0,1,1,0,0
POI-ID-4d0a8f8b,1,1,1,0,0,1,1,0,0
POI-ID-03331e53,1,1,1,0,0,1,1,0,0
POI-ID-a1985fda,3,3,2,1,0,2,2,0,0
POI-ID-6a3957a5,4,4,4,0,0,4,4,0,0
POI-ID-fd1cbf85,2,2,2,0,0,2,2,0,0
POI-ID-21bd0afa,2,2,2,0,0,2,2,0,0
POI-ID-9d2b4073,1,1,1,0,0,1,1,0,0
POI-ID-366a2a3d,8,8,4,2,2,2,2,0,0
POI-ID-6794c51f,2,2,2,0,0,2,2,0,0
POI-ID-6bd82819,10,10,6,3,1,1,1,0,0
POI-ID-22cbc805,1,1,1,0,0,1,1,0,0
POI-ID-037f1c1b,19,19,11,5,3,3,3,0,0
POI-ID-db876204,1,1,1,0,0,1,1,0,0
POI-ID-819c32c2,9,9,7,1,1,5,5,0,0
POI-ID-075d6fd5,1,1,1,0,0,1,1,0,0
POI-ID-799f6be3,2,2,2,0,0,2,2,0,0
POI-ID-2220ebb2,10,10,7,2,1,5,5,0,0
POI-ID-9ccd8e0f,1,1,1,0,0,1,1,0,0
POI-ID-a18af952,12,12,11,0,1,12,12,0,0
POI-ID-69dd590d,1,1,1,0,0,1,1,0,0
POI-ID-6d56a48d,2,2,2,0,0,2,2,0,0
POI-ID-7a8e153a,2,2,2,0,0,2,2,0,0
POI-ID-8002746b,2,2,2,0,0,2,2,0,0
POI-ID-95a637b7,3,3,3,0,0,3,3,0,0
POI-ID-5c70e83e,1,1,1,0,0,1,1,0,0
POI-ID-0ab42a3a,1,1,1,0,0,1,1,0,0
POI-ID-e1f1aa64,6,6,3,1,2,1,1,0,0
POI-ID-11064323,1,1,1,0,0,1,1,0,0
POI-ID-dbdc4979,1,1,1,0,0,1,1,0,0
POI-ID-86738c4f,1,1,1,0,0,1,1,0,0
POI-ID-62ab7e34,1,1,1,0,0,1,1,0,0
POI-ID-9d253aaa,1,1,1,0,0,1,1,0,0
POI-ID-ea4b7f55,5,5,5,0,0,5,5,0,0
POI-ID-0bfbb6f5,1,1,1,0,0,1,1,0,0
POI-ID-714b875d,1,1,1,0,0,1,1,0,0
POI-ID-df8c6bcc,7,7,5,1,1,3,3,0,0
POI-ID-0721dd1f,2,2,2,0,0,2,2,0,0
POI-ID-b3f3c0ac,10,10,6,3,1,7,7,0,0
POI-ID-24cb0756,2,2,1,1,0,1,1,0,0
POI-ID-27ff9327,2,2,1,1,0,1,1,0,0
POI-ID-63b8eec2,1,1,1,0,0,1,1,0,0
POI-ID-abcab3cb,1,1,1,0,0,1,1,0,0
POI-ID-e1fbdac9,2,2,2,0,0,2,2,0,0
POI-ID-c7ddf958,4,4,4,0,0,4,4,0,0
POI-ID-2f97bcf5,3,3,3,0,0,3,3,0,0
POI-ID-4726b929,1,1,1,0,0,1,1,0,0
POI-ID-5c145c85,1,1,1,0,0,1,1,0,0
POI-ID-e18bb5dc,2,2,1,1,0,1,1,0,0
POI-ID-2df6a555,5,5,5,0,0,5,5,0,0
POI-ID-47640761,1,1,1,0,0,1,1,0,0
POI-ID-1784018c,1,1,1,0,0,1,1,0,0
POI-ID-5bf0ce45,2,2,2,0,0,2,2,0,0
POI-ID-6e025b63,2,2,2,0,0,2,2,0,0
POI-ID-ec4f9f96,1,1,1,0,0,1,1,0,0
POI-ID-cf7dcac9,3,3,2,1,0,2,2,0,0
POI-ID-8e636621,2,2,2,0,0,2,2,0,0
POI-ID-25bc4540,1,1,1,0,0,1,1,0,0
POI-ID-ba15a80d,2,2,2,0,0,2,2,0,0
POI-ID-a1f62c01,33,33,20,9,4,3,3,0,0
POI-ID-7cfde181,4,4,2,1,1,2,2,0,0
POI-ID-8a91c2b0,2,2,2,0,0,2,2,0,0
POI-ID-712122a4,1,1,1,0,0,1,1,0,0
POI-ID-4eb9cc77,1,1,1,0,0,1,1,0,0
POI-ID-5fc5266f,2,2,1,1,0,1,1,0,0
POI-ID-b072cb78,1,1,1,0,0,1,1,0,0
POI-ID-6f92c0fe,1,1,1,0,0,1,1,0,0
POI-ID-bc246e87,1,1,1,0,0,1,1,0,0
POI-ID-182f48f3,4,4,3,0,1,3,3,0,0
POI-ID-8a1f3592,1,1,1,0,0,1,1,0,0
POI-ID-c1222e9b,5,5,3,2,0,3,3,0,0
POI-ID-4117f5f7,1,1,1,0,0,1,1,0,0
POI-ID-35ccbb6d,1,1,1,0,0,1,1,0,0
POI-ID-121e72f2,1,1,1,0,0,1,1,0,0
POI-ID-ea133214,1,1,1,0,0,1,1,0,0
POI-ID-8cf863d5,1,1,1,0,0,1,1,0,0
POI-ID-ea33477e,4,4,3,1,0,3,3,0,0
POI-ID-0a53977f,1,1,1,0,0,1,1,0,0
POI-ID-2189e5c3,1,1,1,0,0,1,1,0,0
POI-ID-06ab0e99,2,2,2,0,0,2,2,0,0
POI-ID-14a37e32,1,1,1,0,0,1,1,0,0
POI-ID-9478d316,4,4,2,1,1,2,2,0,0
POI-ID-955bfac0,1,1,1,0,0,1,1,0,0
POI-ID-fcdfad3b,2,2,1,1,0,1,1,0,0
POI-ID-632320e4,1,1,1,0,0,1,1,0,0
POI-ID-1a452124,1,1,1,0,0,1,1,0,0
POI-ID-588e9f00,1,1,1,0,0,1,1,0,0
POI-ID-104031e2,2,2,1,1,0,1,1,0,0
POI-ID-f51485d4,1,1,1,0,0,1,1,0,0
POI-ID-cd9162b9,2,2,2,0,0,2,2,0,0
POI-ID-0e986d52,4,4,4,0,0,4,4,0,0
POI-ID-044ab859,3,3,2,1,0,2,2,0,0
POI-ID-b685b79e,2,2,2,0,0,2,2,0,0
POI-ID-26b52ecf,2,2,2,0,0,2,2,0,0
POI-ID-7010ee51,1,1,1,0,0,1,1,0,0
POI-ID-074d349a,5,5,5,0,0,5,5,0,0
POI-ID-d83baca8,1,1,1,0,0,1,1,0,0
POI-ID-4ee7709b,1,1,1,0,0,1,1,0,0
POI-ID-f011f5d5,2,2,2,0,0,2,2,0,0
POI-ID-d2024e7e,4,4,3,1,0,3,3,0,0
POI-ID-28df3f82,1,1,1,0,0,1,1,0,0
POI-ID-ff5e53a7,2,2,1,1,0,1,1,0,0
POI-ID-58feb870,1,1,1,0,0,1,1,0,0
POI-ID-34674180,1,1,1,0,0,1,1,0,0
POI-ID-4035eed4,2,2,2,0,0,2,2,0,0
POI-ID-c19582a2,1,1,1,0,0,1,1,0,0
POI-ID-4cd3ec42,2,2,2,0,0,2,2,0,0
POI-ID-3a8c36cc,3,3,2,1,0,2,2,0,0
POI-ID-ccb9d586,2,2,2,0,0,2,2,0,0
POI-ID-85a768a4,1,1,1,0,0,1,1,0,0
POI-ID-aebb4b95,1,1,1,0,0,1,1,0,0
POI-ID-0654add0,1,1,1,0,0,1,1,0,0
POI-ID-354685ea,2,2,2,0,0,2,2,0,0
POI-ID-248b2e6b,1,1,1,0,0,1,1,0,0
POI-ID-712d4cf0,1,1,1,0,0,1,1,0,0
POI-ID-23e9c2dc,4,4,2,1,1,2,2,0,0
POI-ID-63ef1fcf,4,4,2,1,1,2,2,0,0
POI-ID-b9eb4fa6,4,4,4,0,0,4,4,0,0
POI-ID-733f44c1,1,1,1,0,0,1,1,0,0
POI-ID-a7ddb3ab,4,4,2,1,1,1,1,0,0
POI-ID-448e5685,2,2,2,0,0,2,2,0,0
POI-ID-259d0676,1,1,1,0,0,1,1,0,0
POI-ID-82c938fc,5,5,5,0,0,5,5,0,0
POI-ID-042a2382,1,1,1,0,0,1,1,0,0
POI-ID-4748f4e6,2,2,2,0,0,2,2,0,0
POI-ID-b18f27ff,1,1,1,0,0,1,1,0,0
POI-ID-d81e5709,4,4,3,1,0,3,3,0,0
POI-ID-b65148d0,1,1,1,0,0,1,1,0,0
POI-ID-cfb0d919,2,2,2,0,0,2,2,0,0
POI-ID-bae9d1b0,2,2,2,0,0,2,2,0,0
POI-ID-ebe98d3c,2,2,2,0,0,2,2,0,0
POI-ID-80d6914b,1,1,1,0,0,1,1,0,0
POI-ID-dd805ac9,5,5,4,1,0,4,4,0,0
POI-ID-3009dd84,4,4,4,0,0,4,4,0,0
POI-ID-bde6e9f9,2,2,2,0,0,2,2,0,0
POI-ID-f9a618a0,1,1,1,0,0,1,1,0,0
POI-ID-16118268,3,3,3,0,0,3,3,0,0
POI-ID-78e4934d,5,5,4,1,0,4,4,0,0
POI-ID-92664a59,2,2,2,0,0,2,2,0,0
POI-ID-b1222a57,1,1,1,0,0,1,1,0,0
POI-ID-fb525981,1,1,1,0,0,1,1,0,0
POI-ID-aff75372,1,1,1,0,0,1,1,0,0
POI-ID-72220c5b,1,1,1,0,0,1,1,0,0
POI-ID-550703eb,5,5,5,0,0,5,5,0,0
POI-ID-39eca821,1,1,1,0,0,1,1,0,0
POI-ID-7222567a,1,1,1,0,0,1,1,0,0
POI-ID-61e115bd,2,2,1,1,0,1,1,0,0
POI-ID-de8643e0,4,4,4,0,0,4,4,0,0
POI-ID-da2cc849,5,5,5,0,0,5,5,0,0
POI-ID-7d8340bf,1,1,1,0,0,1,1,0,0
POI-ID-4972c1d8,1,1,1,0,0,1,1,0,0
POI-ID-005e279c,1,1,1,0,0,1,1,0,0
POI-ID-5b5c6068,1,1,1,0,0,1,1,0,0
POI-ID-30fac366,3,3,3,0,0,3,3,0,0
POI-ID-f082445e,1,1,1,0,0,1,1,0,0
POI-ID-8ef2d825,2,2,2,0,0,2,2,0,0
POI-ID-d0ff6ab0,1,1,1,0,0,1,1,0,0
POI-ID-a2d2721f,5,5,3,1,1,2,2,0,0
POI-ID-9edb29a4,2,2,2,0,0,2,2,0,0
POI-ID-ca4fe791,1,1,1,0,0,1,1,0,0
POI-ID-3cc04ed4,2,2,2,0,0,2,2,0,0
POI-ID-5b6d203c,1,1,1,0,0,1,1,0,0
POI-ID-64ae40c4,3,3,3,0,0,3,3,0,0
POI-ID-81887627,1,1,1,0,0,1,1,0,0
POI-ID-7e7977a2,2,2,2,0,0,2,2,0,0
POI-ID-39f864ba,1,1,1,0,0,1,1,0,0
POI-ID-57a84463,1,1,1,0,0,1,1,0,0
POI-ID-8b081c56,2,2,2,0,0,2,2,0,0
POI-ID-958053bc,1,1,1,0,0,1,1,0,0
POI-ID-449206b9,1,1,1,0,0,1,1,0,0
POI-ID-69e28502,13,13,9,2,2,9,9,0,0
POI-ID-69345b23,2,2,0,1,1,2,2,0,0
POI-ID-2198e9a1,1,1,1,0,0,1,1,0,0
POI-ID-b9861a36,1,1,1,0,0,1,1,0,0
POI-ID-4c1a9c36,3,3,3,0,0,3,3,0,0
POI-ID-24772322,2,2,2,0,0,2,2,0,0
POI-ID-173d925b,3,3,1,1,1,1,1,0,0
POI-ID-5c953977,1,1,1,0,0,1,1,0,0
POI-ID-70ab8173,2,2,2,0,0,2,2,0,0
POI-ID-3f874609,1,1,1,0,0,1,1,0,0
POI-ID-8c99acec,5,5,3,1,1,2,2,0,0
POI-ID-51bfdf06,2,2,1,1,0,1,1,0,0
POI-ID-2e8d9d8a,1,1,1,0,0,1,1,0,0
POI-ID-edcc41cc,1,1,1,0,0,1,1,0,0
POI-ID-17c2bfe0,1,1,1,0,0,1,1,0,0
POI-ID-a5f4a89d,2,2,2,0,0,2,2,0,0
POI-ID-6c17c215,10,10,6,2,2,3,3,0,0
POI-ID-b56ff8be,54,54,32,15,7,2,2,0,0
POI-ID-ad06d693,4,4,2,1,1,2,2,0,0
POI-ID-fa8b3a03,1,1,1,0,0,1,1,0,0
POI-ID-b82d746f,1,1,1,0,0,1,1,0,0
POI-ID-66e9ceef,1,1,1,0,0,1,1,0,0
POI-ID-a598d6bb,2,2,1,0,1,2,2,0,0
POI-ID-643850c8,1,1,1,0,0,1,1,0,0
POI-ID-904f845e,2,2,2,0,0,2,2,0,0
POI-ID-01b3b7c3,1,1,1,0,0,1,1,0,0
POI-ID-918ee278,1,1,1,0,0,1,1,0,0
POI-ID-c793b7f9,1,1,1,0,0,1,1,0,0
POI-ID-940810b1,1,1,1,0,0,1,1,0,0
POI-ID-32a2754c,2,2,2,0,0,2,2,0,0
POI-ID-46c87999,1,1,1,0,0,1,1,0,0
POI-ID-f562c832,1,1,1,0,0,1,1,0,0
POI-ID-f56c2bcc,1,1,1,0,0,1,1,0,0
POI-ID-e657c0ea,1,1,1,0,0,1,1,0,0
POI-ID-d631ec58,1,1,1,0,0,1,1,0,0
POI-ID-cdde5930,6,6,3,1,2,1,1,0,0
POI-ID-ff1b935a,2,2,1,1,0,1,1,0,0
POI-ID-92e073ba,2,2,2,0,0,2,2,0,0
POI-ID-7d0f15e4,3,3,3,0,0,3,3,0,0
POI-ID-91135b61,1,1,1,0,0,1,1,0,0
POI-ID-a3275a0f,2,2,1,1,0,1,1,0,0
POI-ID-55165c1c,5,5,3,1,1,2,2,0,0
POI-ID-04332bf5,1,1,1,0,0,1,1,0,0
POI-ID-55a77629,7,7,7,0,0,7,7,0,0
POI-ID-1f8b0059,1,1,1,0,0,1,1,0,0
POI-ID-5ea13d20,1,1,1,0,0,1,1,0,0
POI-ID-c4b7918b,2,2,2,0,0,2,2,0,0
POI-ID-140eb007,1,1,1,0,0,1,1,0,0
POI-ID-aee1fb77,7,7,7,0,0,7,7,0,0
POI-ID-f1aae069,1,1,1,0,0,1,1,0,0
POI-ID-045bbee5,1,1,1,0,0,1,1,0,0
POI-ID-f7fdd3fd,4,4,3,1,0,3,3,0,0
POI-ID-bfa538a2,1,1,1,0,0,1,1,0,0
POI-ID-50970bcf,1,1,1,0,0,1,1,0,0
POI-ID-4ca14622,2,2,2,0,0,2,2,0,0
POI-ID-bfa5aa6a,3,3,2,0,1,2,2,0,0
POI-ID-c292f283,3,3,3,0,0,3,3,0,0
POI-ID-67de6aac,1,1,1,0,0,1,1,0,0
POI-ID-302c7ee4,1,1,1,0,0,1,1,0,0
POI-ID-b1bf98c3,2,2,1,1,0,1,1,0,0
POI-ID-e4d84e3e,1,1,1,0,0,1,1,0,0
POI-ID-0d8fa750,4,4,4,0,0,4,4,0,0
POI-ID-6a20d686,1,1,1,0,0,1,1,0,0
POI-ID-3d557790,1,1,1,0,0,1,1,0,0
POI-ID-56705490,3,3,3,0,0,3,3,0,0
POI-ID-7b35f3ee,1,1,1,0,0,1,1,0,0
POI-ID-49361beb,1,1,1,0,0,1,1,0,0
POI-ID-0ee7d1ef,7,7,7,0,0,7,7,0,0
POI-ID-9f0e06eb,1,1,1,0,0,1,1,0,0
POI-ID-dcd7fbb5,2,2,2,0,0,2,2,0,0
POI-ID-ea1b4734,8,8,6,1,1,6,6,0,0
POI-ID-5532e7be,1,1,1,0,0,1,1,0,0
POI-ID-1378dec3,1,1,1,0,0,1,1,0,0
POI-ID-f2e9b5ce,1,1,1,0,0,1,1,0,0
POI-ID-bdcdf8c3,2,2,2,0,0,2,2,0,0
POI-ID-d6824265,1,1,1,0,0,1,1,0,0
POI-ID-e4e4f511,1,1,1,0,0,1,1,0,0
POI-ID-2f11ae61,1,1,1,0,0,1,1,0,0
POI-ID-6395c9e8,2,2,2,0,0,2,2,0,0
POI-ID-48b0a132,1,1,1,0,0,1,1,0,0
POI-ID-7bfed520,3,3,3,0,0,3,3,0,0
POI-ID-08e1c0b1,10,10,5,4,1,5,5,0,0
POI-ID-d246b27a,2,2,2,0,0,2,2,0,0
POI-ID-b5760317,3,3,3,0,0,3,3,0,0
POI-ID-c913b2bc,1,1,1,0,0,1,1,0,0
POI-ID-f8ae56ee,1,1,1,0,0,1,1,0,0
POI-ID-100d894d,2,2,1,0,1,1,1,0,0
POI-ID-44f94fe4,2,2,2,0,0,2,2,0,0
POI-ID-573d75c3,6,6,4,1,1,4,4,0,0
POI-ID-7cbfdc36,2,2,0,1,1,1,1,0,0
POI-ID-8d47cc51,1,1,1,0,0,1,1,0,0
POI-ID-229b5b83,3,3,3,0,0,3,3,0,0
POI-ID-a738973a,3,3,1,1,1,1,1,0,0
POI-ID-5922ed63,1,1,1,0,0,1,1,0,0
POI-ID-c64861e5,1,1,1,0,0,1,1,0,0
POI-ID-a32c0107,2,2,1,1,0,1,1,0,0
POI-ID-f808b12c,1,1,1,0,0,1,1,0,0
POI-ID-ef2f8170,1,1,1,0,0,1,1,0,0
POI-ID-148edb90,1,1,1,0,0,1,1,0,0
POI-ID-d067268f,1,1,1,0,0,1,1,0,0
POI-ID-ba943e94,2,2,2,0,0,2,2,0,0
POI-ID-a2128518,1,1,1,0,0,1,1,0,0
POI-ID-b7c2abfe,1,1,1,0,0,1,1,0,0
POI-ID-c82ca006,2,2,2,0,0,2,2,0,0
POI-ID-cf16952f,1,1,1,0,0,1,1,0,0
POI-ID-ac08340c,1,1,1,0,0,1,1,0,0
POI-ID-10524d51,1,1,1,0,0,1,1,0,0
POI-ID-0da02aaf,1,1,1,0,0,1,1,0,0
POI-ID-d0df7355,1,1,1,0,0,1,1,0,0
POI-ID-ed62e010,1,1,1,0,0,1,1,0,0
POI-ID-a166863b,1,1,1,0,0,1,1,0,0
POI-ID-503da7e4,3,3,3,0,0,3,3,0,0
POI-ID-0e82f0be,3,3,2,1,0,2,2,0,0
POI-ID-66f31fb2,1,1,1,0,0,1,1,0,0
POI-ID-6c22bf04,1,1,1,0,0,1,1,0,0
POI-ID-76354461,1,1,1,0,0,1,1,0,0
POI-ID-e00a3913,1,1,1,0,0,1,1,0,0
POI-ID-80cc6944,1,1,1,0,0,1,1,0,0
POI-ID-0923cf1f,1,1,1,0,0,1,1,0,0
POI-ID-f74da01a,1,1,1,0,0,1,1,0,0
POI-ID-ce9a569e,2,2,2,0,0,2,2,0,0
POI-ID-7000fb24,1,1,1,0,0,1,1,0,0
POI-ID-6796fcce,6,6,4,2,0,4,4,0,0
POI-ID-b62e8633,1,1,1,0,0,1,1,0,0
POI-ID-d32d8df0,4,4,3,1,0,3,3,0,0
POI-ID-3f0afcb1,1,1,1,0,0,1,1,0,0
POI-ID-c3b14398,1,1,1,0,0,1,1,0,0
POI-ID-719a46d7,1,1,1,0,0,1,1,0,0
POI-ID-4f95e214,1,1,1,0,0,1,1,0,0
POI-ID-d715d05f,1,1,1,0,0,1,1,0,0
POI-ID-31758c30,1,1,1,0,0,1,1,0,0
POI-ID-45a1db50,3,3,1,1,1,1,1,0,0
POI-ID-30ca8ef5,5,5,3,1,1,3,3,0,0
POI-ID-a5d60778,4,4,3,1,0,3,3,0,0
POI-ID-86486120,1,1,1,0,0,1,1,0,0
POI-ID-ed0d41f8,1,1,1,0,0,1,1,0,0
POI-ID-dbe2f8d9,1,1,1,0,0,1,1,0,0
POI-ID-214a4ee3,1,1,1,0,0,1,1,0,0
POI-ID-86c0594e,3,3,3,0,0,3,3,0,0
POI-ID-1548b3fb,1,1,1,0,0,1,1,0,0
POI-ID-667d5d27,1,1,1,0,0,1,1,0,0
POI-ID-e3e3b624,1,1,1,0,0,1,1,0,0
POI-ID-4d22611d,1,1,1,0,0,1,1,0,0
POI-ID-1126572c,2,2,2,0,0,2,2,0,0
POI-ID-2b320626,1,1,1,0,0,1,1,0,0
POI-ID-b46e6a8f,1,1,1,0,0,1,1,0,0
POI-ID-056f0607,4,4,4,0,0,4,4,0,0
POI-ID-18587ed2,1,1,1,0,0,1,1,0,0
POI-ID-8afe160e,1,1,1,0,0,1,1,0,0
POI-ID-cfda4ab6,1,1,1,0,0,1,1,0,0
POI-ID-f6f98d14,1,1,1,0,0,1,1,0,0
POI-ID-afd104bb,2,2,1,1,0,1,1,0,0
POI-ID-613881d6,3,3,3,0,0,3,3,0,0
POI-ID-c698a0c2,1,1,1,0,0,1,1,0,0
POI-ID-85150b6c,1,1,1,0,0,1,1,0,0
POI-ID-f0ed3f7b,2,2,2,0,0,2,2,0,0
POI-ID-567897ae,1,1,1,0,0,1,1,0,0
POI-ID-1a335d14,1,1,1,0,0,1,1,0,0
POI-ID-438de2aa,1,1,1,0,0,1,1,0,0
POI-ID-ebd7b48b,1,1,1,0,0,1,1,0,0
POI-ID-5c2dc004,1,1,1,0,0,1,1,0,0
POI-ID-4e116f4b,4,4,2,1,1,2,2,0,0
POI-ID-5053f423,1,1,1,0,0,1,1,0,0
POI-ID-53eacc5a,17,17,10,4,3,2,2,0,0
POI-ID-18178a67,1,1,1,0,0,1,1,0,0
POI-ID-93bbb22b,1,1,1,0,0,1,1,0,0
POI-ID-e397369f,2,2,2,0,0,2,2,0,0
POI-ID-a9a81512,2,2,2,0,0,2,2,0,0
POI-ID-c0257e4c,9,9,9,0,0,9,9,0,0
POI-ID-14963a64,6,6,4,1,1,3,3,0,0
POI-ID-240091af,1,1,1,0,0,1,1,0,0
POI-ID-8374a89e,10,10,9,1,0,9,9,0,0
POI-ID-f9672be0,1,1,1,0,0,1,1,0,0
POI-ID-3be928b3,2,2,2,0,0,2,2,0,0
POI-ID-e2f26ce0,3,3,3,0,0,3,3,0,0
POI-ID-9866116b,3,3,2,1,0,2,2,0,0
POI-ID-d5ed8d0b,4,4,4,0,0,4,4,0,0
POI-ID-b8e71aa4,1,1,1,0,0,1,1,0,0
POI-ID-a8cf2510,1,1,1,0,0,1,1,0,0
POI-ID-52ecda46,3,3,1,1,1,1,1,0,0
POI-ID-bc6cb9ba,3,3,2,1,0,2,2,0,0
POI-ID-b8fb1478,2,2,2,0,0,2,2,0,0
POI-ID-4ec1d877,1,1,1,0,0,1,1,0,0
POI-ID-14cc5c0e,1,1,1,0,0,1,1,0,0
POI-ID-402f9027,4,4,4,0,0,4,4,0,0
POI-ID-690f88ba,1,1,1,0,0,1,1,0,0
POI-ID-437a5ddc,2,2,2,0,0,2,2,0,0
POI-ID-ee79686a,2,2,2,0,0,2,2,0,0
POI-ID-4a9efba6,1,1,1,0,0,1,1,0,0
POI-ID-ecbf6e9f,2,2,2,0,0,2,2,0,0
POI-ID-dad5bcdd,3,3,2,1,0,2,2,0,0
POI-ID-334c05b0,3,3,3,0,0,3,3,0,0
POI-ID-560b9332,2,2,2,0,0,2,2,0,0
POI-ID-b4ebddfe,1,1,1,0,0,1,1,0,0
POI-ID-6e59e375,2,2,2,0,0,2,2,0,0
POI-ID-673d73ba,4,4,4,0,0,4,4,0,0
POI-ID-21b7f18a,2,2,2,0,0,2,2,0,0
POI-ID-1e3a98f5,6,6,5,1,0,5,5,0,0
POI-ID-81086d01,2,2,2,0,0,2,2,0,0
POI-ID-66407f92,1,1,1,0,0,1,1,0,0
POI-ID-813f67df,10,10,6,2,2,6,6,0,0
POI-ID-bd8ad7d5,1,1,1,0,0,1,1,0,0
POI-ID-e36cf286,1,1,1,0,0,1,1,0,0
POI-ID-6f7e5259,1,1,1,0,0,1,1,0,0
POI-ID-968adcd7,2,2,2,0,0,2,2,0,0
POI-ID-ff7f318e,1,1,1,0,0,1,1,0,0
POI-ID-fd5988f2,1,1,1,0,0,1,1,0,0
POI-ID-164db7ad,1,1,1,0,0,1,1,0,0
POI-ID-f9effb96,3,3,3,0,0,3,3,0,0
POI-ID-5a555682,1,1,1,0,0,1,1,0,0
POI-ID-62ffd2de,2,2,2,0,0,2,2,0,0
POI-ID-678db1fe,1,1,1,0,0,1,1,0,0
POI-ID-9f9aa0ba,1,1,1,0,0,1,1,0,0
POI-ID-473dda38,1,1,1,0,0,1,1,0,0
POI-ID-d6e64839,1,1,1,0,0,1,1,0,0
POI-ID-d7c2dfad,1,1,1,0,0,1,1,0,0
POI-ID-a97ba19f,2,2,2,0,0,2,2,0,0
POI-ID-df1d546b,1,1,1,0,0,1,1,0,0
POI-ID-9f159455,1,1,1,0,0,1,1,0,0
POI-ID-b9d5e9be,1,1,1,0,0,1,1,0,0
POI-ID-200a132b,7,7,5,1,1,5,5,0,0
POI-ID-cb112a32,1,1,1,0,0,1,1,0,0
POI-ID-a996b773,1,1,1,0,0,1,1,0,0
POI-ID-815188c1,1,1,1,0,0,1,1,0,0
POI-ID-78704f56,2,2,2,0,0,2,2,0,0
POI-ID-a1ce5b4a,1,1,1,0,0,1,1,0,0
POI-ID-cb5a7478,1,1,1,0,0,1,1,0,0
POI-ID-95accc2c,1,1,1,0,0,1,1,0,0
POI-ID-34830b5e,1,1,1,0,0,1,1,0,0
POI-ID-17a57ddf,6,6,3,1,2,1,1,0,0
POI-ID-d2152347,1,1,1,0,0,1,1,0,0
POI-ID-90570ddd,3,3,1,1,1,1,1,0,0
POI-ID-5a7539ca,3,3,2,1,0,2,2,0,0
POI-ID-253f671c,1,1,1,0,0,1,1,0,0
POI-ID-03c78c8e,1,1,1,0,0,1,1,0,0
POI-ID-50970679,5,5,2,2,1,2,2,0,0
POI-ID-60642648,2,2,1,1,0,1,1,0,0
POI-ID-04687f92,1,1,1,0,0,1,1,0,0
POI-ID-408e1b89,1,1,1,0,0,1,1,0,0
POI-ID-271fd968,1,1,1,0,0,1,1,0,0
POI-ID-e045323f,1,1,1,0,0,1,1,0,0
POI-ID-192648bd,3,3,3,0,0,3,3,0,0
POI-ID-f3a9bea7,2,2,2,0,0,2,2,0,0
POI-ID-df4db2ff,1,1,1,0,0,1,1,0,0
POI-ID-d5818e5e,1,1,1,0,0,1,1,0,0
POI-ID-d5385330,1,1,1,0,0,1,1,0,0
POI-ID-5a5a0d13,1,1,1,0,0,1,1,0,0
POI-ID-e53004bb,5,5,3,1,1,3,3,0,0
POI-ID-118c6078,2,2,2,0,0,2,2,0,0
POI-ID-f0926a1b,1,1,1,0,0,1,1,0,0
POI-ID-5ebf5995,1,1,1,0,0,1,1,0,0
POI-ID-dd5de530,2,2,2,0,0,2,2,0,0
POI-ID-b6a23764,3,3,3,0,0,3,3,0,0
POI-ID-878f51b1,1,1,1,0,0,1,1,0,0
POI-ID-e01792a8,4,4,3,1,0,3,3,0,0
POI-ID-337bd241,1,1,1,0,0,1,1,0,0
POI-ID-eae5d2c2,3,3,2,1,0,2,2,0,0
POI-ID-ad91938a,1,1,1,0,0,1,1,0,0
POI-ID-a8299786,1,1,1,0,0,1,1,0,0
POI-ID-9b32f5af,1,1,1,0,0,1,1,0,0
POI-ID-3ad32e77,3,3,3,0,0,3,3,0,0
POI-ID-3e4515a4,1,1,1,0,0,1,1,0,0
POI-ID-74bccc1e,4,4,4,0,0,4,4,0,0
POI-ID-4a406b82,1,1,1,0,0,1,1,0,0
POI-ID-e12ba90f,4,4,2,1,1,2,2,0,0
POI-ID-e9e991bb,1,1,1,0,0,1,1,0,0
POI-ID-0ecd0343,7,7,5,2,0,5,5,0,0
POI-ID-5ffc9738,1,1,1,0,0,1,1,0,0
POI-ID-eb18cb40,2,2,2,0,0,2,2,0,0
POI-ID-b83c5e9f,3,3,1,1,1,1,1,0,0
POI-ID-5cffa4c9,4,4,2,1,1,2,2,0,0
POI-ID-6cc14dac,1,1,1,0,0,1,1,0,0
POI-ID-cb8bf500,3,3,1,1,1,1,1,0,0
POI-ID-8d76235e,1,1,1,0,0,1,1,0,0
POI-ID-11f7b31f,2,2,1,1,0,1,1,0,0
POI-ID-efdd7c2c,5,5,4,1,0,4,4,0,0
POI-ID-c1333b1a,1,1,1,0,0,1,1,0,0
POI-ID-3ab89e3f,1,1,1,0,0,1,1,0,0
POI-ID-54ef5ffc,1,1,1,0,0,1,1,0,0
POI-ID-eb532dd5,1,1,1,0,0,1,1,0,0
POI-ID-dd8e5350,1,1,1,0,0,1,1,0,0
POI-ID-9838521a,1,1,1,0,0,1,1,0,0
POI-ID-6a919937,2,2,2,0,0,2,2,0,0
POI-ID-ae3fca9f,1,1,1,0,0,1,1,0,0
POI-ID-37940f26,1,1,1,0,0,1,1,0,0
POI-ID-4265c817,1,1,1,0,0,1,1,0,0
POI-ID-71b4edf7,2,2,2,0,0,2,2,0,0
POI-ID-3012a09a,3,3,1,1,1,1,1,0,0
POI-ID-c2d6c558,2,2,2,0,0,2,2,0,0
POI-ID-10d87a9e,1,1,1,0,0,1,1,0,0
POI-ID-c7189860,1,1,1,0,0,1,1,0,0
POI-ID-f8c1e0fe,1,1,1,0,0,1,1,0,0
POI-ID-3e19ed31,7,7,7,0,0,7,7,0,0
POI-ID-bcafc0b7,1,1,1,0,0,1,1,0,0
POI-ID-c03a1237,1,1,1,0,0,1,1,0,0
POI-ID-7d9eda50,1,1,1,0,0,1,1,0,0
POI-ID-c4735216,2,2,2,0,0,2,2,0,0
POI-ID-98a87d31,1,1,1,0,0,1,1,0,0
POI-ID-b1e541ff,11,11,7,4,0,7,7,0,0
POI-ID-2171aa20,2,2,2,0,0,2,2,0,0
POI-ID-8f85e34f,1,1,1,0,0,1,1,0,0
POI-ID-b29a4fc7,1,1,1,0,0,1,1,0,0
POI-ID-06630962,1,1,1,0,0,1,1,0,0
POI-ID-fc41c04a,3,3,3,0,0,3,3,0,0
POI-ID-fb680aff,1,1,1,0,0,1,1,0,0
POI-ID-82cb56f9,2,2,2,0,0,2,2,0,0
POI-ID-2dc669a0,1,1,1,0,0,1,1,0,0
POI-ID-8491166c,1,1,1,0,0,1,1,0,0
POI-ID-d9826687,4,4,2,1,1,2,2,0,0
POI-ID-caef3ab5,1,1,1,0,0,1,1,0,0
POI-ID-6d1188f9,1,1,1,0,0,1,1,0,0
POI-ID-006721fa,1,1,1,0,0,1,1,0,0
POI-ID-190b2825,1,1,1,0,0,1,1,0,0
POI-ID-fab5dd8b,6,6,5,1,0,5,5,0,0
POI-ID-547e9cc5,1,1,1,0,0,1,1,0,0
POI-ID-7558876c,3,3,3,0,0,3,3,0,0
POI-ID-dd80f32f,2,2,2,0,0,2,2,0,0
POI-ID-dbf36939,1,1,1,0,0,1,1,0,0
POI-ID-986169ee,2,2,2,0,0,2,2,0,0
POI-ID-00297df0,19,19,11,5,3,1,1,0,0
POI-ID-92e27668,2,2,2,0,0,2,2,0,0
POI-ID-3b54961a,1,1,1,0,0,1,1,0,0
POI-ID-22657f6a,1,1,1,0,0,1,1,0,0
POI-ID-95833141,3,3,2,1,0,2,2,0,0
POI-ID-adfb11e2,2,2,2,0,0,2,2,0,0
POI-ID-2609a62c,4,4,4,0,0,4,4,0,0
POI-ID-166d9d33,1,1,1,0,0,1,1,0,0
POI-ID-06f10523,1,1,1,0,0,1,1,0,0
POI-ID-9d467576,1,1,1,0,0,1,1,0,0
POI-ID-ca62a447,3,3,3,0,0,3,3,0,0
POI-ID-b8a6ece6,1,1,1,0,0,1,1,0,0
POI-ID-5db81c9f,1,1,1,0,0,1,1,0,0
POI-ID-2bfe43ea,1,1,1,0,0,1,1,0,0
POI-ID-8131eb0f,3,3,2,1,0,2,2,0,0
POI-ID-d1ee5e27,2,2,1,1,0,1,1,0,0
POI-ID-54d20cfe,4,4,3,1,0,3,3,0,0
POI-ID-b3f2877b,9,9,6,2,1,5,5,0,0
POI-ID-995b705d,2,2,2,0,0,2,2,0,0
POI-ID-8f309710,1,1,1,0,0,1,1,0,0
POI-ID-b92d2946,3,3,1,1,1,1,1,0,0
POI-ID-c257aae7,10,10,6,3,1,1,1,0,0
POI-ID-d9769b22,3,3,1,1,1,1,1,0,0
POI-ID-dec7d06c,1,1,1,0,0,1,1,0,0
POI-ID-5c4a3946,6,6,4,1,1,2,2,0,0
POI-ID-d71f4488,1,1,1,0,0,1,1,0,0
POI-ID-2312f24f,1,1,1,0,0,1,1,0,0
POI-ID-59371e2a,1,1,1,0,0,1,1,0,0
POI-ID-41e455a2,2,2,2,0,0,2,2,0,0
POI-ID-47e3fa12,1,1,1,0,0,1,1,0,0
POI-ID-e52faafa,3,3,1,1,1,1,1,0,0
POI-ID-458231b4,1,1,1,0,0,1,1,0,0
POI-ID-6966cddf,4,4,2,1,1,1,1,0,0
POI-ID-5ccb4d05,5,5,5,0,0,5,5,0,0
POI-ID-54e44c1f,1,1,1,0,0,1,1,0,0
POI-ID-b52da703,13,13,8,3,2,2,2,0,0
POI-ID-9c7af8ee,1,1,1,0,0,1,1,0,0
POI-ID-a2a50443,3,3,3,0,0,3,3,0,0
POI-ID-a9b8c172,2,2,2,0,0,2,2,0,0
POI-ID-3b6624df,1,1,1,0,0,1,1,0,0
POI-ID-150cfb37,2,2,2,0,0,2,2,0,0
POI-ID-bd183810,4,4,4,0,0,4,4,0,0
POI-ID-593009e9,5,5,5,0,0,5,5,0,0
POI-ID-c10701af,3,3,3,0,0,3,3,0,0
POI-ID-1aed59b5,3,3,3,0,0,3,3,0,0
POI-ID-5dcfd5bf,3,3,2,1,0,2,2,0,0
POI-ID-0ddc8b17,3,3,1,1,1,1,1,0,0
POI-ID-5f4e6bc4,1,1,1,0,0,1,1,0,0
POI-ID-01441960,3,3,1,1,1,1,1,0,0
POI-ID-c0483eda,1,1,1,0,0,1,1,0,0
POI-ID-6bb8df5b,6,6,6,0,0,6,6,0,0
POI-ID-6f56a79d,1,1,1,0,0,1,1,0,0
POI-ID-e0ec4044,1,1,1,0,0,1,1,0,0
POI-ID-25cc4b1c,1,1,1,0,0,1,1,0,0
POI-ID-365b9b7a,1,1,1,0,0,1,1,0,0
POI-ID-15249b80,1,1,1,0,0,1,1,0,0
POI-ID-7f6ef5df,9,9,6,1,2,4,4,0,0
POI-ID-330cefca,1,1,1,0,0,1,1,0,0
POI-ID-65fcad47,1,1,1,0,0,1,1,0,0
POI-ID-7becee16,1,1,1,0,0,1,1,0,0
POI-ID-c55e040e,1,1,1,0,0,1,1,0,0
POI-ID-17bd603b,2,2,2,0,0,2,2,0,0
POI-ID-ef872300,4,4,4,0,0,4,4,0,0
POI-ID-59d6537a,1,1,1,0,0,1,1,0,0
POI-ID-2fc032e9,6,6,4,1,1,3,3,0,0
POI-ID-6f60f7cd,3,3,3,0,0,3,3,0,0
POI-ID-dec90b64,1,1,1,0,0,1,1,0,0
POI-ID-9527c252,2,2,1,1,0,1,1,0,0
POI-ID-07961653,1,1,1,0,0,1,1,0,0
POI-ID-08bc9bd6,16,16,10,4,2,3,3,0,0
POI-ID-47efcc4f,1,1,1,0,0,1,1,0,0
POI-ID-d0010f1d,3,3,1,1,1,1,1,0,0
POI-ID-a816bc2c,1,1,1,0,0,1,1,0,0
POI-ID-69776f63,19,19,11,5,3,1,1,0,0
POI-ID-21326027,9,9,5,2,2,4,4,0,0
POI-ID-d340712e,3,3,3,0,0,3,3,0,0
POI-ID-9c41642f,1,1,1,0,0,1,1,0,0
POI-ID-e2cff73b,1,1,1,0,0,1,1,0,0
POI-ID-a8471c88,4,4,3,1,0,3,3,0,0
POI-ID-4bda0d85,1,1,1,0,0,1,1,0,0
POI-ID-73db88e3,1,1,1,0,0,1,1,0,0
POI-ID-c923c3fa,2,2,1,1,0,1,1,0,0
POI-ID-fd3e013e,5,5,3,1,1,2,2,0,0
POI-ID-2d5e0945,3,3,1,1,1,1,1,0,0
POI-ID-42005774,2,2,2,0,0,2,2,0,0
POI-ID-f1dba07e,2,2,1,1,0,1,1,0,0
POI-ID-5cfcdbb6,1,1,1,0,0,1,1,0,0
POI-ID-557e32fd,1,1,1,0,0,1,1,0,0
POI-ID-96ec311a,1,1,1,0,0,1,1,0,0
POI-ID-8928fcee,2,2,2,0,0,2,2,0,0
POI-ID-e7a1d078,1,1,1,0,0,1,1,0,0
POI-ID-16c15a94,1,1,1,0,0,1,1,0,0
POI-ID-cb189f43,1,1,1,0,0,1,1,0,0
POI-ID-55388a28,1,1,1,0,0,1,1,0,0
POI-ID-5881f4fe,2,2,2,0,0,2,2,0,0
POI-ID-b360029b,1,1,1,0,0,1,1,0,0
POI-ID-84a86d27,2,2,1,1,0,1,1,0,0
POI-ID-f0b6efb4,1,1,1,0,0,1,1,0,0
POI-ID-38b65aa6,5,5,4,1,0,4,4,0,0
POI-ID-b030f14a,3,3,1,1,1,1,1,0,0
POI-ID-64d6fcf3,1,1,1,0,0,1,1,0,0
POI-ID-d3d73ef9,5,5,4,1,0,4,4,0,0
POI-ID-b087bc1b,1,1,1,0,0,1,1,0,0
POI-ID-17ae7de1,2,2,1,1,0,1,1,0,0
POI-ID-c378ce13,2,2,2,0,0,2,2,0,0
POI-ID-754a8456,1,1,1,0,0,1,1,0,0
POI-ID-7c07704f,1,1,1,0,0,1,1,0,0
POI-ID-ba4d34a6,3,3,1,1,1,1,1,0,0
POI-ID-59eb8ed7,2,2,2,0,0,2,2,0,0
POI-ID-2fca709e,3,3,2,1,0,2,2,0,0
POI-ID-28c49ae2,2,2,2,0,0,2,2,0,0
POI-ID-677c0f25,1,1,1,0,0,1,1,0,0
POI-ID-75b70b5c,1,1,1,0,0,1,1,0,0
POI-ID-028faac4,1,1,1,0,0,1,1,0,0
POI-ID-e11a6a7f,4,4,3,1,0,3,3,0,0
POI-ID-a6ae521f,1,1,1,0,0,1,1,0,0
POI-ID-ea648710,2,2,2,0,0,2,2,0,0
POI-ID-ea6c44e3,4,4,2,1,1,2,2,0,0
POI-ID-b74885dd,3,3,3,0,0,3,3,0,0
POI-ID-90e7aad0,1,1,1,0,0,1,1,0,0
POI-ID-cb5a200e,1,1,1,0,0,1,1,0,0
POI-ID-234700aa,1,1,1,0,0,1,1,0,0
POI-ID-f1e8dd51,1,1,1,0,0,1,1,0,0
POI-ID-b050de05,1,1,1,0,0,1,1,0,0
POI-ID-ff9ee55c,5,5,3,1,1,2,2,0,0
POI-ID-24d9509b,46,46,28,13,5,3,3,0,0
POI-ID-dd038ffc,1,1,1,0,0,1,1,0,0
POI-ID-c1f6539e,1,1,1,0,0,1,1,0,0
POI-ID-ff015f42,1,1,1,0,0,1,1,0,0
POI-ID-f13c1560,1,1,1,0,0,1,1,0,0
POI-ID-7b7081c1,1,1,1,0,0,1,1,0,0
POI-ID-a8efb39a,1,1,1,0,0,1,1,0,0
POI-ID-9c8fd413,1,1,1,0,0,1,1,0,0
POI-ID-9cf7f071,1,1,1,0,0,1,1,0,0
POI-ID-77ae50e0,1,1,1,0,0,1,1,0,0
POI-ID-80651cba,2,2,1,1,0,1,1,0,0
POI-ID-65e9e348,1,1,1,0,0,1,1,0,0
POI-ID-cc26dd40,1,1,1,0,0,1,1,0,0
POI-ID-17d94f75,1,1,1,0,0,1,1,0,0
POI-ID-ef3dba36,3,3,3,0,0,3,3,0,0
POI-ID-92411176,4,4,2,1,1,2,2,0,0
POI-ID-0d18cbc8,1,1,1,0,0,1,1,0,0
POI-ID-775cdeb0,1,1,1,0,0,1,1,0,0
POI-ID-5fe49685,1,1,1,0,0,1,1,0,0
POI-ID-a0751f8a,5,5,3,1,1,3,3,0,0
POI-ID-d6d6adad,1,1,1,0,0,1,1,0,0
POI-ID-15ee3d91,1,1,1,0,0,1,1,0,0
POI-ID-cdecc908,3,3,3,0,0,3,3,0,0
POI-ID-40a9723e,1,1,1,0,0,1,1,0,0
POI-ID-f1ed6bde,1,1,1,0,0,1,1,0,0
POI-ID-af1e3d47,1,1,1,0,0,1,1,0,0
POI-ID-34ea2c0f,1,1,1,0,0,1,1,0,0
POI-ID-91dbe08d,1,1,1,0,0,1,1,0,0
POI-ID-8f41c57d,1,1,1,0,0,1,1,0,0
POI-ID-44675a9a,2,2,2,0,0,2,2,0,0
POI-ID-28a7fb41,1,1,1,0,0,1,1,0,0
POI-ID-bdb0f1d6,2,2,2,0,0,2,2,0,0
POI-ID-b9e11345,1,1,1,0,0,1,1,0,0
POI-ID-6519d6e7,2,2,2,0,0,2,2,0,0
POI-ID-cf85b191,6,6,4,1,1,4,4,0,0
POI-ID-678d087c,1,1,1,0,0,1,1,0,0
POI-ID-cc8588d3,1,1,1,0,0,1,1,0,0
POI-ID-24183cd7,1,1,1,0,0,1,1,0,0
POI-ID-ecd3428a,1,1,1,0,0,1,1,0,0
POI-ID-6b51335e,1,1,1,0,0,1,1,0,0
POI-ID-7a57dbdb,1,1,1,0,0,1,1,0,0
POI-ID-61234b81,1,1,1,0,0,1,1,0,0
POI-ID-ae33e84e,10,10,7,1,2,7,7,0,0
POI-ID-21abd25e,1,1,1,0,0,1,1,0,0
POI-ID-9d5f8fc2,2,2,2,0,0,2,2,0,0
POI-ID-f3f75832,7,7,4,2,1,1,1,0,0
POI-ID-71a3062b,3,3,2,0,1,2,2,0,0
POI-ID-83e79c98,1,1,1,0,0,1,1,0,0
POI-ID-56d7e7ce,6,6,6,0,0,6,6,0,0
POI-ID-5b951d61,1,1,1,0,0,1,1,0,0
POI-ID-644eddf2,1,1,1,0,0,1,1,0,0
POI-ID-97fc680d,1,1,1,0,0,1,1,0,0
POI-ID-80e5587b,2,2,2,0,0,2,2,0,0
POI-ID-d41064e2,1,1,1,0,0,1,1,0,0
POI-ID-258e8e16,1,1,1,0,0,1,1,0,0
POI-ID-d8b47958,1,1,1,0,0,1,1,0,0
POI-ID-32e1bce9,1,1,1,0,0,1,1,0,0
POI-ID-16434d77,1,1,1,0,0,1,1,0,0
POI-ID-40169afd,1,1,1,0,0,1,1,0,0
POI-ID-3a4e27f5,1,1,1,0,0,1,1,0,0
POI-ID-f8a54328,1,1,1,0,0,1,1,0,0
POI-ID-dc8cf111,3,3,1,1,1,1,1,0,0
POI-ID-f8c9d598,1,1,1,0,0,1,1,0,0
POI-ID-aaeafd30,1,1,1,0,0,1,1,0,0
POI-ID-8b1b3545,3,3,1,1,1,1,1,0,0
POI-ID-d4a88f97,1,1,1,0,0,1,1,0,0
POI-ID-14dba23d,11,11,6,3,2,1,1,0,0
POI-ID-32373830,2,2,1,1,0,1,1,0,0
POI-ID-efdb0bdc,6,6,5,1,0,5,5,0,0
POI-ID-5f315118,1,1,1,0,0,1,1,0,0
POI-ID-8d641736,1,1,1,0,0,1,1,0,0
POI-ID-7ca1a926,2,2,2,0,0,2,2,0,0
POI-ID-cf06d963,1,1,1,0,0,1,1,0,0
POI-ID-5d3e4157,1,1,1,0,0,1,1,0,0
POI-ID-5cf7d9f5,4,4,3,0,1,4,4,0,0
POI-ID-eb934df8,2,2,2,0,0,2,2,0,0
POI-ID-6e21e34b,3,3,3,0,0,3,3,0,0
POI-ID-4a46c528,1,1,1,0,0,1,1,0,0
POI-ID-de07b53f,1,1,1,0,0,1,1,0,0
POI-ID-513e9cc0,12,12,7,2,3,4,4,0,0
POI-ID-03ad1fb8,1,1,1,0,0,1,1,0,0
POI-ID-62a13b46,2,2,2,0,0,2,2,0,0
POI-ID-a706a8e7,1,1,0,0,1,1,1,0,0
POI-ID-33b89b16,2,2,2,0,0,2,2,0,0
POI-ID-993fd6e0,2,2,2,0,0,2,2,0,0
POI-ID-c3fea430,1,1,1,0,0,1,1,0,0
POI-ID-13a20e65,1,1,1,0,0,1,1,0,0
POI-ID-10c80cc5,1,1,1,0,0,1,1,0,0
POI-ID-81758410,1,1,1,0,0,1,1,0,0
POI-ID-f487b543,1,1,1,0,0,1,1,0,0
POI-ID-76bfc064,3,3,3,0,0,3,3,0,0
POI-ID-aa028adb,1,1,1,0,0,1,1,0,0
POI-ID-32b0013e,2,2,2,0,0,2,2,0,0
POI-ID-7e727ac1,8,8,4,2,2,4,4,0,0
POI-ID-4d6b3662,1,1,1,0,0,1,1,0,0
POI-ID-dc3783f3,2,2,2,0,0,2,2,0,0
POI-ID-4807ef47,1,1,1,0,0,1,1,0,0
POI-ID-d96d010e,2,2,2,0,0,2,2,0,0
POI-ID-b4c5accf,1,1,1,0,0,1,1,0,0
POI-ID-078ffb61,1,1,1,0,0,1,1,0,0
POI-ID-adb2c434,1,1,1,0,0,1,1,0,0
POI-ID-1c9174c9,1,1,1,0,0,1,1,0,0
POI-ID-cd8ce155,2,2,1,1,0,1,1,0,0
POI-ID-9c34ff81,1,1,1,0,0,1,1,0,0
POI-ID-81d0bb67,1,1,1,0,0,1,1,0,0
POI-ID-83211ca0,3,3,3,0,0,3,3,0,0
POI-ID-70f6266c,3,3,2,1,0,2,2,0,0
POI-ID-94349c01,1,1,1,0,0,1,1,0,0
POI-ID-b7e87756,2,2,2,0,0,2,2,0,0
POI-ID-3abb6370,4,4,2,1,1,2,2,0,0
POI-ID-f592618e,1,1,1,0,0,1,1,0,0
POI-ID-a639efb3,2,2,2,0,0,2,2,0,0
POI-ID-b8f2d526,2,2,2,0,0,2,2,0,0
POI-ID-e5918512,8,8,7,1,0,7,7,0,0
POI-ID-da13f27d,4,4,4,0,0,4,4,0,0
POI-ID-199336a1,2,2,2,0,0,2,2,0,0
POI-ID-ef17e801,1,1,1,0,0,1,1,0,0
POI-ID-62fb0337,2,2,2,0,0,2,2,0,0
POI-ID-f2da4817,2,2,2,0,0,2,2,0,0
POI-ID-4350c873,1,1,1,0,0,1,1,0,0
POI-ID-ed4d882c,4,4,2,1,1,2,2,0,0
POI-ID-2f5ac464,2,2,2,0,0,2,2,0,0
POI-ID-a9126104,1,1,1,0,0,1,1,0,0
POI-ID-5e9c2a5c,1,1,1,0,0,1,1,0,0
POI-ID-cdad248b,1,1,1,0,0,1,1,0,0
POI-ID-8ad4fceb,1,1,1,0,0,1,1,0,0
POI-ID-59cf16e0,1,1,1,0,0,1,1,0,0
POI-ID-9234af71,1,1,1,0,0,1,1,0,0
POI-ID-b1e31a4b,2,2,1,1,0,1,1,0,0
POI-ID-48dc7d96,2,2,2,0,0,2,2,0,0
POI-ID-033348b9,1,1,1,0,0,1,1,0,0
POI-ID-7a7bb70d,2,2,2,0,0,2,2,0,0
POI-ID-f1b17680,1,1,1,0,0,1,1,0,0
POI-ID-e8a9c177,1,1,1,0,0,1,1,0,0
POI-ID-00770aaf,3,3,3,0,0,3,3,0,0
POI-ID-397c90b4,1,1,1,0,0,1,1,0,0
POI-ID-ea8042a3,1,1,1,0,0,1,1,0,0
POI-ID-de14d914,1,1,1,0,0,1,1,0,0
POI-ID-a14b1906,1,1,1,0,0,1,1,0,0
POI-ID-638311c0,1,1,1,0,0,1,1,0,0
POI-ID-453c4bf3,1,1,1,0,0,1,1,0,0
POI-ID-aeea4c62,2,2,1,1,0,1,1,0,0
POI-ID-d2dd5d63,1,1,1,0,0,1,1,0,0
POI-ID-a0c71d13,1,1,1,0,0,1,1,0,0
POI-ID-9dc77830,2,2,2,0,0,2,2,0,0
POI-ID-ac0c5578,2,2,2,0,0,2,2,0,0
POI-ID-50fb3297,3,3,3,0,0,3,3,0,0
POI-ID-956c3e02,1,1,1,0,0,1,1,0,0
POI-ID-5a1fa0d8,2,2,2,0,0,2,2,0,0
POI-ID-84997f67,28,28,18,7,3,5,5,0,0
POI-ID-b9e95559,1,1,1,0,0,1,1,0,0
POI-ID-6d77772d,1,1,1,0,0,1,1,0,0
POI-ID-235048d9,5,5,3,1,1,3,3,0,0
POI-ID-218ae45b,1,1,1,0,0,1,1,0,0
POI-ID-cb57d3e7,2,2,2,0,0,2,2,0,0
POI-ID-6a7d9c86,1,1,1,0,0,1,1,0,0
POI-ID-7fad4f18,2,2,1,1,0,1,1,0,0
POI-ID-a6fcd383,1,1,1,0,0,1,1,0,0
POI-ID-e5150b6c,1,1,1,0,0,1,1,0,0
POI-ID-02816615,1,1,1,0,0,1,1,0,0
POI-ID-d904f58f,1,1,1,0,0,1,1,0,0
POI-ID-943abc89,1,1,1,0,0,1,1,0,0
POI-ID-f50fef24,1,1,1,0,0,1,1,0,0
POI-ID-015a087d,1,1,1,0,0,1,1,0,0
POI-ID-fbbe9f2c,1,1,1,0,0,1,1,0,0
POI-ID-056e0057,5,5,3,1,1,1,1,0,0
POI-ID-8733caf4,1,1,1,0,0,1,1,0,0
POI-ID-d602d12a,2,2,2,0,0,2,2,0,0
POI-ID-039a4413,1,1,1,0,0,1,1,0,0
POI-ID-508682b2,1,1,1,0,0,1,1,0,0
POI-ID-e2060516,3,3,1,1,1,1,1,0,0
POI-ID-c12eacc2,1,1,1,0,0,1,1,0,0
POI-ID-054f1a96,2,2,1,1,0,1,1,0,0
POI-ID-e840ee47,1,1,1,0,0,1,1,0,0
POI-ID-c7864cc1,1,1,1,0,0,1,1,0,0
POI-ID-0c40cf42,1,1,1,0,0,1,1,0,0
POI-ID-9839b07e,1,1,1,0,0,1,1,0,0
POI-ID-649d7717,1,1,1,0,0,1,1,0,0
POI-ID-b2f9ac0c,1,1,1,0,0,1,1,0,0
POI-ID-cc59d089,3,3,3,0,0,3,3,0,0
POI-ID-0227bd29,1,1,1,0,0,1,1,0,0
POI-ID-6250735b,1,1,1,0,0,1,1,0,0
POI-ID-fd103fb4,1,1,1,0,0,1,1,0,0
POI-ID-fad8d508,1,1,1,0,0,1,1,0,0
POI-ID-c32ebe8a,1,1,1,0,0,1,1,0,0
POI-ID-aeff99cd,2,2,2,0,0,2,2,0,0
POI-ID-969b44b3,1,1,1,0,0,1,1,0,0
POI-ID-2f875140,3,2,2,0,0,3,2,-1,-1
POI-ID-231cb167,1,1,0,1,0,1,1,0,0
POI-ID-966b0a7b,1,1,1,0,0,1,1,0,0
POI-ID-bbadd34e,1,1,1,0,0,1,1,0,0
POI-ID-361ed1ae,1,1,1,0,0,1,1,0,0
POI-ID-3c198578,1,1,1,0,0,1,1,0,0
POI-ID-310982f6,3,3,2,1,0,2,2,0,0
POI-ID-d0725e0c,1,1,1,0,0,1,1,0,0
POI-ID-81d716eb,1,1,1,0,0,1,1,0,0
POI-ID-317abe6c,2,2,2,0,0,2,2,0,0
POI-ID-ebd81cd6,2,2,2,0,0,2,2,0,0
POI-ID-0f684412,2,2,2,0,0,2,2,0,0
POI-ID-d7e90e1a,1,1,1,0,0,1,1,0,0
POI-ID-eae0282d,2,2,2,0,0,2,2,0,0
POI-ID-5150fca1,3,3,3,0,0,3,3,0,0
POI-ID-5ec1799a,2,2,1,1,0,2,2,0,0
POI-ID-fb72b36a,1,1,1,0,0,1,1,0,0
POI-ID-0443b33b,2,2,2,0,0,2,2,0,0
POI-ID-23006c5c,2,2,1,1,0,1,1,0,0
POI-ID-d463bfcc,2,2,1,1,0,1,1,0,0
POI-ID-8657a584,3,3,3,0,0,3,3,0,0
POI-ID-5cf44a1f,1,1,1,0,0,1,1,0,0
POI-ID-bb6540e9,2,2,2,0,0,2,2,0,0
POI-ID-b0d3e365,2,2,2,0,0,2,2,0,0
POI-ID-2309b26f,3,3,2,1,0,2,2,0,0
POI-ID-d0a9a3db,3,3,3,0,0,3,3,0,0
POI-ID-8ea4262d,1,1,1,0,0,1,1,0,0
POI-ID-7fe7abed,2,2,2,0,0,2,2,0,0
POI-ID-a1a1031b,4,4,2,1,1,2,2,0,0
POI-ID-8b7c8ed2,3,3,1,1,1,1,1,0,0
POI-ID-1aebbe1c,1,1,1,0,0,1,1,0,0
POI-ID-e591ba5f,1,1,1,0,0,1,1,0,0
POI-ID-7b88faa4,1,1,1,0,0,1,1,0,0
POI-ID-c2a50b6c,2,2,2,0,0,2,2,0,0
POI-ID-d997256c,1,1,1,0,0,1,1,0,0
POI-ID-d52f44ef,1,1,1,0,0,1,1,0,0
POI-ID-8a206a87,1,1,1,0,0,1,1,0,0
POI-ID-169a6fbe,2,2,1,1,0,1,1,0,0
POI-ID-10640032,1,1,1,0,0,1,1,0,0
POI-ID-234f04a7,1,1,1,0,0,1,1,0,0
POI-ID-274c8f1f,1,1,1,0,0,1,1,0,0
POI-ID-bc8a8e54,4,4,4,0,0,4,4,0,0
POI-ID-b72f8a1d,1,1,1,0,0,1,1,0,0
POI-ID-e9aac476,2,2,2,0,0,2,2,0,0
POI-ID-67b2ceab,1,1,1,0,0,1,1,0,0
POI-ID-90b46ca6,3,3,2,1,0,2,2,0,0
POI-ID-ce1ff5ba,2,2,2,0,0,2,2,0,0
POI-ID-d61b4f53,1,1,1,0,0,1,1,0,0
POI-ID-3a6b89f6,1,1,1,0,0,1,1,0,0
POI-ID-ceba99e1,1,1,1,0,0,1,1,0,0
POI-ID-42308fb8,1,1,1,0,0,1,1,0,0
POI-ID-ee713197,1,1,1,0,0,1,1,0,0
POI-ID-ec05c87e,1,1,1,0,0,1,1,0,0
POI-ID-b3e0b1e6,5,5,4,1,0,4,4,0,0
POI-ID-283ee298,7,7,7,0,0,7,7,0,0
POI-ID-cb90fd3b,4,4,4,0,0,4,4,0,0
POI-ID-7b1ae466,12,12,7,3,2,3,3,0,0
POI-ID-8b0db64e,1,1,1,0,0,1,1,0,0
POI-ID-6d1e9819,1,1,1,0,0,1,1,0,0
POI-ID-6d4ae72e,1,1,1,0,0,1,1,0,0
POI-ID-a5d785b7,1,1,1,0,0,1,1,0,0
POI-ID-e5e4df05,1,1,1,0,0,1,1,0,0
POI-ID-3b7dbc0d,1,1,1,0,0,1,1,0,0
POI-ID-6488cf2f,1,1,1,0,0,1,1,0,0
POI-ID-92ff412a,2,1,1,0,0,2,1,-1,-1
POI-ID-5b1b60e6,2,2,2,0,0,2,2,0,0
POI-ID-d4d90f1b,2,2,2,0,0,2,2,0,0
POI-ID-db20deda,1,1,1,0,0,1,1,0,0
POI-ID-ab358edb,2,2,1,1,0,1,1,0,0
POI-ID-26c1990c,1,1,1,0,0,1,1,0,0
POI-ID-6ede0f46,2,2,1,1,0,1,1,0,0
POI-ID-42d80427,2,2,2,0,0,2,2,0,0
POI-ID-bd6b2a06,1,1,1,0,0,1,1,0,0
POI-ID-bc032f43,1,1,1,0,0,1,1,0,0
POI-ID-9a377ffd,1,1,1,0,0,1,1,0,0
POI-ID-31522219,5,5,3,1,1,3,3,0,0
POI-ID-0beb5522,1,1,1,0,0,1,1,0,0
POI-ID-73b82430,1,1,1,0,0,1,1,0,0
POI-ID-f9ac3617,1,1,1,0,0,1,1,0,0
POI-ID-32ad6758,1,1,1,0,0,1,1,0,0
POI-ID-2b1fc813,2,2,2,0,0,2,2,0,0
POI-ID-34be0131,5,5,5,0,0,5,5,0,0
POI-ID-9756be93,1,1,1,0,0,1,1,0,0
POI-ID-f6d8fdac,1,1,1,0,0,1,1,0,0
POI-ID-6cdc343f,2,2,1,0,1,1,1,0,0
POI-ID-98d49632,1,1,1,0,0,1,1,0,0
POI-ID-e14cdb53,4,4,3,1,0,3,3,0,0
POI-ID-3e30f736,1,1,1,0,0,1,1,0,0
POI-ID-30946b2d,1,1,1,0,0,1,1,0,0
POI-ID-2d6c4c78,1,1,1,0,0,1,1,0,0
POI-ID-28a8e665,1,1,1,0,0,1,1,0,0
POI-ID-709d94dc,1,1,1,0,0,1,1,0,0
POI-ID-f55741ba,1,1,1,0,0,1,1,0,0
POI-ID-88e2e073,2,2,2,0,0,2,2,0,0
POI-ID-9b436d42,1,1,1,0,0,1,1,0,0
POI-ID-fb087278,5,5,5,0,0,5,5,0,0
POI-ID-c34e3980,7,7,5,1,1,5,5,0,0
POI-ID-8904a54e,1,1,1,0,0,1,1,0,0
POI-ID-2c5d9004,1,1,1,0,0,1,1,0,0
POI-ID-48636a3b,1,1,1,0,0,1,1,0,0
POI-ID-5c0e1b94,4,4,4,0,0,4,4,0,0
POI-ID-eda63fa1,3,3,3,0,0,3,3,0,0
POI-ID-cf11819d,1,1,1,0,0,1,1,0,0
POI-ID-46de8f3c,1,1,1,0,0,1,1,0,0
POI-ID-572b1121,1,1,1,0,0,1,1,0,0
POI-ID-2d13f592,1,1,1,0,0,1,1,0,0
POI-ID-04fcba04,1,1,1,0,0,1,1,0,0
POI-ID-043ed466,6,6,3,2,1,2,2,0,0
POI-ID-52025bca,15,15,9,4,2,1,1,0,0
POI-ID-cb5c7bad,1,1,1,0,0,1,1,0,0
POI-ID-51ab9b06,3,3,1,1,1,1,1,0,0
POI-ID-337aa7ae,1,1,1,0,0,1,1,0,0
POI-ID-745feecb,2,2,1,1,0,1,1,0,0
POI-ID-1985b892,2,2,1,1,0,1,1,0,0
POI-ID-3e5836cb,3,3,3,0,0,3,3,0,0
POI-ID-36dc5a31,9,9,6,1,2,6,6,0,0
POI-ID-3882f0c0,1,1,1,0,0,1,1,0,0
POI-ID-d0e837bc,1,1,1,0,0,1,1,0,0
POI-ID-3694c4ba,4,4,3,1,0,3,3,0,0
POI-ID-0ad91a32,9,9,6,2,1,5,5,0,0
POI-ID-7d384735,8,8,7,1,0,7,7,0,0
POI-ID-3bf1ee42,1,1,1,0,0,1,1,0,0
POI-ID-01abfbdc,9,9,8,1,0,8,8,0,0
POI-ID-d7c0819b,1,1,1,0,0,1,1,0,0
POI-ID-df63eac3,1,1,1,0,0,1,1,0,0
POI-ID-7e204d74,2,2,1,1,0,1,1,0,0
POI-ID-34549176,2,2,2,0,0,2,2,0,0
POI-ID-560493a9,3,3,3,0,0,3,3,0,0
POI-ID-b460d96b,1,1,1,0,0,1,1,0,0
POI-ID-189ab8fc,1,1,1,0,0,1,1,0,0
POI-ID-86545f55,5,5,4,1,0,4,4,0,0
POI-ID-9a13b75d,9,9,5,2,2,2,2,0,0
POI-ID-3c613d7b,2,2,2,0,0,2,2,0,0
POI-ID-76e1f9e0,6,6,6,0,0,6,6,0,0
POI-ID-768b1e70,3,3,3,0,0,3,3,0,0
POI-ID-904f24ca,1,1,1,0,0,1,1,0,0
POI-ID-564175c9,1,1,1,0,0,1,1,0,0
POI-ID-ce6f03cf,4,4,2,1,1,2,2,0,0
POI-ID-63427312,1,1,1,0,0,1,1,0,0
POI-ID-d511dc9f,1,1,1,0,0,1,1,0,0
POI-ID-097953b2,1,1,1,0,0,1,1,0,0
POI-ID-049166c6,1,1,1,0,0,1,1,0,0
POI-ID-aede6643,7,7,5,2,0,5,5,0,0
POI-ID-913882ab,2,2,2,0,0,2,2,0,0
POI-ID-d14893d1,1,1,1,0,0,1,1,0,0
POI-ID-329e3ad2,1,1,1,0,0,1,1,0,0
POI-ID-1e4bf45b,1,1,1,0,0,1,1,0,0
POI-ID-62c51c54,6,6,5,1,0,5,5,0,0
POI-ID-040652f6,2,2,1,1,0,1,1,0,0
POI-ID-e17237d5,1,1,1,0,0,1,1,0,0
POI-ID-deb4fc64,4,4,4,0,0,4,4,0,0
POI-ID-61b75185,2,2,2,0,0,2,2,0,0
POI-ID-579a4b68,2,2,2,0,0,2,2,0,0
POI-ID-8357ee86,1,1,1,0,0,1,1,0,0
POI-ID-903ca53c,1,1,1,0,0,1,1,0,0
POI-ID-f6e1ca35,3,3,2,1,0,2,2,0,0
POI-ID-186c6a9e,1,1,1,0,0,1,1,0,0
POI-ID-48ed9c77,1,1,1,0,0,1,1,0,0
POI-ID-d9f3b979,1,1,1,0,0,1,1,0,0
POI-ID-20b2a7af,3,3,3,0,0,3,3,0,0
POI-ID-fd032538,2,2,2,0,0,2,2,0,0
POI-ID-f8f32bfe,1,1,1,0,0,1,1,0,0
POI-ID-d2ac69d6,4,4,2,1,1,2,2,0,0
POI-ID-005fa873,1,1,1,0,0,1,1,0,0
POI-ID-38956774,1,1,1,0,0,1,1,0,0
POI-ID-b814e49c,1,1,1,0,0,1,1,0,0
POI-ID-ef85bf72,1,1,1,0,0,1,1,0,0
POI-ID-caf7c041,5,5,3,1,1,3,3,0,0
POI-ID-159758a8,2,2,2,0,0,2,2,0,0
POI-ID-c999fe44,24,24,14,6,4,4,4,0,0
POI-ID-397de67d,1,1,1,0,0,1,1,0,0
POI-ID-2aa75a61,2,2,2,0,0,2,2,0,0
POI-ID-a1c4c00d,7,7,5,2,0,5,5,0,0
POI-ID-ccf35545,3,3,3,0,0,3,3,0,0
POI-ID-6d149167,33,33,19,9,5,1,1,0,0
POI-ID-8ef389dc,3,3,3,0,0,3,3,0,0
POI-ID-b6e94ec0,1,1,1,0,0,1,1,0,0
POI-ID-e8be15d5,1,1,1,0,0,1,1,0,0
POI-ID-9686ed3f,1,1,1,0,0,1,1,0,0
POI-ID-ab8a2260,1,1,1,0,0,1,1,0,0
POI-ID-505f7cf1,2,2,2,0,0,2,2,0,0
POI-ID-4d7d7002,1,1,1,0,0,1,1,0,0
POI-ID-ed770002,1,1,1,0,0,1,1,0,0
POI-ID-c911b7af,1,1,1,0,0,1,1,0,0
POI-ID-ced5c589,1,1,1,0,0,1,1,0,0
POI-ID-223ba0d4,5,5,3,1,1,1,1,0,0
POI-ID-1f100a3d,1,1,1,0,0,1,1,0,0
POI-ID-09023669,2,2,2,0,0,2,2,0,0
POI-ID-4dcbbe18,2,2,2,0,0,2,2,0,0
POI-ID-77562980,2,2,2,0,0,2,2,0,0
POI-ID-d5c49127,4,4,2,1,1,2,2,0,0
POI-ID-86fc7ec4,1,1,1,0,0,1,1,0,0
POI-ID-35bb0aa8,1,1,1,0,0,1,1,0,0
POI-ID-932a3e70,9,6,3,1,2,2,1,-3,-1
POI-ID-c4b45f8f,1,1,1,0,0,1,1,0,0
POI-ID-ab1906f7,1,1,1,0,0,1,1,0,0
POI-ID-5c80b02f,2,2,1,1,0,1,1,0,0
POI-ID-a75e0cc2,1,1,1,0,0,1,1,0,0
POI-ID-88cdf43e,1,1,1,0,0,1,1,0,0
POI-ID-f74e8bb9,3,3,3,0,0,3,3,0,0
POI-ID-ad2fc05c,1,1,1,0,0,1,1,0,0
POI-ID-38a3c632,1,1,1,0,0,1,1,0,0
POI-ID-497988e8,1,1,1,0,0,1,1,0,0
POI-ID-b2d25848,2,2,2,0,0,2,2,0,0
POI-ID-b28b8c69,1,1,1,0,0,1,1,0,0
POI-ID-f1c138d8,4,4,3,1,0,3,3,0,0
POI-ID-574a31a8,1,1,1,0,0,1,1,0,0
POI-ID-98828599,2,2,2,0,0,2,2,0,0
POI-ID-cbf7259a,1,1,1,0,0,1,1,0,0
POI-ID-3a60b14c,1,1,1,0,0,1,1,0,0
POI-ID-8a414136,1,1,1,0,0,1,1,0,0
POI-ID-038bbf26,1,1,1,0,0,1,1,0,0
POI-ID-a8015b98,4,4,3,1,0,3,3,0,0
POI-ID-5554e99d,3,3,1,1,1,1,1,0,0
POI-ID-ed6730eb,2,2,2,0,0,2,2,0,0
POI-ID-1f51936b,3,3,1,1,1,1,1,0,0
POI-ID-c58c41fa,3,3,1,1,1,1,1,0,0
POI-ID-e5b19302,2,2,2,0,0,2,2,0,0
POI-ID-2ae0ca8a,1,1,1,0,0,1,1,0,0
POI-ID-8a819176,4,4,4,0,0,4,4,0,0
POI-ID-ab338506,1,1,1,0,0,1,1,0,0
POI-ID-b5b46d77,1,1,1,0,0,1,1,0,0
POI-ID-688c242c,1,1,1,0,0,1,1,0,0
POI-ID-5ab26db6,1,1,1,0,0,1,1,0,0
POI-ID-f4161138,1,1,1,0,0,1,1,0,0
POI-ID-2599d3cb,1,1,1,0,0,1,1,0,0
POI-ID-e557ebb4,4,4,4,0,0,4,4,0,0
POI-ID-66bba1c4,2,2,1,1,0,1,1,0,0
POI-ID-e6a49f3f,1,1,1,0,0,1,1,0,0
POI-ID-2b143370,7,7,6,1,0,6,6,0,0
POI-ID-9663ec4e,2,2,2,0,0,2,2,0,0
POI-ID-3302a50d,6,6,4,1,1,3,3,0,0
POI-ID-4cd357b6,3,3,2,1,0,2,2,0,0
POI-ID-990e03a8,1,1,1,0,0,1,1,0,0
POI-ID-2815abe4,1,1,1,0,0,1,1,0,0
POI-ID-f10d55be,3,3,2,1,0,2,2,0,0
POI-ID-0914b27a,2,2,1,1,0,1,1,0,0
POI-ID-cba9b4d9,5,5,5,0,0,5,5,0,0
POI-ID-1e307feb,3,3,2,1,0,2,2,0,0
POI-ID-bcce5917,2,2,1,1,0,1,1,0,0
POI-ID-9b49415f,1,1,1,0,0,1,1,0,0
POI-ID-8a7c1e54,12,12,9,2,1,6,6,0,0
POI-ID-671119af,7,7,4,3,0,4,4,0,0
POI-ID-2cf45f71,1,1,1,0,0,1,1,0,0
POI-ID-241a5d82,2,2,1,1,0,1,1,0,0
POI-ID-ab789f3a,11,11,6,2,3,4,4,0,0
POI-ID-7580643c,2,2,1,1,0,1,1,0,0
POI-ID-87848d4d,2,2,2,0,0,2,2,0,0
POI-ID-76055ce2,1,1,1,0,0,1,1,0,0
POI-ID-91589a32,2,2,1,1,0,1,1,0,0
POI-ID-a5f9563c,2,2,1,1,0,1,1,0,0
POI-ID-3e655689,1,1,1,0,0,1,1,0,0
POI-ID-a8881690,1,1,1,0,0,1,1,0,0
POI-ID-f9786d22,1,1,1,0,0,1,1,0,0
POI-ID-803efa1a,1,1,1,0,0,1,1,0,0
POI-ID-fd1f5aa5,12,12,6,3,3,3,3,0,0
POI-ID-906de85f,1,1,1,0,0,1,1,0,0
POI-ID-7b120442,3,3,3,0,0,3,3,0,0
POI-ID-6da112b3,1,1,1,0,0,1,1,0,0
POI-ID-153a1a25,3,3,1,1,1,1,1,0,0
POI-ID-ceefe09a,1,1,1,0,0,1,1,0,0
POI-ID-d1d9c539,1,1,1,0,0,1,1,0,0
POI-ID-fe34d8f1,4,4,2,1,1,1,1,0,0
POI-ID-4bc5147e,1,1,1,0,0,1,1,0,0
POI-ID-c7936e82,2,2,2,0,0,2,2,0,0
POI-ID-9123363a,2,2,2,0,0,2,2,0,0
POI-ID-decdeb5e,4,4,2,1,1,2,2,0,0
POI-ID-8ff3be78,1,1,1,0,0,1,1,0,0
POI-ID-2a2a070e,1,1,1,0,0,1,1,0,0
POI-ID-24950056,4,4,3,1,0,3,3,0,0
POI-ID-9cba07dd,2,2,2,0,0,2,2,0,0
POI-ID-f881bc78,4,4,3,1,0,3,3,0,0
POI-ID-0348a9da,1,1,1,0,0,1,1,0,0
POI-ID-26e208e6,1,1,1,0,0,1,1,0,0
POI-ID-df7500d5,1,1,1,0,0,1,1,0,0
POI-ID-6871d5fa,1,1,1,0,0,1,1,0,0
POI-ID-737e2fa7,3,3,2,1,0,3,3,0,0
POI-ID-f1fd4580,1,1,1,0,0,1,1,0,0
POI-ID-59f36caf,3,3,2,1,0,2,2,0,0
POI-ID-92fc8d75,3,3,3,0,0,3,3,0,0
POI-ID-6bafe8ad,1,1,1,0,0,1,1,0,0
POI-ID-63c1dd92,2,2,2,0,0,2,2,0,0
POI-ID-20fc8857,36,36,22,10,4,2,2,0,0
POI-ID-30b2ff7c,1,1,1,0,0,1,1,0,0
POI-ID-0e60014c,1,1,1,0,0,1,1,0,0
POI-ID-515f61ef,1,1,1,0,0,1,1,0,0
POI-ID-b75be459,1,1,1,0,0,1,1,0,0
POI-ID-eae625f6,1,1,1,0,0,1,1,0,0
POI-ID-b712f895,1,1,1,0,0,1,1,0,0
POI-ID-cc1df70e,10,10,8,1,1,6,6,0,0
POI-ID-dae426b9,1,1,1,0,0,1,1,0,0
POI-ID-14eec8a7,2,2,1,1,0,1,1,0,0
POI-ID-d24ffddf,5,5,5,0,0,5,5,0,0
POI-ID-f40b6b0d,1,1,1,0,0,1,1,0,0
POI-ID-085b5cf1,2,2,2,0,0,2,2,0,0
POI-ID-a818b123,1,1,1,0,0,1,1,0,0
POI-ID-2583d9ab,1,1,1,0,0,1,1,0,0
POI-ID-849d9739,2,2,1,1,0,1,1,0,0
POI-ID-51e8446a,1,1,1,0,0,1,1,0,0
POI-ID-54cf39a8,1,1,1,0,0,1,1,0,0
POI-ID-cc272b3f,2,2,1,1,0,1,1,0,0
POI-ID-7b7c62dc,1,1,1,0,0,1,1,0,0
POI-ID-7901044a,1,1,1,0,0,1,1,0,0
POI-ID-b2196601,1,1,1,0,0,1,1,0,0
POI-ID-3edae3e2,1,1,1,0,0,1,1,0,0
POI-ID-bd54f30f,1,1,1,0,0,1,1,0,0
POI-ID-307d68d3,1,1,1,0,0,1,1,0,0
POI-ID-db3b8efd,1,1,1,0,0,1,1,0,0
POI-ID-9145c5d8,1,1,1,0,0,1,1,0,0
POI-ID-b31e55ce,1,1,1,0,0,1,1,0,0
POI-ID-4d6395c7,1,1,1,0,0,1,1,0,0
POI-ID-64288305,7,7,4,1,2,2,2,0,0
POI-ID-47aab65b,1,1,1,0,0,1,1,0,0
POI-ID-bd2c7e46,1,1,1,0,0,1,1,0,0
POI-ID-1014c130,1,1,1,0,0,1,1,0,0
POI-ID-654b9d7c,3,3,3,0,0,3,3,0,0
POI-ID-c343c018,1,1,1,0,0,1,1,0,0
POI-ID-dca93234,2,2,2,0,0,2,2,0,0
POI-ID-6ab25246,4,4,4,0,0,4,4,0,0
POI-ID-319e41c2,5,5,5,0,0,5,5,0,0
POI-ID-4529ba5b,1,1,1,0,0,1,1,0,0
POI-ID-b72936e5,1,1,1,0,0,1,1,0,0
POI-ID-4943a64a,2,2,2,0,0,2,2,0,0
POI-ID-63fde413,2,2,1,1,0,1,1,0,0
POI-ID-f677b80d,3,3,3,0,0,3,3,0,0
POI-ID-25142a60,1,1,1,0,0,1,1,0,0
POI-ID-b18eb3bd,1,1,1,0,0,1,1,0,0
POI-ID-7eb9d378,1,1,1,0,0,1,1,0,0
POI-ID-5dde9279,3,3,2,1,0,2,2,0,0
POI-ID-d11e2f58,3,3,3,0,0,3,3,0,0
POI-ID-fde00a1a,4,4,3,1,0,3,3,0,0
POI-ID-077e3dcb,2,2,2,0,0,2,2,0,0
POI-ID-5486da59,1,1,1,0,0,1,1,0,0
POI-ID-acaece38,9,9,8,1,0,8,8,0,0
POI-ID-83270fbe,1,1,1,0,0,1,1,0,0
POI-ID-59f78f8b,1,1,1,0,0,1,1,0,0
POI-ID-e880dbd0,3,3,2,1,0,2,2,0,0
POI-ID-c35c5401,1,1,1,0,0,1,1,0,0
POI-ID-6827e320,2,2,2,0,0,2,2,0,0
POI-ID-f5292cf0,1,1,1,0,0,1,1,0,0
POI-ID-ca32c8a5,2,2,2,0,0,2,2,0,0
POI-ID-2315d15e,3,3,3,0,0,3,3,0,0
POI-ID-ebf346ff,2,2,2,0,0,2,2,0,0
POI-ID-600ee54f,1,1,1,0,0,1,1,0,0
POI-ID-96e76ae1,2,2,2,0,0,2,2,0,0
POI-ID-1d693e28,2,2,2,0,0,2,2,0,0
POI-ID-f72597d3,1,1,1,0,0,1,1,0,0
POI-ID-6d96123f,4,4,3,1,0,3,3,0,0
POI-ID-d092793a,2,2,2,0,0,2,2,0,0
POI-ID-a153da92,1,1,1,0,0,1,1,0,0
POI-ID-e55a8ba7,1,1,1,0,0,1,1,0,0
POI-ID-502ddec9,1,1,1,0,0,1,1,0,0
POI-ID-cd596b2f,1,1,1,0,0,1,1,0,0
POI-ID-dd0231a3,1,1,1,0,0,1,1,0,0
POI-ID-5cac32e9,6,6,3,1,2,1,1,0,0
POI-ID-e531a62b,3,3,1,1,1,1,1,0,0
POI-ID-1afa3652,3,3,2,1,0,2,2,0,0
POI-ID-2bc10232,1,1,1,0,0,1,1,0,0
POI-ID-9b708fef,8,8,5,1,2,3,3,0,0
POI-ID-d664193b,1,1,1,0,0,1,1,0,0
POI-ID-556e721b,1,1,1,0,0,1,1,0,0
POI-ID-949be431,3,3,3,0,0,3,3,0,0
POI-ID-6698d7b4,2,2,2,0,0,2,2,0,0
POI-ID-eb07d72c,2,2,2,0,0,2,2,0,0
POI-ID-358b20c8,1,1,1,0,0,1,1,0,0
POI-ID-cec6cec8,1,1,1,0,0,1,1,0,0
POI-ID-f417683d,1,1,1,0,0,1,1,0,0
POI-ID-b9119ba3,2,2,2,0,0,2,2,0,0
POI-ID-a440bc85,6,6,4,2,0,4,4,0,0
POI-ID-ca2d99ab,1,1,1,0,0,1,1,0,0
POI-ID-422b1f67,1,1,1,0,0,1,1,0,0
POI-ID-5314f5d7,1,1,1,0,0,1,1,0,0
POI-ID-b72daa86,2,2,2,0,0,2,2,0,0
POI-ID-ea3ce1e7,1,1,1,0,0,1,1,0,0
POI-ID-07b9cae4,1,1,1,0,0,1,1,0,0
POI-ID-2da02b6e,1,1,1,0,0,1,1,0,0
POI-ID-efab9caa,3,3,2,1,0,2,2,0,0
POI-ID-77735fe0,14,14,8,4,2,1,1,0,0
POI-ID-876b8566,3,3,3,0,0,3,3,0,0
POI-ID-74a0d272,1,1,1,0,0,1,1,0,0
POI-ID-8aa0b879,2,2,2,0,0,2,2,0,0
POI-ID-6ea269bf,1,1,1,0,0,1,1,0,0
POI-ID-41b41512,4,4,2,1,1,1,1,0,0
POI-ID-1aa09495,1,1,1,0,0,1,1,0,0
POI-ID-1f089330,1,1,1,0,0,1,1,0,0
POI-ID-801b24e6,1,1,1,0,0,1,1,0,0
POI-ID-4a249569,1,1,1,0,0,1,1,0,0
POI-ID-fa2bed23,1,1,1,0,0,1,1,0,0
POI-ID-b49ba2e7,1,1,0,1,0,1,1,0,0
POI-ID-6c2970f0,1,1,0,0,1,1,1,0,0
POI-ID-6418d801,2,2,2,0,0,2,2,0,0
POI-ID-f1779343,2,2,2,0,0,2,2,0,0
POI-ID-c59c3bbd,1,1,1,0,0,1,1,0,0
POI-ID-ec645212,1,1,1,0,0,1,1,0,0
POI-ID-a94bc9bc,1,1,1,0,0,1,1,0,0
POI-ID-3e55f14f,1,1,1,0,0,1,1,0,0
POI-ID-62f43437,1,1,1,0,0,1,1,0,0
POI-ID-9f959798,3,3,2,1,0,2,2,0,0
POI-ID-38c22b4a,1,1,1,0,0,1,1,0,0
POI-ID-ac0f8580,4,4,4,0,0,4,4,0,0
POI-ID-472793ad,1,1,1,0,0,1,1,0,0
POI-ID-f35df7a7,1,1,1,0,0,1,1,0,0
POI-ID-2b09ae51,2,2,2,0,0,2,2,0,0
POI-ID-241aaf82,1,1,1,0,0,1,1,0,0
POI-ID-e93916ba,5,5,4,1,0,4,4,0,0
POI-ID-3119decf,1,1,1,0,0,1,1,0,0
POI-ID-ed6d806e,1,1,1,0,0,1,1,0,0
POI-ID-f7c4ed1b,1,1,1,0,0,1,1,0,0
POI-ID-252ffdc8,3,3,1,1,1,1,1,0,0
POI-ID-957c807d,4,4,3,1,0,3,3,0,0
POI-ID-6702ec52,1,1,1,0,0,1,1,0,0
POI-ID-66aac10d,1,1,1,0,0,1,1,0,0
POI-ID-53ebaae7,1,1,1,0,0,1,1,0,0
POI-ID-d4aaa744,1,1,1,0,0,1,1,0,0
POI-ID-d7aefbd9,2,2,2,0,0,2,2,0,0
POI-ID-00a5d559,1,1,1,0,0,1,1,0,0
POI-ID-3590d562,1,1,1,0,0,1,1,0,0
POI-ID-36d67b1a,1,1,1,0,0,1,1,0,0
POI-ID-7b64e298,1,1,1,0,0,1,1,0,0
POI-ID-0e513363,2,2,1,1,0,1,1,0,0
POI-ID-86fd66ee,1,1,1,0,0,1,1,0,0
POI-ID-a46a4015,1,1,1,0,0,1,1,0,0
POI-ID-4ddbcc13,1,1,1,0,0,1,1,0,0
POI-ID-b4767a63,1,1,1,0,0,1,1,0,0
POI-ID-4a5e7bb7,9,9,6,2,1,4,4,0,0
POI-ID-eea8bdaf,2,2,2,0,0,2,2,0,0
POI-ID-bf8c5be6,1,1,1,0,0,1,1,0,0
POI-ID-2bb4689c,1,1,1,0,0,1,1,0,0
POI-ID-aecb1de8,2,2,2,0,0,2,2,0,0
POI-ID-67776794,2,2,2,0,0,2,2,0,0
POI-ID-d927b855,5,5,3,1,1,1,1,0,0
POI-ID-435c5810,3,3,1,1,1,1,1,0,0
POI-ID-eb6b7e2e,2,2,2,0,0,2,2,0,0
POI-ID-92e9e902,6,6,5,1,0,5,5,0,0
POI-ID-1f7ad41b,1,1,1,0,0,1,1,0,0
POI-ID-cff376b8,4,4,3,1,0,3,3,0,0
POI-ID-295ba761,5,5,3,1,1,1,1,0,0
POI-ID-d97251a2,1,1,1,0,0,1,1,0,0
POI-ID-76b04a7c,4,4,4,0,0,4,4,0,0
POI-ID-c077c8d1,1,1,1,0,0,1,1,0,0
POI-ID-45698c67,1,1,0,1,0,1,1,0,0
POI-ID-d8612d0d,1,1,1,0,0,1,1,0,0
POI-ID-740911bc,2,2,2,0,0,2,2,0,0
POI-ID-aae8ed71,3,3,3,0,0,3,3,0,0
POI-ID-c1f94ecc,2,2,2,0,0,2,2,0,0
POI-ID-5eac8d53,11,11,7,2,2,4,4,0,0
POI-ID-f347495a,5,5,3,1,1,3,3,0,0
POI-ID-63e693b3,5,5,4,1,0,4,4,0,0
POI-ID-25435c28,5,5,4,1,0,4,4,0,0
POI-ID-de2bee9c,1,1,1,0,0,1,1,0,0
POI-ID-3b06dd9e,1,1,1,0,0,1,1,0,0
POI-ID-b257a0b4,1,1,1,0,0,1,1,0,0
POI-ID-57192054,1,1,1,0,0,1,1,0,0
POI-ID-ffdf8a25,1,1,1,0,0,1,1,0,0
POI-ID-4c46d52a,4,4,4,0,0,4,4,0,0
POI-ID-9b3db02b,1,1,1,0,0,1,1,0,0
POI-ID-fbdd01a5,4,4,4,0,0,4,4,0,0
POI-ID-90ce112a,6,6,3,1,2,1,1,0,0
POI-ID-d6b1e4d2,1,1,1,0,0,1,1,0,0
POI-ID-e545b265,1,1,1,0,0,1,1,0,0
POI-ID-3f36da2c,1,1,1,0,0,1,1,0,0
POI-ID-c2996233,1,1,1,0,0,1,1,0,0
POI-ID-f5a36446,3,3,3,0,0,3,3,0,0
POI-ID-ae322222,1,1,1,0,0,1,1,0,0
POI-ID-b8e3197d,7,7,4,1,2,2,2,0,0
POI-ID-c99d2cb1,2,2,2,0,0,2,2,0,0
POI-ID-7c217e0a,1,1,1,0,0,1,1,0,0
POI-ID-2778d455,1,1,1,0,0,1,1,0,0
POI-ID-e193670d,2,2,1,1,0,1,1,0,0
POI-ID-492c91dc,2,2,2,0,0,2,2,0,0
POI-ID-a4f7c09b,1,1,1,0,0,1,1,0,0
POI-ID-05141d6a,2,2,2,0,0,2,2,0,0
POI-ID-4fc3d59a,1,1,1,0,0,1,1,0,0
POI-ID-4f9899af,2,2,2,0,0,2,2,0,0
POI-ID-878de3c9,1,1,1,0,0,1,1,0,0
POI-ID-5f4f6144,1,1,1,0,0,1,1,0,0
POI-ID-d6be286a,4,4,2,1,1,1,1,0,0
POI-ID-65f3fc3d,1,1,1,0,0,1,1,0,0
POI-ID-fb09f519,1,1,1,0,0,1,1,0,0
POI-ID-c2c44fe8,1,1,1,0,0,1,1,0,0
POI-ID-c27ca6c6,1,1,1,0,0,1,1,0,0
POI-ID-d0539351,1,1,1,0,0,1,1,0,0
POI-ID-cf36c134,1,1,1,0,0,1,1,0,0
POI-ID-f7389179,1,1,1,0,0,1,1,0,0
POI-ID-f4326a02,1,1,1,0,0,1,1,0,0
POI-ID-3dfaf902,1,1,1,0,0,1,1,0,0
POI-ID-65a38220,2,2,2,0,0,2,2,0,0
POI-ID-964edc9b,2,2,2,0,0,2,2,0,0
POI-ID-07543c92,1,1,1,0,0,1,1,0,0
POI-ID-5b571094,4,4,2,1,1,2,2,0,0
POI-ID-5f73c20c,2,2,1,1,0,1,1,0,0
POI-ID-49cec043,2,2,1,1,0,1,1,0,0
POI-ID-e85bdb1e,1,1,1,0,0,1,1,0,0
POI-ID-5f67642d,5,5,4,1,0,4,4,0,0
POI-ID-39f21b66,1,1,1,0,0,1,1,0,0
POI-ID-5966adc9,2,2,1,1,0,1,1,0,0
POI-ID-7f4e3a38,2,2,1,1,0,1,1,0,0
POI-ID-c48c84df,1,1,1,0,0,1,1,0,0
POI-ID-b0c940bb,5,5,4,1,0,4,4,0,0
POI-ID-2edca19a,1,1,1,0,0,1,1,0,0
POI-ID-e2804b67,1,1,1,0,0,1,1,0,0
POI-ID-bcd6c3ff,1,1,1,0,0,1,1,0,0
POI-ID-4918e74d,1,1,1,0,0,1,1,0,0
POI-ID-b05d263f,2,2,1,1,0,1,1,0,0
POI-ID-02c70047,1,1,1,0,0,1,1,0,0
POI-ID-058e1064,2,2,2,0,0,2,2,0,0
POI-ID-18581d3e,6,6,6,0,0,6,6,0,0
POI-ID-c9f52eee,2,2,2,0,0,2,2,0,0
POI-ID-22a950a8,1,1,1,0,0,1,1,0,0
POI-ID-cf8e8886,1,1,1,0,0,1,1,0,0
POI-ID-cfdc921b,2,2,1,0,1,2,2,0,0
POI-ID-2acc114d,1,1,1,0,0,1,1,0,0
POI-ID-13b12b14,2,2,1,1,0,1,1,0,0
POI-ID-56e740e0,1,1,1,0,0,1,1,0,0
POI-ID-75212ce6,2,2,2,0,0,2,2,0,0
POI-ID-1d5e0bb8,1,1,1,0,0,1,1,0,0
POI-ID-464d06e9,1,1,1,0,0,1,1,0,0
POI-ID-ec153d9f,1,1,1,0,0,1,1,0,0
POI-ID-836b65f1,1,1,1,0,0,1,1,0,0
POI-ID-80389947,4,4,3,1,0,3,3,0,0
POI-ID-fd1c49c0,1,1,1,0,0,1,1,0,0
POI-ID-9f45b02a,1,1,1,0,0,1,1,0,0
POI-ID-cdd50b55,1,1,1,0,0,1,1,0,0
POI-ID-0bc4a8aa,2,2,1,1,0,1,1,0,0
POI-ID-d36212c1,2,2,2,0,0,2,2,0,0
POI-ID-ac2f0f70,1,1,1,0,0,1,1,0,0
POI-ID-b0837ad0,1,1,1,0,0,1,1,0,0
POI-ID-1936e17a,3,3,1,1,1,1,1,0,0
POI-ID-873cfafb,2,2,1,1,0,1,1,0,0
POI-ID-041a83d7,1,1,1,0,0,1,1,0,0
POI-ID-c1c16cb2,1,1,1,0,0,1,1,0,0
POI-ID-d97c3f6a,1,1,1,0,0,1,1,0,0
POI-ID-9084c982,1,1,1,0,0,1,1,0,0
POI-ID-449c201e,1,1,1,0,0,1,1,0,0
POI-ID-fa5ba679,1,1,1,0,0,1,1,0,0
POI-ID-32974f1b,2,2,2,0,0,2,2,0,0
POI-ID-f4e8efc5,1,1,1,0,0,1,1,0,0
POI-ID-649421fb,2,2,2,0,0,2,2,0,0
POI-ID-fb225ea2,1,1,1,0,0,1,1,0,0
POI-ID-ff287a7e,1,1,1,0,0,1,1,0,0
POI-ID-34d1f4eb,1,1,1,0,0,1,1,0,0
POI-ID-6d2c3d65,2,2,2,0,0,2,2,0,0
POI-ID-f0fc66a6,1,1,1,0,0,1,1,0,0
POI-ID-3ff589af,6,6,4,1,1,3,3,0,0
POI-ID-88b3b4be,2,2,2,0,0,2,2,0,0
POI-ID-55a030f0,1,1,1,0,0,1,1,0,0
POI-ID-bd88ff56,1,1,1,0,0,1,1,0,0
POI-ID-4da0b4ce,1,1,1,0,0,1,1,0,0
POI-ID-a4793fe5,1,1,1,0,0,1,1,0,0
POI-ID-7557e146,2,2,2,0,0,2,2,0,0
POI-ID-f0ff6098,4,4,3,1,0,3,3,0,0
POI-ID-86135eca,2,2,1,0,1,1,1,0,0
POI-ID-91c3b805,2,2,1,1,0,1,1,0,0
POI-ID-8617f1c6,1,1,1,0,0,1,1,0,0
POI-ID-1e3a6fc4,1,1,1,0,0,1,1,0,0
POI-ID-02d11836,1,1,1,0,0,1,1,0,0
POI-ID-27fb6979,3,3,2,1,0,2,2,0,0
POI-ID-5a995bfd,1,1,0,0,1,1,1,0,0
POI-ID-688d7e2c,2,2,2,0,0,2,2,0,0
POI-ID-37d1f989,2,2,2,0,0,2,2,0,0
POI-ID-459efed2,2,2,2,0,0,2,2,0,0
POI-ID-8d80a2c6,1,1,1,0,0,1,1,0,0
POI-ID-bb068180,1,1,1,0,0,1,1,0,0
POI-ID-3e539b72,1,1,1,0,0,1,1,0,0
POI-ID-d7403511,1,1,1,0,0,1,1,0,0
POI-ID-23cbf3a7,1,1,1,0,0,1,1,0,0
POI-ID-f29e4c86,1,1,1,0,0,1,1,0,0
POI-ID-b58416c9,1,1,1,0,0,1,1,0,0
POI-ID-0d577651,1,1,1,0,0,1,1,0,0
POI-ID-4b1fccf7,1,1,1,0,0,1,1,0,0
POI-ID-c82eb7d1,1,1,1,0,0,1,1,0,0
POI-ID-963eb180,2,2,2,0,0,2,2,0,0
POI-ID-3d98a0d7,1,1,1,0,0,1,1,0,0
POI-ID-88299a71,2,2,2,0,0,2,2,0,0
POI-ID-9e8be799,2,2,2,0,0,2,2,0,0
POI-ID-1cc7dcee,1,1,1,0,0,1,1,0,0
POI-ID-4fd2e80e,1,1,1,0,0,1,1,0,0
POI-ID-28e37c51,1,1,1,0,0,1,1,0,0
POI-ID-c36ee1c9,1,1,1,0,0,1,1,0,0
POI-ID-983f4dcb,4,4,3,1,0,3,3,0,0
POI-ID-46bf4857,5,5,4,1,0,4,4,0,0
POI-ID-4ef16d07,1,1,1,0,0,1,1,0,0
POI-ID-bc44f4b8,1,1,1,0,0,1,1,0,0
POI-ID-3f1d2670,2,2,2,0,0,2,2,0,0
POI-ID-b8ecbd33,1,1,1,0,0,1,1,0,0
POI-ID-17d294f5,1,1,1,0,0,1,1,0,0
POI-ID-8d78955d,2,2,2,0,0,2,2,0,0
POI-ID-32c4cbe9,3,3,3,0,0,3,3,0,0
POI-ID-3a982139,1,1,1,0,0,1,1,0,0
POI-ID-f53221f5,1,1,1,0,0,1,1,0,0
POI-ID-fef53875,1,1,1,0,0,1,1,0,0
POI-ID-6f2ebc81,1,1,1,0,0,1,1,0,0
POI-ID-4d53166f,2,2,2,0,0,2,2,0,0
POI-ID-d7e8b471,13,13,7,3,3,1,1,0,0
POI-ID-4a98868a,15,15,9,4,2,1,1,0,0
POI-ID-7feea220,2,2,2,0,0,2,2,0,0
POI-ID-b204e227,4,4,2,2,0,2,2,0,0
POI-ID-adbc853b,1,1,1,0,0,1,1,0,0
POI-ID-7ffcaf6e,3,3,2,1,0,2,2,0,0
POI-ID-83480aa5,1,1,1,0,0,1,1,0,0
POI-ID-7a429463,6,6,3,1,2,1,1,0,0
POI-ID-b8b51f41,3,3,2,1,0,2,2,0,0
POI-ID-2dc8c400,3,3,3,0,0,3,3,0,0
POI-ID-c05f91e4,4,4,2,1,1,2,2,0,0
POI-ID-1446668d,1,1,1,0,0,1,1,0,0
POI-ID-979903f8,2,2,2,0,0,2,2,0,0
POI-ID-76410e89,1,1,1,0,0,1,1,0,0
POI-ID-f89ece83,3,3,1,1,1,1,1,0,0
POI-ID-11f4bb5b,1,1,1,0,0,1,1,0,0
POI-ID-2ced3b91,2,2,2,0,0,2,2,0,0
POI-ID-b71db9b8,1,1,1,0,0,1,1,0,0
POI-ID-49585c6c,2,2,1,1,0,1,1,0,0
POI-ID-7fa4d4bd,1,1,1,0,0,1,1,0,0
POI-ID-b2a28073,3,3,1,1,1,1,1,0,0
POI-ID-a2c40777,1,1,1,0,0,1,1,0,0
POI-ID-a382cf4a,1,1,1,0,0,1,1,0,0
POI-ID-bcc8d261,1,1,1,0,0,1,1,0,0
POI-ID-6e8b7a2b,2,2,1,1,0,1,1,0,0
POI-ID-2a06304c,2,2,2,0,0,2,2,0,0
POI-ID-83c5149c,1,1,1,0,0,1,1,0,0
POI-ID-a450f78f,1,1,1,0,0,1,1,0,0
POI-ID-f3dc5120,1,1,1,0,0,1,1,0,0
POI-ID-f6edfa80,1,1,1,0,0,1,1,0,0
POI-ID-6ad6eafd,1,1,1,0,0,1,1,0,0
POI-ID-ac1f136c,2,2,1,1,0,1,1,0,0
POI-ID-dfab0272,1,1,1,0,0,1,1,0,0
POI-ID-14462dd8,1,1,1,0,0,1,1,0,0
POI-ID-2c31df28,1,1,1,0,0,1,1,0,0
POI-ID-3808ac08,1,1,1,0,0,1,1,0,0
POI-ID-bd535049,1,1,1,0,0,1,1,0,0
POI-ID-c12080d8,14,14,8,4,2,1,1,0,0
POI-ID-d1857daa,1,1,1,0,0,1,1,0,0
POI-ID-8df98b59,1,1,1,0,0,1,1,0,0
POI-ID-9d3e7bb1,2,2,2,0,0,2,2,0,0
POI-ID-59a320c3,1,1,1,0,0,1,1,0,0
POI-ID-778c83ff,1,1,1,0,0,1,1,0,0
POI-ID-47a944cd,1,1,1,0,0,1,1,0,0
POI-ID-613b54e6,2,2,2,0,0,2,2,0,0
POI-ID-9462e2da,2,2,1,1,0,1,1,0,0
POI-ID-7142cc7a,1,1,1,0,0,1,1,0,0
POI-ID-d713d73f,1,1,1,0,0,1,1,0,0
POI-ID-3cf0c3f0,1,1,1,0,0,1,1,0,0
POI-ID-c05cbf8e,1,1,1,0,0,1,1,0,0
POI-ID-861e5d11,1,1,1,0,0,1,1,0,0
POI-ID-78468df0,1,1,1,0,0,1,1,0,0
POI-ID-f0091160,1,1,1,0,0,1,1,0,0
POI-ID-45ba7df2,1,1,1,0,0,1,1,0,0
POI-ID-02e9c7c4,2,2,2,0,0,2,2,0,0
POI-ID-ad57be42,2,2,2,0,0,2,2,0,0
POI-ID-ec95e25e,1,1,1,0,0,1,1,0,0
POI-ID-4d501166,3,3,2,0,1,3,3,0,0
POI-ID-bfcb99ef,2,2,2,0,0,2,2,0,0
POI-ID-1b441cbc,2,2,2,0,0,2,2,0,0
POI-ID-fb0b7ed0,3,3,1,1,1,1,1,0,0
POI-ID-6f3c0ac3,2,2,2,0,0,2,2,0,0
POI-ID-b19d538f,5,5,3,1,1,1,1,0,0
POI-ID-e1e22264,1,1,1,0,0,1,1,0,0
POI-ID-5e41a893,1,1,1,0,0,1,1,0,0
POI-ID-59939b71,1,1,1,0,0,1,1,0,0
POI-ID-a130532d,1,1,1,0,0,1,1,0,0
POI-ID-efe61635,2,2,2,0,0,2,2,0,0
POI-ID-c3ac421b,1,1,1,0,0,1,1,0,0
POI-ID-d7d9d47e,3,3,1,1,1,1,1,0,0
POI-ID-e87db377,1,1,1,0,0,1,1,0,0
POI-ID-d039460e,1,1,1,0,0,1,1,0,0
POI-ID-e00cdc73,5,5,4,1,0,4,4,0,0
POI-ID-7aff7d89,1,1,1,0,0,1,1,0,0
POI-ID-0edc89dd,2,2,2,0,0,2,2,0,0
POI-ID-f2440414,1,1,1,0,0,1,1,0,0
POI-ID-6f49a8fe,1,1,1,0,0,1,1,0,0
POI-ID-81f3d102,1,1,1,0,0,1,1,0,0
POI-ID-0e9de975,1,1,1,0,0,1,1,0,0
POI-ID-c69864d8,1,1,1,0,0,1,1,0,0
POI-ID-9c5f6f6f,1,1,1,0,0,1,1,0,0
POI-ID-ecf95be9,1,1,1,0,0,1,1,0,0
POI-ID-3d237a78,1,1,1,0,0,1,1,0,0
POI-ID-6b6d7554,1,1,1,0,0,1,1,0,0
POI-ID-2bb07b6c,1,1,0,1,0,1,1,0,0
POI-ID-8edb8ec9,1,1,0,0,1,1,1,0,0
POI-ID-450b80fd,1,1,1,0,0,1,1,0,0
POI-ID-2edfe617,1,1,1,0,0,1,1,0,0
POI-ID-2e6e2cb4,10,10,6,2,2,2,2,0,0
POI-ID-8f09fcdb,1,1,1,0,0,1,1,0,0
POI-ID-016a0983,2,2,1,1,0,2,2,0,0
POI-ID-c0e797cc,2,2,1,0,1,2,2,0,0
POI-ID-eb3ec081,1,1,1,0,0,1,1,0,0
POI-ID-39e65089,11,11,11,0,0,11,11,0,0
POI-ID-357d1345,2,2,1,1,0,1,1,0,0
POI-ID-01a95058,1,1,1,0,0,1,1,0,0
POI-ID-c70bfc50,1,1,1,0,0,1,1,0,0
POI-ID-1dca8ad4,1,1,1,0,0,1,1,0,0
POI-ID-4add8449,1,1,1,0,0,1,1,0,0
POI-ID-70e5bc36,1,1,1,0,0,1,1,0,0
POI-ID-e8b7c694,1,1,1,0,0,1,1,0,0
POI-ID-dc5d598c,1,1,1,0,0,1,1,0,0
POI-ID-87a8cdf7,7,7,4,2,1,3,3,0,0
POI-ID-4f1e5572,6,6,2,2,2,2,2,0,0
POI-ID-1164d39a,5,5,4,1,0,4,4,0,0
POI-ID-276eb4b6,1,1,1,0,0,1,1,0,0
POI-ID-836f8949,1,1,1,0,0,1,1,0,0
POI-ID-99140146,3,3,3,0,0,3,3,0,0
POI-ID-ca645358,4,4,2,2,0,2,2,0,0
POI-ID-4a7ec13b,2,2,1,1,0,1,1,0,0
POI-ID-6bbb2a92,1,1,1,0,0,1,1,0,0
POI-ID-c1c948bf,3,3,1,1,1,1,1,0,0
POI-ID-617f7430,1,1,1,0,0,1,1,0,0
POI-ID-40e96e54,1,1,1,0,0,1,1,0,0
POI-ID-2a06c5a0,1,1,1,0,0,1,1,0,0
POI-ID-2ac780d3,1,1,1,0,0,1,1,0,0
POI-ID-8f7f75d5,2,2,2,0,0,2,2,0,0
POI-ID-78f037ee,1,1,1,0,0,1,1,0,0
POI-ID-e2b6da3b,1,1,1,0,0,1,1,0,0
POI-ID-afb1fad2,2,2,2,0,0,2,2,0,0
POI-ID-448a1bf4,1,1,1,0,0,1,1,0,0
POI-ID-c952f87d,2,2,2,0,0,2,2,0,0
POI-ID-c204e499,2,2,2,0,0,2,2,0,0
POI-ID-153aaee8,6,6,4,1,1,4,4,0,0
POI-ID-e5c2a0c6,2,2,2,0,0,2,2,0,0
POI-ID-59420378,1,1,1,0,0,1,1,0,0
POI-ID-58e21020,2,2,1,1,0,1,1,0,0
POI-ID-f391cd9e,1,1,1,0,0,1,1,0,0
POI-ID-a359fef5,1,1,1,0,0,1,1,0,0
POI-ID-821afdcd,2,2,2,0,0,2,2,0,0
POI-ID-282a38cf,1,1,1,0,0,1,1,0,0
POI-ID-63b57c26,2,2,2,0,0,2,2,0,0
POI-ID-40248ff5,5,5,5,0,0,5,5,0,0
POI-ID-5fb618a3,2,2,2,0,0,2,2,0,0
POI-ID-5cf88024,1,1,0,1,0,1,1,0,0
POI-ID-c966a929,1,1,0,0,1,1,1,0,0
POI-ID-966e2535,1,1,1,0,0,1,1,0,0
POI-ID-487edc28,3,3,2,1,0,2,2,0,0
POI-ID-ee6d6871,1,1,1,0,0,1,1,0,0
POI-ID-3a9bcb91,1,1,1,0,0,1,1,0,0
POI-ID-0ebcfee0,1,1,1,0,0,1,1,0,0
POI-ID-24052c11,1,1,1,0,0,1,1,0,0
POI-ID-57038a6b,1,1,1,0,0,1,1,0,0
POI-ID-e0dc62b3,5,5,3,1,1,1,1,0,0
POI-ID-2341de7c,1,1,1,0,0,1,1,0,0
POI-ID-f97ad6a5,3,3,1,1,1,1,1,0,0
POI-ID-cf734cc8,1,1,1,0,0,1,1,0,0
POI-ID-d418cba0,1,1,1,0,0,1,1,0,0
POI-ID-8f777087,7,6,5,1,0,6,5,-1,-1
POI-ID-6fb261ed,2,2,1,1,0,1,1,0,0
POI-ID-ee663c5d,2,2,2,0,0,2,2,0,0
POI-ID-919c6938,1,1,1,0,0,1,1,0,0
POI-ID-292d116f,1,1,1,0,0,1,1,0,0
POI-ID-a6ea38b0,1,1,1,0,0,1,1,0,0
POI-ID-cd14c2e5,1,1,1,0,0,1,1,0,0
POI-ID-c8935a96,1,1,1,0,0,1,1,0,0
POI-ID-858099b4,1,1,1,0,0,1,1,0,0
POI-ID-4a307816,1,1,1,0,0,1,1,0,0
POI-ID-0d634789,2,2,2,0,0,2,2,0,0
POI-ID-62f3a58c,2,2,1,1,0,1,1,0,0
POI-ID-8bf3414e,1,1,1,0,0,1,1,0,0
POI-ID-3e770635,1,1,1,0,0,1,1,0,0
POI-ID-a6563957,3,3,3,0,0,3,3,0,0
POI-ID-b14ba5df,1,1,1,0,0,1,1,0,0
POI-ID-f75cbf86,1,1,1,0,0,1,1,0,0
POI-ID-4570f0da,1,1,1,0,0,1,1,0,0
POI-ID-2e545825,11,11,6,3,2,1,1,0,0
POI-ID-f6ca31dd,1,1,1,0,0,1,1,0,0
POI-ID-3cb1b1f4,2,2,2,0,0,2,2,0,0
POI-ID-58604fe7,3,3,2,1,0,2,2,0,0
POI-ID-1fd39eb5,2,2,2,0,0,2,2,0,0
POI-ID-bb79a863,1,1,1,0,0,1,1,0,0
POI-ID-f7d207f4,1,1,1,0,0,1,1,0,0
POI-ID-c0714fab,1,1,1,0,0,1,1,0,0
POI-ID-fb6ad595,3,3,3,0,0,3,3,0,0
POI-ID-39d75ab6,2,2,2,0,0,2,2,0,0
POI-ID-85a2af1b,3,3,3,0,0,3,3,0,0
POI-ID-758c7f77,1,1,1,0,0,1,1,0,0
POI-ID-749d0383,1,1,1,0,0,1,1,0,0
POI-ID-5eab2c0f,3,3,3,0,0,3,3,0,0
POI-ID-122ad323,1,1,1,0,0,1,1,0,0
POI-ID-6b5eb9e9,1,1,1,0,0,1,1,0,0
POI-ID-fcfd0a91,3,3,3,0,0,3,3,0,0
POI-ID-63181564,1,1,1,0,0,1,1,0,0
POI-ID-78c0e19d,1,1,1,0,0,1,1,0,0
POI-ID-14974f1c,2,2,2,0,0,2,2,0,0
POI-ID-97f0fdbb,7,7,3,2,2,3,3,0,0
POI-ID-4e5ba999,1,1,1,0,0,1,1,0,0
POI-ID-d44b318c,2,2,1,0,1,2,2,0,0
POI-ID-1f358846,2,2,2,0,0,2,2,0,0
POI-ID-51bfe154,3,3,1,1,1,1,1,0,0
POI-ID-166efae4,3,3,1,1,1,1,1,0,0
POI-ID-7f103d94,1,1,1,0,0,1,1,0,0
POI-ID-5aee1386,1,1,1,0,0,1,1,0,0
POI-ID-54950a57,2,2,2,0,0,2,2,0,0
POI-ID-0c73cecd,2,2,1,1,0,1,1,0,0
POI-ID-4889a068,1,1,1,0,0,1,1,0,0
POI-ID-5efadf17,1,1,1,0,0,1,1,0,0
POI-ID-495bacec,2,2,1,1,0,1,1,0,0
POI-ID-45300946,1,1,1,0,0,1,1,0,0
POI-ID-4aaa2f3e,1,1,1,0,0,1,1,0,0
POI-ID-74d19939,3,3,2,1,0,2,2,0,0
POI-ID-79df84de,1,1,1,0,0,1,1,0,0
POI-ID-7c5198ab,1,1,1,0,0,1,1,0,0
POI-ID-17f6d653,1,1,1,0,0,1,1,0,0
POI-ID-8698dfbb,1,1,1,0,0,1,1,0,0
POI-ID-2adceefb,1,1,1,0,0,1,1,0,0
POI-ID-7f8348f8,2,2,2,0,0,2,2,0,0
POI-ID-0c70c811,2,2,1,1,0,1,1,0,0
POI-ID-6012cbfc,2,2,2,0,0,2,2,0,0
POI-ID-aa95e44c,3,3,2,1,0,2,2,0,0
POI-ID-100c6134,2,2,2,0,0,2,2,0,0
POI-ID-821b7fc0,1,1,1,0,0,1,1,0,0
POI-ID-11eace91,5,5,3,1,1,1,1,0,0
POI-ID-45b34be9,3,3,3,0,0,3,3,0,0
POI-ID-b25e2097,1,1,1,0,0,1,1,0,0
POI-ID-8a8eb3da,2,2,2,0,0,2,2,0,0
POI-ID-72bba06e,2,2,2,0,0,2,2,0,0
POI-ID-ffd81176,1,1,1,0,0,1,1,0,0
POI-ID-8960678f,1,1,1,0,0,1,1,0,0
POI-ID-bffa39ba,1,1,1,0,0,1,1,0,0
POI-ID-ac7394b2,1,1,1,0,0,1,1,0,0
POI-ID-eaf4a040,1,1,1,0,0,1,1,0,0
POI-ID-83bab6f4,1,1,1,0,0,1,1,0,0
POI-ID-6d9ac5db,1,1,1,0,0,1,1,0,0
POI-ID-14efecd8,1,1,1,0,0,1,1,0,0
POI-ID-27d5c993,1,1,1,0,0,1,1,0,0
POI-ID-60509349,1,1,1,0,0,1,1,0,0
POI-ID-6d88baa2,1,1,0,0,1,1,1,0,0
POI-ID-cbbf5b6b,1,1,1,0,0,1,1,0,0
POI-ID-d45524a0,2,2,2,0,0,2,2,0,0
POI-ID-b22cbca7,7,7,5,1,1,5,5,0,0
POI-ID-e58700d3,2,2,2,0,0,2,2,0,0
POI-ID-46a17cf7,1,1,1,0,0,1,1,0,0
POI-ID-46dfe3e7,1,1,1,0,0,1,1,0,0
POI-ID-fea60ad4,1,1,1,0,0,1,1,0,0
POI-ID-185425ed,1,1,1,0,0,1,1,0,0
POI-ID-5e1e48e5,1,1,1,0,0,1,1,0,0
POI-ID-bd2faecd,1,1,1,0,0,1,1,0,0
POI-ID-30ca4d12,2,2,1,1,0,1,1,0,0
POI-ID-8f6d2538,1,1,1,0,0,1,1,0,0
POI-ID-040ad695,1,1,1,0,0,1,1,0,0
POI-ID-c3b6e640,1,1,1,0,0,1,1,0,0
POI-ID-dcbddf38,2,2,2,0,0,2,2,0,0
POI-ID-4ca6d42e,1,1,0,1,0,1,1,0,0
POI-ID-ab749517,2,2,2,0,0,2,2,0,0
POI-ID-65c244e9,1,1,1,0,0,1,1,0,0
POI-ID-11a56171,1,1,1,0,0,1,1,0,0
POI-ID-33203bd5,1,1,1,0,0,1,1,0,0
POI-ID-3ef4b553,7,7,3,2,2,3,3,0,0
POI-ID-1ef21e09,1,1,1,0,0,1,1,0,0
POI-ID-48c255d1,4,4,4,0,0,4,4,0,0
POI-ID-90cb59b1,2,2,2,0,0,2,2,0,0
POI-ID-3ae87269,2,2,2,0,0,2,2,0,0
POI-ID-6f40cc83,1,1,1,0,0,1,1,0,0
POI-ID-ef854e85,1,1,1,0,0,1,1,0,0
POI-ID-186bc901,3,3,2,0,1,3,3,0,0
POI-ID-e6bf7a65,1,1,1,0,0,1,1,0,0
POI-ID-29fb7478,2,2,1,1,0,1,1,0,0
POI-ID-647eeda3,2,2,2,0,0,2,2,0,0
POI-ID-2f7e9d95,1,1,1,0,0,1,1,0,0
POI-ID-da11687a,4,4,4,0,0,4,4,0,0
POI-ID-1e909920,2,2,2,0,0,2,2,0,0
POI-ID-4b1c6fd2,1,1,1,0,0,1,1,0,0
POI-ID-c9dae89f,1,1,1,0,0,1,1,0,0
POI-ID-e96e3dbe,1,1,1,0,0,1,1,0,0
POI-ID-7e4d07a2,1,1,1,0,0,1,1,0,0
POI-ID-691d9859,1,1,1,0,0,1,1,0,0
POI-ID-57edd63c,1,1,1,0,0,1,1,0,0
POI-ID-142c7e1a,1,1,1,0,0,1,1,0,0
POI-ID-aacaf159,1,1,1,0,0,1,1,0,0
POI-ID-0301c7ea,1,1,1,0,0,1,1,0,0
POI-ID-862655ab,1,1,1,0,0,1,1,0,0
POI-ID-c13870ee,2,2,2,0,0,2,2,0,0
POI-ID-ef6f7733,1,1,1,0,0,1,1,0,0
POI-ID-a6e168c0,2,2,2,0,0,2,2,0,0
POI-ID-5245964a,1,1,1,0,0,1,1,0,0
POI-ID-d1e11eba,3,3,1,1,1,1,1,0,0
POI-ID-192b1afc,2,2,2,0,0,2,2,0,0
POI-ID-b87b09e8,1,1,1,0,0,1,1,0,0
POI-ID-e1ec838e,4,4,2,1,1,1,1,0,0
POI-ID-ec9bc07e,1,1,1,0,0,1,1,0,0
POI-ID-6787e77e,1,1,1,0,0,1,1,0,0
POI-ID-7d5dac5f,1,1,1,0,0,1,1,0,0
POI-ID-e9b69257,1,1,1,0,0,1,1,0,0
POI-ID-55df22b0,2,2,2,0,0,2,2,0,0
POI-ID-168f6f16,1,1,1,0,0,1,1,0,0
POI-ID-08c25b44,1,1,1,0,0,1,1,0,0
POI-ID-9f2b8164,1,1,1,0,0,1,1,0,0
POI-ID-2cfb5b72,1,1,1,0,0,1,1,0,0
POI-ID-3ee03e06,1,1,1,0,0,1,1,0,0
POI-ID-7feda40e,1,1,1,0,0,1,1,0,0
POI-ID-6c198070,1,1,1,0,0,1,1,0,0
POI-ID-ec8e6d63,1,1,1,0,0,1,1,0,0
POI-ID-f0aa3c02,4,4,2,1,1,2,2,0,0
POI-ID-d3832d60,1,1,1,0,0,1,1,0,0
POI-ID-00fefea6,1,1,1,0,0,1,1,0,0
POI-ID-3fd9cc43,1,1,1,0,0,1,1,0,0
POI-ID-35a1bcb2,1,1,1,0,0,1,1,0,0
POI-ID-11820b0d,1,1,1,0,0,1,1,0,0
POI-ID-71c775ba,2,2,1,1,0,1,1,0,0
POI-ID-333d37d1,1,1,1,0,0,1,1,0,0
POI-ID-458a2734,1,1,1,0,0,1,1,0,0
POI-ID-2667dcd5,1,1,1,0,0,1,1,0,0
POI-ID-bb3cacec,1,1,1,0,0,1,1,0,0
POI-ID-6c651ff0,1,1,1,0,0,1,1,0,0
POI-ID-c42b0d40,1,1,1,0,0,1,1,0,0
POI-ID-e3781023,1,1,1,0,0,1,1,0,0
POI-ID-cddd9863,1,1,1,0,0,1,1,0,0
POI-ID-e2c67a1b,1,1,1,0,0,1,1,0,0
POI-ID-ca8fd88b,1,1,1,0,0,1,1,0,0
POI-ID-80adc9c1,1,1,0,1,0,1,1,0,0
POI-ID-b85d7ea2,4,4,4,0,0,4,4,0,0
POI-ID-62464187,1,1,1,0,0,1,1,0,0
POI-ID-e3429b8a,3,3,3,0,0,3,3,0,0
POI-ID-ecc92b74,1,1,1,0,0,1,1,0,0
POI-ID-112f547e,3,3,1,1,1,1,1,0,0
POI-ID-aeea9fe9,9,9,6,2,1,7,7,0,0
POI-ID-17b82770,2,2,2,0,0,2,2,0,0
POI-ID-7121282d,1,1,1,0,0,1,1,0,0
POI-ID-ba867c35,3,3,3,0,0,3,3,0,0
POI-ID-1509226f,2,2,2,0,0,2,2,0,0
POI-ID-37526cfa,1,1,1,0,0,1,1,0,0
POI-ID-6fc40506,6,6,4,1,1,2,2,0,0
POI-ID-dad4177f,3,3,3,0,0,3,3,0,0
POI-ID-b673dd24,1,1,1,0,0,1,1,0,0
POI-ID-c5d1630f,1,1,1,0,0,1,1,0,0
POI-ID-e8cacbd6,2,2,1,1,0,1,1,0,0
POI-ID-5c2ec062,1,1,1,0,0,1,1,0,0
POI-ID-77f7cc6e,3,3,3,0,0,3,3,0,0
POI-ID-a6b39ebf,1,1,1,0,0,1,1,0,0
POI-ID-f0cc563a,1,1,1,0,0,1,1,0,0
POI-ID-31dc7ca2,2,2,2,0,0,2,2,0,0
POI-ID-e072a814,1,1,1,0,0,1,1,0,0
POI-ID-298f764a,2,2,2,0,0,2,2,0,0
POI-ID-90880e33,2,2,1,1,0,1,1,0,0
POI-ID-e80d2dd7,1,1,1,0,0,1,1,0,0
POI-ID-66ba2ddb,1,1,1,0,0,1,1,0,0
POI-ID-6cfeaf4d,1,1,1,0,0,1,1,0,0
POI-ID-394572d6,1,1,1,0,0,1,1,0,0
POI-ID-754fffdb,1,1,1,0,0,1,1,0,0
POI-ID-673c6d0e,1,1,1,0,0,1,1,0,0
POI-ID-885f63cc,2,2,1,1,0,1,1,0,0
POI-ID-85922fc9,24,24,14,7,3,3,3,0,0
POI-ID-6cc8bb92,1,1,1,0,0,1,1,0,0
POI-ID-1d201c6a,6,6,4,1,1,3,3,0,0
POI-ID-701f80f3,4,4,4,0,0,4,4,0,0
POI-ID-d10b6529,1,1,1,0,0,1,1,0,0
POI-ID-56b43d92,1,1,1,0,0,1,1,0,0
POI-ID-96925b54,1,1,1,0,0,1,1,0,0
POI-ID-8918d436,9,9,5,2,2,2,2,0,0
POI-ID-b634c5dd,1,1,1,0,0,1,1,0,0
POI-ID-31ce3683,3,3,2,1,0,2,2,0,0
POI-ID-f2a5212b,1,1,1,0,0,1,1,0,0
POI-ID-a7343e80,1,1,1,0,0,1,1,0,0
POI-ID-856ea739,1,1,1,0,0,1,1,0,0
POI-ID-7ddf8f5a,7,7,7,0,0,7,7,0,0
POI-ID-2252fb88,1,1,1,0,0,1,1,0,0
POI-ID-3e24ef1a,1,1,1,0,0,1,1,0,0
POI-ID-b0ffa711,1,1,1,0,0,1,1,0,0
POI-ID-ba7ea63b,1,1,1,0,0,1,1,0,0
POI-ID-ce013b68,2,2,2,0,0,2,2,0,0
POI-ID-c458a451,2,2,2,0,0,2,2,0,0
POI-ID-e4246b6a,1,1,1,0,0,1,1,0,0
POI-ID-439ffeaa,4,4,4,0,0,4,4,0,0
POI-ID-1808bd72,2,2,2,0,0,2,2,0,0
POI-ID-cbbfea60,1,1,1,0,0,1,1,0,0
POI-ID-ad9b000c,1,1,1,0,0,1,1,0,0
POI-ID-7e7d3a02,1,1,1,0,0,1,1,0,0
POI-ID-76befab6,2,2,1,1,0,1,1,0,0
POI-ID-920c6c59,2,2,2,0,0,2,2,0,0
POI-ID-6b3b8e78,1,1,1,0,0,1,1,0,0
POI-ID-4b8d125c,1,1,1,0,0,1,1,0,0
POI-ID-6cc46a38,1,1,1,0,0,1,1,0,0
POI-ID-faaa9d76,1,1,1,0,0,1,1,0,0
POI-ID-63dabde4,2,2,1,1,0,1,1,0,0
POI-ID-7cd8b621,2,2,2,0,0,2,2,0,0
POI-ID-e8b56ed1,1,1,1,0,0,1,1,0,0
POI-ID-3c9c8921,3,3,1,1,1,1,1,0,0
POI-ID-ecf2138d,2,2,2,0,0,2,2,0,0
POI-ID-df095481,3,3,1,1,1,1,1,0,0
POI-ID-a4aadcc9,1,1,1,0,0,1,1,0,0
POI-ID-85cb21b5,1,1,1,0,0,1,1,0,0
POI-ID-725604fd,1,1,1,0,0,1,1,0,0
POI-ID-2d98b7ca,11,11,7,3,1,2,2,0,0
POI-ID-46bf528c,2,2,1,1,0,1,1,0,0
POI-ID-951733a0,2,2,2,0,0,2,2,0,0
POI-ID-c0ff8600,1,1,1,0,0,1,1,0,0
POI-ID-c34d157c,1,1,1,0,0,1,1,0,0
POI-ID-758f4c60,1,1,1,0,0,1,1,0,0
POI-ID-7078eaa9,1,1,1,0,0,1,1,0,0
POI-ID-56aa1751,1,1,1,0,0,1,1,0,0
POI-ID-4e6586c4,6,6,3,1,2,1,1,0,0
POI-ID-b905a807,6,6,3,1,2,1,1,0,0
POI-ID-a39292ef,1,1,1,0,0,1,1,0,0
POI-ID-40de7871,2,2,1,1,0,1,1,0,0
POI-ID-671e9c9e,6,6,5,1,0,5,5,0,0
POI-ID-89d287cb,1,1,1,0,0,1,1,0,0
POI-ID-d94d526d,1,1,1,0,0,1,1,0,0
POI-ID-c5fe8dd3,1,1,1,0,0,1,1,0,0
POI-ID-fa0f634f,1,1,1,0,0,1,1,0,0
POI-ID-26eea801,1,1,1,0,0,1,1,0,0
POI-ID-9afd087a,1,1,1,0,0,1,1,0,0
POI-ID-bf774ebc,1,1,1,0,0,1,1,0,0
POI-ID-03a9ff73,2,2,2,0,0,2,2,0,0
POI-ID-9d4fc3fc,1,1,1,0,0,1,1,0,0
POI-ID-437771a3,2,2,2,0,0,2,2,0,0
POI-ID-bcfc3728,3,3,2,1,0,2,2,0,0
POI-ID-d219d12b,2,2,2,0,0,2,2,0,0
POI-ID-15fdf0fd,1,1,1,0,0,1,1,0,0
POI-ID-5ff938d6,1,1,1,0,0,1,1,0,0
POI-ID-da28ec80,1,1,1,0,0,1,1,0,0
POI-ID-8eb06e21,2,2,2,0,0,2,2,0,0
POI-ID-3a8ec133,1,1,1,0,0,1,1,0,0
POI-ID-2eeca546,4,4,1,1,2,2,2,0,0
POI-ID-4bcc8719,1,1,1,0,0,1,1,0,0
POI-ID-5fd536c3,3,3,1,1,1,1,1,0,0
POI-ID-a0618bfa,2,2,2,0,0,2,2,0,0
POI-ID-d6ef45e0,1,1,1,0,0,1,1,0,0
POI-ID-4dcad7f4,2,2,2,0,0,2,2,0,0
POI-ID-0b2f9460,1,1,1,0,0,1,1,0,0
POI-ID-6c50fbcc,2,2,2,0,0,2,2,0,0
POI-ID-770804f3,1,1,1,0,0,1,1,0,0
POI-ID-762128dd,4,4,2,1,1,1,1,0,0
POI-ID-78546364,4,4,3,1,0,3,3,0,0
POI-ID-73b96f35,1,1,1,0,0,1,1,0,0
POI-ID-3ddaa1f4,1,1,1,0,0,1,1,0,0
POI-ID-bca51998,1,1,1,0,0,1,1,0,0
POI-ID-f020021c,2,2,2,0,0,2,2,0,0
POI-ID-a1652d8a,1,1,1,0,0,1,1,0,0
POI-ID-667ce5a4,1,1,1,0,0,1,1,0,0
POI-ID-a6f50f62,2,2,1,1,0,1,1,0,0
POI-ID-53877574,1,1,1,0,0,1,1,0,0
POI-ID-db1e54d1,1,1,1,0,0,1,1,0,0
POI-ID-c831051a,1,1,1,0,0,1,1,0,0
POI-ID-aaa90e24,2,2,2,0,0,2,2,0,0
POI-ID-6e9a2f4f,1,1,1,0,0,1,1,0,0
POI-ID-5db0772c,1,1,1,0,0,1,1,0,0
POI-ID-8e85b466,1,1,1,0,0,1,1,0,0
POI-ID-8cad666e,1,1,1,0,0,1,1,0,0
POI-ID-38752a20,1,1,1,0,0,1,1,0,0
POI-ID-1d5ec2b2,1,1,1,0,0,1,1,0,0
POI-ID-fecb34d8,2,2,1,1,0,1,1,0,0
POI-ID-12539394,1,1,1,0,0,1,1,0,0
POI-ID-794509cd,1,1,1,0,0,1,1,0,0
POI-ID-a2ffe9a1,1,1,1,0,0,1,1,0,0
POI-ID-83a52c38,3,3,1,1,1,1,1,0,0
POI-ID-41d8df98,1,1,1,0,0,1,1,0,0
POI-ID-c9ad42eb,1,1,1,0,0,1,1,0,0
POI-ID-7ede91cd,2,2,1,1,0,1,1,0,0
POI-ID-567ae62d,1,1,1,0,0,1,1,0,0
POI-ID-635fb4cb,2,2,1,1,0,1,1,0,0
POI-ID-139744d0,7,7,4,2,1,1,1,0,0
POI-ID-3322be65,1,1,1,0,0,1,1,0,0
POI-ID-eb219a03,7,7,6,1,0,6,6,0,0
POI-ID-44bac0f8,1,1,1,0,0,1,1,0,0
POI-ID-18234360,2,2,1,1,0,1,1,0,0
POI-ID-64aa951e,2,2,2,0,0,2,2,0,0
POI-ID-b43fd195,1,1,1,0,0,1,1,0,0
POI-ID-ea372680,3,3,3,0,0,3,3,0,0
POI-ID-dc188613,23,23,13,6,4,1,1,0,0
POI-ID-d6cef8a0,1,1,1,0,0,1,1,0,0
POI-ID-804a2625,1,1,1,0,0,1,1,0,0
POI-ID-62848c4b,1,1,1,0,0,1,1,0,0
POI-ID-184a57e3,1,1,0,1,0,1,1,0,0
POI-ID-f1ec6523,2,2,2,0,0,2,2,0,0
POI-ID-2204c0c4,1,1,1,0,0,1,1,0,0
POI-ID-aa86b624,2,2,2,0,0,2,2,0,0
POI-ID-f049ccfb,3,3,3,0,0,3,3,0,0
POI-ID-26a899eb,2,2,2,0,0,2,2,0,0
POI-ID-cc6975ab,18,18,11,3,4,5,5,0,0
POI-ID-c3a88818,2,2,1,1,0,1,1,0,0
POI-ID-9cdd6e64,1,1,1,0,0,1,1,0,0
POI-ID-d1ef3cae,1,1,1,0,0,1,1,0,0
POI-ID-92e5e867,2,2,2,0,0,2,2,0,0
POI-ID-fe277ddc,3,3,2,1,0,2,2,0,0
POI-ID-6106ea64,2,2,1,1,0,1,1,0,0
POI-ID-cef05e06,3,3,3,0,0,3,3,0,0
POI-ID-c483ac5d,10,10,5,3,2,2,2,0,0
POI-ID-1dde616d,1,1,1,0,0,1,1,0,0
POI-ID-665354be,2,2,1,1,0,1,1,0,0
POI-ID-0b67783d,1,1,1,0,0,1,1,0,0
POI-ID-31274b67,1,1,1,0,0,1,1,0,0
POI-ID-ad1e3fe9,5,5,3,1,1,1,1,0,0
POI-ID-84abb51a,5,5,3,1,1,1,1,0,0
POI-ID-22e4ecc9,1,1,1,0,0,1,1,0,0
POI-ID-6416b6ae,1,1,1,0,0,1,1,0,0
POI-ID-bd1f472e,6,6,3,2,1,2,2,0,0
POI-ID-80609184,2,2,2,0,0,2,2,0,0
POI-ID-bb631c03,17,17,10,5,2,1,1,0,0
POI-ID-140de6f8,1,1,1,0,0,1,1,0,0
POI-ID-a36125fd,1,1,1,0,0,1,1,0,0
POI-ID-ea08c1d4,2,2,1,1,0,1,1,0,0
POI-ID-21f9ffdf,1,1,1,0,0,1,1,0,0
POI-ID-d1e43f6f,1,1,1,0,0,1,1,0,0
POI-ID-db078e71,1,1,1,0,0,1,1,0,0
POI-ID-b6880063,2,2,1,1,0,1,1,0,0
POI-ID-4d7fe081,1,1,1,0,0,1,1,0,0
POI-ID-abb81934,1,1,1,0,0,1,1,0,0
POI-ID-76230039,1,1,1,0,0,1,1,0,0
POI-ID-18e61922,2,2,1,1,0,1,1,0,0
POI-ID-12bcbb2b,3,3,2,1,0,2,2,0,0
POI-ID-4281a6b1,2,2,1,1,0,1,1,0,0
POI-ID-5d33cb96,1,1,1,0,0,1,1,0,0
POI-ID-c10bcb85,3,3,2,1,0,2,2,0,0
POI-ID-39a0f923,1,1,1,0,0,1,1,0,0
POI-ID-f485d4a3,1,1,1,0,0,1,1,0,0
POI-ID-4d1d015f,1,1,1,0,0,1,1,0,0
POI-ID-87796373,1,1,1,0,0,1,1,0,0
POI-ID-bd7d558a,1,1,1,0,0,1,1,0,0
POI-ID-0d1878bd,1,1,1,0,0,1,1,0,0
POI-ID-e9177606,2,2,1,1,0,1,1,0,0
POI-ID-ffc876fb,2,2,1,1,0,1,1,0,0
POI-ID-33c09820,3,3,1,1,1,1,1,0,0
POI-ID-0c3ad84b,1,1,1,0,0,1,1,0,0
POI-ID-e6ca2f22,1,1,1,0,0,1,1,0,0
POI-ID-522bea07,1,1,1,0,0,1,1,0,0
POI-ID-53d1f76a,2,2,2,0,0,2,2,0,0
POI-ID-88462940,2,2,2,0,0,2,2,0,0
POI-ID-fff372f7,2,2,1,1,0,1,1,0,0
POI-ID-047b7621,4,4,3,1,0,3,3,0,0
POI-ID-6f6661b7,1,1,1,0,0,1,1,0,0
POI-ID-1f2c52a1,2,2,2,0,0,2,2,0,0
POI-ID-de8cb27c,4,4,3,1,0,3,3,0,0
POI-ID-f473e913,1,1,1,0,0,1,1,0,0
POI-ID-6da62f3f,1,1,1,0,0,1,1,0,0
POI-ID-1bdcdaac,2,2,1,1,0,1,1,0,0
POI-ID-0724d03a,3,3,3,0,0,3,3,0,0
POI-ID-7f7a54b7,2,2,2,0,0,2,2,0,0
POI-ID-37fed3c5,2,2,2,0,0,2,2,0,0
POI-ID-9936a7f5,1,1,1,0,0,1,1,0,0
POI-ID-571eb681,1,1,1,0,0,1,1,0,0
POI-ID-3c77aa0a,1,1,1,0,0,1,1,0,0
POI-ID-6f9be609,1,1,1,0,0,1,1,0,0
POI-ID-66eb74a9,4,4,4,0,0,4,4,0,0
POI-ID-5f8d4657,7,7,6,1,0,6,6,0,0
POI-ID-9a16ce7c,1,1,1,0,0,1,1,0,0
POI-ID-bbcf6ecf,1,1,1,0,0,1,1,0,0
POI-ID-0a0fc95d,3,3,2,1,0,2,2,0,0
POI-ID-29998689,2,2,2,0,0,2,2,0,0
POI-ID-1700c761,1,1,1,0,0,1,1,0,0
POI-ID-68a6a1e8,1,1,1,0,0,1,1,0,0
POI-ID-9a72d1ea,1,1,1,0,0,1,1,0,0
POI-ID-cef5ca82,1,1,1,0,0,1,1,0,0
POI-ID-62d27058,1,1,1,0,0,1,1,0,0
POI-ID-a183a568,4,4,2,1,1,1,1,0,0
POI-ID-8e300a34,4,4,4,0,0,4,4,0,0
POI-ID-c57660ad,2,2,2,0,0,2,2,0,0
POI-ID-1703a0f3,75,75,45,22,8,1,1,0,0
POI-ID-1ed9a144,1,1,1,0,0,1,1,0,0
POI-ID-fe67f522,2,2,2,0,0,2,2,0,0
POI-ID-03594bd0,11,11,7,3,1,2,2,0,0
POI-ID-0073ba2b,6,6,3,1,2,1,1,0,0
POI-ID-21714a79,4,4,2,1,1,2,2,0,0
POI-ID-51f3f64d,1,1,1,0,0,1,1,0,0
POI-ID-9d862f42,1,1,1,0,0,1,1,0,0
POI-ID-2c983bd9,1,1,1,0,0,1,1,0,0
POI-ID-91025f77,2,2,1,1,0,1,1,0,0
POI-ID-a1707e31,2,2,2,0,0,2,2,0,0
POI-ID-9da3bcfa,3,3,2,1,0,2,2,0,0
POI-ID-ffce08ed,1,1,1,0,0,1,1,0,0
POI-ID-f393f540,5,5,4,1,0,4,4,0,0
POI-ID-1557f82d,1,1,1,0,0,1,1,0,0
POI-ID-290d4568,1,1,1,0,0,1,1,0,0
POI-ID-6d03bc53,2,2,2,0,0,2,2,0,0
POI-ID-56dffd2f,2,2,2,0,0,2,2,0,0
POI-ID-1090894b,1,1,1,0,0,1,1,0,0
POI-ID-69cfb8b3,2,2,1,1,0,1,1,0,0
POI-ID-e8ead6c6,1,1,1,0,0,1,1,0,0
POI-ID-29b66a8f,2,2,2,0,0,2,2,0,0
POI-ID-94c3dfae,2,2,2,0,0,2,2,0,0
POI-ID-f3cb9700,4,4,2,1,1,2,2,0,0
POI-ID-cfc5ece6,1,1,1,0,0,1,1,0,0
POI-ID-9105d435,1,1,1,0,0,1,1,0,0
POI-ID-0f75d24e,1,1,1,0,0,1,1,0,0
POI-ID-e68172ba,1,1,1,0,0,1,1,0,0
POI-ID-2bf121e7,2,2,1,1,0,1,1,0,0
POI-ID-e698472d,1,1,1,0,0,1,1,0,0
POI-ID-bbd09c18,3,3,3,0,0,3,3,0,0
POI-ID-82883d54,1,1,1,0,0,1,1,0,0
POI-ID-40cb1bd6,4,4,2,1,1,2,2,0,0
POI-ID-5e391610,1,1,1,0,0,1,1,0,0
POI-ID-ee18912b,2,2,2,0,0,2,2,0,0
POI-ID-bf973425,4,4,2,1,1,1,1,0,0
POI-ID-1980fdee,1,1,1,0,0,1,1,0,0
POI-ID-e69f94c4,2,2,1,1,0,1,1,0,0
POI-ID-22986660,1,1,1,0,0,1,1,0,0
POI-ID-15ec17fc,1,1,1,0,0,1,1,0,0
POI-ID-aca6c5b4,1,1,1,0,0,1,1,0,0
POI-ID-d2a0b34a,1,1,1,0,0,1,1,0,0
POI-ID-0ab25866,3,3,3,0,0,3,3,0,0
POI-ID-d2c5f54a,3,3,3,0,0,3,3,0,0
POI-ID-1ab295e0,1,1,1,0,0,1,1,0,0
POI-ID-b2198e0d,1,1,1,0,0,1,1,0,0
POI-ID-d688311d,1,1,1,0,0,1,1,0,0
POI-ID-22ce0b6b,32,32,20,9,3,3,3,0,0
POI-ID-7c41210a,2,2,2,0,0,2,2,0,0
POI-ID-66720741,1,1,1,0,0,1,1,0,0
POI-ID-85bfc9f1,1,1,0,1,0,1,1,0,0
POI-ID-dbad70bc,2,2,2,0,0,2,2,0,0
POI-ID-afd17ada,1,1,1,0,0,1,1,0,0
POI-ID-2717661a,2,2,2,0,0,2,2,0,0
POI-ID-a867d989,7,7,7,0,0,7,7,0,0
POI-ID-47bdb35a,2,2,2,0,0,2,2,0,0
POI-ID-f258fa51,1,1,1,0,0,1,1,0,0
POI-ID-43ebcab3,4,4,2,1,1,1,1,0,0
POI-ID-11eca46f,1,1,1,0,0,1,1,0,0
POI-ID-e781933b,4,4,3,1,0,3,3,0,0
POI-ID-e3fdd79f,1,1,1,0,0,1,1,0,0
POI-ID-cda35d52,1,1,1,0,0,1,1,0,0
POI-ID-ef775fa0,1,1,1,0,0,1,1,0,0
POI-ID-8f1e7146,1,1,1,0,0,1,1,0,0
POI-ID-7a08c2e5,2,2,2,0,0,2,2,0,0
POI-ID-6ddbd448,3,3,3,0,0,3,3,0,0
POI-ID-de839c1f,1,1,1,0,0,1,1,0,0
POI-ID-966c60ef,1,1,1,0,0,1,1,0,0
POI-ID-a03440c1,1,1,1,0,0,1,1,0,0
POI-ID-0329d1c4,3,3,3,0,0,3,3,0,0
POI-ID-8f9fec81,1,1,1,0,0,1,1,0,0
POI-ID-70a0b06a,2,2,1,1,0,1,1,0,0
POI-ID-9f8562ba,4,4,2,1,1,2,2,0,0
POI-ID-efadfd25,1,1,0,1,0,1,1,0,0
POI-ID-6b0dfc54,2,2,1,0,1,2,2,0,0
POI-ID-a85243d6,2,2,2,0,0,2,2,0,0
POI-ID-75f6f70e,1,1,1,0,0,1,1,0,0
POI-ID-f8894f8f,1,1,1,0,0,1,1,0,0
POI-ID-d5505773,1,1,1,0,0,1,1,0,0
POI-ID-13d225eb,2,2,2,0,0,2,2,0,0
POI-ID-463ecb88,2,2,2,0,0,2,2,0,0
POI-ID-135a4fed,2,2,1,1,0,1,1,0,0
POI-ID-da54fc3a,8,8,5,2,1,2,2,0,0
POI-ID-0ec251a0,1,1,1,0,0,1,1,0,0
POI-ID-393c3d12,1,1,1,0,0,1,1,0,0
POI-ID-520d0a85,2,2,1,1,0,1,1,0,0
POI-ID-3650d032,1,1,1,0,0,1,1,0,0
POI-ID-d7a3a1f0,2,2,2,0,0,2,2,0,0
POI-ID-300401fb,1,1,1,0,0,1,1,0,0
POI-ID-8aa8af0c,25,25,15,7,3,2,2,0,0
POI-ID-8e57f279,1,1,1,0,0,1,1,0,0
POI-ID-b52f8373,2,2,1,1,0,1,1,0,0
POI-ID-0b12746a,1,1,1,0,0,1,1,0,0
POI-ID-495a585c,1,1,1,0,0,1,1,0,0
POI-ID-4b225d99,1,1,1,0,0,1,1,0,0
POI-ID-e97096c0,1,1,1,0,0,1,1,0,0
POI-ID-ef933736,1,1,1,0,0,1,1,0,0
POI-ID-ba4920c9,4,4,2,1,1,2,2,0,0
POI-ID-f147f857,1,1,1,0,0,1,1,0,0
POI-ID-1e59fce3,5,5,3,1,1,2,2,0,0
POI-ID-bc00f1af,1,1,1,0,0,1,1,0,0
POI-ID-c833e728,1,1,1,0,0,1,1,0,0
POI-ID-9d8ff61c,1,1,1,0,0,1,1,0,0
POI-ID-5a17a5b8,1,1,1,0,0,1,1,0,0
POI-ID-a084804a,4,4,4,0,0,4,4,0,0
POI-ID-ea4572b0,1,1,1,0,0,1,1,0,0
POI-ID-282cf6d6,1,1,1,0,0,1,1,0,0
POI-ID-ae47c03c,4,4,4,0,0,4,4,0,0
POI-ID-953ef80c,1,1,1,0,0,1,1,0,0
POI-ID-4253933f,2,2,2,0,0,2,2,0,0
POI-ID-65160142,2,2,2,0,0,2,2,0,0
POI-ID-9f81975f,1,1,1,0,0,1,1,0,0
POI-ID-62361d36,1,1,1,0,0,1,1,0,0
POI-ID-53a96b7e,1,1,1,0,0,1,1,0,0
POI-ID-d3fc6ae9,31,31,19,9,3,2,2,0,0
POI-ID-66ea7a26,1,1,1,0,0,1,1,0,0
POI-ID-eb8d2bb4,1,1,1,0,0,1,1,0,0
POI-ID-196a3543,1,1,1,0,0,1,1,0,0
POI-ID-6be1229e,1,1,1,0,0,1,1,0,0
POI-ID-42c06126,1,1,1,0,0,1,1,0,0
POI-ID-db382a4e,1,1,1,0,0,1,1,0,0
POI-ID-b335a73e,1,1,1,0,0,1,1,0,0
POI-ID-d65c42a5,1,1,1,0,0,1,1,0,0
POI-ID-4899792b,1,1,1,0,0,1,1,0,0
POI-ID-4a99d4bb,1,1,1,0,0,1,1,0,0
POI-ID-88813c62,1,1,1,0,0,1,1,0,0
POI-ID-4fd30186,3,3,3,0,0,3,3,0,0
POI-ID-fbc44fdd,1,1,1,0,0,1,1,0,0
POI-ID-fa9e5d18,1,1,1,0,0,1,1,0,0
POI-ID-31e78f89,1,1,1,0,0,1,1,0,0
POI-ID-f31a65d9,1,1,1,0,0,1,1,0,0
POI-ID-bcca2179,2,2,2,0,0,2,2,0,0
POI-ID-c0fdfa3e,1,1,1,0,0,1,1,0,0
POI-ID-f20a13d0,1,1,1,0,0,1,1,0,0
POI-ID-8ee06b40,3,3,3,0,0,3,3,0,0
POI-ID-6fda18e9,4,4,2,2,0,2,2,0,0
POI-ID-d6f13c0d,1,1,1,0,0,1,1,0,0
POI-ID-45d12da3,1,1,1,0,0,1,1,0,0
POI-ID-0e51306a,1,1,1,0,0,1,1,0,0
POI-ID-d12810bd,1,1,1,0,0,1,1,0,0
POI-ID-e4645040,3,3,2,1,0,2,2,0,0
POI-ID-5ed56417,2,2,2,0,0,2,2,0,0
POI-ID-690147a4,3,3,3,0,0,3,3,0,0
POI-ID-477927fc,3,3,3,0,0,3,3,0,0
POI-ID-007ac5c3,1,1,1,0,0,1,1,0,0
POI-ID-dbbdf6ee,2,2,2,0,0,2,2,0,0
POI-ID-6547c8ae,3,2,2,0,0,3,2,-1,-1
POI-ID-a3498ec9,1,1,1,0,0,1,1,0,0
POI-ID-bdff1de6,1,1,1,0,0,1,1,0,0
POI-ID-c9926ccb,1,1,1,0,0,1,1,0,0
POI-ID-d44389b7,1,1,1,0,0,1,1,0,0
POI-ID-c08f83cf,2,2,2,0,0,2,2,0,0
POI-ID-871bc8c1,2,2,2,0,0,2,2,0,0
POI-ID-0d7dffe2,1,1,1,0,0,1,1,0,0
POI-ID-d96f3cd5,1,1,1,0,0,1,1,0,0
POI-ID-9ceb1f85,2,2,2,0,0,2,2,0,0
POI-ID-4ef6fea0,1,1,1,0,0,1,1,0,0
POI-ID-7f1a255a,1,1,1,0,0,1,1,0,0
POI-ID-4c028e31,1,1,1,0,0,1,1,0,0
POI-ID-c6334858,1,1,1,0,0,1,1,0,0
POI-ID-6d9cd762,1,1,1,0,0,1,1,0,0
POI-ID-a9ac98b4,2,2,2,0,0,2,2,0,0
POI-ID-bc343277,1,1,1,0,0,1,1,0,0
POI-ID-e5966b57,1,1,1,0,0,1,1,0,0
POI-ID-2dabdd15,1,1,1,0,0,1,1,0,0
POI-ID-6d9d582d,2,2,2,0,0,2,2,0,0
POI-ID-f5691311,1,1,1,0,0,1,1,0,0
POI-ID-a6ed0f75,1,1,1,0,0,1,1,0,0
POI-ID-710cdb5a,1,1,1,0,0,1,1,0,0
POI-ID-31c3e94d,1,1,1,0,0,1,1,0,0
POI-ID-4b7e3356,1,1,1,0,0,1,1,0,0
POI-ID-922cb5b1,1,1,1,0,0,1,1,0,0
POI-ID-dcf46531,3,3,3,0,0,3,3,0,0
POI-ID-e49c804d,1,1,1,0,0,1,1,0,0
POI-ID-338c8111,1,1,1,0,0,1,1,0,0
POI-ID-c72ad037,1,1,1,0,0,1,1,0,0
POI-ID-814833de,2,2,1,1,0,1,1,0,0
POI-ID-ecfb875c,1,1,1,0,0,1,1,0,0
POI-ID-40fe3c86,1,1,1,0,0,1,1,0,0
POI-ID-8641dd58,2,2,2,0,0,2,2,0,0
POI-ID-cfa2800a,1,1,1,0,0,1,1,0,0
POI-ID-217a9117,2,2,1,1,0,1,1,0,0
POI-ID-3f49a238,3,3,2,1,0,2,2,0,0
POI-ID-e009cd57,1,1,1,0,0,1,1,0,0
POI-ID-5c08c5dd,1,1,1,0,0,1,1,0,0
POI-ID-aeeec7e8,1,1,1,0,0,1,1,0,0
POI-ID-c1f97ced,1,1,1,0,0,1,1,0,0
POI-ID-115403ea,1,1,1,0,0,1,1,0,0
POI-ID-4eafee34,2,2,1,1,0,1,1,0,0
POI-ID-2ca247da,1,1,1,0,0,1,1,0,0
POI-ID-2eb3dbb6,1,1,1,0,0,1,1,0,0
POI-ID-16901a1b,9,9,5,2,2,1,1,0,0
POI-ID-6e442882,3,3,1,1,1,1,1,0,0
POI-ID-c758de8f,1,1,1,0,0,1,1,0,0
POI-ID-102c8cb1,1,1,1,0,0,1,1,0,0
POI-ID-cc14fd58,1,1,1,0,0,1,1,0,0
POI-ID-78cdbed3,1,1,1,0,0,1,1,0,0
POI-ID-d8c075d2,1,1,1,0,0,1,1,0,0
POI-ID-ebb93d5d,1,1,1,0,0,1,1,0,0
POI-ID-ad44e7ad,1,1,1,0,0,1,1,0,0
POI-ID-6f60a8f8,1,1,1,0,0,1,1,0,0
POI-ID-6a863d31,1,1,1,0,0,1,1,0,0
POI-ID-f13019f0,1,1,1,0,0,1,1,0,0
POI-ID-33cae736,1,1,1,0,0,1,1,0,0
POI-ID-b8954dfa,1,1,1,0,0,1,1,0,0
POI-ID-a2d10d2f,1,1,1,0,0,1,1,0,0
POI-ID-515cd675,1,1,1,0,0,1,1,0,0
POI-ID-569e1b17,3,3,1,1,1,1,1,0,0
POI-ID-2a8aafde,2,2,1,1,0,1,1,0,0
POI-ID-537ad02a,1,1,1,0,0,1,1,0,0
POI-ID-0e0dd617,1,1,1,0,0,1,1,0,0
POI-ID-639ccc72,1,1,1,0,0,1,1,0,0
POI-ID-c625c053,1,1,1,0,0,1,1,0,0
POI-ID-fe34f599,1,1,1,0,0,1,1,0,0
POI-ID-2cbd6678,1,1,1,0,0,1,1,0,0
POI-ID-1630ec90,1,1,1,0,0,1,1,0,0
POI-ID-cb2d4e50,1,1,1,0,0,1,1,0,0
POI-ID-deccb26a,4,4,2,1,1,2,2,0,0
POI-ID-2500fcf1,1,1,1,0,0,1,1,0,0
POI-ID-f3ae81b2,1,1,1,0,0,1,1,0,0
POI-ID-d405029b,2,2,2,0,0,2,2,0,0
POI-ID-5eb23bd1,1,1,1,0,0,1,1,0,0
POI-ID-333a651d,52,52,32,15,5,3,3,0,0
POI-ID-0405c5cd,1,1,1,0,0,1,1,0,0
POI-ID-3ae58b49,1,1,1,0,0,1,1,0,0
POI-ID-1af7e300,1,1,1,0,0,1,1,0,0
POI-ID-51b563be,1,1,1,0,0,1,1,0,0
POI-ID-b5b41391,1,1,1,0,0,1,1,0,0
POI-ID-8d76b06b,1,1,1,0,0,1,1,0,0
POI-ID-3b1220c7,1,1,1,0,0,1,1,0,0
POI-ID-305166cd,1,1,1,0,0,1,1,0,0
POI-ID-e4db7622,1,1,1,0,0,1,1,0,0
POI-ID-db6250a9,2,2,2,0,0,2,2,0,0
POI-ID-c81e7d8f,1,1,1,0,0,1,1,0,0
POI-ID-37c2d2d0,1,1,1,0,0,1,1,0,0
POI-ID-04f90f0d,1,1,1,0,0,1,1,0,0
POI-ID-fd836eca,2,2,1,0,1,2,2,0,0
POI-ID-6594ef63,1,1,1,0,0,1,1,0,0
POI-ID-6624f622,2,2,1,1,0,1,1,0,0
POI-ID-f9e43599,1,1,1,0,0,1,1,0,0
POI-ID-5a5d7d71,2,2,2,0,0,2,2,0,0
POI-ID-755c4a3e,2,2,1,1,0,1,1,0,0
POI-ID-3624795c,11,11,7,3,1,2,2,0,0
POI-ID-33d6f39f,3,3,1,1,1,1,1,0,0
POI-ID-5d233479,1,1,1,0,0,1,1,0,0
POI-ID-da84856c,1,1,1,0,0,1,1,0,0
POI-ID-c3614d11,1,1,1,0,0,1,1,0,0
POI-ID-157581ee,1,1,1,0,0,1,1,0,0
POI-ID-ef09eb71,2,2,2,0,0,2,2,0,0
POI-ID-3668c4b5,2,2,2,0,0,2,2,0,0
POI-ID-3e058c0f,1,1,1,0,0,1,1,0,0
POI-ID-b982bb8c,1,1,1,0,0,1,1,0,0
POI-ID-74884a28,1,1,1,0,0,1,1,0,0
POI-ID-be79e094,2,2,2,0,0,2,2,0,0
POI-ID-81871ea7,3,3,1,1,1,1,1,0,0
POI-ID-1a148c68,2,2,2,0,0,2,2,0,0
POI-ID-29d48264,4,4,2,1,1,1,1,0,0
POI-ID-81dde40b,4,4,1,2,1,2,2,0,0
POI-ID-75c38cf1,1,1,1,0,0,1,1,0,0
POI-ID-09142044,1,1,1,0,0,1,1,0,0
POI-ID-31d5069f,1,1,1,0,0,1,1,0,0
POI-ID-2dc09c6a,1,1,1,0,0,1,1,0,0
POI-ID-fc806bf0,1,1,1,0,0,1,1,0,0
POI-ID-36302149,2,2,1,1,0,1,1,0,0
POI-ID-4f3a071e,26,26,16,7,3,2,2,0,0
POI-ID-ecd5ada7,2,2,2,0,0,2,2,0,0
POI-ID-47a4baad,1,1,1,0,0,1,1,0,0
POI-ID-8b296eff,2,2,1,1,0,1,1,0,0
POI-ID-2583dc80,1,1,1,0,0,1,1,0,0
POI-ID-de7b418f,2,2,2,0,0,2,2,0,0
POI-ID-895079e1,1,1,1,0,0,1,1,0,0
POI-ID-58c7b100,1,1,1,0,0,1,1,0,0
POI-ID-9776479e,1,1,1,0,0,1,1,0,0
POI-ID-f5e136ac,1,1,1,0,0,1,1,0,0
POI-ID-d2afa839,1,1,1,0,0,1,1,0,0
POI-ID-1fa91722,1,1,1,0,0,1,1,0,0
POI-ID-fd138ef7,2,2,2,0,0,2,2,0,0
POI-ID-e58f3b81,11,11,6,3,2,1,1,0,0
POI-ID-6f429a44,1,1,1,0,0,1,1,0,0
POI-ID-1875c1ae,1,1,1,0,0,1,1,0,0
POI-ID-35d09047,1,1,1,0,0,1,1,0,0
POI-ID-51d2de22,10,10,6,2,2,3,3,0,0
POI-ID-b031e309,1,1,1,0,0,1,1,0,0
POI-ID-df3654bd,2,2,1,1,0,1,1,0,0
POI-ID-2b1e2bf7,1,1,1,0,0,1,1,0,0
POI-ID-4cbee0dd,2,2,2,0,0,2,2,0,0
POI-ID-7c2fc385,1,1,1,0,0,1,1,0,0
POI-ID-112de651,1,1,1,0,0,1,1,0,0
POI-ID-6ff5bf52,3,3,3,0,0,3,3,0,0
POI-ID-d78a8dd6,4,4,2,1,1,2,2,0,0
POI-ID-6aaf26ef,1,1,1,0,0,1,1,0,0
POI-ID-376c7aa6,1,1,1,0,0,1,1,0,0
POI-ID-1ddf886a,2,2,1,1,0,1,1,0,0
POI-ID-750aabdd,3,3,3,0,0,3,3,0,0
POI-ID-92db27f7,3,3,3,0,0,3,3,0,0
POI-ID-df5f0cc1,1,1,1,0,0,1,1,0,0
POI-ID-78a4e26b,2,2,2,0,0,2,2,0,0
POI-ID-561394db,2,2,2,0,0,2,2,0,0
POI-ID-a23795f6,2,2,2,0,0,2,2,0,0
POI-ID-61e8e413,3,3,2,1,0,2,2,0,0
POI-ID-44c4daec,1,1,1,0,0,1,1,0,0
POI-ID-67efae3f,3,3,3,0,0,3,3,0,0
POI-ID-a0046a72,1,1,1,0,0,1,1,0,0
POI-ID-5c6381b1,1,1,1,0,0,1,1,0,0
POI-ID-a39c67c0,10,10,7,2,1,6,6,0,0
POI-ID-46e8fdb9,2,2,2,0,0,2,2,0,0
POI-ID-7e82b57b,4,4,4,0,0,4,4,0,0
POI-ID-f1083724,4,4,3,1,0,3,3,0,0
POI-ID-fc669b77,1,1,1,0,0,1,1,0,0
POI-ID-1140df48,1,1,1,0,0,1,1,0,0
POI-ID-37aa18d9,3,3,1,1,1,1,1,0,0
POI-ID-8fd73b0d,1,1,1,0,0,1,1,0,0
POI-ID-4022f1c3,4,4,4,0,0,4,4,0,0
POI-ID-8050edf0,1,1,1,0,0,1,1,0,0
POI-ID-a163f1ed,3,3,3,0,0,3,3,0,0
POI-ID-bd24802a,2,2,1,1,0,1,1,0,0
POI-ID-91a35734,1,1,1,0,0,1,1,0,0
POI-ID-3494a515,1,1,1,0,0,1,1,0,0
POI-ID-390bf670,3,3,3,0,0,3,3,0,0
POI-ID-02c330cf,1,1,1,0,0,1,1,0,0
POI-ID-6f8251ef,1,1,1,0,0,1,1,0,0
POI-ID-01106569,1,1,1,0,0,1,1,0,0
POI-ID-e3b6d6a3,1,1,1,0,0,1,1,0,0
POI-ID-c3b542bb,12,12,7,3,2,2,2,0,0
POI-ID-e9ee5c8a,1,1,1,0,0,1,1,0,0
POI-ID-cd6e69a4,10,10,5,3,2,3,3,0,0
POI-ID-79419006,1,1,1,0,0,1,1,0,0
POI-ID-da12f8f7,1,1,1,0,0,1,1,0,0
POI-ID-cb5746de,2,2,2,0,0,2,2,0,0
POI-ID-59f012ec,2,2,1,1,0,1,1,0,0
POI-ID-9a85d35f,1,1,1,0,0,1,1,0,0
POI-ID-6b39f6a2,4,4,2,1,1,2,2,0,0
POI-ID-d9ffbe59,5,5,5,0,0,5,5,0,0
POI-ID-e5139dbc,1,1,1,0,0,1,1,0,0
POI-ID-2824b009,1,1,0,1,0,1,1,0,0
POI-ID-96b68277,1,1,1,0,0,1,1,0,0
POI-ID-2a2be8ee,1,1,1,0,0,1,1,0,0
POI-ID-6cf9fc73,1,1,1,0,0,1,1,0,0
POI-ID-e73dad73,1,1,1,0,0,1,1,0,0
POI-ID-7d7e2b1f,3,3,1,1,1,1,1,0,0
POI-ID-5f238f78,2,2,2,0,0,2,2,0,0
POI-ID-6435bdea,2,2,2,0,0,2,2,0,0
POI-ID-264a9bfb,1,1,1,0,0,1,1,0,0
POI-ID-b1e6c55c,1,1,1,0,0,1,1,0,0
POI-ID-513b8e6c,1,1,1,0,0,1,1,0,0
POI-ID-f8aa8f89,1,1,1,0,0,1,1,0,0
POI-ID-f062f0b5,1,1,1,0,0,1,1,0,0
POI-ID-f865b2c0,1,1,0,1,0,1,1,0,0
POI-ID-01ac03c6,1,1,1,0,0,1,1,0,0
POI-ID-481a87bd,1,1,1,0,0,1,1,0,0
POI-ID-9954b7c3,2,2,1,1,0,2,2,0,0
POI-ID-36b0e575,1,1,1,0,0,1,1,0,0
POI-ID-31961155,1,1,1,0,0,1,1,0,0
POI-ID-96a1501d,4,4,3,1,0,3,3,0,0
POI-ID-5496c307,2,2,2,0,0,2,2,0,0
POI-ID-68e291a4,1,1,0,1,0,1,1,0,0
POI-ID-82739a53,1,1,0,0,1,1,1,0,0
POI-ID-53895920,1,1,0,1,0,1,1,0,0
POI-ID-3ab64134,1,1,0,0,1,1,1,0,0
POI-ID-2863d8db,1,1,1,0,0,1,1,0,0
POI-ID-61812829,1,1,1,0,0,1,1,0,0
POI-ID-cfc3cc41,1,1,1,0,0,1,1,0,0
POI-ID-47d5c7a7,1,1,1,0,0,1,1,0,0
POI-ID-42641a1a,1,1,1,0,0,1,1,0,0
POI-ID-7e03a20a,2,2,2,0,0,2,2,0,0
POI-ID-bf66143c,1,1,1,0,0,1,1,0,0
POI-ID-aeb529ad,1,1,1,0,0,1,1,0,0
POI-ID-41b99206,1,1,1,0,0,1,1,0,0
POI-ID-940a2fad,2,2,1,1,0,1,1,0,0
POI-ID-367aea38,1,1,1,0,0,1,1,0,0
POI-ID-0aff4b89,1,1,1,0,0,1,1,0,0
POI-ID-b748e08b,20,20,11,6,3,2,2,0,0
POI-ID-f5bf68bb,3,3,1,1,1,1,1,0,0
POI-ID-cb5aa9d6,4,4,2,1,1,2,2,0,0
POI-ID-829569af,1,1,1,0,0,1,1,0,0
POI-ID-ec9ee76e,1,1,1,0,0,1,1,0,0
POI-ID-79ccec2a,1,1,1,0,0,1,1,0,0
POI-ID-9f83ed1e,2,2,2,0,0,2,2,0,0
POI-ID-c4c30c26,1,1,1,0,0,1,1,0,0
POI-ID-4cb44f10,1,1,1,0,0,1,1,0,0
POI-ID-7e935ee6,1,1,1,0,0,1,1,0,0
POI-ID-1b51ef71,1,1,1,0,0,1,1,0,0
POI-ID-9ad46e67,2,2,2,0,0,2,2,0,0
POI-ID-7403ba13,1,1,1,0,0,1,1,0,0
POI-ID-79eb59b5,1,1,1,0,0,1,1,0,0
POI-ID-9cc60860,1,1,1,0,0,1,1,0,0
POI-ID-d609f076,1,1,1,0,0,1,1,0,0
POI-ID-d3877513,1,1,1,0,0,1,1,0,0
POI-ID-e3743cb1,1,1,1,0,0,1,1,0,0
POI-ID-a38b3a7d,1,1,1,0,0,1,1,0,0
POI-ID-23c83cad,1,1,0,1,0,1,1,0,0
POI-ID-cec486ea,1,1,0,0,1,1,1,0,0
POI-ID-74f61704,1,1,1,0,0,1,1,0,0
POI-ID-64a57957,2,2,1,1,0,1,1,0,0
POI-ID-cbeae858,1,1,1,0,0,1,1,0,0
POI-ID-a60a950b,5,5,3,1,1,1,1,0,0
POI-ID-e0735dbb,2,2,2,0,0,2,2,0,0
POI-ID-40c7134d,4,4,2,1,1,2,2,0,0
POI-ID-dc11f94b,2,2,2,0,0,2,2,0,0
POI-ID-19f10a36,1,1,1,0,0,1,1,0,0
POI-ID-52ea467d,1,1,1,0,0,1,1,0,0
POI-ID-2a55ec7f,1,1,1,0,0,1,1,0,0
POI-ID-c720977f,10,10,6,3,1,4,4,0,0
POI-ID-a76c041a,1,1,1,0,0,1,1,0,0
POI-ID-3919123f,1,1,1,0,0,1,1,0,0
POI-ID-208f3e1b,1,1,1,0,0,1,1,0,0
POI-ID-4bded301,1,1,1,0,0,1,1,0,0
POI-ID-0fa811d5,5,5,4,1,0,4,4,0,0
POI-ID-7399bafa,1,1,1,0,0,1,1,0,0
POI-ID-9bae7413,7,7,4,1,2,2,2,0,0
POI-ID-13f89afb,1,1,1,0,0,1,1,0,0
POI-ID-6e2e4034,1,1,1,0,0,1,1,0,0
POI-ID-eba9ecce,1,1,1,0,0,1,1,0,0
POI-ID-6b63ae5c,1,1,1,0,0,1,1,0,0
POI-ID-81d090bd,1,1,1,0,0,1,1,0,0
POI-ID-aa5775d0,2,2,2,0,0,2,2,0,0
POI-ID-e31739ba,1,1,1,0,0,1,1,0,0
POI-ID-0df393dc,1,1,1,0,0,1,1,0,0
POI-ID-63f25293,1,1,1,0,0,1,1,0,0
POI-ID-c63a488a,1,1,1,0,0,1,1,0,0
POI-ID-25771644,3,3,2,1,0,2,2,0,0
POI-ID-c838c207,1,1,1,0,0,1,1,0,0
POI-ID-2acd1209,1,1,1,0,0,1,1,0,0
POI-ID-e15dc20c,1,1,1,0,0,1,1,0,0
POI-ID-d31a2f0c,3,3,1,1,1,1,1,0,0
POI-ID-276607ed,3,3,3,0,0,3,3,0,0
POI-ID-03b9199a,9,9,5,2,2,1,1,0,0
POI-ID-9f15fda0,4,4,2,1,1,1,1,0,0
POI-ID-7bb6b290,1,1,1,0,0,1,1,0,0
POI-ID-bbb049a6,1,1,1,0,0,1,1,0,0
POI-ID-8c2716c9,1,1,1,0,0,1,1,0,0
POI-ID-641d5749,1,1,1,0,0,1,1,0,0
POI-ID-aecba1b8,2,2,2,0,0,2,2,0,0
POI-ID-259699d6,12,12,7,3,2,1,1,0,0
POI-ID-20543f15,1,1,1,0,0,1,1,0,0
POI-ID-d4f56fd6,1,1,1,0,0,1,1,0,0
POI-ID-f44e9114,1,1,1,0,0,1,1,0,0
POI-ID-f80bd9f3,2,2,2,0,0,2,2,0,0
POI-ID-5c977bce,1,1,1,0,0,1,1,0,0
POI-ID-dc707f65,1,1,1,0,0,1,1,0,0
POI-ID-aa98c92d,1,1,1,0,0,1,1,0,0
POI-ID-11967027,27,27,16,7,4,2,2,0,0
POI-ID-af2df5be,2,2,2,0,0,2,2,0,0
POI-ID-50836019,2,2,2,0,0,2,2,0,0
POI-ID-131734b1,1,1,1,0,0,1,1,0,0
POI-ID-a3a3d373,1,1,1,0,0,1,1,0,0
POI-ID-f58cc7b2,1,1,1,0,0,1,1,0,0
POI-ID-3102ffbf,4,4,4,0,0,4,4,0,0
POI-ID-5ea142b0,1,1,1,0,0,1,1,0,0
POI-ID-af7dae25,1,1,1,0,0,1,1,0,0
POI-ID-691c2ae8,1,1,1,0,0,1,1,0,0
POI-ID-e03c7fd7,2,2,2,0,0,2,2,0,0
POI-ID-af71d64e,1,1,1,0,0,1,1,0,0
POI-ID-f88ef426,10,10,6,3,1,1,1,0,0
POI-ID-7cf816d9,1,1,1,0,0,1,1,0,0
POI-ID-59823e73,1,1,1,0,0,1,1,0,0
POI-ID-3fac36e0,1,1,1,0,0,1,1,0,0
POI-ID-d3460f83,1,1,1,0,0,1,1,0,0
POI-ID-d1914537,1,1,1,0,0,1,1,0,0
POI-ID-e003c50d,1,1,1,0,0,1,1,0,0
POI-ID-4d2e49ad,2,2,2,0,0,2,2,0,0
POI-ID-7a00977a,1,1,1,0,0,1,1,0,0
POI-ID-100c0eeb,2,2,2,0,0,2,2,0,0
POI-ID-e1216d13,1,1,1,0,0,1,1,0,0
POI-ID-c93799fd,1,1,1,0,0,1,1,0,0
POI-ID-500d706f,1,1,1,0,0,1,1,0,0
POI-ID-2e8b81e6,1,1,1,0,0,1,1,0,0
POI-ID-4873250c,1,1,1,0,0,1,1,0,0
POI-ID-3c46c9aa,1,1,1,0,0,1,1,0,0
POI-ID-e399e3bd,2,2,2,0,0,2,2,0,0
POI-ID-4198362d,1,1,1,0,0,1,1,0,0
POI-ID-cfad2a78,1,1,1,0,0,1,1,0,0
POI-ID-4fdd294b,1,1,1,0,0,1,1,0,0
POI-ID-d5e30e1a,3,3,2,1,0,2,2,0,0
POI-ID-47dcfea3,1,1,1,0,0,1,1,0,0
POI-ID-ceb75482,1,1,1,0,0,1,1,0,0
POI-ID-a8f4875d,1,1,1,0,0,1,1,0,0
POI-ID-19868467,1,1,1,0,0,1,1,0,0
POI-ID-52b3db79,1,1,1,0,0,1,1,0,0
POI-ID-0fa13251,3,3,1,1,1,1,1,0,0
POI-ID-d3c6f797,1,1,1,0,0,1,1,0,0
POI-ID-877ae117,5,5,3,1,1,1,1,0,0
POI-ID-0295549d,1,1,1,0,0,1,1,0,0
POI-ID-d5087386,1,1,1,0,0,1,1,0,0
POI-ID-4fffb9e2,1,1,1,0,0,1,1,0,0
POI-ID-6c226d65,2,2,2,0,0,2,2,0,0
POI-ID-62672a4a,2,2,2,0,0,2,2,0,0
POI-ID-c2a881eb,1,1,1,0,0,1,1,0,0
POI-ID-d4662bab,2,2,1,1,0,1,1,0,0
POI-ID-5d1f8731,2,2,2,0,0,2,2,0,0
POI-ID-1c5c5bcf,1,1,1,0,0,1,1,0,0
POI-ID-67608ddb,1,1,1,0,0,1,1,0,0
POI-ID-ffe6f23c,3,3,1,1,1,1,1,0,0
POI-ID-9a3e01f6,1,1,1,0,0,1,1,0,0
POI-ID-b8e5e5a0,1,1,1,0,0,1,1,0,0
POI-ID-620a7e64,2,2,1,1,0,1,1,0,0
POI-ID-ad4041bc,1,1,1,0,0,1,1,0,0
POI-ID-0fca3e86,14,14,8,4,2,1,1,0,0
POI-ID-18f06bec,2,2,2,0,0,2,2,0,0
POI-ID-23fb451d,4,4,2,1,1,1,1,0,0
POI-ID-1f01286b,1,1,1,0,0,1,1,0,0
POI-ID-6152f1d2,1,1,1,0,0,1,1,0,0
POI-ID-b2fcd073,1,1,1,0,0,1,1,0,0
POI-ID-4de85b6e,1,1,1,0,0,1,1,0,0
POI-ID-a17dd3e3,1,1,1,0,0,1,1,0,0
POI-ID-50a26f4c,1,1,1,0,0,1,1,0,0
POI-ID-a9848389,1,1,1,0,0,1,1,0,0
POI-ID-f443910d,1,1,1,0,0,1,1,0,0
POI-ID-e89c9496,1,1,1,0,0,1,1,0,0
POI-ID-aa33e41b,2,2,1,1,0,1,1,0,0
POI-ID-45f10613,1,1,1,0,0,1,1,0,0
POI-ID-ab556e95,1,1,1,0,0,1,1,0,0
POI-ID-fac16ac4,2,2,1,1,0,1,1,0,0
POI-ID-c4ea29f1,2,2,1,1,0,1,1,0,0
POI-ID-4f23bf8e,1,1,1,0,0,1,1,0,0
POI-ID-b3bc05c9,1,1,1,0,0,1,1,0,0
POI-ID-a728c308,1,1,1,0,0,1,1,0,0
POI-ID-62c66b94,1,1,1,0,0,1,1,0,0
POI-ID-24ebf0d0,1,1,1,0,0,1,1,0,0
POI-ID-7ef5de57,1,1,1,0,0,1,1,0,0
POI-ID-f80c52c9,1,1,1,0,0,1,1,0,0
POI-ID-a7c99b82,1,1,1,0,0,1,1,0,0
POI-ID-9d107b8c,4,4,3,1,0,3,3,0,0
POI-ID-1ce29222,1,1,1,0,0,1,1,0,0
POI-ID-9a0e75fc,1,1,1,0,0,1,1,0,0
POI-ID-b7beb4ac,2,2,1,0,1,1,1,0,0
POI-ID-ee4a0810,2,2,1,1,0,1,1,0,0
POI-ID-b2df522f,3,3,2,1,0,2,2,0,0
POI-ID-1c3b0cb2,2,2,2,0,0,2,2,0,0
POI-ID-38144b2b,2,2,2,0,0,2,2,0,0
POI-ID-c17e1586,1,1,1,0,0,1,1,0,0
POI-ID-e110352e,1,1,1,0,0,1,1,0,0
POI-ID-4eaa65d0,1,1,1,0,0,1,1,0,0
POI-ID-e86ea707,2,2,2,0,0,2,2,0,0
POI-ID-d61abc51,1,1,1,0,0,1,1,0,0
POI-ID-b93b9c98,1,1,1,0,0,1,1,0,0
POI-ID-b463f0b7,1,1,1,0,0,1,1,0,0
POI-ID-9ad28007,1,1,1,0,0,1,1,0,0
POI-ID-c152d9d6,10,10,6,3,1,1,1,0,0
POI-ID-112eefb0,1,1,1,0,0,1,1,0,0
POI-ID-809e4a4a,1,1,1,0,0,1,1,0,0
POI-ID-bcb6437c,1,1,1,0,0,1,1,0,0
POI-ID-c282d7e7,1,1,1,0,0,1,1,0,0
POI-ID-9a00b5a8,1,1,1,0,0,1,1,0,0
POI-ID-08c18d39,1,1,1,0,0,1,1,0,0
POI-ID-80d61067,1,1,1,0,0,1,1,0,0
POI-ID-46fecaad,1,1,1,0,0,1,1,0,0
POI-ID-b93471e0,1,1,1,0,0,1,1,0,0
POI-ID-6621c4c5,1,1,1,0,0,1,1,0,0
POI-ID-15aa651b,1,1,1,0,0,1,1,0,0
POI-ID-4f0b6e3b,1,1,1,0,0,1,1,0,0
POI-ID-d580dcb9,1,1,1,0,0,1,1,0,0
POI-ID-64fb388e,1,1,1,0,0,1,1,0,0
POI-ID-699c66e8,1,1,1,0,0,1,1,0,0
POI-ID-a23e82bb,4,4,2,1,1,2,2,0,0
POI-ID-2de6bbbe,2,2,1,1,0,1,1,0,0
POI-ID-1ee5cae7,1,1,1,0,0,1,1,0,0
POI-ID-1cd9a8af,3,3,3,0,0,3,3,0,0
POI-ID-6dbb3e31,2,2,2,0,0,2,2,0,0
POI-ID-08ffd1e6,1,1,1,0,0,1,1,0,0
POI-ID-ed597037,2,2,2,0,0,2,2,0,0
POI-ID-b2f30bfe,2,2,2,0,0,2,2,0,0
POI-ID-c5ca35db,1,1,1,0,0,1,1,0,0
POI-ID-6ad95244,3,3,3,0,0,3,3,0,0
POI-ID-6f0c5b62,2,2,2,0,0,2,2,0,0
POI-ID-4a39c8ef,1,1,1,0,0,1,1,0,0
POI-ID-9716b3ec,1,1,1,0,0,1,1,0,0
POI-ID-262ac81f,1,1,0,1,0,1,1,0,0
POI-ID-4efdb55a,1,1,1,0,0,1,1,0,0
POI-ID-2f9b1d30,2,2,2,0,0,2,2,0,0
POI-ID-4212e497,1,1,1,0,0,1,1,0,0
POI-ID-af5e36c8,9,9,4,3,2,3,3,0,0
POI-ID-5e7206c3,18,18,10,5,3,1,1,0,0
POI-ID-56817d79,1,1,1,0,0,1,1,0,0
POI-ID-b539171b,1,1,1,0,0,1,1,0,0
POI-ID-2edcb8e1,3,3,3,0,0,3,3,0,0
POI-ID-bc786dc4,2,2,1,1,0,1,1,0,0
POI-ID-fbf81342,1,1,1,0,0,1,1,0,0
POI-ID-9a3b44d9,1,1,1,0,0,1,1,0,0
POI-ID-ade35115,1,1,1,0,0,1,1,0,0
POI-ID-a35c0458,1,1,1,0,0,1,1,0,0
POI-ID-94ea20e3,1,1,0,0,1,1,1,0,0
POI-ID-a4ff2945,2,2,2,0,0,2,2,0,0
POI-ID-9f2689f7,1,1,1,0,0,1,1,0,0
POI-ID-ead711a3,2,2,2,0,0,2,2,0,0
POI-ID-0c78d9dd,1,1,1,0,0,1,1,0,0
POI-ID-1b76cb56,1,1,1,0,0,1,1,0,0
POI-ID-e6e46c9d,2,2,2,0,0,2,2,0,0
POI-ID-da3b0a6e,2,2,1,1,0,1,1,0,0
POI-ID-0ab7d76f,1,1,1,0,0,1,1,0,0
POI-ID-c9a69e9d,2,2,1,1,0,1,1,0,0
POI-ID-04ac6861,4,4,2,1,1,1,1,0,0
POI-ID-17e70cc7,3,3,2,1,0,2,2,0,0
POI-ID-531903c5,1,1,1,0,0,1,1,0,0
POI-ID-90c15624,1,1,1,0,0,1,1,0,0
POI-ID-351f88e8,1,1,1,0,0,1,1,0,0
POI-ID-673513a5,4,4,2,1,1,1,1,0,0
POI-ID-a7a71d69,2,2,1,1,0,1,1,0,0
POI-ID-2d67b745,1,1,1,0,0,1,1,0,0
POI-ID-8a36362c,1,1,1,0,0,1,1,0,0
POI-ID-d37ba546,2,2,2,0,0,2,2,0,0
POI-ID-52b60895,1,1,1,0,0,1,1,0,0
POI-ID-ddd2e014,1,1,1,0,0,1,1,0,0
POI-ID-9d3a1f5b,3,3,3,0,0,3,3,0,0
POI-ID-ac35c933,1,1,1,0,0,1,1,0,0
POI-ID-ba25b52e,1,1,1,0,0,1,1,0,0
POI-ID-5455c791,1,1,1,0,0,1,1,0,0
POI-ID-d927f874,1,1,1,0,0,1,1,0,0
POI-ID-50b16d76,1,1,1,0,0,1,1,0,0
POI-ID-1164049c,1,1,1,0,0,1,1,0,0
POI-ID-45225e6a,2,2,2,0,0,2,2,0,0
POI-ID-693a7ecd,5,5,4,1,0,4,4,0,0
POI-ID-ec71c64e,1,1,1,0,0,1,1,0,0
POI-ID-76c4d5f3,1,1,1,0,0,1,1,0,0
POI-ID-5ce89362,1,1,1,0,0,1,1,0,0
POI-ID-e6bb0072,1,1,1,0,0,1,1,0,0
POI-ID-c9a2744e,1,1,1,0,0,1,1,0,0
POI-ID-4e3450c0,1,1,1,0,0,1,1,0,0
POI-ID-a8543ffb,1,1,1,0,0,1,1,0,0
POI-ID-f240b440,1,1,1,0,0,1,1,0,0
POI-ID-8869653b,1,1,1,0,0,1,1,0,0
POI-ID-6da6ae2f,1,1,1,0,0,1,1,0,0
POI-ID-a03398dd,1,1,1,0,0,1,1,0,0
POI-ID-14f0bfca,1,1,1,0,0,1,1,0,0
POI-ID-61a33885,1,1,1,0,0,1,1,0,0
POI-ID-f08ed805,1,1,0,1,0,1,1,0,0
POI-ID-bf264682,2,2,1,1,0,1,1,0,0
POI-ID-b2c388a8,3,3,2,1,0,2,2,0,0
POI-ID-97190f1d,1,1,1,0,0,1,1,0,0
POI-ID-41b49d29,1,1,1,0,0,1,1,0,0
POI-ID-6ccf6611,2,2,2,0,0,2,2,0,0
POI-ID-713ac2cc,3,3,3,0,0,3,3,0,0
POI-ID-b9102a18,2,2,2,0,0,2,2,0,0
POI-ID-650bce50,1,1,1,0,0,1,1,0,0
POI-ID-0354c2da,1,1,1,0,0,1,1,0,0
POI-ID-8fd9bdde,2,2,2,0,0,2,2,0,0
POI-ID-4355b8db,3,3,3,0,0,3,3,0,0
POI-ID-bd6f19d5,1,1,1,0,0,1,1,0,0
POI-ID-074ce52e,1,1,1,0,0,1,1,0,0
POI-ID-87331049,1,1,1,0,0,1,1,0,0
POI-ID-5588560c,1,1,1,0,0,1,1,0,0
POI-ID-9e9f0ac8,1,1,1,0,0,1,1,0,0
POI-ID-d060fcca,1,1,0,1,0,1,1,0,0
POI-ID-556062e6,1,1,1,0,0,1,1,0,0
POI-ID-2431eb74,1,1,1,0,0,1,1,0,0
POI-ID-534ecba2,2,2,1,1,0,1,1,0,0
POI-ID-167da212,1,1,1,0,0,1,1,0,0
POI-ID-4de65e29,1,1,1,0,0,1,1,0,0
POI-ID-2f60ecc7,1,1,1,0,0,1,1,0,0
POI-ID-41d588da,2,2,2,0,0,2,2,0,0
POI-ID-637b1ab5,1,1,1,0,0,1,1,0,0
POI-ID-a834eb4d,1,1,1,0,0,1,1,0,0
POI-ID-a0d0a921,3,3,2,1,0,2,2,0,0
POI-ID-86cd509e,1,1,1,0,0,1,1,0,0
POI-ID-4079dd2f,1,1,1,0,0,1,1,0,0
POI-ID-7efef004,1,1,1,0,0,1,1,0,0
POI-ID-36ecc9ea,1,1,1,0,0,1,1,0,0
POI-ID-acaf5675,1,1,1,0,0,1,1,0,0
POI-ID-4545deb5,2,2,2,0,0,2,2,0,0
POI-ID-a3de0718,1,1,1,0,0,1,1,0,0
POI-ID-abc9aa72,2,2,2,0,0,2,2,0,0
POI-ID-4c861ac8,2,2,2,0,0,2,2,0,0
POI-ID-bcdd9fd6,4,4,3,1,0,3,3,0,0
POI-ID-47bbb96c,3,3,2,1,0,2,2,0,0
POI-ID-29a71fef,2,2,2,0,0,2,2,0,0
POI-ID-6648c03c,11,11,6,3,2,2,2,0,0
POI-ID-00bf8fc3,1,1,1,0,0,1,1,0,0
POI-ID-35acbcc5,1,1,1,0,0,1,1,0,0
POI-ID-7aff800d,1,1,1,0,0,1,1,0,0
POI-ID-b44d0f04,1,1,1,0,0,1,1,0,0
POI-ID-b155ec70,2,2,2,0,0,2,2,0,0
POI-ID-b8ac4da3,3,3,3,0,0,3,3,0,0
POI-ID-a8cb6c7a,1,1,1,0,0,1,1,0,0
POI-ID-7fbca53c,1,1,1,0,0,1,1,0,0
POI-ID-e6c134cf,3,3,2,1,0,2,2,0,0
POI-ID-076234ed,1,1,1,0,0,1,1,0,0
POI-ID-9983b099,1,1,1,0,0,1,1,0,0
POI-ID-828296ce,1,1,1,0,0,1,1,0,0
POI-ID-b12c692c,2,2,2,0,0,2,2,0,0
POI-ID-7f0334dd,2,2,2,0,0,2,2,0,0
POI-ID-4ed666a6,3,3,3,0,0,3,3,0,0
POI-ID-c9e66cb0,1,1,1,0,0,1,1,0,0
POI-ID-4e3b7c8b,1,1,1,0,0,1,1,0,0
POI-ID-66403e8c,1,1,1,0,0,1,1,0,0
POI-ID-3ff460c6,2,2,2,0,0,2,2,0,0
POI-ID-3f049069,8,8,4,2,2,2,2,0,0
POI-ID-12f4b3c7,2,2,2,0,0,2,2,0,0
POI-ID-3b213cd9,1,1,1,0,0,1,1,0,0
POI-ID-abcf0f40,1,1,1,0,0,1,1,0,0
POI-ID-0fd473a2,2,2,2,0,0,2,2,0,0
POI-ID-d317d51e,2,2,1,1,0,1,1,0,0
POI-ID-93c9bac1,1,1,1,0,0,1,1,0,0
POI-ID-cccad360,1,1,1,0,0,1,1,0,0
POI-ID-4f4c98e0,1,1,1,0,0,1,1,0,0
POI-ID-9221fc7f,1,1,1,0,0,1,1,0,0
POI-ID-a03591d1,1,1,1,0,0,1,1,0,0
POI-ID-5bf2bf3c,1,1,1,0,0,1,1,0,0
POI-ID-70e35216,3,3,3,0,0,3,3,0,0
POI-ID-ade54543,1,1,1,0,0,1,1,0,0
POI-ID-7c9bf61d,1,1,1,0,0,1,1,0,0
POI-ID-e57fbb27,1,1,1,0,0,1,1,0,0
POI-ID-e93a3f55,1,1,1,0,0,1,1,0,0
POI-ID-de4869ba,1,1,1,0,0,1,1,0,0
POI-ID-dfa55242,1,1,1,0,0,1,1,0,0
POI-ID-6b336d3a,2,2,2,0,0,2,2,0,0
POI-ID-99a72f69,3,3,1,1,1,1,1,0,0
POI-ID-454a4b61,1,1,1,0,0,1,1,0,0
POI-ID-4994c600,1,1,1,0,0,1,1,0,0
POI-ID-4baf3ab5,2,2,2,0,0,2,2,0,0
POI-ID-88a5672a,1,1,1,0,0,1,1,0,0
POI-ID-9216b684,1,1,1,0,0,1,1,0,0
POI-ID-031a2ada,1,1,1,0,0,1,1,0,0
POI-ID-8f561cea,1,1,1,0,0,1,1,0,0
POI-ID-1defbeaa,1,1,1,0,0,1,1,0,0
POI-ID-b945c028,2,2,2,0,0,2,2,0,0
POI-ID-b760b3e9,1,1,1,0,0,1,1,0,0
POI-ID-9f3da202,1,1,1,0,0,1,1,0,0
POI-ID-6254eaee,1,1,1,0,0,1,1,0,0
POI-ID-678f5c05,1,1,1,0,0,1,1,0,0
POI-ID-92f2573f,1,1,1,0,0,1,1,0,0
POI-ID-fcc57bdf,1,1,1,0,0,1,1,0,0
POI-ID-78474413,1,1,1,0,0,1,1,0,0
POI-ID-7ee7585e,7,7,4,2,1,1,1,0,0
POI-ID-36f06252,1,1,1,0,0,1,1,0,0
POI-ID-f3952c4f,1,1,1,0,0,1,1,0,0
POI-ID-2c5f2614,1,1,1,0,0,1,1,0,0
POI-ID-6b1007a5,1,1,1,0,0,1,1,0,0
POI-ID-fa9f0d93,1,1,1,0,0,1,1,0,0
POI-ID-45142a52,2,2,2,0,0,2,2,0,0
POI-ID-5fe2ff42,4,4,2,1,1,1,1,0,0
POI-ID-7c19348d,1,1,1,0,0,1,1,0,0
POI-ID-ecf72373,3,3,2,1,0,2,2,0,0
POI-ID-00218a29,1,1,1,0,0,1,1,0,0
POI-ID-dbf3d9fc,3,3,1,1,1,1,1,0,0
POI-ID-c9479357,1,1,1,0,0,1,1,0,0
POI-ID-7ade53cd,2,2,2,0,0,2,2,0,0
POI-ID-20b04d02,1,1,1,0,0,1,1,0,0
POI-ID-f820fc93,1,1,1,0,0,1,1,0,0
POI-ID-c9a6393d,1,1,1,0,0,1,1,0,0
POI-ID-8df0e5c6,1,1,1,0,0,1,1,0,0
POI-ID-7ee196ee,2,2,1,1,0,1,1,0,0
POI-ID-3d534b31,1,1,1,0,0,1,1,0,0
POI-ID-5b0bd072,1,1,1,0,0,1,1,0,0
POI-ID-7a6bce1a,1,1,1,0,0,1,1,0,0
POI-ID-04b28b44,1,1,1,0,0,1,1,0,0
POI-ID-7103aceb,1,1,1,0,0,1,1,0,0
POI-ID-4ba9c410,1,1,1,0,0,1,1,0,0
POI-ID-41b94b37,2,2,1,1,0,1,1,0,0
POI-ID-88e836c4,2,2,2,0,0,2,2,0,0
POI-ID-0dae44f0,1,1,1,0,0,1,1,0,0
POI-ID-fa16019d,1,1,1,0,0,1,1,0,0
POI-ID-89df4517,3,3,3,0,0,3,3,0,0
POI-ID-e3fccd17,1,1,1,0,0,1,1,0,0
POI-ID-97ff2f23,1,1,1,0,0,1,1,0,0
POI-ID-2b6f3749,4,4,3,1,0,3,3,0,0
POI-ID-dfae7740,3,3,2,1,0,2,2,0,0
POI-ID-e4915382,1,1,1,0,0,1,1,0,0
POI-ID-33f20feb,4,4,2,1,1,1,1,0,0
POI-ID-f695464d,1,1,1,0,0,1,1,0,0
POI-ID-9370adee,1,1,1,0,0,1,1,0,0
POI-ID-e19bdb74,2,2,1,1,0,1,1,0,0
POI-ID-8f9f1c1b,3,3,1,1,1,1,1,0,0
POI-ID-04747340,2,2,1,1,0,1,1,0,0
POI-ID-2d916561,1,1,1,0,0,1,1,0,0
POI-ID-12f934d4,1,1,1,0,0,1,1,0,0
POI-ID-4cf6e05b,2,2,2,0,0,2,2,0,0
POI-ID-ac0f4f2c,2,2,2,0,0,2,2,0,0
POI-ID-2da12dc3,1,1,1,0,0,1,1,0,0
POI-ID-147f9b45,1,1,1,0,0,1,1,0,0
POI-ID-a0ef328d,5,5,3,1,1,2,2,0,0
POI-ID-2a4066f7,1,1,1,0,0,1,1,0,0
POI-ID-90230d62,3,3,3,0,0,3,3,0,0
POI-ID-889be6e5,1,1,1,0,0,1,1,0,0
POI-ID-72f976b6,1,1,1,0,0,1,1,0,0
POI-ID-2027aff4,1,1,0,1,0,1,1,0,0
POI-ID-30c5b6b0,1,1,1,0,0,1,1,0,0
POI-ID-40d67ae8,1,1,1,0,0,1,1,0,0
POI-ID-e0561a96,1,1,1,0,0,1,1,0,0
POI-ID-1c1b8d54,1,1,1,0,0,1,1,0,0
POI-ID-b12c8587,1,1,1,0,0,1,1,0,0
POI-ID-620c86ef,1,1,1,0,0,1,1,0,0
POI-ID-b7604e1e,3,3,1,1,1,1,1,0,0
POI-ID-8e4562a0,7,7,5,1,1,3,3,0,0
POI-ID-cb34c132,2,2,2,0,0,2,2,0,0
POI-ID-f5c5f8bf,1,1,1,0,0,1,1,0,0
POI-ID-20361200,1,1,1,0,0,1,1,0,0
POI-ID-e92fa732,1,1,1,0,0,1,1,0,0
POI-ID-439f7a05,1,1,1,0,0,1,1,0,0
POI-ID-6c2b3c1e,3,3,2,1,0,2,2,0,0
POI-ID-39e886ea,2,2,2,0,0,2,2,0,0
POI-ID-7c2c7992,1,1,1,0,0,1,1,0,0
POI-ID-2cc0d2a9,1,1,1,0,0,1,1,0,0
POI-ID-4a76ce8d,9,9,5,2,2,4,4,0,0
POI-ID-661dc5cf,1,1,1,0,0,1,1,0,0
POI-ID-08e5667d,1,1,1,0,0,1,1,0,0
POI-ID-9aea29c8,1,1,1,0,0,1,1,0,0
POI-ID-62000b37,1,1,1,0,0,1,1,0,0
POI-ID-171caf24,1,1,1,0,0,1,1,0,0
POI-ID-2a664b09,2,2,2,0,0,2,2,0,0
POI-ID-43bcb57b,1,1,1,0,0,1,1,0,0
POI-ID-c11bb1eb,2,2,2,0,0,2,2,0,0
POI-ID-8d3392a0,1,1,1,0,0,1,1,0,0
POI-ID-49e07540,8,8,6,1,1,6,6,0,0
POI-ID-24d0a99e,5,5,3,1,1,2,2,0,0
POI-ID-c13e1bde,2,2,2,0,0,2,2,0,0
POI-ID-dc906d18,2,2,2,0,0,2,2,0,0
POI-ID-265064b8,1,1,1,0,0,1,1,0,0
POI-ID-26251f49,1,1,1,0,0,1,1,0,0
POI-ID-16887be0,1,1,1,0,0,1,1,0,0
POI-ID-527e1536,1,1,1,0,0,1,1,0,0
POI-ID-61903014,1,1,1,0,0,1,1,0,0
POI-ID-b3caf22a,1,1,1,0,0,1,1,0,0
POI-ID-6a59feb4,5,5,3,1,1,2,2,0,0
POI-ID-ba168653,2,2,1,1,0,1,1,0,0
POI-ID-518d1415,1,1,1,0,0,1,1,0,0
POI-ID-93be0310,1,1,1,0,0,1,1,0,0
POI-ID-aa7bcd3e,12,12,7,3,2,2,2,0,0
POI-ID-7ccf343b,32,32,18,8,6,3,3,0,0
POI-ID-918d50cc,3,3,2,1,0,2,2,0,0
POI-ID-9d1a9f2e,1,1,1,0,0,1,1,0,0
POI-ID-a4a98b1a,1,1,1,0,0,1,1,0,0
POI-ID-87941bc2,1,1,1,0,0,1,1,0,0
POI-ID-4987be35,1,1,1,0,0,1,1,0,0
POI-ID-f5925f12,1,1,1,0,0,1,1,0,0
POI-ID-0598c5d1,1,1,1,0,0,1,1,0,0
POI-ID-0e3e5ebf,6,6,4,1,1,4,4,0,0
POI-ID-3c257e3f,1,1,1,0,0,1,1,0,0
POI-ID-a749b02e,1,1,1,0,0,1,1,0,0
POI-ID-8b1c3753,1,1,1,0,0,1,1,0,0
POI-ID-0d61598d,1,1,1,0,0,1,1,0,0
POI-ID-18be810f,1,1,1,0,0,1,1,0,0
POI-ID-49b36900,1,1,1,0,0,1,1,0,0
POI-ID-50773499,3,3,3,0,0,3,3,0,0
POI-ID-8b83a775,1,1,1,0,0,1,1,0,0
POI-ID-2d269b9d,1,1,1,0,0,1,1,0,0
POI-ID-c38bef9b,2,2,2,0,0,2,2,0,0
POI-ID-89ecdc5d,1,1,1,0,0,1,1,0,0
POI-ID-c703208b,1,1,1,0,0,1,1,0,0
POI-ID-54e18115,1,1,1,0,0,1,1,0,0
POI-ID-bcdcdabc,1,1,1,0,0,1,1,0,0
POI-ID-b35b52f1,1,1,1,0,0,1,1,0,0
POI-ID-e6aca254,1,1,1,0,0,1,1,0,0
POI-ID-9618218a,1,1,1,0,0,1,1,0,0
POI-ID-2dcd430d,1,1,1,0,0,1,1,0,0
POI-ID-d6b7ce1b,1,1,1,0,0,1,1,0,0
POI-ID-6387f1c6,1,1,1,0,0,1,1,0,0
POI-ID-58bec7e4,1,1,1,0,0,1,1,0,0
POI-ID-e22a9772,1,1,1,0,0,1,1,0,0
POI-ID-7bde4b55,1,1,1,0,0,1,1,0,0
POI-ID-7318c49c,1,1,1,0,0,1,1,0,0
POI-ID-52a71624,1,1,1,0,0,1,1,0,0
POI-ID-769ccbc5,1,1,1,0,0,1,1,0,0
POI-ID-390c32da,1,1,1,0,0,1,1,0,0
POI-ID-d261c0ca,1,1,1,0,0,1,1,0,0
POI-ID-f41c3b03,1,1,1,0,0,1,1,0,0
POI-ID-b47fd4e0,2,2,2,0,0,2,2,0,0
POI-ID-a7a203a4,1,1,1,0,0,1,1,0,0
POI-ID-d6c52b76,1,1,1,0,0,1,1,0,0
POI-ID-5b41c08f,1,1,1,0,0,1,1,0,0
POI-ID-bc4cc351,1,1,1,0,0,1,1,0,0
POI-ID-99702130,2,2,2,0,0,2,2,0,0
POI-ID-a67a63cf,3,3,3,0,0,3,3,0,0
POI-ID-838a1301,2,2,1,1,0,1,1,0,0
POI-ID-e81d5fb6,1,1,1,0,0,1,1,0,0
POI-ID-9f6c001e,1,1,1,0,0,1,1,0,0
POI-ID-b977efd4,1,1,1,0,0,1,1,0,0
POI-ID-57f927b2,5,5,3,1,1,1,1,0,0
POI-ID-31ab2a90,1,1,1,0,0,1,1,0,0
POI-ID-750e21a6,1,1,1,0,0,1,1,0,0
POI-ID-5c390ca4,2,2,1,1,0,1,1,0,0
POI-ID-866892e9,1,1,1,0,0,1,1,0,0
POI-ID-72f3a2f1,1,1,1,0,0,1,1,0,0
POI-ID-3c64fff7,1,1,1,0,0,1,1,0,0
POI-ID-7086b187,1,1,1,0,0,1,1,0,0
POI-ID-e07c2806,2,2,2,0,0,2,2,0,0
POI-ID-f85fef98,1,1,1,0,0,1,1,0,0
POI-ID-35e06655,1,1,1,0,0,1,1,0,0
POI-ID-572ec52f,2,2,1,1,0,1,1,0,0
POI-ID-cd64fc80,1,1,1,0,0,1,1,0,0
POI-ID-47ce0d63,2,2,2,0,0,2,2,0,0
POI-ID-dbb3dec7,1,1,1,0,0,1,1,0,0
POI-ID-a2d04795,1,1,0,0,1,1,1,0,0
POI-ID-50409c60,2,2,2,0,0,2,2,0,0
POI-ID-7b390112,2,2,1,1,0,1,1,0,0
POI-ID-644de9c5,1,1,1,0,0,1,1,0,0
POI-ID-03ac3301,1,1,1,0,0,1,1,0,0
POI-ID-e4c793bc,1,1,1,0,0,1,1,0,0
POI-ID-136e4414,1,1,1,0,0,1,1,0,0
POI-ID-63ffd029,1,1,1,0,0,1,1,0,0
POI-ID-4612d85f,1,1,1,0,0,1,1,0,0
POI-ID-90036823,1,1,1,0,0,1,1,0,0
POI-ID-5253796b,5,5,3,1,1,2,2,0,0
POI-ID-5aca5759,1,1,1,0,0,1,1,0,0
POI-ID-3bc9f6a4,1,1,1,0,0,1,1,0,0
POI-ID-be64316a,1,1,1,0,0,1,1,0,0
POI-ID-b9a05d79,1,1,1,0,0,1,1,0,0
POI-ID-4d7a5008,2,2,2,0,0,2,2,0,0
POI-ID-333959c6,1,1,1,0,0,1,1,0,0
POI-ID-ca03a548,2,2,2,0,0,2,2,0,0
POI-ID-4ee0fc17,3,3,3,0,0,3,3,0,0
POI-ID-4a73b5ca,2,2,2,0,0,2,2,0,0
POI-ID-3a9eb4ca,1,1,1,0,0,1,1,0,0
POI-ID-39b7b34d,2,2,2,0,0,2,2,0,0
POI-ID-5e459b26,2,2,2,0,0,2,2,0,0
POI-ID-ae8121b0,4,4,2,1,1,1,1,0,0
POI-ID-fe19fb8f,1,1,1,0,0,1,1,0,0
POI-ID-ddb8e328,1,1,1,0,0,1,1,0,0
POI-ID-b34ffe2f,1,1,1,0,0,1,1,0,0
POI-ID-eafa9573,1,1,1,0,0,1,1,0,0
POI-ID-7d08f48c,1,1,1,0,0,1,1,0,0
POI-ID-d8c6dacd,1,1,1,0,0,1,1,0,0
POI-ID-a67cf076,1,1,1,0,0,1,1,0,0
POI-ID-bb0f4a0d,1,1,1,0,0,1,1,0,0
POI-ID-be82afc9,1,1,1,0,0,1,1,0,0
POI-ID-69f50791,13,13,7,3,3,1,1,0,0
POI-ID-1ec34aa8,1,1,1,0,0,1,1,0,0
POI-ID-b72e15dc,1,1,1,0,0,1,1,0,0
POI-ID-0b45ab2d,3,3,1,1,1,1,1,0,0
POI-ID-83cc5ac4,2,2,1,1,0,1,1,0,0
POI-ID-c6798683,1,1,1,0,0,1,1,0,0
POI-ID-1761f8ad,1,1,1,0,0,1,1,0,0
POI-ID-50bcbf46,1,1,1,0,0,1,1,0,0
POI-ID-31882e14,1,1,1,0,0,1,1,0,0
POI-ID-78c846df,1,1,1,0,0,1,1,0,0
POI-ID-9dfab907,1,1,1,0,0,1,1,0,0
POI-ID-458f7662,1,1,1,0,0,1,1,0,0
POI-ID-b7adfd4a,4,4,2,1,1,2,2,0,0
POI-ID-6d61884b,2,2,1,1,0,1,1,0,0
POI-ID-b84a5801,1,1,1,0,0,1,1,0,0
POI-ID-8cec17e0,1,1,1,0,0,1,1,0,0
POI-ID-1533cd14,19,19,11,5,3,1,1,0,0
POI-ID-3856e711,4,4,2,1,1,1,1,0,0
POI-ID-1f4b4b32,2,2,1,1,0,1,1,0,0
POI-ID-02fba11a,1,1,1,0,0,1,1,0,0
POI-ID-559d1e13,1,1,1,0,0,1,1,0,0
POI-ID-f4df828e,1,1,1,0,0,1,1,0,0
POI-ID-34b44ed7,4,4,4,0,0,4,4,0,0
POI-ID-8a56172b,3,3,3,0,0,3,3,0,0
POI-ID-79e8415b,5,5,3,1,1,3,3,0,0
POI-ID-386f86ce,2,2,2,0,0,2,2,0,0
POI-ID-ee282648,3,3,3,0,0,3,3,0,0
POI-ID-5c016053,1,1,1,0,0,1,1,0,0
POI-ID-783ad82f,3,3,2,1,0,2,2,0,0
POI-ID-6f8cec2c,1,1,1,0,0,1,1,0,0
POI-ID-ec94ac6e,1,1,1,0,0,1,1,0,0
POI-ID-e9298c8f,1,1,1,0,0,1,1,0,0
POI-ID-0cb7e963,2,2,1,0,1,1,1,0,0
POI-ID-e2450717,1,1,1,0,0,1,1,0,0
POI-ID-e0c63627,2,2,2,0,0,2,2,0,0
POI-ID-184367bc,5,5,3,1,1,1,1,0,0
POI-ID-254ddd9a,1,1,1,0,0,1,1,0,0
POI-ID-3f6c9034,1,1,1,0,0,1,1,0,0
POI-ID-bb11aa16,1,1,1,0,0,1,1,0,0
POI-ID-304e7e60,1,1,1,0,0,1,1,0,0
POI-ID-d6424f8d,5,5,3,1,1,2,2,0,0
POI-ID-2d04c1f3,3,3,2,1,0,2,2,0,0
POI-ID-0400c40d,1,1,1,0,0,1,1,0,0
POI-ID-1b2f94e3,1,1,1,0,0,1,1,0,0
POI-ID-a1269414,1,1,1,0,0,1,1,0,0
POI-ID-39f992dc,2,2,1,1,0,1,1,0,0
POI-ID-50e3257b,2,2,1,0,1,1,1,0,0
POI-ID-e445ce98,1,1,1,0,0,1,1,0,0
POI-ID-dddffac4,2,2,2,0,0,2,2,0,0
POI-ID-0fc8aa9e,4,4,2,1,1,2,2,0,0
POI-ID-bb735082,2,2,2,0,0,2,2,0,0
POI-ID-03efd51b,17,17,10,5,2,1,1,0,0
POI-ID-5dcd1d23,1,1,1,0,0,1,1,0,0
POI-ID-5bf491c8,1,1,1,0,0,1,1,0,0
POI-ID-4efcd27b,1,1,1,0,0,1,1,0,0
POI-ID-fe3d467a,2,2,2,0,0,2,2,0,0
POI-ID-47e09043,1,1,1,0,0,1,1,0,0
POI-ID-773a647c,1,1,1,0,0,1,1,0,0
POI-ID-60a564d8,1,1,1,0,0,1,1,0,0
POI-ID-29759a32,3,3,1,1,1,1,1,0,0
POI-ID-2e816abd,1,1,1,0,0,1,1,0,0
POI-ID-87ce2607,1,1,1,0,0,1,1,0,0
POI-ID-5b5a2295,1,1,1,0,0,1,1,0,0
POI-ID-d2a7dad2,2,2,1,1,0,1,1,0,0
POI-ID-e9e2195d,1,1,1,0,0,1,1,0,0
POI-ID-dadde15d,2,2,2,0,0,2,2,0,0
POI-ID-281810b4,2,2,2,0,0,2,2,0,0
POI-ID-9c103ec2,4,4,4,0,0,4,4,0,0
POI-ID-2e4374e6,1,1,1,0,0,1,1,0,0
POI-ID-0a648b22,1,1,1,0,0,1,1,0,0
POI-ID-e94f2b53,2,2,2,0,0,2,2,0,0
POI-ID-c4e10ab2,1,1,1,0,0,1,1,0,0
POI-ID-426ad77c,1,1,1,0,0,1,1,0,0
POI-ID-e843bea7,2,2,2,0,0,2,2,0,0
POI-ID-e8fb5122,1,1,1,0,0,1,1,0,0
POI-ID-619475a7,1,1,1,0,0,1,1,0,0
POI-ID-d17bd46e,1,1,1,0,0,1,1,0,0
POI-ID-a6a99af7,1,1,1,0,0,1,1,0,0
POI-ID-758a9fe6,1,1,1,0,0,1,1,0,0
POI-ID-d660f66b,1,1,1,0,0,1,1,0,0
POI-ID-119367d7,6,6,3,1,2,1,1,0,0
POI-ID-e0af1048,4,4,2,1,1,2,2,0,0
POI-ID-2ebd07f3,1,1,1,0,0,1,1,0,0
POI-ID-54c65752,1,1,1,0,0,1,1,0,0
POI-ID-509eca7e,1,1,1,0,0,1,1,0,0
POI-ID-a2dd483e,3,3,3,0,0,3,3,0,0
POI-ID-c2fec54b,3,3,1,1,1,1,1,0,0
POI-ID-2ad79e5b,1,1,1,0,0,1,1,0,0
POI-ID-7771cceb,1,1,1,0,0,1,1,0,0
POI-ID-6e6e347b,9,9,5,2,2,1,1,0,0
POI-ID-13dcfd75,1,1,1,0,0,1,1,0,0
POI-ID-9a85149b,8,8,4,2,2,1,1,0,0
POI-ID-51bc02ad,1,1,1,0,0,1,1,0,0
POI-ID-01c77d65,1,1,1,0,0,1,1,0,0
POI-ID-792eebf3,1,1,1,0,0,1,1,0,0
POI-ID-040ff047,1,1,1,0,0,1,1,0,0
POI-ID-e02000c1,2,2,2,0,0,2,2,0,0
POI-ID-7f34800d,1,1,1,0,0,1,1,0,0
POI-ID-f222e165,1,1,1,0,0,1,1,0,0
POI-ID-fe25f25d,3,3,1,1,1,1,1,0,0
POI-ID-2430f01d,1,1,1,0,0,1,1,0,0
POI-ID-4482d869,2,2,2,0,0,2,2,0,0
POI-ID-088ea244,1,1,1,0,0,1,1,0,0
POI-ID-8aebb16d,1,1,1,0,0,1,1,0,0
POI-ID-30e3326c,1,1,1,0,0,1,1,0,0
POI-ID-51221d21,2,2,1,1,0,1,1,0,0
POI-ID-37287b39,1,1,1,0,0,1,1,0,0
POI-ID-a678a4f6,1,1,1,0,0,1,1,0,0
POI-ID-6962a7cb,1,1,1,0,0,1,1,0,0
POI-ID-f4dee3ef,1,1,1,0,0,1,1,0,0
POI-ID-57c0a8df,1,1,1,0,0,1,1,0,0
POI-ID-3eea5c00,1,1,1,0,0,1,1,0,0
POI-ID-32b1f24c,3,3,2,1,0,2,2,0,0
POI-ID-0d7432cb,2,2,2,0,0,2,2,0,0
POI-ID-ebf6a472,5,5,3,1,1,1,1,0,0
POI-ID-97910a05,1,1,1,0,0,1,1,0,0
POI-ID-d020d61b,1,1,1,0,0,1,1,0,0
POI-ID-cfba41c9,3,3,2,1,0,2,2,0,0
POI-ID-0057b63a,23,23,16,4,3,10,10,0,0
POI-ID-1d320c83,1,1,1,0,0,1,1,0,0
POI-ID-ab5cc86d,2,2,2,0,0,2,2,0,0
POI-ID-53c8993f,1,1,1,0,0,1,1,0,0
POI-ID-37d694bb,1,1,1,0,0,1,1,0,0
POI-ID-1b739a0e,1,1,1,0,0,1,1,0,0
POI-ID-5c197e9a,5,5,3,1,1,2,2,0,0
POI-ID-6f8b495b,3,3,2,1,0,2,2,0,0
POI-ID-b7184268,2,2,2,0,0,2,2,0,0
POI-ID-20b71758,3,3,2,1,0,2,2,0,0
POI-ID-f1c6bf90,1,1,1,0,0,1,1,0,0
POI-ID-7fab3f7a,4,4,2,1,1,1,1,0,0
POI-ID-18d44870,1,1,1,0,0,1,1,0,0
POI-ID-f1bf7fe2,2,2,1,1,0,1,1,0,0
POI-ID-85f52f28,1,1,1,0,0,1,1,0,0
POI-ID-464822b1,1,1,1,0,0,1,1,0,0
POI-ID-3a0a2ba6,1,1,1,0,0,1,1,0,0
POI-ID-03b4363c,1,1,1,0,0,1,1,0,0
POI-ID-9bec4dde,1,1,1,0,0,1,1,0,0
POI-ID-1036dbc5,7,7,4,2,1,1,1,0,0
POI-ID-c089b372,6,6,3,1,2,1,1,0,0
POI-ID-6d0ce5e3,1,1,1,0,0,1,1,0,0
POI-ID-dd3bcf62,1,1,1,0,0,1,1,0,0
POI-ID-ec629679,1,1,1,0,0,1,1,0,0
POI-ID-5049ef79,1,1,1,0,0,1,1,0,0
POI-ID-e93014dc,1,1,1,0,0,1,1,0,0
POI-ID-4c6a549b,1,1,1,0,0,1,1,0,0
POI-ID-c7e191c5,4,4,4,0,0,4,4,0,0
POI-ID-709eccaf,1,1,1,0,0,1,1,0,0
POI-ID-b112f062,2,2,2,0,0,2,2,0,0
POI-ID-3333304e,1,1,0,0,1,1,1,0,0
POI-ID-29dcaa14,1,1,1,0,0,1,1,0,0
POI-ID-31531a37,1,1,1,0,0,1,1,0,0
POI-ID-3a7cd0bf,1,1,1,0,0,1,1,0,0
POI-ID-6ddd4553,1,1,1,0,0,1,1,0,0
POI-ID-5618a393,1,1,1,0,0,1,1,0,0
POI-ID-dc53be5b,1,1,1,0,0,1,1,0,0
POI-ID-9da1cbec,1,1,1,0,0,1,1,0,0
POI-ID-e2c33a0a,6,6,3,1,2,1,1,0,0
POI-ID-dcde2672,2,2,2,0,0,2,2,0,0
POI-ID-88c31490,1,1,1,0,0,1,1,0,0
POI-ID-cb157a8b,1,1,1,0,0,1,1,0,0
POI-ID-b97683a4,9,9,5,2,2,1,1,0,0
POI-ID-41789394,1,1,1,0,0,1,1,0,0
POI-ID-88f10194,5,5,2,2,1,2,2,0,0
POI-ID-7745392b,3,3,3,0,0,3,3,0,0
POI-ID-c712a125,1,1,1,0,0,1,1,0,0
POI-ID-6226210c,1,1,1,0,0,1,1,0,0
POI-ID-d26f46de,1,1,1,0,0,1,1,0,0
POI-ID-482ddeab,3,3,2,1,0,2,2,0,0
POI-ID-e795e357,1,1,1,0,0,1,1,0,0
POI-ID-ebb4ab1c,1,1,1,0,0,1,1,0,0
POI-ID-240bd603,2,2,1,1,0,1,1,0,0
POI-ID-b4046e3b,1,1,1,0,0,1,1,0,0
POI-ID-3c668cd6,1,1,1,0,0,1,1,0,0
POI-ID-5d76b887,3,3,2,1,0,2,2,0,0
POI-ID-42ff8bf1,3,3,2,1,0,2,2,0,0
POI-ID-98634ec3,1,1,1,0,0,1,1,0,0
POI-ID-6f207b74,1,1,1,0,0,1,1,0,0
POI-ID-ae0ce537,1,1,1,0,0,1,1,0,0
POI-ID-8f189914,1,1,1,0,0,1,1,0,0
POI-ID-2be65d2f,2,2,1,1,0,1,1,0,0
POI-ID-3e27e250,1,1,1,0,0,1,1,0,0
POI-ID-27c36597,2,2,2,0,0,2,2,0,0
POI-ID-e21ef9a7,1,1,1,0,0,1,1,0,0
POI-ID-3c255cb6,1,1,1,0,0,1,1,0,0
POI-ID-8f61a30c,1,1,1,0,0,1,1,0,0
POI-ID-c918ee5b,2,2,2,0,0,2,2,0,0
POI-ID-1adfd63e,1,1,1,0,0,1,1,0,0
POI-ID-50aa01ef,7,7,3,2,2,3,3,0,0
POI-ID-ec39c226,1,1,1,0,0,1,1,0,0
POI-ID-275cd88b,1,1,1,0,0,1,1,0,0
POI-ID-3e37f42f,2,2,2,0,0,2,2,0,0
POI-ID-08cee893,1,1,1,0,0,1,1,0,0
POI-ID-62503d49,2,2,1,1,0,1,1,0,0
POI-ID-cea27f9a,3,3,3,0,0,3,3,0,0
POI-ID-f858e0a5,1,1,1,0,0,1,1,0,0
POI-ID-6beeae52,2,2,2,0,0,2,2,0,0
POI-ID-657944e2,1,1,1,0,0,1,1,0,0
POI-ID-e4c8be74,2,2,2,0,0,2,2,0,0
POI-ID-82bdc197,1,1,1,0,0,1,1,0,0
POI-ID-67c0017b,1,1,1,0,0,1,1,0,0
POI-ID-5ef6dec5,1,1,1,0,0,1,1,0,0
POI-ID-5f07140d,1,1,1,0,0,1,1,0,0
POI-ID-a6bc39f7,1,1,1,0,0,1,1,0,0
POI-ID-2886b51e,3,3,3,0,0,3,3,0,0
POI-ID-f8344a9c,2,2,2,0,0,2,2,0,0
POI-ID-65cf9a12,6,6,4,1,1,3,3,0,0
POI-ID-9933cc31,2,2,2,0,0,2,2,0,0
POI-ID-40deb7fc,1,1,1,0,0,1,1,0,0
POI-ID-cf45ba42,2,2,1,1,0,1,1,0,0
POI-ID-e03b72f8,1,1,0,0,1,1,1,0,0
POI-ID-960f9e9a,2,2,0,1,1,1,1,0,0
POI-ID-3c39a9a9,1,1,1,0,0,1,1,0,0
POI-ID-a28cda9e,1,1,1,0,0,1,1,0,0
POI-ID-eb0ed6c5,1,1,1,0,0,1,1,0,0
POI-ID-eed24718,1,1,1,0,0,1,1,0,0
POI-ID-d767f6c3,1,1,0,0,1,1,1,0,0
POI-ID-39bd2321,2,2,1,1,0,1,1,0,0
POI-ID-c824da34,2,2,1,1,0,2,2,0,0
POI-ID-50b35768,2,2,2,0,0,2,2,0,0
POI-ID-b4b5a434,2,2,1,1,0,1,1,0,0
POI-ID-ed5bb359,1,1,1,0,0,1,1,0,0
POI-ID-c908c201,9,9,6,2,1,4,4,0,0
POI-ID-70e40649,1,1,1,0,0,1,1,0,0
POI-ID-c855fbea,1,1,1,0,0,1,1,0,0
POI-ID-5573e0d4,2,2,1,1,0,1,1,0,0
POI-ID-aa0544af,1,1,1,0,0,1,1,0,0
POI-ID-b56740d3,1,1,1,0,0,1,1,0,0
POI-ID-f15fbcff,1,1,1,0,0,1,1,0,0
POI-ID-9b839a3d,2,2,2,0,0,2,2,0,0
POI-ID-7f078a87,1,1,1,0,0,1,1,0,0
POI-ID-a4e55542,3,3,2,1,0,2,2,0,0
POI-ID-fd241e7f,1,1,1,0,0,1,1,0,0
POI-ID-2ae1b4fd,1,1,1,0,0,1,1,0,0
POI-ID-fd493779,1,1,1,0,0,1,1,0,0
POI-ID-db4d73e0,1,1,1,0,0,1,1,0,0
POI-ID-c697b8fa,3,3,1,1,1,1,1,0,0
POI-ID-dc81852f,1,1,1,0,0,1,1,0,0
POI-ID-e583e0ce,2,2,1,1,0,1,1,0,0
POI-ID-7261a5d0,1,1,1,0,0,1,1,0,0
POI-ID-49a6b024,1,1,1,0,0,1,1,0,0
POI-ID-9788affd,1,1,1,0,0,1,1,0,0
POI-ID-57b882de,1,1,1,0,0,1,1,0,0
POI-ID-75f03773,43,43,25,12,6,1,1,0,0
POI-ID-34bfd882,2,2,2,0,0,2,2,0,0
POI-ID-953aec9e,2,2,1,1,0,1,1,0,0
POI-ID-831944e0,4,4,2,1,1,1,1,0,0
POI-ID-cac5f5c8,23,23,13,6,4,1,1,0,0
POI-ID-a8a91a19,2,2,1,1,0,1,1,0,0
POI-ID-fd152401,3,3,1,1,1,1,1,0,0
POI-ID-d13ebc5f,2,2,1,1,0,1,1,0,0
POI-ID-2ca5904c,1,1,1,0,0,1,1,0,0
POI-ID-6574f410,1,1,1,0,0,1,1,0,0
POI-ID-e4a9c020,3,3,3,0,0,3,3,0,0
POI-ID-2ca88a8e,1,1,1,0,0,1,1,0,0
POI-ID-22493078,1,1,1,0,0,1,1,0,0
POI-ID-b388dec5,1,1,1,0,0,1,1,0,0
POI-ID-ef3999b5,1,1,1,0,0,1,1,0,0
POI-ID-bda4beca,2,2,2,0,0,2,2,0,0
POI-ID-ccf80dec,2,2,2,0,0,2,2,0,0
POI-ID-bb32ce63,1,1,1,0,0,1,1,0,0
POI-ID-0cd0bff3,10,10,6,2,2,2,2,0,0
POI-ID-85538dc2,2,2,2,0,0,2,2,0,0
POI-ID-397f13d7,1,1,1,0,0,1,1,0,0
POI-ID-5d716c02,1,1,1,0,0,1,1,0,0
POI-ID-337d5d3c,3,3,2,1,0,2,2,0,0
POI-ID-ea3313da,2,2,1,1,0,1,1,0,0
POI-ID-80b93cd6,2,2,2,0,0,2,2,0,0
POI-ID-dbd2f46a,2,2,2,0,0,2,2,0,0
POI-ID-dd342bf3,12,12,7,3,2,1,1,0,0
POI-ID-39227ac4,1,1,1,0,0,1,1,0,0
POI-ID-bed59d1c,12,12,7,3,2,1,1,0,0
POI-ID-c66851a9,2,2,1,1,0,1,1,0,0
POI-ID-01ba6d15,7,7,4,1,2,2,2,0,0
POI-ID-42df0489,1,1,1,0,0,1,1,0,0
POI-ID-c25b87ed,3,3,1,1,1,1,1,0,0
POI-ID-bf425bc7,1,1,1,0,0,1,1,0,0
POI-ID-4259c796,1,1,1,0,0,1,1,0,0
POI-ID-4dc72efc,1,1,1,0,0,1,1,0,0
POI-ID-413ff13d,1,1,1,0,0,1,1,0,0
POI-ID-a4fe054b,1,1,1,0,0,1,1,0,0
POI-ID-b7ecac70,1,1,1,0,0,1,1,0,0
POI-ID-aab4e2b1,1,1,1,0,0,1,1,0,0
POI-ID-9c801215,1,1,1,0,0,1,1,0,0
POI-ID-19dd9128,1,1,1,0,0,1,1,0,0
POI-ID-b55efd26,1,1,1,0,0,1,1,0,0
POI-ID-bf636575,12,12,7,3,2,2,2,0,0
POI-ID-6d9af226,1,1,1,0,0,1,1,0,0
POI-ID-b49a6211,1,1,1,0,0,1,1,0,0
POI-ID-2f883d2f,3,3,1,1,1,1,1,0,0
POI-ID-924ba296,1,1,1,0,0,1,1,0,0
POI-ID-71be3635,4,4,2,1,1,1,1,0,0
POI-ID-d637cfef,1,1,1,0,0,1,1,0,0
POI-ID-b959a70c,1,1,1,0,0,1,1,0,0
POI-ID-eabb6ded,1,1,1,0,0,1,1,0,0
POI-ID-7202fc90,2,2,2,0,0,2,2,0,0
POI-ID-e68ae866,1,1,1,0,0,1,1,0,0
POI-ID-09b590a4,1,1,1,0,0,1,1,0,0
POI-ID-f9e1a151,1,1,1,0,0,1,1,0,0
POI-ID-633e5ade,2,2,1,1,0,1,1,0,0
POI-ID-e9d3f8f4,5,5,3,1,1,1,1,0,0
POI-ID-39e01aa2,1,1,1,0,0,1,1,0,0
POI-ID-6519f3ae,13,13,7,3,3,1,1,0,0
POI-ID-229120c6,1,1,1,0,0,1,1,0,0
POI-ID-675c619c,1,1,1,0,0,1,1,0,0
POI-ID-8c103db2,4,4,2,1,1,2,2,0,0
POI-ID-d8ec5eba,1,1,1,0,0,1,1,0,0
POI-ID-0fcfe901,1,1,1,0,0,1,1,0,0
POI-ID-28576b3e,3,3,1,1,1,1,1,0,0
POI-ID-5553d690,1,1,1,0,0,1,1,0,0
POI-ID-12d77019,2,2,1,1,0,1,1,0,0
POI-ID-6971e1a5,1,1,1,0,0,1,1,0,0
POI-ID-56858c5a,2,2,2,0,0,2,2,0,0
POI-ID-dcc605b9,4,4,2,1,1,1,1,0,0
POI-ID-7913131a,1,1,1,0,0,1,1,0,0
POI-ID-f6a9ab40,1,1,1,0,0,1,1,0,0
POI-ID-187fa02d,2,2,2,0,0,2,2,0,0
POI-ID-8af506e8,1,1,1,0,0,1,1,0,0
POI-ID-3c52ca4a,1,1,1,0,0,1,1,0,0
POI-ID-8907637b,1,1,1,0,0,1,1,0,0
POI-ID-5ab8322f,1,1,1,0,0,1,1,0,0
POI-ID-3f95565a,1,1,1,0,0,1,1,0,0
POI-ID-5de8762c,1,1,1,0,0,1,1,0,0
POI-ID-d1fcd48a,1,1,1,0,0,1,1,0,0
POI-ID-1ce7f6c6,1,1,1,0,0,1,1,0,0
POI-ID-4dbd9ef8,1,1,1,0,0,1,1,0,0
POI-ID-580e7228,1,1,1,0,0,1,1,0,0
POI-ID-aa8c6d07,1,1,1,0,0,1,1,0,0
POI-ID-c9daed48,1,1,1,0,0,1,1,0,0
POI-ID-de0e3332,1,1,1,0,0,1,1,0,0
POI-ID-6bf30731,1,1,1,0,0,1,1,0,0
POI-ID-fd16e80a,2,2,2,0,0,2,2,0,0
POI-ID-9a733771,2,2,2,0,0,2,2,0,0
POI-ID-a816a73f,1,1,1,0,0,1,1,0,0
POI-ID-33e86d28,7,7,3,2,2,2,2,0,0
POI-ID-2db33bc3,1,1,1,0,0,1,1,0,0
POI-ID-c4594f12,1,1,1,0,0,1,1,0,0
POI-ID-1e8251d7,4,4,4,0,0,4,4,0,0
POI-ID-fcbd50a8,1,1,1,0,0,1,1,0,0
POI-ID-e6a688cc,2,2,1,1,0,1,1,0,0
POI-ID-e36ee83e,5,5,4,1,0,4,4,0,0
POI-ID-299c9e1d,1,1,1,0,0,1,1,0,0
POI-ID-2adc16ef,3,3,2,1,0,2,2,0,0
POI-ID-53428fe9,1,1,1,0,0,1,1,0,0
POI-ID-6704b348,1,1,1,0,0,1,1,0,0
POI-ID-0ba8ec7b,1,1,1,0,0,1,1,0,0
POI-ID-9b21f64c,2,2,2,0,0,2,2,0,0
POI-ID-d59b8db4,1,1,1,0,0,1,1,0,0
POI-ID-d25857f8,1,1,1,0,0,1,1,0,0
POI-ID-c49f8834,3,3,1,1,1,1,1,0,0
POI-ID-f412c7c8,3,3,1,1,1,1,1,0,0
POI-ID-0567b46d,1,1,1,0,0,1,1,0,0
POI-ID-8dcab9b9,1,1,1,0,0,1,1,0,0
POI-ID-738df550,1,1,1,0,0,1,1,0,0
POI-ID-816d108d,1,1,1,0,0,1,1,0,0
POI-ID-3abfa354,2,2,2,0,0,2,2,0,0
POI-ID-d79fcc4d,15,15,9,4,2,1,1,0,0
POI-ID-5960196e,1,1,1,0,0,1,1,0,0
POI-ID-ea924d7d,1,1,1,0,0,1,1,0,0
POI-ID-3888116d,1,1,1,0,0,1,1,0,0
POI-ID-629ed7ac,1,1,1,0,0,1,1,0,0
POI-ID-a258bb17,1,1,1,0,0,1,1,0,0
POI-ID-856d6e31,1,1,1,0,0,1,1,0,0
POI-ID-9de081e8,1,1,1,0,0,1,1,0,0
POI-ID-e5ceeca8,2,2,2,0,0,2,2,0,0
POI-ID-aeb7c549,1,1,1,0,0,1,1,0,0
POI-ID-c73e635e,3,3,3,0,0,3,3,0,0
POI-ID-a78d0909,1,1,1,0,0,1,1,0,0
POI-ID-e8a89752,1,1,1,0,0,1,1,0,0
POI-ID-ef67ef9b,1,1,1,0,0,1,1,0,0
POI-ID-23efe78b,1,1,1,0,0,1,1,0,0
POI-ID-0e030840,1,1,1,0,0,1,1,0,0
POI-ID-536fc723,1,1,1,0,0,1,1,0,0
POI-ID-54d474b9,1,1,1,0,0,1,1,0,0
POI-ID-95684e15,1,1,1,0,0,1,1,0,0
POI-ID-77185fac,1,1,1,0,0,1,1,0,0
POI-ID-a9c71b25,1,1,1,0,0,1,1,0,0
POI-ID-1d8a8689,1,1,1,0,0,1,1,0,0
POI-ID-b3c2b6d8,1,1,1,0,0,1,1,0,0
POI-ID-b9928fb2,1,1,1,0,0,1,1,0,0
POI-ID-7d811a8f,1,1,1,0,0,1,1,0,0
POI-ID-17db92e2,1,1,1,0,0,1,1,0,0
POI-ID-4286190f,1,1,1,0,0,1,1,0,0
POI-ID-439b02de,2,2,2,0,0,2,2,0,0
POI-ID-2a75dd92,2,2,2,0,0,2,2,0,0
POI-ID-ed8f1da0,1,1,1,0,0,1,1,0,0
POI-ID-e5be13f4,1,1,1,0,0,1,1,0,0
POI-ID-6aece3fc,3,3,2,1,0,2,2,0,0
POI-ID-ffd511f8,1,1,1,0,0,1,1,0,0
POI-ID-1fce545a,1,1,1,0,0,1,1,0,0
POI-ID-36d987df,1,1,1,0,0,1,1,0,0
POI-ID-1150448f,1,1,1,0,0,1,1,0,0
POI-ID-614c33ec,21,21,12,6,3,1,1,0,0
POI-ID-756c43dc,1,1,1,0,0,1,1,0,0
POI-ID-bab46fd4,7,7,4,2,1,1,1,0,0
POI-ID-cd535864,4,4,2,1,1,1,1,0,0
POI-ID-3e12ec64,1,1,1,0,0,1,1,0,0
POI-ID-89149a7c,1,1,1,0,0,1,1,0,0
POI-ID-9ccea678,1,1,1,0,0,1,1,0,0
POI-ID-d5eaebe6,1,1,1,0,0,1,1,0,0
POI-ID-ecee4491,1,1,1,0,0,1,1,0,0
POI-ID-26ef7f3c,1,1,1,0,0,1,1,0,0
POI-ID-14774da7,1,1,1,0,0,1,1,0,0
POI-ID-24ba6a31,1,1,1,0,0,1,1,0,0
POI-ID-efe57975,1,1,1,0,0,1,1,0,0
POI-ID-139162e7,3,3,3,0,0,3,3,0,0
POI-ID-652649cd,1,1,1,0,0,1,1,0,0
POI-ID-e460fc9c,5,5,3,1,1,3,3,0,0
POI-ID-988bb886,1,1,1,0,0,1,1,0,0
POI-ID-8d08dbeb,2,2,1,1,0,1,1,0,0
POI-ID-1d4b5b06,1,1,1,0,0,1,1,0,0
POI-ID-7cb63c0c,1,1,1,0,0,1,1,0,0
POI-ID-96dfd198,1,1,1,0,0,1,1,0,0
POI-ID-6337a029,1,1,1,0,0,1,1,0,0
POI-ID-a467ce52,2,2,1,1,0,1,1,0,0
POI-ID-bbbabe0b,2,2,1,1,0,1,1,0,0
POI-ID-30687bb5,1,1,1,0,0,1,1,0,0
POI-ID-da5dcdb7,2,2,1,0,1,1,1,0,0
POI-ID-5fd52fc1,1,1,1,0,0,1,1,0,0
POI-ID-7e1b44ca,2,2,2,0,0,2,2,0,0
POI-ID-c338421d,1,1,1,0,0,1,1,0,0
POI-ID-7faf6fce,1,1,1,0,0,1,1,0,0
POI-ID-a615fa19,1,1,1,0,0,1,1,0,0
POI-ID-d2c50caa,1,1,1,0,0,1,1,0,0
POI-ID-e87dda33,1,1,1,0,0,1,1,0,0
POI-ID-e46c7219,1,1,1,0,0,1,1,0,0
POI-ID-e7aafbbe,2,2,1,1,0,1,1,0,0
POI-ID-07458cb6,2,2,2,0,0,2,2,0,0
POI-ID-c2a16072,2,2,2,0,0,2,2,0,0
POI-ID-77d294b9,1,1,1,0,0,1,1,0,0
POI-ID-d7853207,1,1,1,0,0,1,1,0,0
POI-ID-5e7a14f6,1,1,1,0,0,1,1,0,0
POI-ID-b0a2706e,1,1,1,0,0,1,1,0,0
POI-ID-c63dc115,1,1,1,0,0,1,1,0,0
POI-ID-c9d7711a,1,1,1,0,0,1,1,0,0
POI-ID-802549ad,1,1,1,0,0,1,1,0,0
POI-ID-94ce5f32,1,1,1,0,0,1,1,0,0
POI-ID-c655ef22,1,1,1,0,0,1,1,0,0
POI-ID-89c1752e,1,1,1,0,0,1,1,0,0
POI-ID-a8d8feb8,1,1,1,0,0,1,1,0,0
POI-ID-55bb92b9,1,1,1,0,0,1,1,0,0
POI-ID-e15e0c0e,1,1,1,0,0,1,1,0,0
POI-ID-497ba661,3,3,1,1,1,1,1,0,0
POI-ID-37bb60d3,1,1,1,0,0,1,1,0,0
POI-ID-933be8f3,1,1,1,0,0,1,1,0,0
POI-ID-19cac3b9,1,1,1,0,0,1,1,0,0
POI-ID-b14ad15e,1,1,1,0,0,1,1,0,0
POI-ID-8a6fd562,1,1,1,0,0,1,1,0,0
POI-ID-a64b6197,1,1,1,0,0,1,1,0,0
POI-ID-1b5f1ff1,1,1,1,0,0,1,1,0,0
POI-ID-d25c68e8,1,1,1,0,0,1,1,0,0
POI-ID-e51273c3,1,1,1,0,0,1,1,0,0
POI-ID-c1dd45b7,1,1,1,0,0,1,1,0,0
POI-ID-9ec70efc,1,1,1,0,0,1,1,0,0
POI-ID-8bfc74ad,1,1,1,0,0,1,1,0,0
POI-ID-35e0fcdc,1,1,1,0,0,1,1,0,0
POI-ID-ee17e82f,1,1,1,0,0,1,1,0,0
POI-ID-47cf3ea5,1,1,1,0,0,1,1,0,0
POI-ID-b79c6555,2,2,1,1,0,1,1,0,0
POI-ID-d7e191c5,1,1,1,0,0,1,1,0,0
POI-ID-8b0b3050,2,2,1,1,0,1,1,0,0
POI-ID-6117b0ab,1,1,1,0,0,1,1,0,0
POI-ID-600bfef9,1,1,1,0,0,1,1,0,0
POI-ID-6ecebd9d,1,1,1,0,0,1,1,0,0
POI-ID-c208ccad,1,1,1,0,0,1,1,0,0
POI-ID-5afce9a3,1,1,1,0,0,1,1,0,0
POI-ID-f30a3fec,3,3,2,1,0,2,2,0,0
POI-ID-44521c08,1,1,1,0,0,1,1,0,0
POI-ID-c6f482e0,1,1,1,0,0,1,1,0,0
POI-ID-0023ed73,1,1,1,0,0,1,1,0,0
POI-ID-72b5548a,1,1,1,0,0,1,1,0,0
POI-ID-f57cb32b,1,1,1,0,0,1,1,0,0
POI-ID-9fa91444,1,1,1,0,0,1,1,0,0
POI-ID-516929e1,1,1,1,0,0,1,1,0,0
POI-ID-dc9129f2,2,2,1,1,0,1,1,0,0
POI-ID-d552a860,2,2,2,0,0,2,2,0,0
POI-ID-73848b09,1,1,1,0,0,1,1,0,0
POI-ID-1fabef7d,2,2,2,0,0,2,2,0,0
POI-ID-75a9fbc8,1,1,1,0,0,1,1,0,0
POI-ID-9c522c6e,1,1,1,0,0,1,1,0,0
POI-ID-326c7708,1,1,1,0,0,1,1,0,0
POI-ID-efc220e4,1,1,1,0,0,1,1,0,0
POI-ID-bbfe3575,1,1,1,0,0,1,1,0,0
POI-ID-56468eba,2,2,2,0,0,2,2,0,0
POI-ID-893a15d6,1,1,1,0,0,1,1,0,0
POI-ID-d15c1409,1,1,1,0,0,1,1,0,0
POI-ID-864585f2,1,1,1,0,0,1,1,0,0
POI-ID-2e3c64c9,1,1,1,0,0,1,1,0,0
POI-ID-6b2f29e8,1,1,1,0,0,1,1,0,0
POI-ID-99aa332c,1,1,1,0,0,1,1,0,0
POI-ID-d8413bdb,1,1,1,0,0,1,1,0,0
POI-ID-cb934250,2,2,2,0,0,2,2,0,0
POI-ID-e591901a,1,1,1,0,0,1,1,0,0
POI-ID-bb61461f,1,1,1,0,0,1,1,0,0
POI-ID-041e6cd2,1,1,1,0,0,1,1,0,0
POI-ID-7569e485,1,1,1,0,0,1,1,0,0
POI-ID-7f319d40,2,2,1,0,1,1,1,0,0
POI-ID-efc1758c,1,1,1,0,0,1,1,0,0
POI-ID-deb07a4e,1,1,1,0,0,1,1,0,0
POI-ID-2d28a675,1,1,1,0,0,1,1,0,0
POI-ID-1e6aafad,1,1,1,0,0,1,1,0,0
POI-ID-64782a45,1,1,1,0,0,1,1,0,0
POI-ID-67997e9b,2,2,1,1,0,1,1,0,0
POI-ID-5c5161ab,5,5,3,1,1,1,1,0,0
POI-ID-da3724b6,3,3,3,0,0,3,3,0,0
POI-ID-ec9cc0ca,2,2,1,1,0,1,1,0,0
POI-ID-0938f701,1,1,1,0,0,1,1,0,0
POI-ID-1f429c1e,2,2,2,0,0,2,2,0,0
POI-ID-6860977b,2,2,2,0,0,2,2,0,0
POI-ID-8e105f3b,2,2,1,1,0,1,1,0,0
POI-ID-6ba503af,1,1,1,0,0,1,1,0,0
POI-ID-313c091a,1,1,1,0,0,1,1,0,0
POI-ID-d33e8568,1,1,1,0,0,1,1,0,0
POI-ID-ff68fb88,1,1,1,0,0,1,1,0,0
POI-ID-35e167a2,1,1,1,0,0,1,1,0,0
POI-ID-b506f865,8,8,5,2,1,2,2,0,0
POI-ID-3d72beda,2,2,2,0,0,2,2,0,0
POI-ID-c4f48d09,1,1,1,0,0,1,1,0,0
POI-ID-10590583,1,1,1,0,0,1,1,0,0
POI-ID-02b818f9,1,1,1,0,0,1,1,0,0
POI-ID-1a04d6ad,1,1,1,0,0,1,1,0,0
POI-ID-d0778123,1,1,1,0,0,1,1,0,0
POI-ID-9f092e67,1,1,1,0,0,1,1,0,0
POI-ID-6b53abe6,1,1,1,0,0,1,1,0,0
POI-ID-2d4fa119,1,1,1,0,0,1,1,0,0
POI-ID-ca780401,6,6,4,1,1,2,2,0,0
POI-ID-0943faad,1,1,1,0,0,1,1,0,0
POI-ID-53444cb4,1,1,1,0,0,1,1,0,0
POI-ID-5536c680,1,1,1,0,0,1,1,0,0
POI-ID-a787e536,1,1,1,0,0,1,1,0,0
POI-ID-da0b3b45,1,1,1,0,0,1,1,0,0
POI-ID-b9be794f,2,2,1,1,0,1,1,0,0
POI-ID-35ffcfd7,1,1,1,0,0,1,1,0,0
POI-ID-9e0e8e81,2,2,1,1,0,1,1,0,0
POI-ID-fc3a5f83,1,1,1,0,0,1,1,0,0
POI-ID-c6a27b55,1,1,1,0,0,1,1,0,0
POI-ID-981b6ce4,2,2,2,0,0,2,2,0,0
POI-ID-817084bb,1,1,1,0,0,1,1,0,0
POI-ID-c406453f,1,1,1,0,0,1,1,0,0
POI-ID-8e2000b8,1,1,1,0,0,1,1,0,0
POI-ID-c7078496,1,1,1,0,0,1,1,0,0
POI-ID-e0aabe1d,1,1,1,0,0,1,1,0,0
POI-ID-5b0333d4,1,1,1,0,0,1,1,0,0
POI-ID-2b8afa5c,3,3,2,1,0,2,2,0,0
POI-ID-73ec1323,1,1,1,0,0,1,1,0,0
POI-ID-a2553186,1,1,1,0,0,1,1,0,0
POI-ID-08086f8b,1,1,1,0,0,1,1,0,0
POI-ID-866cd322,1,1,1,0,0,1,1,0,0
POI-ID-6bfabcaf,1,1,1,0,0,1,1,0,0
POI-ID-c5952553,1,1,0,0,1,1,1,0,0
POI-ID-1495cb6c,1,1,1,0,0,1,1,0,0
POI-ID-d9c98937,1,1,1,0,0,1,1,0,0
POI-ID-63fb18c1,1,1,1,0,0,1,1,0,0
POI-ID-84c1d201,2,2,1,1,0,1,1,0,0
POI-ID-4fe0f984,2,2,1,1,0,1,1,0,0
POI-ID-9bd99ea0,1,1,1,0,0,1,1,0,0
POI-ID-a8414fb6,2,2,2,0,0,2,2,0,0
POI-ID-9cf7c711,1,1,1,0,0,1,1,0,0
POI-ID-66e9a15f,6,6,3,1,2,1,1,0,0
POI-ID-58aa6fff,1,1,1,0,0,1,1,0,0
POI-ID-d4e7be25,1,1,1,0,0,1,1,0,0
POI-ID-8f5f47b4,1,1,1,0,0,1,1,0,0
POI-ID-9116979c,1,1,1,0,0,1,1,0,0
POI-ID-1eab6879,1,1,1,0,0,1,1,0,0
POI-ID-e810fa63,1,1,1,0,0,1,1,0,0
POI-ID-1afa2ef2,1,1,1,0,0,1,1,0,0
POI-ID-93a1b07c,1,1,1,0,0,1,1,0,0
POI-ID-1f62e051,1,1,1,0,0,1,1,0,0
POI-ID-8a9c3735,1,1,1,0,0,1,1,0,0
POI-ID-6f1c6724,1,1,1,0,0,1,1,0,0
POI-ID-b37e54fd,1,1,1,0,0,1,1,0,0
POI-ID-d725648f,1,1,1,0,0,1,1,0,0
POI-ID-0d7708ca,5,5,3,1,1,2,2,0,0
POI-ID-bd14f0ab,1,1,1,0,0,1,1,0,0
POI-ID-8ba1f80f,2,2,1,1,0,1,1,0,0
POI-ID-6c095768,1,1,1,0,0,1,1,0,0
POI-ID-13e3b4bd,1,1,1,0,0,1,1,0,0
POI-ID-dbcd8526,1,1,1,0,0,1,1,0,0
POI-ID-9514276b,1,1,1,0,0,1,1,0,0
POI-ID-3961bf2a,1,1,1,0,0,1,1,0,0
POI-ID-d0703502,1,1,1,0,0,1,1,0,0
POI-ID-4b3613d4,1,1,1,0,0,1,1,0,0
POI-ID-c86366bd,4,4,3,1,0,3,3,0,0
POI-ID-af9a6f0f,7,7,4,2,1,3,3,0,0
POI-ID-772accb0,1,1,1,0,0,1,1,0,0
POI-ID-5b17db0d,5,5,3,1,1,1,1,0,0
POI-ID-9cd23d77,2,2,1,1,0,1,1,0,0
POI-ID-cbc3df13,1,1,1,0,0,1,1,0,0
POI-ID-31fef369,1,1,1,0,0,1,1,0,0
POI-ID-9a15070c,1,1,1,0,0,1,1,0,0
POI-ID-d2aabbf3,2,2,1,1,0,1,1,0,0
POI-ID-f22ea31d,1,1,1,0,0,1,1,0,0
POI-ID-c9fbbf35,1,1,1,0,0,1,1,0,0
POI-ID-3bf445f6,1,1,1,0,0,1,1,0,0
POI-ID-532d5a3c,3,3,1,1,1,1,1,0,0
POI-ID-6d7a3854,1,1,1,0,0,1,1,0,0
POI-ID-81da4e73,1,1,1,0,0,1,1,0,0
POI-ID-a20a2b6a,1,1,1,0,0,1,1,0,0
POI-ID-c0b5cca8,1,1,1,0,0,1,1,0,0
POI-ID-2402d3f4,1,1,1,0,0,1,1,0,0
POI-ID-b2770f5a,1,1,1,0,0,1,1,0,0
POI-ID-09c0c156,1,1,1,0,0,1,1,0,0
POI-ID-7b9c035f,1,1,1,0,0,1,1,0,0
POI-ID-88ba77b2,1,1,1,0,0,1,1,0,0
POI-ID-06d121b3,1,1,1,0,0,1,1,0,0
POI-ID-f40db80f,1,1,1,0,0,1,1,0,0
POI-ID-515cfab4,3,3,2,1,0,2,2,0,0
POI-ID-810836b6,2,2,2,0,0,2,2,0,0
POI-ID-69e2aef5,1,1,1,0,0,1,1,0,0
POI-ID-a6d9fb44,2,2,2,0,0,2,2,0,0
POI-ID-c0b97469,1,1,1,0,0,1,1,0,0
POI-ID-af156bd9,1,1,1,0,0,1,1,0,0
POI-ID-d511469f,2,2,2,0,0,2,2,0,0
POI-ID-a483e85b,3,3,1,1,1,1,1,0,0
POI-ID-7e143bb8,1,1,1,0,0,1,1,0,0
POI-ID-a3cc73c7,1,1,1,0,0,1,1,0,0
POI-ID-8410e881,1,1,1,0,0,1,1,0,0
POI-ID-30dc0ddb,1,1,1,0,0,1,1,0,0
POI-ID-e86afba6,1,1,1,0,0,1,1,0,0
POI-ID-dcdbc212,1,1,1,0,0,1,1,0,0
POI-ID-4b46af1c,1,1,1,0,0,1,1,0,0
POI-ID-5fb8592d,1,1,1,0,0,1,1,0,0
POI-ID-e501ff8d,1,1,1,0,0,1,1,0,0
POI-ID-5a4f72db,1,1,1,0,0,1,1,0,0
POI-ID-9a2369a9,1,1,1,0,0,1,1,0,0
POI-ID-0de97757,1,1,1,0,0,1,1,0,0
POI-ID-6ea6a1ca,1,1,1,0,0,1,1,0,0
POI-ID-c27778f8,1,1,1,0,0,1,1,0,0
POI-ID-f18b2bc4,1,1,1,0,0,1,1,0,0
POI-ID-fee78c86,1,1,1,0,0,1,1,0,0
POI-ID-98781f17,1,1,1,0,0,1,1,0,0
POI-ID-137f0854,2,2,2,0,0,2,2,0,0
POI-ID-03b8fdba,1,1,1,0,0,1,1,0,0
POI-ID-b8e0f42e,1,1,1,0,0,1,1,0,0
POI-ID-1a6cf26c,1,1,1,0,0,1,1,0,0
POI-ID-8d0f0cbe,2,2,1,1,0,1,1,0,0
POI-ID-a206a179,1,1,1,0,0,1,1,0,0
POI-ID-b0cce27b,1,1,1,0,0,1,1,0,0
POI-ID-6ffc6b88,5,5,3,1,1,1,1,0,0
POI-ID-28a66f70,1,1,1,0,0,1,1,0,0
POI-ID-4e7da2c2,1,1,1,0,0,1,1,0,0
POI-ID-37182aa5,3,3,3,0,0,3,3,0,0
POI-ID-2f59d6f2,12,12,7,3,2,1,1,0,0
POI-ID-c9b788ef,4,4,2,1,1,1,1,0,0
POI-ID-736e5d57,1,1,1,0,0,1,1,0,0
POI-ID-1f38f1b5,1,1,1,0,0,1,1,0,0
POI-ID-21e8131f,1,1,1,0,0,1,1,0,0
POI-ID-5ca41910,1,1,1,0,0,1,1,0,0
POI-ID-cb8d3c50,1,1,1,0,0,1,1,0,0
POI-ID-cdebfea7,1,1,1,0,0,1,1,0,0
POI-ID-d00ed15d,6,6,3,1,2,1,1,0,0
POI-ID-ee9cd74b,2,2,2,0,0,2,2,0,0
POI-ID-637cd39a,1,1,1,0,0,1,1,0,0
POI-ID-74fa98c9,2,2,2,0,0,2,2,0,0
POI-ID-d4ed5c39,4,4,3,1,0,3,3,0,0
POI-ID-34c9cddd,1,1,1,0,0,1,1,0,0
POI-ID-ba0379d7,2,2,1,1,0,1,1,0,0
POI-ID-904fa42e,1,1,1,0,0,1,1,0,0
POI-ID-013ed288,1,1,1,0,0,1,1,0,0
POI-ID-0b00ba0e,2,2,2,0,0,2,2,0,0
POI-ID-16cfdddc,1,1,1,0,0,1,1,0,0
POI-ID-a6de7ae3,1,1,1,0,0,1,1,0,0
POI-ID-1e57d602,1,1,1,0,0,1,1,0,0
POI-ID-113d5e28,1,1,1,0,0,1,1,0,0
POI-ID-23eae2e7,1,1,1,0,0,1,1,0,0
POI-ID-e0312720,1,1,1,0,0,1,1,0,0
POI-ID-e7bc73d5,1,1,1,0,0,1,1,0,0
POI-ID-40ae3fa2,1,1,1,0,0,1,1,0,0
POI-ID-0254db33,1,1,1,0,0,1,1,0,0
POI-ID-161802ba,2,2,1,1,0,1,1,0,0
POI-ID-be936407,1,1,1,0,0,1,1,0,0
POI-ID-86415726,1,1,1,0,0,1,1,0,0
POI-ID-7bf9aa06,4,4,4,0,0,4,4,0,0
POI-ID-7975fc32,1,1,1,0,0,1,1,0,0
POI-ID-888a302e,2,2,2,0,0,2,2,0,0
POI-ID-bc36872f,2,2,2,0,0,2,2,0,0
POI-ID-79f04065,2,2,2,0,0,2,2,0,0
POI-ID-e937ff10,1,1,1,0,0,1,1,0,0
POI-ID-e7fe7d71,1,1,1,0,0,1,1,0,0
POI-ID-e7bcc6e3,1,1,1,0,0,1,1,0,0
POI-ID-ad57f070,1,1,0,1,0,1,1,0,0
POI-ID-77413edb,4,4,2,2,0,2,2,0,0
POI-ID-ba4d8a12,1,1,1,0,0,1,1,0,0
POI-ID-10f3b9be,1,1,1,0,0,1,1,0,0
POI-ID-3ddf7d59,1,1,1,0,0,1,1,0,0
POI-ID-1b05e901,2,2,2,0,0,2,2,0,0
POI-ID-b0af3914,1,1,1,0,0,1,1,0,0
POI-ID-7c8a5143,1,1,1,0,0,1,1,0,0
POI-ID-350af20d,2,2,2,0,0,2,2,0,0
POI-ID-846c4e0b,1,1,1,0,0,1,1,0,0
POI-ID-efe7f93d,3,3,2,1,0,2,2,0,0
POI-ID-9c1d15e2,1,1,1,0,0,1,1,0,0
POI-ID-e4543ee6,1,1,1,0,0,1,1,0,0
POI-ID-c3b8a7b2,1,1,1,0,0,1,1,0,0
POI-ID-494ec04f,2,2,2,0,0,2,2,0,0
POI-ID-103cfed0,1,1,1,0,0,1,1,0,0
POI-ID-484453b6,1,1,1,0,0,1,1,0,0
POI-ID-69a4b0a2,1,1,1,0,0,1,1,0,0
POI-ID-ed814223,1,1,1,0,0,1,1,0,0
POI-ID-38e44b3f,1,1,1,0,0,1,1,0,0
POI-ID-e8638cfe,10,10,5,3,2,3,3,0,0
POI-ID-b0d49815,1,1,1,0,0,1,1,0,0
POI-ID-33f07ad0,2,2,2,0,0,2,2,0,0
POI-ID-56563341,1,1,1,0,0,1,1,0,0
POI-ID-b11268a5,1,1,1,0,0,1,1,0,0
POI-ID-41c226ca,1,1,1,0,0,1,1,0,0
POI-ID-e3a3bc94,1,1,1,0,0,1,1,0,0
POI-ID-bacb5c2b,2,2,1,1,0,1,1,0,0
POI-ID-92632e39,1,1,1,0,0,1,1,0,0
POI-ID-4220fd71,2,2,2,0,0,2,2,0,0
POI-ID-bacdfc70,1,1,1,0,0,1,1,0,0
POI-ID-3002c8c9,2,2,1,1,0,1,1,0,0
POI-ID-8fd87572,2,2,2,0,0,2,2,0,0
POI-ID-f01ffcaa,1,1,1,0,0,1,1,0,0
POI-ID-4ad836fd,1,1,1,0,0,1,1,0,0
POI-ID-a8834491,1,1,1,0,0,1,1,0,0
POI-ID-03b6c553,1,1,1,0,0,1,1,0,0
POI-ID-fe6b19b5,1,1,1,0,0,1,1,0,0
POI-ID-89c87987,1,1,1,0,0,1,1,0,0
POI-ID-d7ea2372,1,1,1,0,0,1,1,0,0
POI-ID-9cc1553b,1,1,1,0,0,1,1,0,0
POI-ID-a30db854,4,4,3,1,0,3,3,0,0
POI-ID-633c1b19,2,1,1,0,0,2,1,-1,-1
POI-ID-3e46e8cc,1,1,1,0,0,1,1,0,0
POI-ID-7a28db40,1,1,1,0,0,1,1,0,0
POI-ID-e0870d0a,1,1,1,0,0,1,1,0,0
POI-ID-05e49f4b,1,1,1,0,0,1,1,0,0
POI-ID-7c4175b9,1,1,1,0,0,1,1,0,0
POI-ID-5c60549f,1,1,1,0,0,1,1,0,0
POI-ID-ca948e9f,1,1,1,0,0,1,1,0,0
POI-ID-b4f641d9,1,1,1,0,0,1,1,0,0
POI-ID-383aa43a,2,2,2,0,0,2,2,0,0
POI-ID-f0fc85da,1,1,1,0,0,1,1,0,0
POI-ID-556b309d,1,1,1,0,0,1,1,0,0
POI-ID-7d67e841,2,2,1,1,0,1,1,0,0
POI-ID-7468e289,3,3,1,1,1,1,1,0,0
POI-ID-d0e807d3,2,2,2,0,0,2,2,0,0
POI-ID-9283aeb4,1,1,1,0,0,1,1,0,0
POI-ID-5bedbf62,1,1,1,0,0,1,1,0,0
POI-ID-78bb2b54,1,1,1,0,0,1,1,0,0
POI-ID-b32ae54f,1,1,1,0,0,1,1,0,0
POI-ID-7c524664,1,1,1,0,0,1,1,0,0
POI-ID-b048432d,2,2,1,1,0,1,1,0,0
POI-ID-6833a6b7,1,1,1,0,0,1,1,0,0
POI-ID-660fd7e5,1,1,1,0,0,1,1,0,0
POI-ID-f514165d,1,1,1,0,0,1,1,0,0
POI-ID-41746b04,1,1,1,0,0,1,1,0,0
POI-ID-6cd3d1e6,1,1,1,0,0,1,1,0,0
POI-ID-7f038cb2,1,1,1,0,0,1,1,0,0
POI-ID-791de418,1,1,1,0,0,1,1,0,0
POI-ID-6fddef0e,1,1,1,0,0,1,1,0,0
POI-ID-5c4fd94d,1,1,1,0,0,1,1,0,0
POI-ID-36461c97,1,1,1,0,0,1,1,0,0
POI-ID-7f5f9f8a,1,1,1,0,0,1,1,0,0
POI-ID-0ab9c2a5,1,1,1,0,0,1,1,0,0
POI-ID-9cd9b111,2,2,2,0,0,2,2,0,0
POI-ID-58f9175b,1,1,1,0,0,1,1,0,0
POI-ID-cafc8b93,1,1,1,0,0,1,1,0,0
POI-ID-2b7047d9,1,1,1,0,0,1,1,0,0
POI-ID-4ecb7201,1,1,1,0,0,1,1,0,0
POI-ID-db5b4429,1,1,1,0,0,1,1,0,0
POI-ID-cb66f156,1,1,1,0,0,1,1,0,0
POI-ID-c88915e2,2,2,2,0,0,2,2,0,0
POI-ID-9fdb122a,2,2,2,0,0,2,2,0,0
POI-ID-517142e6,2,2,1,1,0,1,1,0,0
POI-ID-f1c5e8ce,1,1,1,0,0,1,1,0,0
POI-ID-fa25712f,1,1,1,0,0,1,1,0,0
POI-ID-8f013d64,1,1,1,0,0,1,1,0,0
POI-ID-5412cb97,1,1,1,0,0,1,1,0,0
POI-ID-bb91626e,4,4,2,1,1,1,1,0,0
POI-ID-201e4300,2,2,2,0,0,2,2,0,0
POI-ID-fe2f6086,1,1,1,0,0,1,1,0,0
POI-ID-ec913e5a,1,1,1,0,0,1,1,0,0
POI-ID-05c832fb,1,1,1,0,0,1,1,0,0
POI-ID-4475179d,1,1,1,0,0,1,1,0,0
POI-ID-6c41433e,3,3,1,1,1,1,1,0,0
POI-ID-f77f7535,1,1,1,0,0,1,1,0,0
POI-ID-27c9262e,1,1,1,0,0,1,1,0,0
POI-ID-6718c3db,1,1,1,0,0,1,1,0,0
POI-ID-d6e8aa88,1,1,1,0,0,1,1,0,0
POI-ID-14cd2fbc,2,2,2,0,0,2,2,0,0
POI-ID-10444d3b,2,2,2,0,0,2,2,0,0
POI-ID-d5cfba84,1,1,1,0,0,1,1,0,0
POI-ID-3263e87a,1,1,1,0,0,1,1,0,0
POI-ID-977d429f,1,1,1,0,0,1,1,0,0
POI-ID-082ded3b,3,3,1,1,1,1,1,0,0
POI-ID-c059d0fc,1,1,1,0,0,1,1,0,0
POI-ID-8a01c99c,1,1,1,0,0,1,1,0,0
POI-ID-a32241df,1,1,1,0,0,1,1,0,0
POI-ID-8b11de60,1,1,1,0,0,1,1,0,0
POI-ID-0cd79f40,2,2,2,0,0,2,2,0,0
POI-ID-7a5db288,1,1,1,0,0,1,1,0,0
POI-ID-be9e46d4,1,1,1,0,0,1,1,0,0
POI-ID-19fe1aca,1,1,1,0,0,1,1,0,0
POI-ID-ed3df0a7,1,1,1,0,0,1,1,0,0
POI-ID-abbe164b,2,2,1,1,0,1,1,0,0
POI-ID-11e851b1,1,1,1,0,0,1,1,0,0
POI-ID-bbf91217,1,1,1,0,0,1,1,0,0
POI-ID-8403e474,1,1,1,0,0,1,1,0,0
POI-ID-a3f017bf,2,2,2,0,0,2,2,0,0
POI-ID-11e0752a,1,1,1,0,0,1,1,0,0
POI-ID-bf4f7516,1,1,1,0,0,1,1,0,0
POI-ID-bde618c6,1,1,0,1,0,1,1,0,0
POI-ID-b69d8c79,1,1,1,0,0,1,1,0,0
POI-ID-3416a5d1,10,10,6,3,1,1,1,0,0
POI-ID-2d9076fe,2,2,2,0,0,2,2,0,0
POI-ID-10244e6a,1,1,1,0,0,1,1,0,0
POI-ID-655566fc,1,1,1,0,0,1,1,0,0
POI-ID-a3fa277c,2,2,2,0,0,2,2,0,0
POI-ID-c634c3c6,1,1,1,0,0,1,1,0,0
POI-ID-08c01499,1,1,1,0,0,1,1,0,0
POI-ID-3d9b3234,1,1,1,0,0,1,1,0,0
POI-ID-e73853d8,2,2,2,0,0,2,2,0,0
POI-ID-a08d18c2,1,1,1,0,0,1,1,0,0
POI-ID-a633053f,1,1,1,0,0,1,1,0,0
POI-ID-921b45bf,2,2,2,0,0,2,2,0,0
POI-ID-0be6b31b,1,1,1,0,0,1,1,0,0
POI-ID-86e9bb95,1,1,0,0,1,1,1,0,0
POI-ID-65fbc120,1,1,1,0,0,1,1,0,0
POI-ID-f772141f,1,1,1,0,0,1,1,0,0
POI-ID-b3de148a,1,1,1,0,0,1,1,0,0
POI-ID-79da7006,1,1,1,0,0,1,1,0,0
POI-ID-b7c511a2,1,1,1,0,0,1,1,0,0
POI-ID-56bdd3bb,1,1,1,0,0,1,1,0,0
POI-ID-112c48f8,1,1,1,0,0,1,1,0,0
POI-ID-117d87f7,1,1,1,0,0,1,1,0,0
POI-ID-495002b5,1,1,1,0,0,1,1,0,0
POI-ID-5ee1e93d,1,1,1,0,0,1,1,0,0
POI-ID-a3fc1be4,1,1,1,0,0,1,1,0,0
POI-ID-2d7b6e1f,2,2,1,1,0,1,1,0,0
POI-ID-31907495,1,1,1,0,0,1,1,0,0
POI-ID-fee1093e,1,1,1,0,0,1,1,0,0
POI-ID-c4cccf82,1,1,1,0,0,1,1,0,0
POI-ID-47c5f11d,2,2,1,1,0,1,1,0,0
POI-ID-d1b183cc,2,2,2,0,0,2,2,0,0
POI-ID-bb08e630,1,1,1,0,0,1,1,0,0
POI-ID-4fbf6412,1,1,1,0,0,1,1,0,0
POI-ID-e96a0bf4,1,1,1,0,0,1,1,0,0
POI-ID-c84b9ece,4,4,2,1,1,1,1,0,0
POI-ID-044ca253,1,1,1,0,0,1,1,0,0
POI-ID-d345d6ae,1,1,1,0,0,1,1,0,0
POI-ID-8254d02b,1,1,1,0,0,1,1,0,0
POI-ID-605f7693,1,1,1,0,0,1,1,0,0
POI-ID-c4a4080f,3,3,1,1,1,1,1,0,0
POI-ID-5c0d3877,1,1,1,0,0,1,1,0,0
POI-ID-8b3b88c7,1,1,1,0,0,1,1,0,0
POI-ID-1eff116b,1,1,1,0,0,1,1,0,0
POI-ID-781f4ec8,1,1,1,0,0,1,1,0,0
POI-ID-0fef4a5f,2,2,1,0,1,2,2,0,0
POI-ID-75342bdd,4,4,2,1,1,1,1,0,0
POI-ID-7112eae5,4,4,2,1,1,1,1,0,0
POI-ID-663cff22,4,4,2,1,1,1,1,0,0
POI-ID-707e61ca,2,2,1,1,0,1,1,0,0
POI-ID-d138f90b,1,1,1,0,0,1,1,0,0
POI-ID-23c4c6f7,1,1,1,0,0,1,1,0,0
POI-ID-91aa9597,1,1,1,0,0,1,1,0,0
POI-ID-cadf4ebe,2,2,2,0,0,2,2,0,0
POI-ID-64b08181,1,1,1,0,0,1,1,0,0
POI-ID-02245e30,1,1,1,0,0,1,1,0,0
POI-ID-67f061d8,2,2,1,1,0,1,1,0,0
POI-ID-8249c729,1,1,1,0,0,1,1,0,0
POI-ID-bada5b90,25,25,15,7,3,1,1,0,0
POI-ID-4908ea2f,1,1,1,0,0,1,1,0,0
POI-ID-20e22bb4,3,3,1,1,1,1,1,0,0
POI-ID-68b4c652,1,1,1,0,0,1,1,0,0
POI-ID-ec11c3b2,1,1,1,0,0,1,1,0,0
POI-ID-aa877453,1,1,1,0,0,1,1,0,0
POI-ID-c19ed6bb,2,2,2,0,0,2,2,0,0
POI-ID-40bcfc32,1,1,1,0,0,1,1,0,0
POI-ID-71d461b3,2,2,1,1,0,1,1,0,0
POI-ID-8a2c764a,1,1,1,0,0,1,1,0,0
POI-ID-9561409c,1,1,1,0,0,1,1,0,0
POI-ID-173cb2a0,1,1,1,0,0,1,1,0,0
POI-ID-83cbcb50,2,2,2,0,0,2,2,0,0
POI-ID-a9ac9d30,1,1,1,0,0,1,1,0,0
POI-ID-f8f799c5,1,1,0,1,0,1,1,0,0
POI-ID-b04f922c,5,5,3,1,1,1,1,0,0
POI-ID-b5cc8368,1,1,1,0,0,1,1,0,0
POI-ID-9bb2dbc9,6,6,3,2,1,2,2,0,0
POI-ID-826a5417,8,8,5,2,1,3,3,0,0
POI-ID-e06e2d5e,1,1,1,0,0,1,1,0,0
POI-ID-bfcaa35a,2,2,1,1,0,1,1,0,0
POI-ID-8ed7e3a1,1,1,1,0,0,1,1,0,0
POI-ID-fe36f933,2,2,1,1,0,1,1,0,0
POI-ID-f55796f9,4,4,4,0,0,4,4,0,0
POI-ID-d72d0e79,1,1,1,0,0,1,1,0,0
POI-ID-92ffb05c,1,1,1,0,0,1,1,0,0
POI-ID-ec4f49bc,1,1,1,0,0,1,1,0,0
POI-ID-0cdc2792,2,2,2,0,0,2,2,0,0
POI-ID-cdb6a158,1,1,1,0,0,1,1,0,0
POI-ID-3ee2ed90,1,1,1,0,0,1,1,0,0
POI-ID-652fae5e,2,2,2,0,0,2,2,0,0
POI-ID-bb342723,1,1,1,0,0,1,1,0,0
POI-ID-f661775f,1,1,1,0,0,1,1,0,0
POI-ID-ae9d31ee,1,1,1,0,0,1,1,0,0
POI-ID-294ca7f7,1,1,1,0,0,1,1,0,0
POI-ID-bc3889ad,1,1,1,0,0,1,1,0,0
POI-ID-e8e1d3a9,1,1,1,0,0,1,1,0,0
POI-ID-1d17d55c,1,1,1,0,0,1,1,0,0
POI-ID-66bceaa9,2,2,2,0,0,2,2,0,0
POI-ID-8cac7fbc,1,1,1,0,0,1,1,0,0
POI-ID-45fe02b8,1,1,1,0,0,1,1,0,0
POI-ID-c9e2d97c,1,1,1,0,0,1,1,0,0
POI-ID-53dd209b,1,1,1,0,0,1,1,0,0
POI-ID-0912cf0e,1,1,1,0,0,1,1,0,0
POI-ID-586bf78a,1,1,1,0,0,1,1,0,0
POI-ID-bb71b093,1,1,1,0,0,1,1,0,0
POI-ID-bc9bc53e,10,10,6,2,2,2,2,0,0
POI-ID-0a2013eb,1,1,1,0,0,1,1,0,0
POI-ID-8cda20fe,1,1,1,0,0,1,1,0,0
POI-ID-61827116,1,1,1,0,0,1,1,0,0
POI-ID-08149e80,4,4,4,0,0,4,4,0,0
POI-ID-2788893f,6,6,3,1,2,1,1,0,0
POI-ID-8359d8f9,5,5,3,1,1,1,1,0,0
POI-ID-c74ace05,5,5,3,1,1,1,1,0,0
POI-ID-7ab6296a,6,6,3,2,1,2,2,0,0
POI-ID-a418458b,1,1,1,0,0,1,1,0,0
POI-ID-618e58b5,17,17,10,5,2,1,1,0,0
POI-ID-028db329,4,4,2,1,1,1,1,0,0
POI-ID-7f8b5681,1,1,1,0,0,1,1,0,0
POI-ID-31915f66,1,1,1,0,0,1,1,0,0
POI-ID-83a819dd,1,1,1,0,0,1,1,0,0
POI-ID-07ce8836,1,1,1,0,0,1,1,0,0
POI-ID-33cb7bdf,1,1,1,0,0,1,1,0,0
POI-ID-73d12bab,1,1,1,0,0,1,1,0,0
POI-ID-224521df,3,3,1,1,1,1,1,0,0
POI-ID-64c17bd2,3,3,1,1,1,1,1,0,0
POI-ID-e87a9aca,2,2,1,1,0,1,1,0,0
POI-ID-4a405061,2,2,1,1,0,1,1,0,0
POI-ID-0b366b31,3,3,3,0,0,3,3,0,0
POI-ID-439fb7b4,1,1,1,0,0,1,1,0,0
POI-ID-eaca8879,1,1,1,0,0,1,1,0,0
POI-ID-6bfb498a,3,3,2,1,0,2,2,0,0
POI-ID-b51fc39c,1,1,1,0,0,1,1,0,0
POI-ID-14af7a77,1,1,1,0,0,1,1,0,0
POI-ID-96cc4d28,2,2,1,1,0,1,1,0,0
POI-ID-6a64e693,1,1,1,0,0,1,1,0,0
POI-ID-cd50a89a,1,1,1,0,0,1,1,0,0
POI-ID-66571c3f,1,1,1,0,0,1,1,0,0
POI-ID-f18fb2c8,2,2,2,0,0,2,2,0,0
POI-ID-f9d83395,1,1,1,0,0,1,1,0,0
POI-ID-ea5b8177,1,1,1,0,0,1,1,0,0
POI-ID-567ddb34,4,4,1,1,2,2,2,0,0
POI-ID-81e6e71c,1,1,1,0,0,1,1,0,0
POI-ID-643daab0,1,1,1,0,0,1,1,0,0
POI-ID-cc287d61,1,1,1,0,0,1,1,0,0
POI-ID-488c68e2,1,1,1,0,0,1,1,0,0
POI-ID-882cc70b,3,3,1,1,1,1,1,0,0
POI-ID-43684883,1,1,1,0,0,1,1,0,0
POI-ID-4d5a9e47,2,2,1,1,0,1,1,0,0
POI-ID-da9a3fc9,6,6,4,1,1,2,2,0,0
POI-ID-d70573cc,1,1,1,0,0,1,1,0,0
POI-ID-2eb5f61e,1,1,1,0,0,1,1,0,0
POI-ID-6b421f61,1,1,1,0,0,1,1,0,0
POI-ID-09c7dceb,1,1,1,0,0,1,1,0,0
POI-ID-59686aee,1,1,1,0,0,1,1,0,0
POI-ID-c2169cdb,1,1,1,0,0,1,1,0,0
POI-ID-dedce6b8,1,1,1,0,0,1,1,0,0
POI-ID-a3f5ae85,1,1,1,0,0,1,1,0,0
POI-ID-877fc8ef,1,1,1,0,0,1,1,0,0
POI-ID-56eb6e6e,1,1,1,0,0,1,1,0,0
POI-ID-066abc88,2,2,2,0,0,2,2,0,0
POI-ID-4e9a39b7,5,5,3,1,1,1,1,0,0
POI-ID-a113cdd4,3,3,1,1,1,1,1,0,0
POI-ID-4a900745,1,1,1,0,0,1,1,0,0
POI-ID-bade6ef7,1,1,1,0,0,1,1,0,0
POI-ID-ff0995ee,1,1,1,0,0,1,1,0,0
POI-ID-dd261b6f,1,1,1,0,0,1,1,0,0
POI-ID-797895cd,1,1,1,0,0,1,1,0,0
POI-ID-832ee860,2,2,1,1,0,1,1,0,0
POI-ID-e3733e22,2,2,2,0,0,2,2,0,0
POI-ID-4583352b,1,1,1,0,0,1,1,0,0
POI-ID-b709f90f,1,1,1,0,0,1,1,0,0
POI-ID-cd8828af,9,9,5,2,2,1,1,0,0
POI-ID-d7a47d53,1,1,1,0,0,1,1,0,0
POI-ID-e89802cc,1,1,1,0,0,1,1,0,0
POI-ID-4f98539b,1,1,1,0,0,1,1,0,0
POI-ID-860063ed,1,1,1,0,0,1,1,0,0
POI-ID-63620d31,1,1,1,0,0,1,1,0,0
POI-ID-e5dc880b,1,1,1,0,0,1,1,0,0
POI-ID-67a2cbd7,2,2,1,1,0,1,1,0,0
POI-ID-5395cbe3,2,2,2,0,0,2,2,0,0
POI-ID-28d8ac50,1,1,1,0,0,1,1,0,0
POI-ID-bbb6798b,3,3,3,0,0,3,3,0,0
POI-ID-c31f08ee,1,1,1,0,0,1,1,0,0
POI-ID-e858073d,2,2,2,0,0,2,2,0,0
POI-ID-7dbb9750,2,2,1,1,0,1,1,0,0
POI-ID-7fc04a8c,1,1,1,0,0,1,1,0,0
POI-ID-27ab6fb3,2,2,1,1,0,1,1,0,0
POI-ID-b4d4538a,1,1,1,0,0,1,1,0,0
POI-ID-9bd7370a,1,1,1,0,0,1,1,0,0
POI-ID-f0bac16c,1,1,1,0,0,1,1,0,0
POI-ID-846714a2,1,1,1,0,0,1,1,0,0
POI-ID-d1301260,1,1,1,0,0,1,1,0,0
POI-ID-c450e28e,1,1,1,0,0,1,1,0,0
POI-ID-a59c731a,1,1,1,0,0,1,1,0,0
POI-ID-e76e1ad5,2,2,2,0,0,2,2,0,0
POI-ID-50c36063,1,1,1,0,0,1,1,0,0
POI-ID-3374f3c5,3,3,2,1,0,2,2,0,0
POI-ID-ded4993d,1,1,1,0,0,1,1,0,0
POI-ID-9f73dcfd,1,1,1,0,0,1,1,0,0
POI-ID-d0c3dcb3,1,1,1,0,0,1,1,0,0
POI-ID-a00e39fa,1,1,1,0,0,1,1,0,0
POI-ID-29951d4f,1,1,1,0,0,1,1,0,0
POI-ID-5db275f6,1,1,1,0,0,1,1,0,0
POI-ID-22d8baab,1,1,1,0,0,1,1,0,0
POI-ID-d08b9f0c,1,1,1,0,0,1,1,0,0
POI-ID-ace4ffd4,1,1,1,0,0,1,1,0,0
POI-ID-f6386f32,1,1,1,0,0,1,1,0,0
POI-ID-425df07d,1,1,1,0,0,1,1,0,0
POI-ID-a1bc5f10,1,1,1,0,0,1,1,0,0
POI-ID-75cc06ef,2,2,1,1,0,1,1,0,0
POI-ID-cfffedc4,1,1,1,0,0,1,1,0,0
POI-ID-6965a5b4,4,4,2,1,1,2,2,0,0
POI-ID-81c9b2a6,1,1,1,0,0,1,1,0,0
POI-ID-b9f64e0d,1,1,1,0,0,1,1,0,0
POI-ID-97965e6e,2,2,2,0,0,2,2,0,0
POI-ID-3a104b37,1,1,1,0,0,1,1,0,0
POI-ID-dd5aca8f,1,1,1,0,0,1,1,0,0
POI-ID-92656799,1,1,1,0,0,1,1,0,0
POI-ID-7a9173aa,1,1,1,0,0,1,1,0,0
POI-ID-d99d27a0,1,1,1,0,0,1,1,0,0
POI-ID-c9942037,1,1,1,0,0,1,1,0,0
POI-ID-9a67b3f3,1,1,1,0,0,1,1,0,0
POI-ID-a1cafcf7,1,1,1,0,0,1,1,0,0
POI-ID-1ae42b2f,1,1,1,0,0,1,1,0,0
POI-ID-65278d75,1,1,1,0,0,1,1,0,0
POI-ID-c7a3285a,1,1,1,0,0,1,1,0,0
POI-ID-0917ef6d,2,2,1,1,0,1,1,0,0
POI-ID-0dbb5846,1,1,1,0,0,1,1,0,0
POI-ID-e863a186,1,1,1,0,0,1,1,0,0
POI-ID-08aa9cb3,1,1,1,0,0,1,1,0,0
POI-ID-3295c654,1,1,1,0,0,1,1,0,0
POI-ID-f50bc70d,2,2,2,0,0,2,2,0,0
POI-ID-8d6f14b0,24,24,14,7,3,3,3,0,0
POI-ID-711c4dee,1,1,1,0,0,1,1,0,0
POI-ID-e3c8ca7f,1,1,1,0,0,1,1,0,0
POI-ID-13290a1e,1,1,1,0,0,1,1,0,0
POI-ID-aab7f2b3,1,1,1,0,0,1,1,0,0
POI-ID-3a2f673b,1,1,1,0,0,1,1,0,0
POI-ID-5968ccc3,1,1,1,0,0,1,1,0,0
POI-ID-b53645c0,1,1,1,0,0,1,1,0,0
POI-ID-4a99f362,1,1,1,0,0,1,1,0,0
POI-ID-5fcf828b,1,1,1,0,0,1,1,0,0
POI-ID-d0bfdf99,1,1,1,0,0,1,1,0,0
POI-ID-6ed5fdf6,3,3,3,0,0,3,3,0,0
POI-ID-20497627,1,1,1,0,0,1,1,0,0
POI-ID-818af26e,2,2,2,0,0,2,2,0,0
POI-ID-21eefa1f,1,1,1,0,0,1,1,0,0
POI-ID-6d1802a2,1,1,1,0,0,1,1,0,0
POI-ID-034fc2d3,1,1,1,0,0,1,1,0,0
POI-ID-64d724d4,1,1,1,0,0,1,1,0,0
POI-ID-834f59ae,1,1,1,0,0,1,1,0,0
POI-ID-2f8164a1,1,1,1,0,0,1,1,0,0
POI-ID-507586d7,3,3,1,1,1,1,1,0,0
POI-ID-22e76bff,1,1,1,0,0,1,1,0,0
POI-ID-9ac3be35,5,5,3,2,0,3,3,0,0
POI-ID-d84250b6,1,1,1,0,0,1,1,0,0
POI-ID-40d098ad,1,1,1,0,0,1,1,0,0
POI-ID-b49b6888,1,1,1,0,0,1,1,0,0
POI-ID-7b834f64,1,1,1,0,0,1,1,0,0
POI-ID-4e89fd2f,3,3,2,1,0,3,3,0,0
POI-ID-b677234c,1,1,1,0,0,1,1,0,0
POI-ID-9a661a17,1,1,1,0,0,1,1,0,0
POI-ID-076a6ac1,1,1,1,0,0,1,1,0,0
POI-ID-3d0aea71,2,2,1,1,0,1,1,0,0
POI-ID-b39d9455,2,2,1,1,0,1,1,0,0
POI-ID-42b81e87,9,9,5,2,2,1,1,0,0
POI-ID-c0c35ad8,3,3,1,1,1,1,1,0,0
POI-ID-74d23f40,4,4,2,2,0,2,2,0,0
POI-ID-44eba3bf,23,23,13,6,4,1,1,0,0
POI-ID-1ee01a7c,1,1,1,0,0,1,1,0,0
POI-ID-b47a9a7c,1,1,1,0,0,1,1,0,0
POI-ID-57246f4d,1,1,1,0,0,1,1,0,0
POI-ID-2dd1ca88,1,1,1,0,0,1,1,0,0
POI-ID-c4c76327,1,1,1,0,0,1,1,0,0
POI-ID-39ac3ae3,1,1,1,0,0,1,1,0,0
POI-ID-191fa49a,1,1,1,0,0,1,1,0,0
POI-ID-9f9c545c,2,2,1,1,0,1,1,0,0
POI-ID-0c170b47,9,9,5,2,2,1,1,0,0
POI-ID-3fb07075,2,2,1,1,0,1,1,0,0
POI-ID-950c634c,1,1,1,0,0,1,1,0,0
POI-ID-f618fcfb,1,1,1,0,0,1,1,0,0
POI-ID-6d97abaf,1,1,1,0,0,1,1,0,0
POI-ID-d9921fce,2,2,2,0,0,2,2,0,0
POI-ID-7e392177,1,1,1,0,0,1,1,0,0
POI-ID-9e8b9589,1,1,1,0,0,1,1,0,0
POI-ID-c962becb,1,1,1,0,0,1,1,0,0
POI-ID-6979c79b,1,1,1,0,0,1,1,0,0
POI-ID-b141bbb1,1,1,1,0,0,1,1,0,0
POI-ID-f671cb0c,1,1,1,0,0,1,1,0,0
POI-ID-cd894928,1,1,1,0,0,1,1,0,0
POI-ID-694ae488,1,1,1,0,0,1,1,0,0
POI-ID-d9b08739,1,1,1,0,0,1,1,0,0
POI-ID-50147fa0,1,1,1,0,0,1,1,0,0
POI-ID-11e7f66d,1,1,1,0,0,1,1,0,0
POI-ID-e1816684,1,1,1,0,0,1,1,0,0
POI-ID-7e3ae7ce,1,1,1,0,0,1,1,0,0
POI-ID-550fbb9f,1,1,1,0,0,1,1,0,0
POI-ID-d9f9d9cf,1,1,1,0,0,1,1,0,0
POI-ID-9d2ef596,1,1,1,0,0,1,1,0,0
POI-ID-d62bccb4,1,1,1,0,0,1,1,0,0
POI-ID-9991eabe,1,1,1,0,0,1,1,0,0
POI-ID-676539b1,1,1,1,0,0,1,1,0,0
POI-ID-2b4e875a,2,2,2,0,0,2,2,0,0
POI-ID-f499cdb2,1,1,1,0,0,1,1,0,0
POI-ID-008387d4,3,3,2,1,0,2,2,0,0
POI-ID-0341b769,1,1,1,0,0,1,1,0,0
POI-ID-c45ff762,1,1,1,0,0,1,1,0,0
POI-ID-53c68dff,1,1,1,0,0,1,1,0,0
POI-ID-d4f8849f,1,1,1,0,0,1,1,0,0
POI-ID-6669ad50,1,1,1,0,0,1,1,0,0
POI-ID-f0e3e964,4,4,2,1,1,1,1,0,0
POI-ID-9e37fdd6,1,1,1,0,0,1,1,0,0
POI-ID-0c0d9d89,2,2,1,1,0,1,1,0,0
POI-ID-5ca0ff29,4,4,2,1,1,1,1,0,0
POI-ID-c73d6a76,6,6,3,1,2,1,1,0,0
POI-ID-0f75f439,1,1,1,0,0,1,1,0,0
POI-ID-f9fec798,1,1,1,0,0,1,1,0,0
POI-ID-c7eea712,1,1,1,0,0,1,1,0,0
POI-ID-22274985,1,1,1,0,0,1,1,0,0
POI-ID-a71007b9,1,1,1,0,0,1,1,0,0
POI-ID-8d82508e,1,1,1,0,0,1,1,0,0
POI-ID-f9df97ca,1,1,1,0,0,1,1,0,0
POI-ID-a05c27fe,1,1,1,0,0,1,1,0,0
POI-ID-d3aa6e3b,1,1,1,0,0,1,1,0,0
POI-ID-70494a65,1,1,1,0,0,1,1,0,0
POI-ID-6fbc1136,1,1,1,0,0,1,1,0,0
POI-ID-7bebe6fd,2,2,1,1,0,1,1,0,0
POI-ID-f54803a9,1,1,1,0,0,1,1,0,0
POI-ID-755d2bb5,1,1,1,0,0,1,1,0,0
POI-ID-9f79b665,1,1,1,0,0,1,1,0,0
POI-ID-5a4dade4,1,1,1,0,0,1,1,0,0
POI-ID-a6688e0d,4,4,3,1,0,3,3,0,0
POI-ID-a887d474,1,1,1,0,0,1,1,0,0
POI-ID-ec393b4b,1,1,1,0,0,1,1,0,0
POI-ID-55b37bd3,1,1,1,0,0,1,1,0,0
POI-ID-36b2c96b,1,1,1,0,0,1,1,0,0
POI-ID-6433ff80,1,1,1,0,0,1,1,0,0
POI-ID-f666fbe8,1,1,1,0,0,1,1,0,0
POI-ID-6b562171,1,1,1,0,0,1,1,0,0
POI-ID-b2a1bf1d,1,1,1,0,0,1,1,0,0
POI-ID-6ac77612,1,1,1,0,0,1,1,0,0
POI-ID-0d3f0ccf,1,1,1,0,0,1,1,0,0
POI-ID-bc13e555,1,1,1,0,0,1,1,0,0
POI-ID-a31d6495,1,1,1,0,0,1,1,0,0
POI-ID-67ecca73,3,3,3,0,0,3,3,0,0
POI-ID-3eb0996c,3,3,2,1,0,2,2,0,0
POI-ID-71bc6770,2,2,1,0,1,1,1,0,0
POI-ID-0993559d,1,1,1,0,0,1,1,0,0
POI-ID-dab99c82,1,1,1,0,0,1,1,0,0
POI-ID-b0cd4fd3,1,1,1,0,0,1,1,0,0
POI-ID-448ac245,1,1,1,0,0,1,1,0,0
POI-ID-8d27c74a,1,1,1,0,0,1,1,0,0
POI-ID-5c711c94,1,1,1,0,0,1,1,0,0
POI-ID-c5916c5b,1,1,1,0,0,1,1,0,0
POI-ID-bfcedb22,1,1,1,0,0,1,1,0,0
POI-ID-174dc812,1,1,1,0,0,1,1,0,0
POI-ID-25bd4323,1,1,1,0,0,1,1,0,0
POI-ID-d1bd22ae,2,2,1,1,0,1,1,0,0
POI-ID-bc1e8d4d,1,1,1,0,0,1,1,0,0
POI-ID-6def3705,1,1,1,0,0,1,1,0,0
POI-ID-fecb9564,1,1,1,0,0,1,1,0,0
POI-ID-586fa1eb,1,1,1,0,0,1,1,0,0
POI-ID-447844e0,1,1,1,0,0,1,1,0,0
POI-ID-1ee5602f,2,2,2,0,0,2,2,0,0
POI-ID-d55d46fa,1,1,1,0,0,1,1,0,0
POI-ID-876baa30,1,1,1,0,0,1,1,0,0
POI-ID-a5b1b745,1,1,1,0,0,1,1,0,0
POI-ID-bc05628e,3,3,3,0,0,3,3,0,0
POI-ID-6ced1908,2,2,2,0,0,2,2,0,0
POI-ID-1cf77cf7,1,1,1,0,0,1,1,0,0
POI-ID-32c62313,1,1,1,0,0,1,1,0,0
POI-ID-b9eb61bc,2,2,2,0,0,2,2,0,0
POI-ID-7fdce53c,1,1,1,0,0,1,1,0,0
POI-ID-469a5d3d,2,2,1,1,0,1,1,0,0
POI-ID-7b954a54,1,1,1,0,0,1,1,0,0
POI-ID-74950ed4,1,1,1,0,0,1,1,0,0
POI-ID-0e314056,1,1,1,0,0,1,1,0,0
POI-ID-b568df65,1,1,1,0,0,1,1,0,0
POI-ID-1a0f6ff1,1,1,1,0,0,1,1,0,0
POI-ID-22409bff,1,1,1,0,0,1,1,0,0
POI-ID-66133f3a,1,1,1,0,0,1,1,0,0
POI-ID-7e5a3a04,1,1,1,0,0,1,1,0,0
POI-ID-788c0b4b,1,1,1,0,0,1,1,0,0
POI-ID-73adb2c8,1,1,1,0,0,1,1,0,0
POI-ID-e742883d,1,1,1,0,0,1,1,0,0
POI-ID-1e765a4c,1,1,1,0,0,1,1,0,0
POI-ID-a317164c,2,2,1,1,0,1,1,0,0
POI-ID-6d629752,1,1,1,0,0,1,1,0,0
POI-ID-c113cfbe,1,1,1,0,0,1,1,0,0
POI-ID-dced35c3,1,1,1,0,0,1,1,0,0
POI-ID-7047526d,1,1,1,0,0,1,1,0,0
POI-ID-ec819950,1,1,1,0,0,1,1,0,0
POI-ID-8493f331,1,1,1,0,0,1,1,0,0
POI-ID-d96bef0b,2,2,1,1,0,1,1,0,0
POI-ID-10c498d1,1,1,1,0,0,1,1,0,0
POI-ID-93c2e4b5,2,2,2,0,0,2,2,0,0
POI-ID-ae425bef,1,1,0,1,0,1,1,0,0
POI-ID-6c8b394c,1,1,1,0,0,1,1,0,0
POI-ID-aa247647,2,2,1,1,0,1,1,0,0
POI-ID-0abc5e17,2,2,1,1,0,1,1,0,0
POI-ID-ae4be8d6,1,1,1,0,0,1,1,0,0
POI-ID-5b8f7b5a,1,1,1,0,0,1,1,0,0
POI-ID-534671e2,1,1,1,0,0,1,1,0,0
POI-ID-6a313d28,1,1,1,0,0,1,1,0,0
POI-ID-fde97167,10,10,6,3,1,1,1,0,0
POI-ID-b643bd19,1,1,1,0,0,1,1,0,0
POI-ID-7b6ea518,2,2,1,1,0,1,1,0,0
POI-ID-34ac2548,1,1,1,0,0,1,1,0,0
POI-ID-1268cb59,4,4,2,2,0,2,2,0,0
POI-ID-dcdd0edc,1,1,1,0,0,1,1,0,0
POI-ID-5d7ee7cf,1,1,1,0,0,1,1,0,0
POI-ID-1fd9379b,4,4,2,1,1,1,1,0,0
POI-ID-14fb67b1,1,1,1,0,0,1,1,0,0
POI-ID-df766ad8,8,8,4,2,2,1,1,0,0
POI-ID-76a5a9f2,1,1,1,0,0,1,1,0,0
POI-ID-1d168072,1,1,1,0,0,1,1,0,0
POI-ID-b3993374,1,1,1,0,0,1,1,0,0
POI-ID-7924a1c5,5,5,3,1,1,1,1,0,0
POI-ID-17a025f9,1,1,1,0,0,1,1,0,0
POI-ID-b4da3e1c,1,1,1,0,0,1,1,0,0
POI-ID-bf781723,1,1,1,0,0,1,1,0,0
POI-ID-49cede00,1,1,1,0,0,1,1,0,0
POI-ID-f15e327c,1,1,1,0,0,1,1,0,0
POI-ID-f9fbd635,1,1,1,0,0,1,1,0,0
POI-ID-c17637d2,1,1,1,0,0,1,1,0,0
POI-ID-bd44e554,1,1,1,0,0,1,1,0,0
POI-ID-b6ec95da,1,1,1,0,0,1,1,0,0
POI-ID-2ab58c93,1,1,1,0,0,1,1,0,0
POI-ID-60a84192,1,1,1,0,0,1,1,0,0
POI-ID-fe28d4d1,1,1,1,0,0,1,1,0,0
POI-ID-dbc8e3bd,1,1,1,0,0,1,1,0,0
POI-ID-9f39ff83,1,1,1,0,0,1,1,0,0
POI-ID-a72ea0a3,1,1,1,0,0,1,1,0,0
POI-ID-01b9965b,1,1,1,0,0,1,1,0,0
POI-ID-7aec2a49,1,1,1,0,0,1,1,0,0
POI-ID-14ced613,1,1,1,0,0,1,1,0,0
POI-ID-50a8ef55,1,1,1,0,0,1,1,0,0
POI-ID-9e5689ef,2,2,2,0,0,2,2,0,0
POI-ID-faf4b3df,1,1,1,0,0,1,1,0,0
POI-ID-e45800fd,7,7,4,2,1,4,4,0,0
POI-ID-9bf45d22,1,1,1,0,0,1,1,0,0
POI-ID-d184d759,1,1,1,0,0,1,1,0,0
POI-ID-6057c02a,1,1,1,0,0,1,1,0,0
POI-ID-a5def996,2,2,2,0,0,2,2,0,0
POI-ID-6e17f85e,1,1,1,0,0,1,1,0,0
POI-ID-ada0f2a6,1,1,1,0,0,1,1,0,0
POI-ID-b4483b47,1,1,1,0,0,1,1,0,0
POI-ID-8904f09c,1,1,1,0,0,1,1,0,0
POI-ID-2398bb41,1,1,1,0,0,1,1,0,0
POI-ID-63943af5,1,1,1,0,0,1,1,0,0
POI-ID-ebf658b0,1,1,1,0,0,1,1,0,0
POI-ID-ec781f22,2,2,1,1,0,1,1,0,0
POI-ID-93567323,1,1,1,0,0,1,1,0,0
POI-ID-021caa00,1,1,1,0,0,1,1,0,0
POI-ID-bc5cae12,1,1,1,0,0,1,1,0,0
POI-ID-f9c4beab,1,1,1,0,0,1,1,0,0
POI-ID-78b2d7f9,1,1,1,0,0,1,1,0,0
POI-ID-ea5eb93b,1,1,1,0,0,1,1,0,0
POI-ID-13125555,1,1,1,0,0,1,1,0,0
POI-ID-cf235d43,4,4,3,1,0,3,3,0,0
POI-ID-c1106b72,1,1,1,0,0,1,1,0,0
POI-ID-8def4c2a,1,1,1,0,0,1,1,0,0
POI-ID-1b2b7f18,1,1,1,0,0,1,1,0,0
POI-ID-d8f208e7,1,1,1,0,0,1,1,0,0
POI-ID-08189033,1,1,1,0,0,1,1,0,0
POI-ID-079b93f1,9,9,5,2,2,1,1,0,0
POI-ID-acb2c7d2,1,1,1,0,0,1,1,0,0
POI-ID-32fa243c,1,1,1,0,0,1,1,0,0
POI-ID-856b6a49,1,1,1,0,0,1,1,0,0
POI-ID-0be62f12,1,1,1,0,0,1,1,0,0
POI-ID-bf486d97,1,1,1,0,0,1,1,0,0
POI-ID-6649a9d8,1,1,1,0,0,1,1,0,0
POI-ID-4e9618db,2,2,2,0,0,2,2,0,0
POI-ID-d697ef4d,3,3,1,1,1,1,1,0,0
POI-ID-fcc2e101,1,1,1,0,0,1,1,0,0
POI-ID-a6e3e7cd,1,1,1,0,0,1,1,0,0
POI-ID-60098b43,3,3,3,0,0,3,3,0,0
POI-ID-5f04128d,1,1,1,0,0,1,1,0,0
POI-ID-6f62132d,5,5,3,1,1,1,1,0,0
POI-ID-3c78d79d,1,1,1,0,0,1,1,0,0
POI-ID-c32b5199,8,8,4,2,2,1,1,0,0
POI-ID-5c941f6a,1,1,1,0,0,1,1,0,0
POI-ID-bdf443e8,1,1,1,0,0,1,1,0,0
POI-ID-8aae7b1c,1,1,1,0,0,1,1,0,0
POI-ID-9f978207,3,3,3,0,0,3,3,0,0
POI-ID-a8500460,1,1,1,0,0,1,1,0,0
POI-ID-d5a3dc27,1,1,1,0,0,1,1,0,0
POI-ID-a6115418,1,1,0,0,1,1,1,0,0
POI-ID-6c21c0d5,1,1,1,0,0,1,1,0,0
POI-ID-db3abc12,1,1,1,0,0,1,1,0,0
POI-ID-1ee74f55,1,1,1,0,0,1,1,0,0
POI-ID-1a170642,2,2,1,1,0,1,1,0,0
POI-ID-af6e13ab,1,1,1,0,0,1,1,0,0
POI-ID-912d21ff,1,1,1,0,0,1,1,0,0
POI-ID-4df8bc81,1,1,1,0,0,1,1,0,0
POI-ID-f3ac3b29,1,1,1,0,0,1,1,0,0
POI-ID-869f9862,2,2,1,1,0,1,1,0,0
POI-ID-f13d001f,1,1,1,0,0,1,1,0,0
POI-ID-6fd4d179,3,3,1,1,1,1,1,0,0
POI-ID-016d8000,2,2,2,0,0,2,2,0,0
POI-ID-f3711cbd,1,1,1,0,0,1,1,0,0
POI-ID-8ebbaa7b,1,1,1,0,0,1,1,0,0
POI-ID-63c6829a,1,1,1,0,0,1,1,0,0
POI-ID-78771c6e,1,1,1,0,0,1,1,0,0
POI-ID-65a4bf4e,3,3,2,1,0,2,2,0,0
POI-ID-395dbb2f,1,1,1,0,0,1,1,0,0
POI-ID-d46dcc2e,2,2,2,0,0,2,2,0,0
POI-ID-2694cd32,1,1,1,0,0,1,1,0,0
POI-ID-2b726a57,2,2,2,0,0,2,2,0,0
POI-ID-52075b61,1,1,1,0,0,1,1,0,0
POI-ID-60956b62,2,2,1,1,0,1,1,0,0
POI-ID-5e781584,3,3,2,1,0,2,2,0,0
POI-ID-48f80cb0,1,1,1,0,0,1,1,0,0
POI-ID-40079a7f,1,1,1,0,0,1,1,0,0
POI-ID-dd2433d9,1,1,1,0,0,1,1,0,0
POI-ID-ba3049c4,1,1,1,0,0,1,1,0,0
POI-ID-abbe3984,1,1,1,0,0,1,1,0,0
POI-ID-52938dc2,1,1,1,0,0,1,1,0,0
POI-ID-f95d9bd3,1,1,1,0,0,1,1,0,0
POI-ID-e76ad870,1,1,1,0,0,1,1,0,0
POI-ID-9c47395c,1,1,1,0,0,1,1,0,0
POI-ID-9a61f1d7,1,1,1,0,0,1,1,0,0
POI-ID-77cfe1aa,1,1,1,0,0,1,1,0,0
POI-ID-8ca9a482,1,1,1,0,0,1,1,0,0
POI-ID-2d6c0157,1,1,1,0,0,1,1,0,0
POI-ID-f7bffddd,1,1,1,0,0,1,1,0,0
POI-ID-ab8a8df8,1,1,1,0,0,1,1,0,0
POI-ID-4a0120d4,1,1,1,0,0,1,1,0,0
POI-ID-65a6bea1,1,1,1,0,0,1,1,0,0
POI-ID-bb9243be,1,1,1,0,0,1,1,0,0
POI-ID-5a7c45cb,1,1,1,0,0,1,1,0,0
POI-ID-977aa58f,5,5,3,1,1,1,1,0,0
POI-ID-fec4d2e1,1,1,1,0,0,1,1,0,0
POI-ID-d637d463,1,1,1,0,0,1,1,0,0
POI-ID-44fa9911,1,1,1,0,0,1,1,0,0
POI-ID-d5971a6b,1,1,1,0,0,1,1,0,0
POI-ID-cade2b7f,1,1,1,0,0,1,1,0,0
POI-ID-01beacf3,2,2,1,1,0,1,1,0,0
POI-ID-11d1c0ab,1,1,1,0,0,1,1,0,0
POI-ID-1bf126bc,1,1,1,0,0,1,1,0,0
POI-ID-4dd051cc,2,2,2,0,0,2,2,0,0
POI-ID-5a911cc8,1,1,1,0,0,1,1,0,0
POI-ID-8768bbf2,1,1,1,0,0,1,1,0,0
POI-ID-9ceb9d04,1,1,1,0,0,1,1,0,0
POI-ID-a23d565d,1,1,1,0,0,1,1,0,0
POI-ID-42969c3b,2,2,1,1,0,1,1,0,0
POI-ID-f555873f,1,1,1,0,0,1,1,0,0
POI-ID-53f66936,1,1,1,0,0,1,1,0,0
POI-ID-cc75672a,1,1,1,0,0,1,1,0,0
POI-ID-ce3e10ad,1,1,1,0,0,1,1,0,0
POI-ID-9d6540b0,1,1,1,0,0,1,1,0,0
POI-ID-cce702f8,1,1,1,0,0,1,1,0,0
POI-ID-1c09ee66,1,1,1,0,0,1,1,0,0
POI-ID-fefc19fb,1,1,1,0,0,1,1,0,0
POI-ID-4182477c,5,5,3,1,1,1,1,0,0
POI-ID-bcb2c15a,1,1,1,0,0,1,1,0,0
POI-ID-971688a4,2,2,2,0,0,2,2,0,0
POI-ID-4db538a6,3,3,1,1,1,1,1,0,0
POI-ID-407c16bd,1,1,1,0,0,1,1,0,0
POI-ID-27bfdbc8,1,1,1,0,0,1,1,0,0
POI-ID-afabf18b,1,1,1,0,0,1,1,0,0
POI-ID-fae26a91,2,2,1,1,0,1,1,0,0
POI-ID-0b5a730d,1,1,1,0,0,1,1,0,0
POI-ID-0d89d240,1,1,1,0,0,1,1,0,0
POI-ID-0fa8e2bc,2,2,1,1,0,1,1,0,0
POI-ID-da4bf022,2,2,1,1,0,1,1,0,0
POI-ID-85452b7a,1,1,1,0,0,1,1,0,0
POI-ID-82f6a8d1,1,1,1,0,0,1,1,0,0
POI-ID-2afa6be7,1,1,1,0,0,1,1,0,0
POI-ID-8bff2aa3,1,1,1,0,0,1,1,0,0
POI-ID-7df90235,5,5,3,1,1,3,3,0,0
POI-ID-4dde0de1,1,1,1,0,0,1,1,0,0
POI-ID-157d0aa3,1,1,1,0,0,1,1,0,0
POI-ID-4b65c19a,1,1,1,0,0,1,1,0,0
POI-ID-16072564,7,7,4,2,1,1,1,0,0
POI-ID-639c0cdf,1,1,1,0,0,1,1,0,0
POI-ID-196291e5,1,1,1,0,0,1,1,0,0
POI-ID-418aa79c,1,1,1,0,0,1,1,0,0
POI-ID-1d684b54,1,1,1,0,0,1,1,0,0
POI-ID-fa5bc6e3,1,1,1,0,0,1,1,0,0
POI-ID-72024a2a,1,1,1,0,0,1,1,0,0
POI-ID-1dc15c17,1,1,1,0,0,1,1,0,0
POI-ID-318725f2,1,1,1,0,0,1,1,0,0
POI-ID-c80f53fd,2,2,1,1,0,1,1,0,0
POI-ID-624ea804,1,1,1,0,0,1,1,0,0
POI-ID-f17e3681,1,1,1,0,0,1,1,0,0
POI-ID-4436ae8c,1,1,1,0,0,1,1,0,0
POI-ID-ac74bb64,1,1,1,0,0,1,1,0,0
POI-ID-c5b08b23,6,6,3,1,2,1,1,0,0
POI-ID-0711b765,6,6,3,1,2,1,1,0,0
POI-ID-1b7f713b,2,2,1,1,0,1,1,0,0
POI-ID-aa3e9b9b,1,1,1,0,0,1,1,0,0
POI-ID-e7874641,5,5,3,1,1,1,1,0,0
POI-ID-d3996907,1,1,1,0,0,1,1,0,0
POI-ID-25470a6c,9,9,5,2,2,1,1,0,0
POI-ID-30271056,1,1,1,0,0,1,1,0,0
POI-ID-73a07422,7,7,4,1,2,2,2,0,0
POI-ID-e715f816,6,6,3,1,2,1,1,0,0
POI-ID-fa6349a3,1,1,1,0,0,1,1,0,0
POI-ID-02792b53,1,1,1,0,0,1,1,0,0
POI-ID-b182ac20,1,1,1,0,0,1,1,0,0
POI-ID-f2e6cf97,1,1,1,0,0,1,1,0,0
POI-ID-6519c431,1,1,1,0,0,1,1,0,0
POI-ID-fbc75709,1,1,1,0,0,1,1,0,0
POI-ID-e5cd93fa,1,1,1,0,0,1,1,0,0
POI-ID-a699374e,1,1,1,0,0,1,1,0,0
POI-ID-c65dfe42,1,1,1,0,0,1,1,0,0
POI-ID-6721b323,4,4,4,0,0,4,4,0,0
POI-ID-c7719eb3,2,2,1,1,0,1,1,0,0
POI-ID-10a5ffff,2,2,1,1,0,1,1,0,0
POI-ID-453831bb,2,2,2,0,0,2,2,0,0
POI-ID-a88692d2,1,1,1,0,0,1,1,0,0
POI-ID-8dd528bc,1,1,1,0,0,1,1,0,0
POI-ID-5257bfeb,1,1,1,0,0,1,1,0,0
POI-ID-6602bd13,3,3,2,1,0,2,2,0,0
POI-ID-b53414bb,1,1,1,0,0,1,1,0,0
POI-ID-4b3532e5,7,7,4,2,1,1,1,0,0
POI-ID-bde0ef62,1,1,1,0,0,1,1,0,0
POI-ID-8b6472ae,1,1,1,0,0,1,1,0,0
POI-ID-de7e5714,2,2,1,1,0,1,1,0,0
POI-ID-98d8c0a6,1,1,1,0,0,1,1,0,0
POI-ID-c98ab1b8,1,1,1,0,0,1,1,0,0
POI-ID-6e9b97a3,1,1,1,0,0,1,1,0,0
POI-ID-134f8485,1,1,1,0,0,1,1,0,0
POI-ID-c0e7e25c,1,1,1,0,0,1,1,0,0
POI-ID-e39642d3,1,1,1,0,0,1,1,0,0
POI-ID-62b9f0a5,1,1,1,0,0,1,1,0,0
POI-ID-ffae6ac6,1,1,1,0,0,1,1,0,0
POI-ID-9b9c4b97,1,1,1,0,0,1,1,0,0
POI-ID-b9c7a47d,1,1,1,0,0,1,1,0,0
POI-ID-1b05a435,1,1,1,0,0,1,1,0,0
POI-ID-da36e88b,1,1,1,0,0,1,1,0,0
POI-ID-d37a4c49,1,1,1,0,0,1,1,0,0
POI-ID-938ea545,1,1,1,0,0,1,1,0,0
POI-ID-1ee620f6,1,1,1,0,0,1,1,0,0
POI-ID-fb1802e3,3,3,2,1,0,2,2,0,0
POI-ID-a6e56be5,1,1,1,0,0,1,1,0,0
POI-ID-0cc122f8,1,1,1,0,0,1,1,0,0
POI-ID-1a97c1de,2,2,2,0,0,2,2,0,0
POI-ID-2b4fa801,1,1,1,0,0,1,1,0,0
POI-ID-da6f5f46,1,1,1,0,0,1,1,0,0
POI-ID-a01265ae,1,1,1,0,0,1,1,0,0
POI-ID-f84aa1f8,2,2,1,1,0,1,1,0,0
POI-ID-63659a7a,1,1,1,0,0,1,1,0,0
POI-ID-300b7754,1,1,1,0,0,1,1,0,0
POI-ID-fb6492c8,1,1,1,0,0,1,1,0,0
POI-ID-82ab3d94,1,1,1,0,0,1,1,0,0
POI-ID-09db5e40,1,1,1,0,0,1,1,0,0
POI-ID-e669c9f1,2,2,1,1,0,1,1,0,0
POI-ID-8f3a8f42,1,1,1,0,0,1,1,0,0
POI-ID-d24d1f0d,3,3,1,1,1,1,1,0,0
POI-ID-069660a0,4,4,2,1,1,2,2,0,0
POI-ID-07576cbf,1,1,1,0,0,1,1,0,0
POI-ID-eae8a8cb,1,1,1,0,0,1,1,0,0
POI-ID-0cd6ac56,1,1,1,0,0,1,1,0,0
POI-ID-e77946f2,2,2,2,0,0,2,2,0,0
POI-ID-c94354da,2,2,1,1,0,1,1,0,0
POI-ID-0e5aaa36,1,1,1,0,0,1,1,0,0
POI-ID-c6778f8c,1,1,1,0,0,1,1,0,0
POI-ID-ebfe9b23,1,1,1,0,0,1,1,0,0
POI-ID-f6a78212,1,1,1,0,0,1,1,0,0
POI-ID-9a70d95b,1,1,1,0,0,1,1,0,0
POI-ID-9c3b59fb,1,1,1,0,0,1,1,0,0
POI-ID-3886a8d3,1,1,1,0,0,1,1,0,0
POI-ID-4da16078,8,8,5,2,1,2,2,0,0
POI-ID-65bf8841,1,1,1,0,0,1,1,0,0
POI-ID-530e7a65,1,1,1,0,0,1,1,0,0
POI-ID-b7fc899b,1,1,1,0,0,1,1,0,0
POI-ID-f0841eb7,1,1,1,0,0,1,1,0,0
POI-ID-03f3caa8,1,1,1,0,0,1,1,0,0
POI-ID-3f791a4c,1,1,1,0,0,1,1,0,0
POI-ID-8b843214,1,1,1,0,0,1,1,0,0
POI-ID-65a175d4,3,3,2,1,0,2,2,0,0
POI-ID-b1d2fd00,2,2,1,1,0,1,1,0,0
POI-ID-f1eda678,1,1,1,0,0,1,1,0,0
POI-ID-81a462c7,1,1,1,0,0,1,1,0,0
POI-ID-4f1937b5,1,1,0,0,1,1,1,0,0
POI-ID-c601d912,1,1,1,0,0,1,1,0,0
POI-ID-abe8acb3,2,2,2,0,0,2,2,0,0
POI-ID-f8802d64,1,1,1,0,0,1,1,0,0
POI-ID-c8814bd5,1,1,1,0,0,1,1,0,0
POI-ID-98d2498c,1,1,1,0,0,1,1,0,0
POI-ID-83245da9,1,1,1,0,0,1,1,0,0
POI-ID-96f24a54,1,1,1,0,0,1,1,0,0
POI-ID-7e2ac776,3,3,1,1,1,1,1,0,0
POI-ID-4b3f7468,1,1,1,0,0,1,1,0,0
POI-ID-0a79f2a6,1,1,1,0,0,1,1,0,0
POI-ID-cbc52eb7,9,9,5,2,2,1,1,0,0
POI-ID-72d994b2,1,1,1,0,0,1,1,0,0
POI-ID-50d2f92a,1,1,1,0,0,1,1,0,0
POI-ID-c120dacf,1,1,1,0,0,1,1,0,0
POI-ID-33815b32,1,1,1,0,0,1,1,0,0
POI-ID-f675f5f0,1,1,1,0,0,1,1,0,0
POI-ID-6707f1e7,1,1,1,0,0,1,1,0,0
POI-ID-291ed742,1,1,1,0,0,1,1,0,0
POI-ID-85fcaeff,1,1,1,0,0,1,1,0,0
POI-ID-5ac41746,3,3,1,1,1,1,1,0,0
POI-ID-2326c78a,1,1,1,0,0,1,1,0,0
POI-ID-e4c91fd9,1,1,1,0,0,1,1,0,0
POI-ID-85957783,1,1,1,0,0,1,1,0,0
POI-ID-44d599b4,1,1,1,0,0,1,1,0,0
POI-ID-59eadd37,12,12,7,3,2,1,1,0,0
POI-ID-303a28f0,2,2,2,0,0,2,2,0,0
POI-ID-160f666b,3,3,1,1,1,1,1,0,0
POI-ID-f734ce60,2,2,1,1,0,1,1,0,0
POI-ID-36f9e372,1,1,1,0,0,1,1,0,0
POI-ID-cb93e311,1,1,1,0,0,1,1,0,0
POI-ID-946f8b7d,1,1,1,0,0,1,1,0,0
POI-ID-b3b1192e,3,3,1,1,1,1,1,0,0
POI-ID-955363c9,1,1,1,0,0,1,1,0,0
POI-ID-def7c63a,25,25,15,7,3,1,1,0,0
POI-ID-10c79abe,1,1,1,0,0,1,1,0,0
POI-ID-beaba8dc,1,1,1,0,0,1,1,0,0
POI-ID-420af60f,1,1,1,0,0,1,1,0,0
POI-ID-4495f307,2,2,1,1,0,1,1,0,0
POI-ID-b93e23c0,8,8,4,2,2,1,1,0,0
POI-ID-30b75676,1,1,1,0,0,1,1,0,0
POI-ID-c24efd40,3,3,2,1,0,2,2,0,0
POI-ID-ee891685,2,2,1,1,0,1,1,0,0
POI-ID-6808d67f,1,1,1,0,0,1,1,0,0
POI-ID-d09e196c,1,1,1,0,0,1,1,0,0
POI-ID-bfdc9228,1,1,1,0,0,1,1,0,0
POI-ID-3bbcd280,2,2,1,0,1,1,1,0,0
POI-ID-815bdcf3,1,1,1,0,0,1,1,0,0
POI-ID-48956005,4,4,2,1,1,1,1,0,0
POI-ID-4a90cc2b,5,5,3,1,1,1,1,0,0
POI-ID-d1c2905f,1,1,1,0,0,1,1,0,0
POI-ID-39e9756d,1,1,1,0,0,1,1,0,0
POI-ID-48b38cba,1,1,1,0,0,1,1,0,0
POI-ID-62f2b840,1,1,1,0,0,1,1,0,0
POI-ID-1db38af3,1,1,1,0,0,1,1,0,0
POI-ID-9bc39e97,1,1,1,0,0,1,1,0,0
POI-ID-320d4fb5,1,1,1,0,0,1,1,0,0
POI-ID-9bd96ce7,2,2,2,0,0,2,2,0,0
POI-ID-d295a596,1,1,1,0,0,1,1,0,0
POI-ID-ed0e883a,1,1,1,0,0,1,1,0,0
POI-ID-f4ec58cc,1,1,1,0,0,1,1,0,0
POI-ID-16bf6c43,1,1,1,0,0,1,1,0,0
POI-ID-3adf59f1,1,1,1,0,0,1,1,0,0
POI-ID-aea9e35c,1,1,1,0,0,1,1,0,0
POI-ID-5615cd2d,1,1,1,0,0,1,1,0,0
POI-ID-3b4bd01c,2,2,2,0,0,2,2,0,0
POI-ID-af734da2,1,1,1,0,0,1,1,0,0
POI-ID-e36e5f53,1,1,1,0,0,1,1,0,0
POI-ID-b85b3b93,1,1,1,0,0,1,1,0,0
POI-ID-72346c4e,1,1,1,0,0,1,1,0,0
POI-ID-f6b42201,1,1,1,0,0,1,1,0,0
POI-ID-0d53d6f0,1,1,1,0,0,1,1,0,0
POI-ID-4689b806,2,2,2,0,0,2,2,0,0
POI-ID-d937f567,1,1,1,0,0,1,1,0,0
POI-ID-36aeb7fa,3,3,1,1,1,1,1,0,0
POI-ID-d1e99079,1,1,1,0,0,1,1,0,0
POI-ID-93bb6f5d,4,4,2,1,1,2,2,0,0
POI-ID-976b1b3c,1,1,1,0,0,1,1,0,0
POI-ID-8d9a92f2,1,1,1,0,0,1,1,0,0
POI-ID-55ad68d0,2,2,2,0,0,2,2,0,0
POI-ID-5b0626a1,5,5,3,1,1,2,2,0,0
POI-ID-daab3aef,1,1,1,0,0,1,1,0,0
POI-ID-6b28ca05,1,1,1,0,0,1,1,0,0
POI-ID-c29323ce,2,2,1,1,0,1,1,0,0
POI-ID-09dd2c8d,1,1,1,0,0,1,1,0,0
POI-ID-699a0969,2,2,1,1,0,1,1,0,0
POI-ID-78357c70,1,1,1,0,0,1,1,0,0
POI-ID-c523aa77,2,2,1,1,0,1,1,0,0
POI-ID-64111fa1,1,1,1,0,0,1,1,0,0
POI-ID-21c6ed32,1,1,1,0,0,1,1,0,0
POI-ID-945f59a2,1,1,1,0,0,1,1,0,0
POI-ID-5db3443a,7,7,4,1,2,2,2,0,0
POI-ID-632edd09,3,3,1,1,1,1,1,0,0
POI-ID-075f3565,5,5,3,1,1,1,1,0,0
POI-ID-4d6f9bbc,2,2,1,1,0,1,1,0,0
POI-ID-b3fa4ab6,3,3,1,1,1,1,1,0,0
POI-ID-121347e2,1,1,1,0,0,1,1,0,0
POI-ID-94a6d72c,4,4,3,1,0,3,3,0,0
POI-ID-026b6b19,1,1,1,0,0,1,1,0,0
POI-ID-61c3394b,2,2,2,0,0,2,2,0,0
POI-ID-45b4b7f6,1,1,1,0,0,1,1,0,0
POI-ID-842435cb,1,1,1,0,0,1,1,0,0
POI-ID-476d31c1,1,1,1,0,0,1,1,0,0
POI-ID-fa77f63a,1,1,1,0,0,1,1,0,0
POI-ID-4bbc68ff,2,2,1,1,0,1,1,0,0
POI-ID-4421ff6c,1,1,1,0,0,1,1,0,0
POI-ID-e6878a48,1,1,1,0,0,1,1,0,0
POI-ID-05c38142,2,2,1,1,0,1,1,0,0
POI-ID-190f17d6,1,1,1,0,0,1,1,0,0
POI-ID-aa43ec2c,1,1,1,0,0,1,1,0,0
POI-ID-e4439dfc,1,1,1,0,0,1,1,0,0
POI-ID-e735091b,1,1,1,0,0,1,1,0,0
POI-ID-3a79237a,1,1,1,0,0,1,1,0,0
POI-ID-ba0e7686,2,2,2,0,0,2,2,0,0
POI-ID-98d95ffb,3,3,1,1,1,1,1,0,0
POI-ID-400bf83a,2,2,2,0,0,2,2,0,0
POI-ID-01a77358,1,1,1,0,0,1,1,0,0
POI-ID-86fdaf60,1,1,1,0,0,1,1,0,0
POI-ID-ba3b65bd,1,1,1,0,0,1,1,0,0
POI-ID-55c81474,1,1,1,0,0,1,1,0,0
POI-ID-0c099442,1,1,1,0,0,1,1,0,0
POI-ID-45ccf824,1,1,1,0,0,1,1,0,0
POI-ID-440f8509,1,1,1,0,0,1,1,0,0
POI-ID-5d0e1fc5,2,2,1,1,0,1,1,0,0
POI-ID-a4283b11,1,1,1,0,0,1,1,0,0
POI-ID-fdd2b4bf,1,1,1,0,0,1,1,0,0
POI-ID-52b88671,1,1,1,0,0,1,1,0,0
POI-ID-550b228f,1,1,1,0,0,1,1,0,0
POI-ID-d8fe743f,12,12,7,3,2,1,1,0,0
POI-ID-31125443,1,1,1,0,0,1,1,0,0
POI-ID-d0461a7c,1,1,1,0,0,1,1,0,0
POI-ID-b0023be4,3,3,2,1,0,2,2,0,0
POI-ID-218fd2df,1,1,1,0,0,1,1,0,0
POI-ID-30362cd3,1,1,1,0,0,1,1,0,0
POI-ID-6c8a6745,1,1,1,0,0,1,1,0,0
POI-ID-7f7fd6df,2,2,2,0,0,2,2,0,0
POI-ID-712a9fcd,1,1,1,0,0,1,1,0,0
POI-ID-93177d4f,1,1,1,0,0,1,1,0,0
POI-ID-82280ce7,1,1,1,0,0,1,1,0,0
POI-ID-9d1ff6e5,1,1,1,0,0,1,1,0,0
POI-ID-bda374a2,1,1,1,0,0,1,1,0,0
POI-ID-80754983,2,2,1,1,0,1,1,0,0
POI-ID-c26c2209,1,1,1,0,0,1,1,0,0
POI-ID-34ba579c,2,2,1,1,0,1,1,0,0
POI-ID-28654e55,1,1,1,0,0,1,1,0,0
POI-ID-be2be76a,2,2,1,1,0,1,1,0,0
POI-ID-f8d3bb4d,2,2,1,1,0,1,1,0,0
POI-ID-c1ee8316,1,1,1,0,0,1,1,0,0
POI-ID-72fa6122,2,2,2,0,0,2,2,0,0
POI-ID-6f3f58e0,2,2,2,0,0,2,2,0,0
POI-ID-b9dc2440,2,2,1,1,0,1,1,0,0
POI-ID-b957c87c,2,2,2,0,0,2,2,0,0
POI-ID-b8a99206,3,3,1,1,1,1,1,0,0
POI-ID-ad7d5776,1,1,1,0,0,1,1,0,0
POI-ID-84b67f09,1,1,1,0,0,1,1,0,0
POI-ID-cf090e8c,1,1,1,0,0,1,1,0,0
POI-ID-0f36dd78,3,3,1,1,1,1,1,0,0
POI-ID-bcb619e4,5,5,3,1,1,1,1,0,0
POI-ID-3ee72c1e,1,1,1,0,0,1,1,0,0
POI-ID-ccd22aef,1,1,1,0,0,1,1,0,0
POI-ID-e4382ac1,1,1,1,0,0,1,1,0,0
POI-ID-a757814d,1,1,1,0,0,1,1,0,0
POI-ID-84e2d7ba,1,1,1,0,0,1,1,0,0
POI-ID-abfcc66a,1,1,1,0,0,1,1,0,0
POI-ID-161a061a,3,3,2,1,0,2,2,0,0
POI-ID-44289b80,1,1,1,0,0,1,1,0,0
POI-ID-308af73f,1,1,1,0,0,1,1,0,0
POI-ID-3006b2d9,1,1,1,0,0,1,1,0,0
POI-ID-19e29417,1,1,1,0,0,1,1,0,0
POI-ID-835a7b18,1,1,1,0,0,1,1,0,0
POI-ID-2d12c968,1,1,1,0,0,1,1,0,0
POI-ID-c75e8051,1,1,1,0,0,1,1,0,0
POI-ID-7bb8efc1,1,1,1,0,0,1,1,0,0
POI-ID-b68d472b,1,1,1,0,0,1,1,0,0
POI-ID-7cde7262,1,1,1,0,0,1,1,0,0
POI-ID-d9374ed2,1,1,1,0,0,1,1,0,0
POI-ID-51651974,1,1,1,0,0,1,1,0,0
POI-ID-c012863f,1,1,1,0,0,1,1,0,0
POI-ID-3b02d65a,3,3,1,1,1,1,1,0,0
POI-ID-13e8582a,3,3,1,1,1,1,1,0,0
POI-ID-56dbadde,1,1,1,0,0,1,1,0,0
POI-ID-1302560e,1,1,1,0,0,1,1,0,0
POI-ID-eea0e662,1,1,1,0,0,1,1,0,0
POI-ID-732ec2d9,1,1,1,0,0,1,1,0,0
POI-ID-7048c6cc,1,1,1,0,0,1,1,0,0
POI-ID-67a82364,1,1,1,0,0,1,1,0,0
POI-ID-03fa6952,1,1,1,0,0,1,1,0,0
POI-ID-70930b67,1,1,1,0,0,1,1,0,0
POI-ID-c70ebddb,1,1,1,0,0,1,1,0,0
POI-ID-237f5fa8,1,1,1,0,0,1,1,0,0
POI-ID-5e2332f3,2,2,1,1,0,1,1,0,0
POI-ID-11ca332b,3,3,1,1,1,1,1,0,0
POI-ID-b3b3ced7,1,1,1,0,0,1,1,0,0
POI-ID-b204d966,1,1,1,0,0,1,1,0,0
POI-ID-157f8022,1,1,1,0,0,1,1,0,0
POI-ID-ec5e2b60,1,1,1,0,0,1,1,0,0
POI-ID-96fcc455,1,1,1,0,0,1,1,0,0
POI-ID-bbfb9f84,2,2,2,0,0,2,2,0,0
POI-ID-a67089a3,1,1,1,0,0,1,1,0,0
POI-ID-c97918b3,3,3,1,1,1,1,1,0,0
POI-ID-06fbf580,1,1,1,0,0,1,1,0,0
POI-ID-c83362c2,1,1,1,0,0,1,1,0,0
POI-ID-3a122af0,2,2,2,0,0,2,2,0,0
POI-ID-98905fda,1,1,1,0,0,1,1,0,0
POI-ID-6653a771,2,2,1,1,0,1,1,0,0
POI-ID-21b7ea0d,1,1,1,0,0,1,1,0,0
POI-ID-c8b7cc46,2,2,1,1,0,1,1,0,0
POI-ID-8598ca80,2,2,1,1,0,1,1,0,0
POI-ID-62b6dce1,2,2,1,1,0,1,1,0,0
POI-ID-e17b51d4,1,1,1,0,0,1,1,0,0
POI-ID-9de4dbb6,1,1,1,0,0,1,1,0,0
POI-ID-ccce0b2b,1,1,1,0,0,1,1,0,0
POI-ID-2957a9e4,1,1,1,0,0,1,1,0,0
POI-ID-78748872,1,1,1,0,0,1,1,0,0
POI-ID-75b9fbd1,3,3,1,1,1,1,1,0,0
POI-ID-7403d514,1,1,1,0,0,1,1,0,0
POI-ID-77b087f5,1,1,1,0,0,1,1,0,0
POI-ID-77b016dc,1,1,1,0,0,1,1,0,0
POI-ID-72d7d95f,1,1,1,0,0,1,1,0,0
POI-ID-b3b4cb71,2,2,1,1,0,1,1,0,0
POI-ID-7d16a95a,1,1,1,0,0,1,1,0,0
POI-ID-75684937,1,1,1,0,0,1,1,0,0
POI-ID-eba413b2,2,2,2,0,0,2,2,0,0
POI-ID-141445c9,2,2,1,1,0,1,1,0,0
POI-ID-ad950956,1,1,1,0,0,1,1,0,0
POI-ID-d1e2f5b9,1,1,1,0,0,1,1,0,0
POI-ID-6946b4e1,1,1,1,0,0,1,1,0,0
POI-ID-a1d1e3ac,5,5,3,1,1,1,1,0,0
POI-ID-7cf80bf9,2,2,2,0,0,2,2,0,0
POI-ID-0380cee2,1,1,1,0,0,1,1,0,0
POI-ID-87c82ea5,1,1,1,0,0,1,1,0,0
POI-ID-9a9ab391,1,1,1,0,0,1,1,0,0
POI-ID-a1c51378,1,1,1,0,0,1,1,0,0
POI-ID-89179073,1,1,1,0,0,1,1,0,0
POI-ID-d749d500,1,1,1,0,0,1,1,0,0
POI-ID-261d3d42,1,1,1,0,0,1,1,0,0
POI-ID-0b86dbbf,3,3,1,1,1,1,1,0,0
POI-ID-e50d423a,1,1,1,0,0,1,1,0,0
POI-ID-c3f23a1d,1,1,1,0,0,1,1,0,0
POI-ID-451d35be,1,1,1,0,0,1,1,0,0
POI-ID-c5d48c37,4,4,2,1,1,2,2,0,0
POI-ID-bd4c42d0,2,2,1,1,0,1,1,0,0
POI-ID-924ffdd4,3,3,1,1,1,1,1,0,0
POI-ID-1060b8f7,1,1,1,0,0,1,1,0,0
POI-ID-42f16199,3,3,1,1,1,1,1,0,0
POI-ID-d0e7404f,1,1,1,0,0,1,1,0,0
POI-ID-f107b0df,1,1,1,0,0,1,1,0,0
POI-ID-e8dd6882,1,1,1,0,0,1,1,0,0
POI-ID-3f093c07,1,1,1,0,0,1,1,0,0
POI-ID-19fb3089,1,1,1,0,0,1,1,0,0
POI-ID-74a2dd1a,1,1,1,0,0,1,1,0,0
POI-ID-e40cb88d,1,1,1,0,0,1,1,0,0
POI-ID-113881c9,13,13,7,3,3,1,1,0,0
POI-ID-cc0e5462,2,2,1,1,0,1,1,0,0
POI-ID-d625f540,3,3,2,1,0,2,2,0,0
POI-ID-a4a18c3d,1,1,1,0,0,1,1,0,0
POI-ID-7284c122,1,1,1,0,0,1,1,0,0
POI-ID-12d003d1,2,2,1,1,0,1,1,0,0
POI-ID-238c6b9e,1,1,1,0,0,1,1,0,0
POI-ID-04094b95,10,10,6,3,1,1,1,0,0
POI-ID-e45ab13f,2,2,1,1,0,1,1,0,0
POI-ID-b7088524,2,2,1,1,0,1,1,0,0
POI-ID-fbb23842,1,1,1,0,0,1,1,0,0
POI-ID-63792a4a,1,1,1,0,0,1,1,0,0
POI-ID-ec6f4255,1,1,1,0,0,1,1,0,0
POI-ID-b240d9a0,1,1,1,0,0,1,1,0,0
POI-ID-2f14f727,1,1,1,0,0,1,1,0,0
POI-ID-541613e1,1,1,1,0,0,1,1,0,0
POI-ID-8ac48e89,1,1,1,0,0,1,1,0,0
POI-ID-ce5894dd,1,1,1,0,0,1,1,0,0
POI-ID-c7f1ed4c,1,1,1,0,0,1,1,0,0
POI-ID-b6f5d24c,1,1,1,0,0,1,1,0,0
POI-ID-a0caca98,1,1,1,0,0,1,1,0,0
POI-ID-5df0159c,1,1,1,0,0,1,1,0,0
POI-ID-ae7729ce,2,2,1,1,0,1,1,0,0
POI-ID-b17cd0ce,1,1,1,0,0,1,1,0,0
POI-ID-c679b48e,1,1,1,0,0,1,1,0,0
POI-ID-126017d4,1,1,0,0,1,1,1,0,0
POI-ID-6dfdb6a5,1,1,1,0,0,1,1,0,0
POI-ID-5c1c8179,1,1,1,0,0,1,1,0,0
POI-ID-56251b3d,1,1,1,0,0,1,1,0,0
POI-ID-b6ab378f,1,1,1,0,0,1,1,0,0
POI-ID-c14d9dd2,2,2,1,1,0,1,1,0,0
POI-ID-0a6f6b29,2,2,2,0,0,2,2,0,0
POI-ID-7a86f32e,1,1,1,0,0,1,1,0,0
POI-ID-31ea8911,1,1,1,0,0,1,1,0,0
POI-ID-d0f45c5d,1,1,1,0,0,1,1,0,0
POI-ID-ea5b3c87,2,2,1,1,0,2,2,0,0
POI-ID-06142351,2,2,1,1,0,1,1,0,0
POI-ID-46c26574,1,1,1,0,0,1,1,0,0
POI-ID-3bcd2a60,1,1,1,0,0,1,1,0,0
POI-ID-a44f78c4,1,1,1,0,0,1,1,0,0
POI-ID-1628f815,1,1,1,0,0,1,1,0,0
POI-ID-4a170fc5,6,6,3,1,2,1,1,0,0
POI-ID-f0ea11fe,1,1,1,0,0,1,1,0,0
POI-ID-39654fdb,1,1,1,0,0,1,1,0,0
POI-ID-72ded528,1,1,1,0,0,1,1,0,0
POI-ID-389d8417,1,1,1,0,0,1,1,0,0
POI-ID-7adbe749,1,1,1,0,0,1,1,0,0
POI-ID-4c075d26,1,1,1,0,0,1,1,0,0
POI-ID-da148b4f,1,1,1,0,0,1,1,0,0
POI-ID-c1e27af8,1,1,1,0,0,1,1,0,0
POI-ID-9cf3402f,1,1,1,0,0,1,1,0,0
POI-ID-176e816f,4,4,2,1,1,2,2,0,0
POI-ID-38673cae,2,2,1,1,0,1,1,0,0
POI-ID-39fc9e11,1,1,1,0,0,1,1,0,0
POI-ID-6ed989e7,1,1,1,0,0,1,1,0,0
POI-ID-0bc4077a,1,1,1,0,0,1,1,0,0
POI-ID-c08e2440,1,1,1,0,0,1,1,0,0
POI-ID-d015994c,7,7,4,2,1,1,1,0,0
POI-ID-724b2540,7,7,4,2,1,1,1,0,0
POI-ID-ee9a1ed6,1,1,1,0,0,1,1,0,0
POI-ID-37b480ae,3,3,1,1,1,1,1,0,0
POI-ID-69ca1dbb,1,1,1,0,0,1,1,0,0
POI-ID-69a82759,1,1,1,0,0,1,1,0,0
POI-ID-fd30af19,1,1,1,0,0,1,1,0,0
POI-ID-6a9868ed,1,1,1,0,0,1,1,0,0
POI-ID-6b651fc7,1,1,1,0,0,1,1,0,0
POI-ID-8158d391,2,2,2,0,0,2,2,0,0
POI-ID-23744f86,1,1,1,0,0,1,1,0,0
POI-ID-f491cc2a,1,1,1,0,0,1,1,0,0
POI-ID-be5e5f99,5,5,3,1,1,1,1,0,0
POI-ID-df303623,1,1,1,0,0,1,1,0,0
POI-ID-e6ea6c4f,1,1,1,0,0,1,1,0,0
POI-ID-2427a85a,1,1,1,0,0,1,1,0,0
POI-ID-36e7c250,1,1,1,0,0,1,1,0,0
POI-ID-5ce92cb6,1,1,1,0,0,1,1,0,0
POI-ID-8048878a,1,1,1,0,0,1,1,0,0
POI-ID-c1cabcf9,1,1,1,0,0,1,1,0,0
POI-ID-5718ea23,1,1,1,0,0,1,1,0,0
POI-ID-f38189ed,1,1,1,0,0,1,1,0,0
POI-ID-deedbb1b,11,11,6,3,2,1,1,0,0
POI-ID-a472c0da,1,1,1,0,0,1,1,0,0
POI-ID-31c388d4,1,1,1,0,0,1,1,0,0
POI-ID-f4125cd1,1,1,1,0,0,1,1,0,0
POI-ID-d93831d7,1,1,1,0,0,1,1,0,0
POI-ID-bd8f6c00,1,1,1,0,0,1,1,0,0
POI-ID-7c97a356,1,1,1,0,0,1,1,0,0
POI-ID-e60427e9,8,8,5,2,1,2,2,0,0
POI-ID-40c32a48,29,29,17,8,4,1,1,0,0
POI-ID-3e3d95f1,1,1,1,0,0,1,1,0,0
POI-ID-5eb936ae,1,1,1,0,0,1,1,0,0
POI-ID-5788bde1,1,1,1,0,0,1,1,0,0
POI-ID-4d0bef6a,1,1,1,0,0,1,1,0,0
POI-ID-9031974f,2,2,2,0,0,2,2,0,0
POI-ID-1dda0535,1,1,1,0,0,1,1,0,0
POI-ID-9c803033,4,4,2,1,1,1,1,0,0
POI-ID-3c6b4325,6,6,3,1,2,1,1,0,0
POI-ID-f5aefad5,1,1,1,0,0,1,1,0,0
POI-ID-ea915188,5,5,3,1,1,1,1,0,0
POI-ID-9b90fdf4,4,4,2,1,1,1,1,0,0
POI-ID-2bba1d1f,1,1,1,0,0,1,1,0,0
POI-ID-5e08b590,1,1,1,0,0,1,1,0,0
POI-ID-ec5b513f,3,3,1,1,1,1,1,0,0
POI-ID-b5eaf148,5,5,3,1,1,1,1,0,0
POI-ID-530f7f63,2,2,1,1,0,1,1,0,0
POI-ID-143ed437,1,1,1,0,0,1,1,0,0
POI-ID-8deaa246,2,2,1,1,0,1,1,0,0
POI-ID-3cea1075,1,1,1,0,0,1,1,0,0
POI-ID-f7ca9c2c,1,1,1,0,0,1,1,0,0
POI-ID-0c782942,1,1,1,0,0,1,1,0,0
POI-ID-6269f467,1,1,1,0,0,1,1,0,0
POI-ID-e24c3d37,1,1,1,0,0,1,1,0,0
POI-ID-45d678ca,1,1,1,0,0,1,1,0,0
POI-ID-d32b0d79,1,1,1,0,0,1,1,0,0
POI-ID-634e57c6,2,2,1,1,0,1,1,0,0
POI-ID-67f83d99,3,3,1,1,1,1,1,0,0
POI-ID-e99e24b5,1,1,1,0,0,1,1,0,0
POI-ID-e681adb4,1,1,1,0,0,1,1,0,0
POI-ID-644ad87c,1,1,1,0,0,1,1,0,0
POI-ID-0cdfe7b1,1,1,1,0,0,1,1,0,0
POI-ID-7f2cdc2c,1,1,1,0,0,1,1,0,0
POI-ID-4aca1f4e,1,1,1,0,0,1,1,0,0
POI-ID-523d773b,3,3,1,1,1,1,1,0,0
POI-ID-cb409a57,1,1,1,0,0,1,1,0,0
POI-ID-b4569778,1,1,1,0,0,1,1,0,0
POI-ID-0edd4c90,1,1,1,0,0,1,1,0,0
POI-ID-90ae03df,3,3,3,0,0,3,3,0,0
POI-ID-b5c67f14,2,2,2,0,0,2,2,0,0
POI-ID-8b76de98,1,1,1,0,0,1,1,0,0
POI-ID-2be42541,1,1,1,0,0,1,1,0,0
POI-ID-8df482e4,1,1,1,0,0,1,1,0,0
POI-ID-aeed39ae,1,1,1,0,0,1,1,0,0
POI-ID-718b3c10,1,1,1,0,0,1,1,0,0
POI-ID-ce6f6709,1,1,1,0,0,1,1,0,0
POI-ID-159c667a,1,1,1,0,0,1,1,0,0
POI-ID-673c8da0,1,1,1,0,0,1,1,0,0
POI-ID-e0ce7262,3,3,1,1,1,1,1,0,0
POI-ID-587a19db,1,1,1,0,0,1,1,0,0
POI-ID-52d7edf9,3,3,1,1,1,1,1,0,0
POI-ID-0dad242b,1,1,1,0,0,1,1,0,0
POI-ID-9fcfacf9,1,1,1,0,0,1,1,0,0
POI-ID-177a7cd4,1,1,1,0,0,1,1,0,0
POI-ID-263140fd,1,1,1,0,0,1,1,0,0
POI-ID-a719a345,2,2,1,1,0,1,1,0,0
POI-ID-7537477d,1,1,1,0,0,1,1,0,0
POI-ID-928fba08,1,1,1,0,0,1,1,0,0
POI-ID-08896637,1,1,1,0,0,1,1,0,0
POI-ID-855c139f,2,2,1,1,0,1,1,0,0
POI-ID-a725b596,1,1,1,0,0,1,1,0,0
POI-ID-dc431bd0,2,2,1,1,0,1,1,0,0
POI-ID-4260f3fc,1,1,1,0,0,1,1,0,0
POI-ID-5847fb58,1,1,1,0,0,1,1,0,0
POI-ID-d2d1c529,4,4,2,1,1,1,1,0,0
POI-ID-a2964698,1,1,1,0,0,1,1,0,0
POI-ID-963eee08,1,1,1,0,0,1,1,0,0
POI-ID-1769d20a,1,1,1,0,0,1,1,0,0
POI-ID-743c2c09,2,2,2,0,0,2,2,0,0
POI-ID-5801d440,1,1,1,0,0,1,1,0,0
POI-ID-5e463fe0,1,1,1,0,0,1,1,0,0
POI-ID-80794ed5,1,1,1,0,0,1,1,0,0
POI-ID-a149025f,1,1,1,0,0,1,1,0,0
POI-ID-085a3533,1,1,1,0,0,1,1,0,0
POI-ID-59b71749,1,1,1,0,0,1,1,0,0
POI-ID-5bdaba15,1,1,1,0,0,1,1,0,0
POI-ID-5f2fd27f,1,1,1,0,0,1,1,0,0
POI-ID-faab33ba,5,5,3,1,1,1,1,0,0
POI-ID-2cf57e45,1,1,1,0,0,1,1,0,0
POI-ID-f783db68,1,1,1,0,0,1,1,0,0
POI-ID-f2beeec5,1,1,1,0,0,1,1,0,0
POI-ID-f25789bb,1,1,1,0,0,1,1,0,0
POI-ID-4065f9b4,27,27,16,8,3,1,1,0,0
POI-ID-7572b3ed,1,1,1,0,0,1,1,0,0
POI-ID-73778c6d,1,1,1,0,0,1,1,0,0
POI-ID-1ceca2b5,1,1,1,0,0,1,1,0,0
POI-ID-2be83713,1,1,1,0,0,1,1,0,0
POI-ID-aac7a314,1,1,1,0,0,1,1,0,0
POI-ID-5075c491,1,1,1,0,0,1,1,0,0
POI-ID-76ecfcb8,1,1,1,0,0,1,1,0,0
POI-ID-7067858e,1,1,1,0,0,1,1,0,0
POI-ID-34188837,1,1,1,0,0,1,1,0,0
POI-ID-0c554d61,1,1,1,0,0,1,1,0,0
POI-ID-4fd43e14,1,1,1,0,0,1,1,0,0
POI-ID-00f2fafe,1,1,1,0,0,1,1,0,0
POI-ID-0c692e3e,1,1,1,0,0,1,1,0,0
POI-ID-fca0ced5,1,1,1,0,0,1,1,0,0
POI-ID-53ca25c7,3,3,1,1,1,1,1,0,0
POI-ID-75332b29,1,1,1,0,0,1,1,0,0
POI-ID-ebd62499,1,1,1,0,0,1,1,0,0
POI-ID-0e4a503e,1,1,1,0,0,1,1,0,0
POI-ID-4474ac98,1,1,1,0,0,1,1,0,0
POI-ID-758a3be6,1,1,1,0,0,1,1,0,0
POI-ID-05fcca6c,1,1,1,0,0,1,1,0,0
POI-ID-320a4dbd,1,1,1,0,0,1,1,0,0
POI-ID-52591224,1,1,1,0,0,1,1,0,0
POI-ID-cc598025,1,1,1,0,0,1,1,0,0
POI-ID-3aafa30a,1,1,1,0,0,1,1,0,0
POI-ID-86afa0bc,2,2,2,0,0,2,2,0,0
POI-ID-6cadb961,1,1,1,0,0,1,1,0,0
POI-ID-f199bc56,2,2,1,1,0,1,1,0,0
POI-ID-cb2dfd54,2,2,1,1,0,1,1,0,0
POI-ID-94efc568,1,1,1,0,0,1,1,0,0
POI-ID-b860d174,5,5,3,1,1,1,1,0,0
POI-ID-b25734df,3,3,1,1,1,1,1,0,0
POI-ID-c5a49546,1,1,1,0,0,1,1,0,0
POI-ID-0c51798b,1,1,1,0,0,1,1,0,0
POI-ID-e9beedde,1,1,1,0,0,1,1,0,0
POI-ID-5ddfe512,1,1,1,0,0,1,1,0,0
POI-ID-1167e5ba,1,1,1,0,0,1,1,0,0
POI-ID-60376c81,2,2,2,0,0,2,2,0,0
POI-ID-7ee71636,3,3,1,1,1,1,1,0,0
POI-ID-31845af0,2,2,1,1,0,1,1,0,0
POI-ID-7c72164b,1,1,1,0,0,1,1,0,0
POI-ID-12abee3b,1,1,1,0,0,1,1,0,0
POI-ID-b49c7bb0,1,1,1,0,0,1,1,0,0
POI-ID-16ebda92,1,1,1,0,0,1,1,0,0
POI-ID-81056308,1,1,1,0,0,1,1,0,0
POI-ID-43751196,1,1,1,0,0,1,1,0,0
POI-ID-249d3424,1,1,1,0,0,1,1,0,0
POI-ID-fdb71872,2,2,1,0,1,1,1,0,0
POI-ID-d411c101,1,1,1,0,0,1,1,0,0
POI-ID-dd0387af,3,3,1,1,1,1,1,0,0
POI-ID-b3047668,1,1,1,0,0,1,1,0,0
POI-ID-9bcd0c60,1,1,1,0,0,1,1,0,0
POI-ID-4ff4d277,1,1,1,0,0,1,1,0,0
POI-ID-8834b205,2,2,1,1,0,1,1,0,0
POI-ID-041ca838,1,1,1,0,0,1,1,0,0
POI-ID-82fc322a,2,2,2,0,0,2,2,0,0
POI-ID-3c8a5ef1,80,80,48,24,8,1,1,0,0
POI-ID-2b85855c,84,84,50,25,9,1,1,0,0
POI-ID-9dea72e0,78,78,46,23,9,1,1,0,0
POI-ID-eb3504c7,36,36,21,10,5,1,1,0,0
POI-ID-fdd53d90,76,76,45,22,9,1,1,0,0
POI-ID-857bbc69,80,80,48,24,8,1,1,0,0
POI-ID-76b4733b,88,88,52,26,10,1,1,0,0
POI-ID-a10f991e,3,3,1,1,1,1,1,0,0
POI-ID-f8abdd7d,1,1,1,0,0,1,1,0,0
POI-ID-3b684453,1,1,1,0,0,1,1,0,0
POI-ID-6d4e7607,1,1,1,0,0,1,1,0,0
POI-ID-ab2ab46e,55,55,33,16,6,1,1,0,0
POI-ID-8908fa85,2,2,1,1,0,1,1,0,0
POI-ID-6f3ade5b,1,1,1,0,0,1,1,0,0
POI-ID-b0513820,1,1,1,0,0,1,1,0,0
POI-ID-e1ec82ed,10,10,6,3,1,1,1,0,0
POI-ID-0e7fb9e2,1,1,1,0,0,1,1,0,0
POI-ID-880311a4,1,1,1,0,0,1,1,0,0
POI-ID-8db21132,1,1,1,0,0,1,1,0,0
POI-ID-281bb474,1,1,1,0,0,1,1,0,0
POI-ID-0d74ede1,1,1,1,0,0,1,1,0,0
POI-ID-9b12f422,1,1,1,0,0,1,1,0,0
POI-ID-4bbf5158,1,1,1,0,0,1,1,0,0
POI-ID-0d75d5d9,1,1,1,0,0,1,1,0,0
POI-ID-729f2d38,1,1,1,0,0,1,1,0,0
POI-ID-3632609e,2,2,2,0,0,2,2,0,0
POI-ID-fd9c338d,1,1,1,0,0,1,1,0,0
POI-ID-2a47942c,1,1,1,0,0,1,1,0,0
POI-ID-cb3bffa3,1,1,1,0,0,1,1,0,0
POI-ID-2a112579,2,2,2,0,0,2,2,0,0
POI-ID-d357884c,1,1,1,0,0,1,1,0,0
POI-ID-e66de4c4,1,1,1,0,0,1,1,0,0
POI-ID-0ccf6962,1,1,1,0,0,1,1,0,0
POI-ID-195d83a2,1,1,1,0,0,1,1,0,0
POI-ID-227ca326,1,1,0,1,0,1,1,0,0
POI-ID-7cc2617c,1,1,1,0,0,1,1,0,0
POI-ID-61610d9a,1,1,0,1,0,1,1,0,0
POI-ID-a78af45d,1,1,1,0,0,1,1,0,0
POI-ID-0c0fb92c,1,1,1,0,0,1,1,0,0
POI-ID-fad33161,2,2,2,0,0,2,2,0,0
POI-ID-13a6df69,2,2,2,0,0,2,2,0,0
POI-ID-d1ae826a,1,1,1,0,0,1,1,0,0
POI-ID-4cc65f5c,1,1,1,0,0,1,1,0,0
POI-ID-8ffa3792,1,1,1,0,0,1,1,0,0
POI-ID-7cea8351,1,1,1,0,0,1,1,0,0
POI-ID-96bbae56,1,1,1,0,0,1,1,0,0
POI-ID-c46aecf1,1,1,1,0,0,1,1,0,0
POI-ID-9e321d8f,1,1,1,0,0,1,1,0,0
POI-ID-de42b488,1,1,1,0,0,1,1,0,0
POI-ID-824aca38,1,1,0,1,0,1,1,0,0
POI-ID-97348a84,1,1,1,0,0,1,1,0,0
POI-ID-8c5f42db,1,1,1,0,0,1,1,0,0
POI-ID-4737359a,4,4,2,1,1,1,1,0,0
POI-ID-830b7cc7,1,1,1,0,0,1,1,0,0
POI-ID-57efc027,1,1,1,0,0,1,1,0,0
POI-ID-c636435e,1,1,1,0,0,1,1,0,0
POI-ID-7180b4d8,1,1,1,0,0,1,1,0,0
POI-ID-91227dbf,1,1,1,0,0,1,1,0,0
POI-ID-b2d0fda5,2,2,1,1,0,1,1,0,0
POI-ID-d08123e0,1,1,1,0,0,1,1,0,0
POI-ID-e1621379,1,1,1,0,0,1,1,0,0
POI-ID-d1b4b276,1,1,1,0,0,1,1,0,0
POI-ID-bbd07638,1,1,1,0,0,1,1,0,0
POI-ID-09cc67bc,2,2,2,0,0,2,2,0,0
POI-ID-62e0bad1,1,1,1,0,0,1,1,0,0
POI-ID-1440e44c,1,1,1,0,0,1,1,0,0
POI-ID-b9244528,1,1,1,0,0,1,1,0,0
POI-ID-2b64c7fa,1,1,1,0,0,1,1,0,0
POI-ID-a9b7081a,1,1,1,0,0,1,1,0,0
POI-ID-0abb7ff8,1,1,1,0,0,1,1,0,0
POI-ID-a20be814,2,2,1,1,0,1,1,0,0
POI-ID-bae37359,1,1,1,0,0,1,1,0,0
POI-ID-03752c81,2,2,1,1,0,1,1,0,0
POI-ID-eaf21da3,1,1,1,0,0,1,1,0,0
POI-ID-dae04149,1,1,1,0,0,1,1,0,0
POI-ID-4ea69733,1,1,1,0,0,1,1,0,0
POI-ID-91f2a96a,1,1,1,0,0,1,1,0,0
POI-ID-6d5e4dc3,1,1,1,0,0,1,1,0,0
POI-ID-1f02a364,1,1,1,0,0,1,1,0,0
POI-ID-6865297a,6,6,3,1,2,1,1,0,0
POI-ID-1ee03ece,3,3,1,1,1,1,1,0,0
POI-ID-776e8c27,1,1,1,0,0,1,1,0,0
POI-ID-d709ddb5,1,1,1,0,0,1,1,0,0
POI-ID-cc2f1b48,2,2,2,0,0,2,2,0,0
POI-ID-99a41f6c,14,14,8,3,3,2,2,0,0
POI-ID-44eb667b,1,1,1,0,0,1,1,0,0
POI-ID-4291aec3,2,2,1,1,0,1,1,0,0
POI-ID-822c79d1,9,9,4,2,3,2,2,0,0
POI-ID-3e70d0cd,1,1,1,0,0,1,1,0,0
POI-ID-a711d147,1,1,1,0,0,1,1,0,0
POI-ID-4984fb17,1,1,1,0,0,1,1,0,0
POI-ID-470245b6,4,4,2,1,1,1,1,0,0
POI-ID-f558177c,1,1,1,0,0,1,1,0,0
POI-ID-1d8fe5af,1,1,1,0,0,1,1,0,0
POI-ID-ae5c875b,1,1,1,0,0,1,1,0,0
POI-ID-6fa76775,1,1,1,0,0,1,1,0,0
POI-ID-b53611fd,1,1,1,0,0,1,1,0,0
POI-ID-bf64a542,1,1,1,0,0,1,1,0,0
POI-ID-40af6447,1,1,1,0,0,1,1,0,0
POI-ID-1a206b88,1,1,1,0,0,1,1,0,0
POI-ID-4e43ff37,2,2,1,1,0,1,1,0,0
POI-ID-ee1fab48,2,2,1,1,0,1,1,0,0
POI-ID-95007c99,1,1,1,0,0,1,1,0,0
POI-ID-716af8dd,4,4,2,1,1,1,1,0,0
POI-ID-e908802a,1,1,1,0,0,1,1,0,0
POI-ID-59ed0794,1,1,1,0,0,1,1,0,0
POI-ID-b43c8f7d,3,3,2,1,0,2,2,0,0
POI-ID-be2fc6e9,2,2,2,0,0,2,2,0,0
POI-ID-71aa2ad9,2,2,1,1,0,1,1,0,0
POI-ID-4509ed91,1,1,1,0,0,1,1,0,0
POI-ID-251c26b1,2,2,1,1,0,1,1,0,0
POI-ID-17a5e7ec,1,1,1,0,0,1,1,0,0
POI-ID-5d5dae47,1,1,1,0,0,1,1,0,0
POI-ID-ee70315a,1,1,1,0,0,1,1,0,0
POI-ID-c9b7f973,1,1,1,0,0,1,1,0,0
POI-ID-c0ab9b87,1,1,1,0,0,1,1,0,0
POI-ID-b93b2cda,1,1,1,0,0,1,1,0,0
POI-ID-fe5442a1,1,1,1,0,0,1,1,0,0
POI-ID-e8ba47c2,1,1,1,0,0,1,1,0,0
POI-ID-a6170c88,1,1,1,0,0,1,1,0,0
POI-ID-f4387d2b,1,1,1,0,0,1,1,0,0
POI-ID-c8a2e0c4,1,1,1,0,0,1,1,0,0
POI-ID-590fff1a,1,1,1,0,0,1,1,0,0
POI-ID-93a86c89,1,1,1,0,0,1,1,0,0
POI-ID-de4cef40,1,1,1,0,0,1,1,0,0
POI-ID-08dc22e2,1,1,1,0,0,1,1,0,0
POI-ID-f8ac4864,1,1,1,0,0,1,1,0,0
POI-ID-103630f9,1,1,1,0,0,1,1,0,0
POI-ID-22932617,1,1,1,0,0,1,1,0,0
POI-ID-f1e14aed,1,1,1,0,0,1,1,0,0
POI-ID-438ffe16,1,1,1,0,0,1,1,0,0
POI-ID-3dbd8401,4,4,2,1,1,1,1,0,0
POI-ID-df911f0f,1,1,1,0,0,1,1,0,0
POI-ID-a7889fe2,1,1,1,0,0,1,1,0,0
POI-ID-71760eb1,1,1,1,0,0,1,1,0,0
POI-ID-3a0f3958,7,7,4,2,1,1,1,0,0
POI-ID-952f7daa,1,1,1,0,0,1,1,0,0
POI-ID-d4b931c9,2,2,1,1,0,1,1,0,0
POI-ID-3a767494,2,2,1,1,0,1,1,0,0
POI-ID-c37e038c,2,2,1,1,0,1,1,0,0
POI-ID-52287d8c,1,1,1,0,0,1,1,0,0
POI-ID-c50674df,1,1,1,0,0,1,1,0,0
POI-ID-b80bfa80,1,1,1,0,0,1,1,0,0
POI-ID-f4a48de9,1,1,1,0,0,1,1,0,0
POI-ID-a7e5b79a,1,1,1,0,0,1,1,0,0
POI-ID-8ee807c2,1,1,1,0,0,1,1,0,0
POI-ID-aca106dc,1,1,1,0,0,1,1,0,0
POI-ID-7b0f50d8,1,1,1,0,0,1,1,0,0
POI-ID-b8ac47b1,1,1,1,0,0,1,1,0,0
POI-ID-2db86ddc,1,1,1,0,0,1,1,0,0
POI-ID-240d5681,1,1,1,0,0,1,1,0,0
POI-ID-7c36b80c,1,1,1,0,0,1,1,0,0
POI-ID-20923c34,1,1,1,0,0,1,1,0,0
POI-ID-76f7e361,1,1,1,0,0,1,1,0,0
POI-ID-4d91da3d,3,3,1,1,1,1,1,0,0
POI-ID-b3254fbe,1,1,1,0,0,1,1,0,0
POI-ID-e420ef83,1,1,1,0,0,1,1,0,0
POI-ID-244882a8,1,1,1,0,0,1,1,0,0
POI-ID-0a6b0c0d,1,1,1,0,0,1,1,0,0
POI-ID-1e9d9497,5,5,3,1,1,1,1,0,0
POI-ID-3a60134e,1,1,1,0,0,1,1,0,0
POI-ID-b0dcf173,13,13,7,3,3,1,1,0,0
POI-ID-33de7aaf,10,10,6,3,1,1,1,0,0
POI-ID-75391726,7,7,4,2,1,1,1,0,0
POI-ID-85e80c79,1,1,1,0,0,1,1,0,0
POI-ID-c4778f32,1,1,1,0,0,1,1,0,0
POI-ID-561992f4,1,1,1,0,0,1,1,0,0
POI-ID-ed18456d,3,3,1,2,0,2,2,0,0
POI-ID-56c14ae1,1,1,0,0,1,1,1,0,0
POI-ID-c18a8b46,1,1,1,0,0,1,1,0,0
POI-ID-bca0bc56,1,1,1,0,0,1,1,0,0
POI-ID-c2c4e53a,5,5,3,1,1,1,1,0,0
POI-ID-00a2324a,1,1,1,0,0,1,1,0,0
POI-ID-fc74f325,1,1,1,0,0,1,1,0,0
POI-ID-195b6a04,2,2,1,1,0,1,1,0,0
POI-ID-58063a7b,1,1,1,0,0,1,1,0,0
POI-ID-c1921527,3,3,1,1,1,1,1,0,0
POI-ID-615a1187,1,1,1,0,0,1,1,0,0
POI-ID-92da05cb,1,1,1,0,0,1,1,0,0
POI-ID-9537ca48,3,3,1,1,1,1,1,0,0
POI-ID-97218bc4,1,1,1,0,0,1,1,0,0
POI-ID-ac9e6bc8,6,6,3,1,2,1,1,0,0
POI-ID-e7a74e89,8,8,4,2,2,1,1,0,0
POI-ID-1e06d5d1,2,2,1,1,0,1,1,0,0
POI-ID-d8549298,2,2,1,1,0,1,1,0,0
POI-ID-bf5845fc,1,1,1,0,0,1,1,0,0
POI-ID-8eec3372,1,1,1,0,0,1,1,0,0
POI-ID-7a4c858f,1,1,1,0,0,1,1,0,0
POI-ID-11a33236,1,1,1,0,0,1,1,0,0
POI-ID-2f81612f,1,1,1,0,0,1,1,0,0
POI-ID-8b79ab96,1,1,1,0,0,1,1,0,0
POI-ID-7dba53c3,1,1,1,0,0,1,1,0,0
POI-ID-a16bd34f,1,1,1,0,0,1,1,0,0
POI-ID-ed24cb20,1,1,1,0,0,1,1,0,0
POI-ID-14acbf7d,1,1,1,0,0,1,1,0,0
POI-ID-c8fc0d43,1,1,1,0,0,1,1,0,0
POI-ID-8a749d1b,5,5,3,2,0,3,3,0,0
POI-ID-a986509b,1,1,1,0,0,1,1,0,0
POI-ID-bed11271,1,1,1,0,0,1,1,0,0
POI-ID-add337db,1,1,1,0,0,1,1,0,0
POI-ID-4a9f94cd,1,1,1,0,0,1,1,0,0
POI-ID-9f8b34fd,1,1,1,0,0,1,1,0,0
POI-ID-addd0774,1,1,1,0,0,1,1,0,0
POI-ID-264f0cff,1,1,1,0,0,1,1,0,0
POI-ID-bcc7a735,1,1,1,0,0,1,1,0,0
POI-ID-44f225e1,1,1,1,0,0,1,1,0,0
POI-ID-6ddb7037,1,1,1,0,0,1,1,0,0
POI-ID-2dc64155,1,1,1,0,0,1,1,0,0
POI-ID-77cce298,1,1,1,0,0,1,1,0,0
POI-ID-69102db6,1,1,1,0,0,1,1,0,0
POI-ID-2afb9fe9,1,1,1,0,0,1,1,0,0
POI-ID-c7a2b6df,1,1,1,0,0,1,1,0,0
POI-ID-9ef9b223,2,2,1,1,0,1,1,0,0
POI-ID-b5babac1,1,1,1,0,0,1,1,0,0
POI-ID-fd0961af,2,2,1,1,0,1,1,0,0
POI-ID-dbcfd38a,3,3,1,1,1,1,1,0,0
POI-ID-db10632d,2,2,2,0,0,2,2,0,0
POI-ID-0b666d57,1,1,1,0,0,1,1,0,0
POI-ID-1b65c26a,1,1,1,0,0,1,1,0,0
POI-ID-a057e0f1,1,1,1,0,0,1,1,0,0
POI-ID-0aa4e4bc,1,1,1,0,0,1,1,0,0
POI-ID-11dcffb1,1,1,1,0,0,1,1,0,0
POI-ID-e7947a38,1,1,1,0,0,1,1,0,0
POI-ID-f9775607,1,1,1,0,0,1,1,0,0
POI-ID-89549541,1,1,1,0,0,1,1,0,0
POI-ID-2330047f,1,1,1,0,0,1,1,0,0
POI-ID-0c3ed1a5,1,1,1,0,0,1,1,0,0
POI-ID-42244f72,1,1,1,0,0,1,1,0,0
POI-ID-972cb2f3,1,1,1,0,0,1,1,0,0
POI-ID-bd328fd5,1,1,1,0,0,1,1,0,0
POI-ID-bd837a58,1,1,1,0,0,1,1,0,0
POI-ID-d910d042,4,4,2,2,0,2,2,0,0
POI-ID-21d54b7e,1,1,1,0,0,1,1,0,0
POI-ID-f0549a9a,1,1,1,0,0,1,1,0,0
POI-ID-cba7a80c,1,1,1,0,0,1,1,0,0
POI-ID-df23ad07,1,1,1,0,0,1,1,0,0
POI-ID-20b53146,1,1,1,0,0,1,1,0,0
POI-ID-162c620f,1,1,1,0,0,1,1,0,0
POI-ID-39d13144,1,1,1,0,0,1,1,0,0
POI-ID-788c8243,1,1,1,0,0,1,1,0,0
POI-ID-e1a95ad0,1,1,1,0,0,1,1,0,0
POI-ID-fe02e5d9,1,1,1,0,0,1,1,0,0
POI-ID-89dbb39c,2,2,1,1,0,1,1,0,0
POI-ID-59415fdc,1,1,1,0,0,1,1,0,0
POI-ID-7667487f,1,1,1,0,0,1,1,0,0
POI-ID-e3f3c655,1,1,0,0,1,1,1,0,0
POI-ID-5daa903c,1,1,1,0,0,1,1,0,0
POI-ID-90313c62,1,1,1,0,0,1,1,0,0
POI-ID-a19d9a5e,1,1,1,0,0,1,1,0,0
POI-ID-ef9f646a,2,2,2,0,0,2,2,0,0
POI-ID-158bd440,1,1,1,0,0,1,1,0,0
POI-ID-794eea19,1,1,1,0,0,1,1,0,0
POI-ID-aa264303,1,1,1,0,0,1,1,0,0
POI-ID-63717181,1,1,1,0,0,1,1,0,0
POI-ID-afc1dd66,1,1,1,0,0,1,1,0,0
POI-ID-cf008aeb,1,1,1,0,0,1,1,0,0
POI-ID-140f82fe,1,1,1,0,0,1,1,0,0
POI-ID-65569807,1,1,1,0,0,1,1,0,0
POI-ID-2982457a,1,1,1,0,0,1,1,0,0
POI-ID-ebe88b96,1,1,1,0,0,1,1,0,0
POI-ID-f3281a96,1,1,1,0,0,1,1,0,0
POI-ID-afe190fc,1,1,1,0,0,1,1,0,0
POI-ID-3fa7be53,1,1,1,0,0,1,1,0,0
POI-ID-9ac109d9,1,1,1,0,0,1,1,0,0
POI-ID-e3c62550,1,1,1,0,0,1,1,0,0
POI-ID-7949acfc,1,1,1,0,0,1,1,0,0
POI-ID-ffc63690,1,1,1,0,0,1,1,0,0
POI-ID-b0874286,1,1,1,0,0,1,1,0,0
POI-ID-f539482d,1,1,1,0,0,1,1,0,0
POI-ID-cd82632e,1,1,1,0,0,1,1,0,0
POI-ID-246ca459,1,1,1,0,0,1,1,0,0
POI-ID-02ec55ab,1,1,1,0,0,1,1,0,0
POI-ID-842c6be2,1,1,1,0,0,1,1,0,0
POI-ID-4864e8f3,1,1,1,0,0,1,1,0,0
POI-ID-9ceae455,2,2,1,1,0,1,1,0,0
POI-ID-6c964ded,1,1,1,0,0,1,1,0,0
POI-ID-eab010fe,1,1,1,0,0,1,1,0,0
POI-ID-2f8f5e1e,1,1,1,0,0,1,1,0,0
POI-ID-83c908aa,1,1,1,0,0,1,1,0,0
POI-ID-be21ffcb,1,1,1,0,0,1,1,0,0
POI-ID-3b42e2ac,1,1,1,0,0,1,1,0,0
POI-ID-46afc5d4,1,1,1,0,0,1,1,0,0
POI-ID-70dd2c18,1,1,1,0,0,1,1,0,0
POI-ID-d02865aa,1,1,1,0,0,1,1,0,0
POI-ID-bdebbb7f,1,1,1,0,0,1,1,0,0
POI-ID-3bb97044,1,1,1,0,0,1,1,0,0
POI-ID-7f904f77,1,1,1,0,0,1,1,0,0
POI-ID-653b0340,26,26,15,7,4,2,2,0,0
POI-ID-7525e8e6,14,14,8,4,2,1,1,0,0
POI-ID-0e775b19,1,1,1,0,0,1,1,0,0
POI-ID-09147921,1,1,1,0,0,1,1,0,0
POI-ID-5bc6e96c,2,2,1,1,0,1,1,0,0
POI-ID-848e2134,3,3,1,1,1,1,1,0,0
POI-ID-6b162b5f,1,1,1,0,0,1,1,0,0
POI-ID-f6eb7a41,1,1,1,0,0,1,1,0,0
POI-ID-93df8f62,1,1,1,0,0,1,1,0,0
POI-ID-b42d5ec1,5,5,3,1,1,1,1,0,0
POI-ID-a433cd12,1,1,1,0,0,1,1,0,0
POI-ID-c233a01b,1,1,1,0,0,1,1,0,0
POI-ID-64463099,9,9,5,2,2,2,2,0,0
POI-ID-38c84f7f,1,1,1,0,0,1,1,0,0
POI-ID-cfcf996e,2,2,1,0,1,1,1,0,0
POI-ID-799e00b2,1,1,1,0,0,1,1,0,0
POI-ID-da04b88c,1,1,0,0,1,1,1,0,0
POI-ID-f94c695f,1,1,1,0,0,1,1,0,0
POI-ID-30713b84,1,1,1,0,0,1,1,0,0
POI-ID-19619bd1,2,2,1,1,0,1,1,0,0
POI-ID-d8c418a6,1,1,1,0,0,1,1,0,0
POI-ID-018951b5,1,1,1,0,0,1,1,0,0
POI-ID-ca21d5d1,1,1,1,0,0,1,1,0,0
POI-ID-4f8fd584,1,1,0,0,1,1,1,0,0
POI-ID-880b2537,1,1,1,0,0,1,1,0,0
POI-ID-29ced846,1,1,1,0,0,1,1,0,0
POI-ID-d65ffe7d,1,1,1,0,0,1,1,0,0
POI-ID-87ead6a0,1,1,1,0,0,1,1,0,0
POI-ID-ceb00e89,1,1,1,0,0,1,1,0,0
POI-ID-ec63a9f9,1,1,1,0,0,1,1,0,0
POI-ID-ab607934,1,1,1,0,0,1,1,0,0
POI-ID-87d4f590,1,1,1,0,0,1,1,0,0
POI-ID-5a8957e6,1,1,1,0,0,1,1,0,0
POI-ID-2b3d3ff6,1,1,1,0,0,1,1,0,0
POI-ID-645b42ff,1,1,1,0,0,1,1,0,0
POI-ID-22bd2b08,1,1,1,0,0,1,1,0,0
POI-ID-acf006ad,1,1,1,0,0,1,1,0,0
POI-ID-6c37c4e1,1,1,0,1,0,1,1,0,0
POI-ID-de77796d,1,1,0,0,1,1,1,0,0
POI-ID-c2adb0ee,1,1,1,0,0,1,1,0,0
POI-ID-3587af28,1,1,1,0,0,1,1,0,0
POI-ID-ef3902f5,1,1,1,0,0,1,1,0,0
POI-ID-2b9bc6db,1,1,1,0,0,1,1,0,0
POI-ID-03a69e79,1,1,1,0,0,1,1,0,0
POI-ID-14baedaa,1,1,1,0,0,1,1,0,0
POI-ID-0575ada1,1,1,1,0,0,1,1,0,0
POI-ID-b14c0306,1,1,1,0,0,1,1,0,0
POI-ID-834efe6f,1,1,1,0,0,1,1,0,0
POI-ID-2ba26db9,1,1,1,0,0,1,1,0,0
POI-ID-bff81136,1,1,1,0,0,1,1,0,0
POI-ID-8991507e,1,1,1,0,0,1,1,0,0
POI-ID-d9179a52,1,1,1,0,0,1,1,0,0
POI-ID-7152ea02,1,1,1,0,0,1,1,0,0
POI-ID-4f75bfee,1,1,1,0,0,1,1,0,0
POI-ID-e7676063,1,1,1,0,0,1,1,0,0
POI-ID-54fbe18a,1,1,1,0,0,1,1,0,0
POI-ID-4e01e31d,3,3,2,1,0,2,2,0,0
POI-ID-f645b728,1,1,1,0,0,1,1,0,0
POI-ID-854e793a,1,1,1,0,0,1,1,0,0
POI-ID-4d4b55bc,1,1,1,0,0,1,1,0,0
POI-ID-2f36fca6,1,1,1,0,0,1,1,0,0
POI-ID-1a61ce71,1,1,1,0,0,1,1,0,0
POI-ID-f414fce5,3,3,1,1,1,1,1,0,0
POI-ID-e369bbd7,1,1,1,0,0,1,1,0,0
POI-ID-30637de7,1,1,1,0,0,1,1,0,0
POI-ID-71f49ec4,1,1,1,0,0,1,1,0,0
POI-ID-75730a26,1,1,1,0,0,1,1,0,0
POI-ID-b6b8d252,1,1,1,0,0,1,1,0,0
POI-ID-14b0b0a8,1,1,1,0,0,1,1,0,0
POI-ID-12e84a44,4,4,2,1,1,1,1,0,0
POI-ID-f3ee7528,2,2,2,0,0,2,2,0,0
POI-ID-fda4e7ff,1,1,1,0,0,1,1,0,0
POI-ID-6234f4c9,1,1,1,0,0,1,1,0,0
POI-ID-a5e8b182,1,1,1,0,0,1,1,0,0
POI-ID-1061cdce,1,1,1,0,0,1,1,0,0
POI-ID-503f542b,1,1,1,0,0,1,1,0,0
POI-ID-e958d7a2,4,4,2,1,1,1,1,0,0
POI-ID-2779cfe4,1,1,1,0,0,1,1,0,0
POI-ID-5b2940db,1,1,1,0,0,1,1,0,0
POI-ID-c3850c0e,1,1,1,0,0,1,1,0,0
POI-ID-e2a65d2d,1,1,1,0,0,1,1,0,0
POI-ID-2973584b,1,1,1,0,0,1,1,0,0
POI-ID-424dac80,1,1,1,0,0,1,1,0,0
POI-ID-98d0d076,1,1,1,0,0,1,1,0,0
POI-ID-0a01a562,1,1,1,0,0,1,1,0,0
POI-ID-554db8c7,1,1,0,0,1,1,1,0,0
POI-ID-ca3b8db1,5,5,3,1,1,1,1,0,0
POI-ID-c58bf852,10,10,6,3,1,1,1,0,0
POI-ID-4c23e8ea,1,1,1,0,0,1,1,0,0
POI-ID-b92c38ef,1,1,1,0,0,1,1,0,0
POI-ID-4a16c400,1,1,1,0,0,1,1,0,0
POI-ID-08a53ce4,1,1,1,0,0,1,1,0,0
POI-ID-1ce31e99,1,1,1,0,0,1,1,0,0
POI-ID-02b51600,1,1,1,0,0,1,1,0,0
POI-ID-afe2df14,1,1,1,0,0,1,1,0,0
POI-ID-dfda48bb,1,1,1,0,0,1,1,0,0
POI-ID-e196dbb2,1,1,1,0,0,1,1,0,0
POI-ID-9a4c34d6,1,1,1,0,0,1,1,0,0
POI-ID-9dc27694,1,1,1,0,0,1,1,0,0
POI-ID-885a92d5,1,1,1,0,0,1,1,0,0
POI-ID-c550c9f2,1,1,1,0,0,1,1,0,0
POI-ID-e1799f9b,1,1,1,0,0,1,1,0,0
POI-ID-45cb35bd,1,1,1,0,0,1,1,0,0
POI-ID-268be6b8,1,1,1,0,0,1,1,0,0
POI-ID-2de45f3a,1,1,1,0,0,1,1,0,0
POI-ID-700c8058,1,1,1,0,0,1,1,0,0
POI-ID-64ada71d,1,1,1,0,0,1,1,0,0
POI-ID-67f87c5d,2,2,1,1,0,1,1,0,0
POI-ID-a2b708f2,1,1,1,0,0,1,1,0,0
POI-ID-d20d54e3,1,1,1,0,0,1,1,0,0
POI-ID-6a32c6c0,3,3,1,1,1,1,1,0,0
POI-ID-989f1d62,3,3,1,1,1,1,1,0,0
POI-ID-d59903e5,9,9,5,2,2,1,1,0,0
POI-ID-ea6a0c55,1,1,1,0,0,1,1,0,0
POI-ID-7e61b255,1,1,1,0,0,1,1,0,0
POI-ID-fd332e68,1,1,1,0,0,1,1,0,0
POI-ID-5b13bf2b,1,1,1,0,0,1,1,0,0
POI-ID-7b632f89,1,1,1,0,0,1,1,0,0
POI-ID-a84cfe45,1,1,1,0,0,1,1,0,0
POI-ID-4ba20f26,1,1,1,0,0,1,1,0,0
POI-ID-e0e33a72,1,1,1,0,0,1,1,0,0
POI-ID-02064cc2,2,2,2,0,0,2,2,0,0
POI-ID-6e957d0d,1,1,1,0,0,1,1,0,0
POI-ID-d8ed2585,1,1,1,0,0,1,1,0,0
POI-ID-8c029e24,4,4,2,1,1,1,1,0,0
POI-ID-8de73118,1,1,1,0,0,1,1,0,0
POI-ID-cdefb14a,1,1,1,0,0,1,1,0,0
POI-ID-c9cf79fd,1,1,1,0,0,1,1,0,0
POI-ID-02b546a8,1,1,1,0,0,1,1,0,0
POI-ID-f74ebe0c,1,1,1,0,0,1,1,0,0
POI-ID-7e40ee43,2,2,1,1,0,1,1,0,0
POI-ID-fc56883f,1,1,1,0,0,1,1,0,0
POI-ID-195f72a9,2,2,2,0,0,2,2,0,0
POI-ID-6f193d7b,1,1,1,0,0,1,1,0,0
POI-ID-8372737b,1,1,1,0,0,1,1,0,0
POI-ID-d9a60023,1,1,1,0,0,1,1,0,0
POI-ID-622e0b7e,1,1,1,0,0,1,1,0,0
POI-ID-290968d8,2,2,2,0,0,2,2,0,0
POI-ID-458f73b6,1,1,1,0,0,1,1,0,0
POI-ID-7fa18aa3,1,1,1,0,0,1,1,0,0
POI-ID-070ae759,1,1,1,0,0,1,1,0,0
POI-ID-5e66202e,1,1,0,1,0,1,1,0,0
POI-ID-02599759,1,1,1,0,0,1,1,0,0
POI-ID-c73fbfae,1,1,1,0,0,1,1,0,0
POI-ID-15b596c1,1,1,1,0,0,1,1,0,0
POI-ID-c4141ab1,1,1,1,0,0,1,1,0,0
POI-ID-d436d4b3,1,1,1,0,0,1,1,0,0
POI-ID-24b914bd,1,1,1,0,0,1,1,0,0
POI-ID-3f9ee79f,1,1,1,0,0,1,1,0,0
POI-ID-519e585c,1,1,1,0,0,1,1,0,0
POI-ID-605bd6bd,9,9,5,2,2,1,1,0,0
POI-ID-15d98d11,2,2,1,1,0,1,1,0,0
POI-ID-b71bc546,2,2,1,1,0,1,1,0,0
POI-ID-d1267b82,20,20,12,6,2,1,1,0,0
POI-ID-a2bbb01c,1,1,1,0,0,1,1,0,0
POI-ID-44f22b69,3,3,1,1,1,1,1,0,0
POI-ID-1ec5dfd6,4,4,2,1,1,1,1,0,0
POI-ID-efa4f08a,1,1,1,0,0,1,1,0,0
POI-ID-b2329001,1,1,1,0,0,1,1,0,0
POI-ID-e3894876,2,2,1,1,0,1,1,0,0
POI-ID-809103e0,1,1,1,0,0,1,1,0,0
POI-ID-5af4dbd7,2,2,1,1,0,1,1,0,0
POI-ID-82d09980,2,2,1,1,0,1,1,0,0
POI-ID-ad2adfb7,2,2,1,1,0,1,1,0,0
POI-ID-ad7a46f3,1,1,1,0,0,1,1,0,0
POI-ID-94450371,4,4,2,1,1,1,1,0,0
POI-ID-623b0ce9,1,1,1,0,0,1,1,0,0
POI-ID-efbe3cd5,1,1,1,0,0,1,1,0,0
POI-ID-618a39a7,1,1,1,0,0,1,1,0,0
POI-ID-9bdaf54c,1,1,1,0,0,1,1,0,0
POI-ID-3146bfbc,1,1,1,0,0,1,1,0,0
POI-ID-9d3190f1,1,1,1,0,0,1,1,0,0
POI-ID-2f1aa32e,1,1,1,0,0,1,1,0,0
POI-ID-92455ec1,1,1,1,0,0,1,1,0,0
POI-ID-98d316b5,2,2,1,1,0,1,1,0,0
POI-ID-4272d10d,2,2,1,1,0,1,1,0,0
POI-ID-edc0b226,1,1,1,0,0,1,1,0,0
POI-ID-3612c2f9,1,1,1,0,0,1,1,0,0
POI-ID-ffbcd20d,2,2,1,1,0,1,1,0,0
POI-ID-f00d664a,2,2,1,1,0,1,1,0,0
POI-ID-516d5328,2,2,1,1,0,1,1,0,0
POI-ID-086a2e61,1,1,1,0,0,1,1,0,0
POI-ID-39f9eed3,1,1,1,0,0,1,1,0,0
POI-ID-42d88f36,1,1,1,0,0,1,1,0,0
POI-ID-119a32dd,3,3,1,1,1,1,1,0,0
POI-ID-9a169fc1,1,1,1,0,0,1,1,0,0
POI-ID-7124db88,1,1,1,0,0,1,1,0,0
POI-ID-34fd6156,1,1,1,0,0,1,1,0,0
POI-ID-fae34574,1,1,1,0,0,1,1,0,0
POI-ID-4dbf11e8,1,1,1,0,0,1,1,0,0
POI-ID-a1ef165a,1,1,1,0,0,1,1,0,0
POI-ID-e52566a6,1,1,1,0,0,1,1,0,0
POI-ID-e62f25a6,1,1,1,0,0,1,1,0,0
POI-ID-c95806a5,1,1,1,0,0,1,1,0,0
POI-ID-f59f2472,1,1,1,0,0,1,1,0,0
POI-ID-0af8187e,1,1,1,0,0,1,1,0,0
POI-ID-aa18ec57,1,1,1,0,0,1,1,0,0
POI-ID-9084239e,1,1,1,0,0,1,1,0,0
POI-ID-9ceadd3c,4,4,2,1,1,1,1,0,0
POI-ID-f80dbdac,1,1,1,0,0,1,1,0,0
POI-ID-15c33bc9,1,1,1,0,0,1,1,0,0
POI-ID-5e7c6cec,1,1,1,0,0,1,1,0,0
POI-ID-5c65b554,1,1,1,0,0,1,1,0,0
POI-ID-bd7e6ade,1,1,1,0,0,1,1,0,0
POI-ID-fe0bac33,1,1,1,0,0,1,1,0,0
POI-ID-f891f78c,1,1,1,0,0,1,1,0,0
POI-ID-921f2938,1,1,1,0,0,1,1,0,0
POI-ID-f1f90e2a,1,1,0,1,0,1,1,0,0
POI-ID-8b134c88,1,1,0,0,1,1,1,0,0
POI-ID-47b8952b,1,1,1,0,0,1,1,0,0
POI-ID-8f2473e8,1,1,1,0,0,1,1,0,0
POI-ID-8c3043db,1,1,1,0,0,1,1,0,0
POI-ID-256faead,1,1,1,0,0,1,1,0,0
POI-ID-6926c459,5,5,3,1,1,1,1,0,0
POI-ID-e6718d40,7,7,4,2,1,1,1,0,0
POI-ID-5c1abb0e,1,1,1,0,0,1,1,0,0
POI-ID-1b368696,1,1,1,0,0,1,1,0,0
POI-ID-31b2221a,1,1,1,0,0,1,1,0,0
POI-ID-463e92b8,1,1,1,0,0,1,1,0,0
POI-ID-9a149309,1,1,1,0,0,1,1,0,0
POI-ID-5f0c9ba5,6,6,3,1,2,1,1,0,0
POI-ID-306e173e,1,1,1,0,0,1,1,0,0
POI-ID-05dd3d38,2,2,1,1,0,1,1,0,0
POI-ID-6e2e71f1,1,1,1,0,0,1,1,0,0
POI-ID-356a104a,1,1,1,0,0,1,1,0,0
POI-ID-58658dd9,1,1,1,0,0,1,1,0,0
POI-ID-0baa38ca,1,1,1,0,0,1,1,0,0
POI-ID-c0504ca5,1,1,1,0,0,1,1,0,0
POI-ID-311a6611,1,1,0,0,1,1,1,0,0
POI-ID-2069b9fc,1,1,1,0,0,1,1,0,0
POI-ID-9ae51889,1,1,1,0,0,1,1,0,0
POI-ID-b58e1626,1,1,1,0,0,1,1,0,0
POI-ID-415d0dbd,2,2,1,1,0,1,1,0,0
POI-ID-62f5fcd0,2,2,1,1,0,1,1,0,0
POI-ID-b0973fed,1,1,1,0,0,1,1,0,0
POI-ID-c58d4df3,1,1,1,0,0,1,1,0,0
POI-ID-1f33bbdc,1,1,1,0,0,1,1,0,0
POI-ID-c3175182,1,1,1,0,0,1,1,0,0
POI-ID-908b2bf8,1,1,1,0,0,1,1,0,0
POI-ID-3cc325f7,1,1,1,0,0,1,1,0,0
