Cluster,num_nodes,num_edges,num_self_loops,degree_Arts & Entertainment,degree_College & University,degree_Food,degree_Great Outdoors,degree_Nightlife Spot,degree_Professional & Other Places,degree_Residence,degree_Shop & Service,degree_Travel & Transport,total_distance,mean_distance,max_distance,min_distance,mean_time_between_checkins
0,9.289655,49.813793,6.186207,5.365517,3.558621,7.855172,5.013793,3.551724,5.910345,1.862069,7.648276,6.462069,1179.49668,3.733956,19.960846,0.0,41.490553
1,8.070175,26.606516,3.551378,2.759398,1.070175,6.398496,1.899749,3.010025,2.298246,0.203008,4.804511,2.596491,352.446612,4.629249,18.675036,0.006142,132.524648
2,6.589333,19.013333,3.144,1.744,0.642667,4.290667,1.472,0.669333,2.434667,0.178667,4.202667,2.856,279.428888,5.389777,19.899986,0.017007,196.792484
3,8.421642,35.813433,4.992537,3.511194,4.850746,6.320896,2.940299,1.358209,4.350746,0.33209,5.94403,4.746269,433.350475,3.271172,17.370511,0.000203,69.679935
4,7.163136,24.40678,3.90678,2.133475,0.963983,4.601695,2.0,0.555085,3.372881,0.444915,5.252119,4.32839,296.339285,3.154178,16.116002,0.001426,83.207387
5,8.395349,34.904393,4.780362,3.935401,0.837209,6.444444,3.5323,3.046512,4.160207,0.552972,6.22739,4.666667,613.145645,4.639578,20.405733,0.003687,82.327705
6,5.532423,14.784983,2.662116,1.156997,0.638225,3.283276,0.883959,0.744027,1.668942,0.081911,3.341297,2.532423,149.532319,2.616353,13.289375,0.009387,107.843433
