Cluster,num_nodes,num_edges,num_self_loops,degree_Arts & Entertainment,degree_College & University,degree_Food,degree_Great Outdoors,degree_Nightlife Spot,degree_Professional & Other Places,degree_Residence,degree_Shop & Service,degree_Travel & Transport,total_distance,mean_distance,max_distance,min_distance
0,9.391304347826086,51.88405797101449,6.217391304347826,5.6231884057971016,2.8840579710144927,7.768115942028986,5.0434782608695645,3.8405797101449273,5.811594202898551,3.4782608695652173,7.913043478260869,6.985507246376811,1309.5647079454172,3.451586689746301,19.397559918574967,0.0
1,8.211382113821138,31.304878048780488,4.394308943089431,2.7845528455284554,4.853658536585367,6.09349593495935,2.2601626016260163,1.33739837398374,3.5528455284552845,0.28455284552845533,5.459349593495935,3.5081300813008127,353.5153530112639,3.611323622006974,17.403050017213943,0.0008246571137747434
2,5.634567901234568,15.004938271604939,2.696296296296297,1.1481481481481484,0.6000000000000003,3.340740740740741,0.8814814814814811,0.7209876543209883,1.6814814814814818,0.12839506172839493,3.4839506172839507,2.6049382716049374,164.19413586171302,3.0941708596431607,14.709566591225489,0.013390493575120226
3,7.288209606986899,25.054585152838428,4.039301310043668,2.2751091703056767,0.7598253275109172,4.7117903930131,2.1375545851528384,0.7379912663755465,3.482532751091703,0.4606986899563319,5.246724890829694,4.436681222707423,283.711975931988,3.040393165132447,15.618173677348043,0.0015395516488048207
4,7.2,22.016326530612243,3.181632653061225,2.2224489795918365,0.6265306122448984,5.273469387755102,1.7918367346938773,1.1734693877551021,2.5306122448979593,0.18571428571428555,4.461224489795919,2.781632653061224,356.93408097422525,5.480492472144448,20.24731548260702,0.010989061729383662
5,8.393564356435643,32.36386138613861,4.445544554455445,3.5792079207920793,0.7054455445544556,6.457920792079208,2.8514851485148514,3.80940594059406,3.2871287128712874,0.4455445544554456,5.811881188118812,3.8143564356435644,479.71789793847813,4.565583391036318,19.867941836776048,0.004938578231978832
6,8.760299625468164,42.063670411985015,5.610486891385769,4.599250936329588,3.273408239700375,7.056179775280899,4.213483146067416,2.4419475655430714,5.337078651685394,0.4157303370786517,6.838951310861423,5.883895131086142,790.5703053866575,3.8767546202031427,19.412357372171098,8.37660497540792e-05
