Cluster,num_nodes,num_edges,num_self_loops,degree_Arts & Entertainment,degree_College & University,degree_Food,degree_Great Outdoors,degree_Nightlife Spot,degree_Professional & Other Places,degree_Residence,degree_Shop & Service,degree_Travel & Transport,total_distance,mean_distance,max_distance,min_distance
0,9.391304,51.884058,6.217391,5.623188,2.884058,7.768116,5.043478,3.84058,5.811594,3.478261,7.913043,6.985507,1309.564708,3.451587,19.39756,0.0
1,8.211382,31.304878,4.394309,2.784553,4.853659,6.093496,2.260163,1.337398,3.552846,0.284553,5.45935,3.50813,353.515353,3.611324,17.40305,0.000825
2,5.640394,15.024631,2.697044,1.155172,0.598522,3.344828,0.884236,0.731527,1.682266,0.128079,3.480296,2.603448,164.078747,3.09233,14.693,0.013358
3,7.286652,25.059081,4.041575,2.271335,0.761488,4.71116,2.137856,0.728665,3.485777,0.461707,5.253829,4.442013,284.076015,3.041911,15.634879,0.001543
4,7.2,22.016327,3.181633,2.222449,0.626531,5.273469,1.791837,1.173469,2.530612,0.185714,4.461224,2.781633,356.934081,5.480492,20.247315,0.010989
5,8.393564,32.363861,4.445545,3.579208,0.705446,6.457921,2.851485,3.809406,3.287129,0.445545,5.811881,3.814356,479.717898,4.565583,19.867942,0.004939
6,8.7603,42.06367,5.610487,4.599251,3.273408,7.05618,4.213483,2.441948,5.337079,0.41573,6.838951,5.883895,790.570305,3.876755,19.412357,8.4e-05
