{
    "cluster_id": 1,
    "size": 50,
    "method": "distribution_fitting",
    "successful_fits": 2,
    "dimensions_analyzed": 6,
    "dimensions": [
        {
            "dimension": 7,
            "distribution": {
                "name": "beta",
                "parameters": {
                    "0": 49559543.08374275,
                    "1": 1.3669523935616659,
                    "2": -16415488.290007617,
                    "3": 16415488.647571074
                },
                "rss": 3.990586843223316,
                "scaled_rss": 15.641020240146696,
                "quality": "fair"
            },
            "summary_stats": {
                "mean": -0.09215509566336445,
                "std": 0.5051098575948522,
                "variance": 0.27049086833811503,
                "variance_percentile": 90.0
            }
        },
        {
            "dimension": 8,
            "distribution": {
                "name": "gamma",
                "parameters": {
                    "0": 0.35083350193040397,
                    "1": -0.0665494659260221,
                    "2": 0.3983018599131978
                },
                "rss": 7.885572982358691,
                "scaled_rss": 96.09057145745459,
                "quality": "poor"
            },
            "summary_stats": {
                "mean": 0.07634316145892699,
                "std": 0.2864680815869235,
                "variance": 0.10178068777386771,
                "variance_percentile": 60.0
            }
        }
    ],
    "geometric_properties": {
        "centroid": [
            -0.08385845633654852,
            -0.10262702320041946,
            -0.02315236525470618,
            0.8726854205592538,
            0.000950948640157054,
            0.006863815710726132,
            0.007227394345759684,
            -0.09540664849248649,
            0.0838309783245036,
            -0.12025396052334841
        ],
        "covariance_matrix": [
            [
                0.0498821531008144,
                -0.04542854978460426,
                -0.004031745782241502,
                -0.08987402474958285,
                -0.018587793368083666,
                0.02739341671240478,
                0.02060765000633369,
                -0.0667280935899685,
                0.05435107384178309,
                -0.043426675062308226
            ],
            [
                -0.04542854978460426,
                0.10647911526020383,
                0.0070728579524060135,
                0.081337851732806,
                0.004716701588749672,
                -0.03987703296824168,
                -0.022641028403311086,
                0.12759632242822483,
                -0.040063500586710044,
                0.07130555799466921
            ],
            [
                -0.004031745782241502,
                0.0070728579524060135,
                0.000514166092453921,
                0.0076689868699079625,
                0.0007766143836464949,
                -0.0026848479960871426,
                -0.001671749576648663,
                0.008586523237179755,
                -0.003985629514988379,
                0.004713953741854126
            ],
            [
                -0.08987402474958285,
                0.081337851732806,
                0.0076689868699079625,
                40.00544060027058,
                0.003440116743102017,
                -0.05463605417840722,
                -0.058722819001492725,
                0.17591395322324171,
                -0.13650929509607038,
                0.107633688307368
            ],
            [
                -0.018587793368083666,
                0.004716701588749672,
                0.0007766143836464949,
                0.003440116743102017,
                0.013742223275938692,
                -0.01660859262915946,
                -0.011327828788750043,
                0.03282430399749353,
                -0.030502841547268577,
                0.030909305188048426
            ],
            [
                0.02739341671240478,
                -0.03987703296824168,
                -0.0026848479960871426,
                -0.05463605417840722,
                -0.01660859262915946,
                0.06625154722015937,
                0.03857979591316044,
                -0.10663325778749513,
                0.04111101186471994,
                -0.09704207182391136
            ],
            [
                0.02060765000633369,
                -0.022641028403311086,
                -0.001671749576648663,
                -0.058722819001492725,
                -0.011327828788750043,
                0.03857979591316044,
                0.03965672136182884,
                -0.0673622303821651,
                0.02987283675112182,
                -0.06837505088320069
            ],
            [
                -0.0667280935899685,
                0.12759632242822483,
                0.008586523237179755,
                0.17591395322324171,
                0.03282430399749353,
                -0.10663325778749513,
                -0.0673622303821651,
                0.27601109014093367,
                -0.11270530380828897,
                0.20819401626944622
            ],
            [
                0.05435107384178309,
                -0.040063500586710044,
                -0.003985629514988379,
                -0.13650929509607038,
                -0.030502841547268577,
                0.04111101186471994,
                0.02987283675112182,
                -0.11270530380828897,
                0.10385784466721194,
                -0.09850419206594425
            ],
            [
                -0.043426675062308226,
                0.07130555799466921,
                0.004713953741854126,
                0.107633688307368,
                0.030909305188048426,
                -0.09704207182391136,
                -0.06837505088320069,
                0.20819401626944622,
                -0.09850419206594425,
                0.2168979634285401
            ]
        ]
    }
}