place_id,poiId,category,subcategory
4b05880bf964a52000ae22e3,POI-1,Wine Bar,
4b05880bf964a52004ae22e3,POI-2,Bar,
4b05880bf964a520cfad22e3,POI-4,Resort,
4b05880bf964a520e5ad22e3,POI-4,Resort,
4b05880bf964a520e6ad22e3,POI-4,Resort,
4b05880bf964a520efad22e3,POI-4,Resort,
4b05880bf964a520f1ad22e3,POI-5,Gaming Cafe,
4b05880bf964a520f2ad22e3,POI-6,Tea Room,
4b05880bf964a520f3ad22e3,POI-7,American Restaurant,
4b05880bf964a520f4ad22e3,POI-8,Gastropub,
4b05880bf964a520faad22e3,POI-2,Bar,
4b05880bf964a520fbad22e3,POI-9,Rock Club,
4b05880bf964a520fdad22e3,POI-10,Coffee Shop,
4b05880cf964a5200dae22e3,POI-2,Bar,
4b05880cf964a5200eae22e3,POI-11,Nightclub,
4b05880cf964a5201cae22e3,POI-10,Coffee Shop,
4b05880cf964a5201fae22e3,POI-13,Diner,
4b05880cf964a52021ae22e3,POI-14,Pub,
4b05880cf964a52027ae22e3,POI-11,Nightclub,
4b05880cf964a5202aae22e3,POI-14,Pub,
4b05880cf964a5202eae22e3,POI-15,Cocktail Bar,
4b05880cf964a52030ae22e3,POI-11,Nightclub,
4b05880cf964a52033ae22e3,POI-2,Bar,
4b05880cf964a52035ae22e3,POI-15,Cocktail Bar,
4b05880cf964a52039ae22e3,POI-11,Nightclub,
4b05880cf964a52046ae22e3,POI-9,Rock Club,
4b05880cf964a52047ae22e3,POI-16,Australian Restaurant,
4b05880cf964a52048ae22e3,POI-17,Chinese Restaurant,
4b05880df964a5204aae22e3,POI-18,Indian Restaurant,
4b05880df964a5204dae22e3,POI-19,French Restaurant,
4b05880df964a52051ae22e3,POI-6,Tea Room,
4b05880df964a52054ae22e3,POI-20,Spanish Restaurant,
4b05880df964a52057ae22e3,POI-2,Bar,
4b05880df964a52058ae22e3,POI-15,Cocktail Bar,
4b05880df964a52064ae22e3,POI-11,Nightclub,
4b05880df964a52065ae22e3,POI-11,Nightclub,
4b05880df964a5206aae22e3,POI-11,Nightclub,
4b05880df964a5206bae22e3,POI-11,Nightclub,
4b05880df964a5206fae22e3,POI-11,Nightclub,
4b05880df964a52075ae22e3,POI-15,Cocktail Bar,
4b05880df964a5207cae22e3,POI-2,Bar,
4b05880df964a5207dae22e3,POI-2,Bar,
4b05880df964a52081ae22e3,POI-2,Bar,
4b05880df964a52084ae22e3,POI-21,Lounge,
4b05880df964a52086ae22e3,POI-2,Bar,
4b05880df964a52087ae22e3,POI-1,Wine Bar,
4b05880df964a52088ae22e3,POI-9,Rock Club,
4b05880df964a5208aae22e3,POI-19,French Restaurant,
4b05880ef964a52093ae22e3,POI-22,Dessert Shop,
4b05880ef964a5209fae22e3,POI-23,Jazz Club,
4b05880ef964a520b3ae22e3,POI-24,Malaysian Restaurant,
4b05880ef964a520b5ae22e3,POI-25,Zoo,
4b05880ef964a520bbae22e3,POI-26,Park,
4b05880ef964a520c0ae22e3,POI-27,Art Gallery,
4b05880ef964a520d6ae22e3,POI-28,Plaza,
4b05880ef964a520dcae22e3,POI-29,Aquarium,
4b05880ff964a52026af22e3,POI-26,Park,
4b058810f964a52036af22e3,POI-26,Park,
4b058810f964a52040af22e3,POI-30,Water Park,
4b058810f964a52074af22e3,POI-25,Zoo,
4b058810f964a5207daf22e3,POI-27,Art Gallery,
4b058811f964a52086af22e3,POI-27,Art Gallery,
4b058811f964a52093af22e3,POI-27,Art Gallery,
4b058811f964a5209caf22e3,POI-7,American Restaurant,
4b058811f964a5209daf22e3,POI-31,Mexican Restaurant,
4b058811f964a5209faf22e3,POI-7,American Restaurant,
4b058811f964a520a1af22e3,POI-19,French Restaurant,
4b058811f964a520a3af22e3,POI-32,Pizza Place,
4b058811f964a520a4af22e3,POI-18,Indian Restaurant,
4b058811f964a520a5af22e3,POI-33,Italian Restaurant,
4b058811f964a520a6af22e3,POI-33,Italian Restaurant,
4b058811f964a520a9af22e3,POI-34,Mediterranean Restaurant,
4b058812f964a520b0af22e3,POI-17,Chinese Restaurant,
4b058812f964a520b2af22e3,POI-17,Chinese Restaurant,
4b058812f964a520b3af22e3,POI-17,Chinese Restaurant,
4b058812f964a520b5af22e3,POI-17,Chinese Restaurant,
4b058812f964a520b8af22e3,POI-17,Chinese Restaurant,
4b058812f964a520bcaf22e3,POI-35,Dim Sum Restaurant,
4b058812f964a520beaf22e3,POI-17,Chinese Restaurant,
4b058812f964a520c0af22e3,POI-17,Chinese Restaurant,
4b058812f964a520c3af22e3,POI-18,Indian Restaurant,
4b058812f964a520c9af22e3,POI-36,Asian Restaurant,
4b058812f964a520caaf22e3,POI-37,Thai Restaurant,
4b058812f964a520d2af22e3,POI-38,Middle Eastern Restaurant,
4b058812f964a520d5af22e3,POI-37,Thai Restaurant,
4b058812f964a520d7af22e3,POI-39,Restaurant,
4b058812f964a520d8af22e3,POI-40,Seafood Restaurant,
4b058812f964a520dbaf22e3,POI-39,Restaurant,
4b058812f964a520deaf22e3,POI-18,Indian Restaurant,
4b058812f964a520e5af22e3,POI-41,Ramen /  Noodle House,
4b058812f964a520e8af22e3,POI-42,Food Court,
4b058812f964a520e9af22e3,POI-36,Asian Restaurant,
4b058812f964a520eeaf22e3,POI-33,Italian Restaurant,
4b058812f964a520efaf22e3,POI-40,Seafood Restaurant,
4b058812f964a520f0af22e3,POI-19,French Restaurant,
4b058812f964a520f1af22e3,POI-31,Mexican Restaurant,
4b058812f964a520f2af22e3,POI-33,Italian Restaurant,
4b058812f964a520f4af22e3,POI-17,Chinese Restaurant,
4b058812f964a520f8af22e3,POI-39,Restaurant,
4b058812f964a520fbaf22e3,POI-7,American Restaurant,
4b058812f964a520fcaf22e3,POI-43,Vegetarian / Vegan Restaurant,
4b058812f964a520fdaf22e3,POI-17,Chinese Restaurant,
4b058813f964a52002b022e3,POI-33,Italian Restaurant,
4b058813f964a52004b022e3,POI-16,Australian Restaurant,
4b058813f964a52006b022e3,POI-33,Italian Restaurant,
4b058813f964a5200cb022e3,POI-19,French Restaurant,
4b058813f964a5200db022e3,POI-36,Asian Restaurant,
4b058813f964a52016b022e3,POI-33,Italian Restaurant,
4b058813f964a5201ab022e3,POI-19,French Restaurant,
4b058813f964a5201db022e3,POI-17,Chinese Restaurant,
4b058813f964a5201eb022e3,POI-44,Burger Joint,
4b058813f964a52024b022e3,POI-40,Seafood Restaurant,
4b058813f964a52025b022e3,POI-45,Indonesian Restaurant,
4b058813f964a52029b022e3,POI-33,Italian Restaurant,
4b058813f964a5202ab022e3,POI-17,Chinese Restaurant,
4b058813f964a5202cb022e3,POI-39,Restaurant,
4b058813f964a5202db022e3,POI-17,Chinese Restaurant,
4b058813f964a52031b022e3,POI-39,Restaurant,
4b058813f964a52034b022e3,POI-46,Japanese Restaurant,
4b058813f964a52038b022e3,POI-17,Chinese Restaurant,
4b058813f964a5203ab022e3,POI-19,French Restaurant,
4b058813f964a5203eb022e3,POI-33,Italian Restaurant,
4b058813f964a52043b022e3,POI-40,Seafood Restaurant,
4b058813f964a52046b022e3,POI-39,Restaurant,
4b058813f964a5204ab022e3,POI-46,Japanese Restaurant,
4b058813f964a5204cb022e3,POI-18,Indian Restaurant,
4b058813f964a5204db022e3,POI-37,Thai Restaurant,
4b058813f964a52050b022e3,POI-36,Asian Restaurant,
4b058813f964a52051b022e3,POI-47,South American Restaurant,
4b058813f964a52052b022e3,POI-18,Indian Restaurant,
4b058814f964a52055b022e3,POI-18,Indian Restaurant,
4b058814f964a52056b022e3,POI-36,Asian Restaurant,
4b058814f964a52059b022e3,POI-36,Asian Restaurant,
4b058814f964a5205cb022e3,POI-18,Indian Restaurant,
4b058814f964a5205eb022e3,POI-39,Restaurant,
4b058814f964a5205fb022e3,POI-36,Asian Restaurant,
4b058814f964a52064b022e3,POI-18,Indian Restaurant,
4b058814f964a52069b022e3,POI-38,Middle Eastern Restaurant,
4b058814f964a5206bb022e3,POI-42,Food Court,
4b058814f964a5206fb022e3,POI-27,Art Gallery,
4b058814f964a52070b022e3,POI-27,Art Gallery,
4b058814f964a52071b022e3,POI-48,Theater,
4b058814f964a52073b022e3,POI-48,Theater,
4b058814f964a52078b022e3,POI-48,Theater,
4b058814f964a5207ab022e3,POI-48,Theater,
4b058814f964a5207eb022e3,POI-49,Multiplex,
4b058814f964a5207fb022e3,POI-49,Multiplex,
4b058814f964a52080b022e3,POI-49,Multiplex,
4b058814f964a52081b022e3,POI-49,Multiplex,
4b058814f964a52087b022e3,POI-49,Multiplex,
4b058814f964a52092b022e3,POI-50,Movie Theater,
4b058814f964a52095b022e3,POI-51,Indie Movie Theater,
4b058814f964a52097b022e3,POI-48,Theater,
4b058814f964a52099b022e3,POI-52,Arts & Crafts Store,
4b058815f964a520a8b022e3,POI-53,Department Store,
4b058815f964a520b3b022e3,POI-53,Department Store,
4b058815f964a520b6b022e3,POI-54,Clothing Store,
4b058815f964a520bab022e3,POI-53,Department Store,
4b058815f964a520bbb022e3,POI-55,Sporting Goods Shop,
4b058816f964a52016b122e3,POI-56,Cosmetics Shop,
4b058816f964a5202fb122e3,POI-55,Sporting Goods Shop,
4b058816f964a520edb022e3,POI-54,Clothing Store,
4b058816f964a520f1b022e3,POI-57,Miscellaneous Shop,
4b058816f964a520f9b022e3,POI-58,Accessories Store,
4b058817f964a52047b122e3,POI-54,Clothing Store,
4b058817f964a5204eb122e3,POI-59,Men'S Store,
4b058817f964a52053b122e3,POI-60,Automotive Shop,
4b058817f964a5205bb122e3,POI-58,Accessories Store,
4b058817f964a52061b122e3,POI-61,Shoe Store,
4b058817f964a52062b122e3,POI-53,Department Store,
4b058817f964a52064b122e3,POI-62,Jewelry Store,
4b058817f964a52068b122e3,POI-63,Bakery,
4b058817f964a5206fb122e3,POI-64,New American Restaurant,
4b058817f964a5207ab122e3,POI-58,Accessories Store,
4b058818f964a52083b122e3,POI-65,Women'S Store,
4b058818f964a52084b122e3,POI-65,Women'S Store,
4b058818f964a52086b122e3,POI-53,Department Store,
4b058818f964a52091b122e3,POI-66,Grocery Store,
4b058818f964a5209fb122e3,POI-57,Miscellaneous Shop,
4b058818f964a520a2b122e3,POI-42,Food Court,
4b058818f964a520a5b122e3,POI-58,Accessories Store,
4b058818f964a520b3b122e3,POI-58,Accessories Store,
4b058818f964a520c7b122e3,POI-67,Gym,
4b058818f964a520c8b122e3,POI-67,Gym,
4b058818f964a520c9b122e3,POI-67,Gym,
4b058818f964a520ceb122e3,POI-68,Gym / Fitness Center,
4b058819f964a520f7b122e3,POI-68,Gym / Fitness Center,
4b05881af964a52015b222e3,POI-69,Spa / Massage,
4b05881af964a5201db222e3,POI-69,Spa / Massage,
4b05881af964a52028b222e3,POI-69,Spa / Massage,
4b0605b1f964a5209fe722e3,POI-67,Gym,
4b062a5cf964a52060e922e3,POI-10,Coffee Shop,
4b062e06f964a52080e922e3,POI-70,Korean Restaurant,
4b06486ef964a52051ea22e3,POI-71,Climbing Gym,
4b068235f964a52080ec22e3,POI-41,Ramen /  Noodle House,
4b0683f6f964a52098ec22e3,POI-44,Burger Joint,
4b06afa3f964a520a1ee22e3,POI-42,Food Court,
4b0725b5f964a52031f822e3,POI-10,Coffee Shop,
4b078c59f964a520a3fe22e3,POI-67,Gym,
4b07afd3f964a52075ff22e3,POI-26,Park,
4b07dfa8f964a520a70023e3,POI-46,Japanese Restaurant,
4b07e07ff964a520ae0023e3,POI-2,Bar,
4b07e233f964a520bc0023e3,POI-72,Vietnamese Restaurant,
4b07e63cf964a520e40023e3,POI-18,Indian Restaurant,
4b07e7b0f964a520fb0023e3,POI-19,French Restaurant,
4b07e91ff964a520090123e3,POI-38,Middle Eastern Restaurant,
4b07f10ef964a520610123e3,POI-73,Electronics Store,
4b087bc4f964a520cd0c23e3,POI-66,Grocery Store,
4b089ddaf964a5208a0f23e3,POI-74,Fast Food Restaurant,
4b08dec9f964a520041323e3,POI-20,Spanish Restaurant,
4b08e516f964a520311323e3,POI-72,Vietnamese Restaurant,
4b08ff58f964a520c21323e3,POI-57,Miscellaneous Shop,
4b091a2ff964a520401423e3,POI-2,Bar,
4b095021f964a520931523e3,POI-42,Food Court,
4b096aa9f964a520fe1623e3,POI-42,Food Court,
4b09e0a5f964a520111f23e3,POI-35,Dim Sum Restaurant,
4b09ee1af964a520ed1f23e3,POI-42,Food Court,
4b0a2e25f964a5203d2223e3,POI-10,Coffee Shop,
4b0a6729f964a520c72323e3,POI-67,Gym,
4b0a71d7f964a5201a2423e3,POI-49,Multiplex,
4b0a7b55f964a520552423e3,POI-68,Gym / Fitness Center,
4b0b44bff964a520b42f23e3,POI-67,Gym,
4b0b4718f964a520d52f23e3,POI-42,Food Court,
4b0b4960f964a520f02f23e3,POI-10,Coffee Shop,
4b0b5f56f964a520ea3023e3,POI-10,Coffee Shop,
4b0b688cf964a5202c3123e3,POI-75,Bowling Alley,
4b0b76e3f964a520b63123e3,POI-76,Deli / Bodega,
4b0b8dcbf964a5203e3223e3,POI-57,Miscellaneous Shop,
4b0bc793f964a520963323e3,POI-18,Indian Restaurant,
4b0bc9bff964a520a53323e3,POI-77,Sushi Restaurant,
4b0bcea6f964a520c93323e3,POI-42,Food Court,
4b0bcf2af964a520cd3323e3,POI-17,Chinese Restaurant,
4b0bd1adf964a520e53323e3,POI-66,Grocery Store,
4b0c479bf964a5205f3a23e3,POI-13,Diner,
4b0c8f35f964a520403f23e3,POI-57,Miscellaneous Shop,
4b0c929ff964a5207f3f23e3,POI-57,Miscellaneous Shop,
4b0cb8abf964a520524123e3,POI-72,Vietnamese Restaurant,
4b0cc333f964a520b04123e3,POI-10,Coffee Shop,
4b0cd2b0f964a520174223e3,POI-74,Fast Food Restaurant,
4b0cda2cf964a520314223e3,POI-42,Food Court,
4b0cde52f964a5204f4223e3,POI-37,Thai Restaurant,
4b0ce68ef964a5207d4223e3,POI-19,French Restaurant,
4b0cf624f964a520db4223e3,POI-67,Gym,
4b0d067af964a5204c4323e3,POI-17,Chinese Restaurant,
4b0d0f76f964a520834323e3,POI-38,Middle Eastern Restaurant,
4b0d1923f964a520cf4323e3,POI-42,Food Court,
4b0d4e8df964a520004623e3,POI-38,Middle Eastern Restaurant,
4b0d4edff964a520074623e3,POI-13,Diner,
4b0d4f60f964a520124623e3,POI-24,Malaysian Restaurant,
4b0d4fc2f964a5201a4623e3,POI-39,Restaurant,
4b0d51abf964a5203b4623e3,POI-78,Moroccan Restaurant,
4b0d51d0f964a5203c4623e3,POI-24,Malaysian Restaurant,
4b0d53daf964a520664623e3,POI-11,Nightclub,
4b0d542cf964a5206c4623e3,POI-79,Food,
4b0d59c8f964a520c94623e3,POI-11,Nightclub,
4b0d7205f964a5207c4823e3,POI-10,Coffee Shop,
4b0dc77bf964a520fd4f23e3,POI-74,Fast Food Restaurant,
4b0dfb39f964a5207a5323e3,POI-36,Asian Restaurant,
4b0e09ccf964a5203e5423e3,POI-42,Food Court,
4b0e51a0f964a520c35623e3,POI-1,Wine Bar,
4b0e9296f964a520985823e3,POI-10,Coffee Shop,
4b0eb4f5f964a520e15923e3,POI-9,Rock Club,
4b0eb548f964a520e45923e3,POI-37,Thai Restaurant,
4b0eb596f964a520ea5923e3,POI-17,Chinese Restaurant,
4b0f4e2cf964a5205c6123e3,POI-80,Ice Cream Shop,
4b0f960df964a5206b6323e3,POI-66,Grocery Store,
4b0fa831f964a520e36323e3,POI-7,American Restaurant,
4b0fb805f964a5204f6423e3,POI-36,Asian Restaurant,
4b0fb901f964a520586423e3,POI-36,Asian Restaurant,
4b0fded6f964a520b36523e3,POI-14,Pub,
4b107e74f964a520af7123e3,POI-42,Food Court,
4b10ca16f964a520c27523e3,POI-10,Coffee Shop,
4b10eae4f964a520ba7623e3,POI-2,Bar,
4b10f592f964a520007723e3,POI-78,Moroccan Restaurant,
4b10f89cf964a520187723e3,POI-17,Chinese Restaurant,
4b110f06f964a520cb7723e3,POI-2,Bar,
4b1112d0f964a520ed7723e3,POI-33,Italian Restaurant,
4b112541f964a520647823e3,POI-40,Seafood Restaurant,
4b11258cf964a520667823e3,POI-66,Grocery Store,
4b11cf3af964a520228523e3,POI-10,Coffee Shop,
4b11d223f964a520618523e3,POI-81,Steakhouse,
4b11db40f964a520108623e3,POI-36,Asian Restaurant,
4b12192df964a5200a8923e3,POI-17,Chinese Restaurant,
4b121b7bf964a520148923e3,POI-57,Miscellaneous Shop,
4b121cf3f964a5201d8923e3,POI-49,Multiplex,
4b125b84f964a5207c8923e3,POI-17,Chinese Restaurant,
4b126b57f964a520bf8923e3,POI-37,Thai Restaurant,
4b12701ff964a520e28923e3,POI-40,Seafood Restaurant,
4b127a80f964a520238a23e3,POI-82,Swiss Restaurant,
4b12a2eff964a520a88b23e3,POI-42,Food Court,
4b13387af964a520a29523e3,POI-17,Chinese Restaurant,
4b13501df964a520529623e3,POI-10,Coffee Shop,
4b135408f964a520669623e3,POI-44,Burger Joint,
4b136376f964a520c39623e3,POI-36,Asian Restaurant,
4b1374d9f964a520229723e3,POI-14,Pub,
4b137d66f964a5205a9723e3,POI-42,Food Court,
4b138182f964a520719723e3,POI-80,Ice Cream Shop,
4b138667f964a5208b9723e3,POI-17,Chinese Restaurant,
4b13c8abf964a520219923e3,POI-17,Chinese Restaurant,
4b13cfaef964a520649923e3,POI-14,Pub,
4b13e1a8f964a5200f9a23e3,POI-35,Dim Sum Restaurant,
4b13fe99f964a520659b23e3,POI-42,Food Court,
4b149085f964a520a1a423e3,POI-13,Diner,
4b14ea7ff964a52058a723e3,POI-39,Restaurant,
4b14ed7cf964a52067a723e3,POI-67,Gym,
4b150380f964a520d5a723e3,POI-17,Chinese Restaurant,
4b15085cf964a520f3a723e3,POI-40,Seafood Restaurant,
4b1511b5f964a52028a823e3,POI-2,Bar,
4b1527a8f964a520c8a823e3,POI-2,Bar,
4b152df8f964a52007a923e3,POI-36,Asian Restaurant,
4b153116f964a5201fa923e3,POI-81,Steakhouse,
4b1583a4f964a520f7ad23e3,POI-41,Ramen /  Noodle House,
4b15e0b0f964a52041b523e3,POI-74,Fast Food Restaurant,
4b15e579f964a52066b523e3,POI-6,Tea Room,
4b15eef7f964a520d0b523e3,POI-37,Thai Restaurant,
4b15f711f964a5201ab623e3,POI-70,Korean Restaurant,
4b15fe59f964a5205cb623e3,POI-10,Coffee Shop,
4b163096f964a52071b723e3,POI-10,Coffee Shop,
4b163a0ff964a520b1b723e3,POI-83,Fried Chicken Joint,
4b16493af964a52000b823e3,POI-40,Seafood Restaurant,
4b164beef964a52013b823e3,POI-17,Chinese Restaurant,
4b165eb6f964a5207eb823e3,POI-84,Boutique,
4b166304f964a5209ab823e3,POI-45,Indonesian Restaurant,
4b1668c1f964a520c2b823e3,POI-37,Thai Restaurant,
4b16fdb2f964a52094c023e3,POI-42,Food Court,
4b170f95f964a520a6c123e3,POI-10,Coffee Shop,
4b171e81f964a5209ec223e3,POI-85,Furniture / Home Store,
4b174528f964a52068c423e3,POI-44,Burger Joint,
4b176970f964a52055c523e3,POI-83,Fried Chicken Joint,
4b178b50f964a52047c623e3,POI-17,Chinese Restaurant,
4b179695f964a5208bc623e3,POI-17,Chinese Restaurant,
4b17a944f964a520e0c623e3,POI-41,Ramen /  Noodle House,
4b17a978f964a520e1c623e3,POI-26,Park,
4b17b641f964a5205ec723e3,POI-86,Market,
4b17c277f964a520dcc723e3,POI-46,Japanese Restaurant,
4b17cff9f964a5206dc823e3,POI-24,Malaysian Restaurant,
4b17d658f964a520b6c823e3,POI-22,Dessert Shop,
4b1814a9f964a520a7cc23e3,POI-14,Pub,
4b187748f964a52015d323e3,POI-67,Gym,
4b189579f964a52055d423e3,POI-73,Electronics Store,
4b18cff2f964a520f3d523e3,POI-73,Electronics Store,
4b18f2e6f964a520acd623e3,POI-49,Multiplex,
4b18f680f964a520c2d623e3,POI-17,Chinese Restaurant,
4b190555f964a5203bd723e3,POI-2,Bar,
4b19cf66f964a52095e423e3,POI-26,Park,
4b19f7f9f964a520a0e623e3,POI-53,Department Store,
4b19fc3bf964a520cbe623e3,POI-18,Indian Restaurant,
4b1a2166f964a520b3e723e3,POI-10,Coffee Shop,
4b1a4b90f964a520b6e823e3,POI-17,Chinese Restaurant,
4b1a9097f964a5206cec23e3,POI-14,Pub,
4b1b2484f964a520cbf823e3,POI-17,Chinese Restaurant,
4b1b68cbf964a5204afb23e3,POI-53,Department Store,
4b1b93b6f964a52006fc23e3,POI-44,Burger Joint,
4b1b9e03f964a5203cfc23e3,POI-42,Food Court,
4b1ba314f964a52058fc23e3,POI-14,Pub,
4b1ba4cbf964a52064fc23e3,POI-42,Food Court,
4b1bb46bf964a520bffc23e3,POI-7,American Restaurant,
4b1bc6bef964a52052fd23e3,POI-67,Gym,
4b1be531f964a520acfe23e3,POI-42,Food Court,
4b1c7842f964a520af0724e3,POI-36,Asian Restaurant,
4b1c7c0af964a520d50724e3,POI-17,Chinese Restaurant,
4b1c8338f964a5200d0824e3,POI-2,Bar,
4b1c84f5f964a5201b0824e3,POI-42,Food Court,
4b1c8f65f964a5206c0824e3,POI-41,Ramen /  Noodle House,
4b1cc689f964a520a40924e3,POI-87,Car Dealership,
4b1cecc1f964a520800a24e3,POI-74,Fast Food Restaurant,
4b1cecd2f964a520810a24e3,POI-17,Chinese Restaurant,
4b1d013cf964a520190b24e3,POI-2,Bar,
4b1da4fff964a520751324e3,POI-21,Lounge,
4b1dbca2f964a5209a1424e3,POI-77,Sushi Restaurant,
4b1dbccaf964a5209c1424e3,POI-83,Fried Chicken Joint,
4b1dbce4f964a5209f1424e3,POI-74,Fast Food Restaurant,
4b1dbd35f964a520a71424e3,POI-74,Fast Food Restaurant,
4b1dbd6df964a520ac1424e3,POI-66,Grocery Store,
4b1dbda8f964a520af1424e3,POI-33,Italian Restaurant,
4b1dbdb7f964a520b01424e3,POI-46,Japanese Restaurant,
4b1dbdcaf964a520b21424e3,POI-32,Pizza Place,
4b1dbdd6f964a520b31424e3,POI-10,Coffee Shop,
4b1dbe09f964a520b91424e3,POI-17,Chinese Restaurant,
4b1dbe22f964a520bb1424e3,POI-88,Sandwich Place,
4b1dbe47f964a520be1424e3,POI-22,Dessert Shop,
4b1dbecdf964a520c01424e3,POI-89,Arcade,
4b1dc85cf964a520401524e3,POI-73,Electronics Store,
4b1dc87ef964a520421524e3,POI-73,Electronics Store,
4b1de584f964a5202c1624e3,POI-68,Gym / Fitness Center,
4b1df93ff964a520921624e3,POI-54,Clothing Store,
4b1e00b3f964a520c31624e3,POI-84,Boutique,
4b1e08aef964a520f21624e3,POI-46,Japanese Restaurant,
4b1e0997f964a520f81624e3,POI-10,Coffee Shop,
4b1e0c0bf964a5200c1724e3,POI-46,Japanese Restaurant,
4b1e1a18f964a5206e1724e3,POI-73,Electronics Store,
4b1e1cadf964a520731724e3,POI-10,Coffee Shop,
4b1e4900f964a520671824e3,POI-41,Ramen /  Noodle House,
4b1e4a74f964a520701824e3,POI-46,Japanese Restaurant,
4b1e7356f964a5201f1a24e3,POI-42,Food Court,
4b1f21a6f964a520432424e3,POI-42,Food Court,
4b1f4e15f964a5205b2524e3,POI-10,Coffee Shop,
4b1f716bf964a520512624e3,POI-10,Coffee Shop,
4b1f722ef964a520532624e3,POI-10,Coffee Shop,
4b1f9ac6f964a5204d2724e3,POI-63,Bakery,
4b1fa51bf964a520a82724e3,POI-67,Gym,
4b1fa81ff964a520c62724e3,POI-42,Food Court,
4b205d0af964a520433124e3,POI-74,Fast Food Restaurant,
4b20780af964a520853224e3,POI-24,Malaysian Restaurant,
4b208a93f964a5200c3324e3,POI-37,Thai Restaurant,
4b20c0b7f964a5206a3424e3,POI-28,Plaza,
4b21902cf964a520ff3d24e3,POI-36,Asian Restaurant,
4b21ac37f964a520e43f24e3,POI-74,Fast Food Restaurant,
4b21b791f964a520954024e3,POI-17,Chinese Restaurant,
4b21d6abf964a520db4124e3,POI-42,Food Court,
4b2205d9f964a5202b4324e3,POI-90,Light Rail,
4b222e40f964a520374424e3,POI-77,Sushi Restaurant,
4b2230fcf964a5204e4424e3,POI-39,Restaurant,
4b223794f964a520784424e3,POI-36,Asian Restaurant,
4b2237e8f964a5207b4424e3,POI-77,Sushi Restaurant,
4b2255ddf964a520ab4524e3,POI-39,Restaurant,
4b225e4ef964a520024624e3,POI-42,Food Court,
4b23154af964a520195324e3,POI-10,Coffee Shop,
4b231bc2f964a520635324e3,POI-10,Coffee Shop,
4b234249f964a520bd5424e3,POI-91,Food & Drink Shop,
4b238b6cf964a5209b5624e3,POI-17,Chinese Restaurant,
4b239e26f964a520425724e3,POI-80,Ice Cream Shop,
4b24569bf964a5201e6624e3,POI-42,Food Court,
4b245a6ef964a5205c6624e3,POI-17,Chinese Restaurant,
4b246505f964a520ff6624e3,POI-53,Department Store,
4b246e8cf964a520766724e3,POI-53,Department Store,
4b247077f964a5208b6724e3,POI-10,Coffee Shop,
4b247e65f964a520236824e3,POI-38,Middle Eastern Restaurant,
4b24af59f964a5206f6924e3,POI-22,Dessert Shop,
4b24c5a1f964a520bf6924e3,POI-18,Indian Restaurant,
4b24d09bf964a520f46924e3,POI-66,Grocery Store,
4b24d844f964a5201f6a24e3,POI-74,Fast Food Restaurant,
4b24ee09f964a520936a24e3,POI-17,Chinese Restaurant,
4b258394f964a520267324e3,POI-60,Automotive Shop,
4b25a5f0f964a520f47424e3,POI-10,Coffee Shop,
4b25b499f964a5208a7524e3,POI-42,Food Court,
4b25c156f964a520e87524e3,POI-77,Sushi Restaurant,
4b25c1daf964a520ef7524e3,POI-7,American Restaurant,
4b25e98ff964a5207b7724e3,POI-92,Salon / Barbershop,
4b25eec6f964a5209b7724e3,POI-42,Food Court,
4b25f69cf964a520c77724e3,POI-53,Department Store,
4b260604f964a520077824e3,POI-17,Chinese Restaurant,
4b261068f964a520457824e3,POI-17,Chinese Restaurant,
4b2625b7f964a520bb7824e3,POI-63,Bakery,
4b26d224f964a520718124e3,POI-10,Coffee Shop,
4b26da04f964a520f98124e3,POI-43,Vegetarian / Vegan Restaurant,
4b26ec62f964a520138324e3,POI-42,Food Court,
4b26ec70f964a520158324e3,POI-42,Food Court,
4b27100cf964a520868424e3,POI-67,Gym,
4b272dcaf964a5201d8524e3,POI-7,American Restaurant,
4b273d24f964a520698524e3,POI-10,Coffee Shop,
4b2740a3f964a520788524e3,POI-93,Tapas Restaurant,
4b275160f964a520db8524e3,POI-17,Chinese Restaurant,
4b279086f964a5206a8724e3,POI-74,Fast Food Restaurant,
4b28474cf964a520ff9124e3,POI-4,Resort,
4b28514df964a520739224e3,POI-42,Food Court,
4b2857b3f964a520ab9224e3,POI-10,Coffee Shop,
4b2863fcf964a520089324e3,POI-19,French Restaurant,
4b286cb1f964a520489324e3,POI-10,Coffee Shop,
4b2874bbf964a520769324e3,POI-10,Coffee Shop,
4b28bd39f964a520ec9424e3,POI-94,Gas Station / Garage,
4b29ad83f964a52076a224e3,POI-17,Chinese Restaurant,
4b29b044f964a5208aa224e3,POI-36,Asian Restaurant,
4b29ba09f964a520eca224e3,POI-10,Coffee Shop,
4b29bb24f964a520fba224e3,POI-70,Korean Restaurant,
4b2a027af964a520aca424e3,POI-42,Food Court,
4b2a17fbf964a52034a524e3,POI-7,American Restaurant,
4b2a30b8f964a520f0a524e3,POI-37,Thai Restaurant,
4b2a48eaf964a520dda624e3,POI-11,Nightclub,
4b2a9de1f964a52067ac24e3,POI-90,Light Rail,
4b2b0970f964a520edb324e3,POI-17,Chinese Restaurant,
4b2b1225f964a52038b424e3,POI-95,German Restaurant,
4b2b23f3f964a520a5b424e3,POI-73,Electronics Store,
4b2b2f35f964a520ebb424e3,POI-33,Italian Restaurant,
4b2b39d3f964a5203db524e3,POI-86,Market,
4b2b5a9cf964a520f0b524e3,POI-69,Spa / Massage,
4b2b7cd6f964a520c1b624e3,POI-7,American Restaurant,
4b2b8538f964a5201bb724e3,POI-87,Car Dealership,
4b2b8d65f964a5207fb724e3,POI-16,Australian Restaurant,
4b2b9a8bf964a5201bb824e3,POI-2,Bar,
4b2bb203f964a52045b924e3,POI-74,Fast Food Restaurant,
4b2c0d8ff964a52086c024e3,POI-74,Fast Food Restaurant,
4b2c24f9f964a5208fc224e3,POI-10,Coffee Shop,
4b2c6299f964a52088c624e3,POI-18,Indian Restaurant,
4b2c7193f964a5201cc724e3,POI-85,Furniture / Home Store,
4b2c7e5ef964a52069c724e3,POI-96,Karaoke Bar,
4b2c875df964a5209ec724e3,POI-66,Grocery Store,
4b2cb604f964a520b2c824e3,POI-53,Department Store,
4b2cbd61f964a520e8c824e3,POI-46,Japanese Restaurant,
4b2cbfe7f964a520fec824e3,POI-32,Pizza Place,
4b2cca73f964a5204dc924e3,POI-49,Multiplex,
4b2d0149f964a5202ecc24e3,POI-14,Pub,
4b2d8577f964a5204fd824e3,POI-10,Coffee Shop,
4b2db7adf964a520c8da24e3,POI-10,Coffee Shop,
4b2dd20cf964a52085db24e3,POI-67,Gym,
4b2e0586f964a52068dc24e3,POI-39,Restaurant,
4b2e1b54f964a520ccdc24e3,POI-54,Clothing Store,
4b2eb4e4f964a52060e524e3,POI-10,Coffee Shop,
4b2ee17bf964a520cfe724e3,POI-17,Chinese Restaurant,
4b2ef95cf964a520dae824e3,POI-70,Korean Restaurant,
4b2f1259f964a5206ae924e3,POI-88,Sandwich Place,
4b2f5a8ff964a520e4ea24e3,POI-44,Burger Joint,
4b2f636ef964a52015eb24e3,POI-7,American Restaurant,
4b2f76fdf964a5208feb24e3,POI-5,Gaming Cafe,
4b304f2ff964a520cdf824e3,POI-41,Ramen /  Noodle House,
4b305356f964a520eef824e3,POI-17,Chinese Restaurant,
4b305537f964a520fef824e3,POI-42,Food Court,
4b308a5bf964a5201ffa24e3,POI-4,Resort,
4b30a16df964a52089fa24e3,POI-1,Wine Bar,
4b30abbef964a520c9fa24e3,POI-42,Food Court,
4b30b699f964a5201dfb24e3,POI-17,Chinese Restaurant,
4b30c658f964a52082fb24e3,POI-96,Karaoke Bar,
4b31856df964a520640825e3,POI-66,Grocery Store,
4b32a70cf964a520f71025e3,POI-11,Nightclub,
4b32d50bf964a520b21425e3,POI-89,Arcade,
4b32f6e1f964a5207a1625e3,POI-46,Japanese Restaurant,
4b32f766f964a520891625e3,POI-10,Coffee Shop,
4b3310abf964a520611725e3,POI-97,Donut Shop,
4b3340d7f964a520481825e3,POI-46,Japanese Restaurant,
4b334e4ff964a520961825e3,POI-43,Vegetarian / Vegan Restaurant,
4b336d63f964a5205b1925e3,POI-17,Chinese Restaurant,
4b33877ef964a5205e1a25e3,POI-80,Ice Cream Shop,
4b33d687f964a5204c2025e3,POI-77,Sushi Restaurant,
4b34192bf964a520032525e3,POI-74,Fast Food Restaurant,
4b341e41f964a520342525e3,POI-74,Fast Food Restaurant,
4b34468cf964a520b52625e3,POI-81,Steakhouse,
4b34548af964a5200b2725e3,POI-43,Vegetarian / Vegan Restaurant,
4b34a673f964a5202c2825e3,POI-42,Food Court,
4b34a90ef964a520312825e3,POI-66,Grocery Store,
4b34ab09f964a5203a2825e3,POI-98,Snack Place,
4b350255f964a520b52925e3,POI-35,Dim Sum Restaurant,
4b35480cf964a520de2b25e3,POI-74,Fast Food Restaurant,
4b356bddf964a520032d25e3,POI-36,Asian Restaurant,
4b35b570f964a520a22e25e3,POI-92,Salon / Barbershop,
4b35e3c8f964a520452f25e3,POI-46,Japanese Restaurant,
4b35e4e9f964a5204a2f25e3,POI-99,Hookah Bar,
4b35ebb9f964a520622f25e3,POI-17,Chinese Restaurant,
4b35f15af964a520732f25e3,POI-17,Chinese Restaurant,
4b3604d8f964a520b72f25e3,POI-10,Coffee Shop,
4b3611aaf964a520f22f25e3,POI-74,Fast Food Restaurant,
4b363fe7f964a5209d3125e3,POI-39,Restaurant,
4b3648c5f964a5202c3225e3,POI-67,Gym,
4b366c8df964a5200f3525e3,POI-11,Nightclub,
4b367abaf964a520693625e3,POI-89,Arcade,
4b372c9ef964a520c93f25e3,POI-100,Sports Bar,
4b372fdbf964a520da3f25e3,POI-13,Diner,
4b373786f964a520fa3f25e3,POI-10,Coffee Shop,
4b374d2cf964a520554025e3,POI-7,American Restaurant,
4b3750cdf964a520654025e3,POI-46,Japanese Restaurant,
4b3758eff964a520974025e3,POI-39,Restaurant,
4b378d32f964a5201c4225e3,POI-18,Indian Restaurant,
4b388e29f964a520964e25e3,POI-46,Japanese Restaurant,
4b38b278f964a5207b4f25e3,POI-77,Sushi Restaurant,
4b38b4cef964a520984f25e3,POI-67,Gym,
4b3993f4f964a520e25d25e3,POI-75,Bowling Alley,
4b39aa16f964a520605e25e3,POI-74,Fast Food Restaurant,
4b39e194f964a520665f25e3,POI-66,Grocery Store,
4b39e2d6f964a5206f5f25e3,POI-10,Coffee Shop,
4b39e306f964a520725f25e3,POI-10,Coffee Shop,
4b39e7c9f964a520835f25e3,POI-77,Sushi Restaurant,
4b39f649f964a520d15f25e3,POI-46,Japanese Restaurant,
4b3ada31f964a5202e6f25e3,POI-22,Dessert Shop,
4b3adb01f964a5203a6f25e3,POI-39,Restaurant,
4b3ae739f964a520aa6f25e3,POI-40,Seafood Restaurant,
4b3aeae9f964a520cb6f25e3,POI-42,Food Court,
4b3af026f964a520e86f25e3,POI-10,Coffee Shop,
4b3af9cbf964a520197025e3,POI-18,Indian Restaurant,
4b3b300cf964a520527125e3,POI-101,Breakfast Spot,
4b3b39d8f964a520997125e3,POI-17,Chinese Restaurant,
4b3b3bd0f964a520ac7125e3,POI-26,Park,
4b3b41e6f964a520e67125e3,POI-2,Bar,
4b3b7eccf964a520a27425e3,POI-2,Bar,
4b3bc250f964a520857a25e3,POI-87,Car Dealership,
4b3bf309f964a520037f25e3,POI-26,Park,
4b3c506df964a520c98325e3,POI-73,Electronics Store,
4b3c5312f964a520d88325e3,POI-36,Asian Restaurant,
4b3c6a02f964a520558425e3,POI-74,Fast Food Restaurant,
4b3c86eff964a520e48425e3,POI-17,Chinese Restaurant,
4b3c9917f964a5206f8525e3,POI-102,Bbq Joint,
4b3d386af964a5207d9025e3,POI-44,Burger Joint,
4b3d6d0cf964a520fe9325e3,POI-22,Dessert Shop,
4b3d7609f964a5207e9425e3,POI-17,Chinese Restaurant,
4b3d80f5f964a520f99425e3,POI-66,Grocery Store,
4b3d966ef964a520a29525e3,POI-18,Indian Restaurant,
4b3db84ef964a5207f9625e3,POI-6,Tea Room,
4b3dc826f964a520c79625e3,POI-6,Tea Room,
4b3dce1bf964a520e49625e3,POI-17,Chinese Restaurant,
4b3dd0d8f964a520f09625e3,POI-74,Fast Food Restaurant,
4b3dd5fbf964a520039725e3,POI-72,Vietnamese Restaurant,
4b3e00a4f964a520be9725e3,POI-44,Burger Joint,
4b3e0ebff964a520099825e3,POI-21,Lounge,
4b3ee86df964a52010a325e3,POI-6,Tea Room,
4b3ef032f964a5203ba325e3,POI-97,Donut Shop,
4b3f02b4f964a5208aa325e3,POI-17,Chinese Restaurant,
4b3f1cdef964a52016a425e3,POI-85,Furniture / Home Store,
4b3f3805f964a520b6a425e3,POI-37,Thai Restaurant,
4b3f3dabf964a520e3a425e3,POI-18,Indian Restaurant,
4b3f4760f964a52029a525e3,POI-36,Asian Restaurant,
4b3f74b0f964a52024a725e3,POI-2,Bar,
4b40117df964a52034b525e3,POI-40,Seafood Restaurant,
4b4040f6f964a5202db725e3,POI-44,Burger Joint,
4b4047f7f964a5205cb725e3,POI-65,Women'S Store,
4b40482ef964a5205db725e3,POI-36,Asian Restaurant,
4b404f9df964a52090b725e3,POI-37,Thai Restaurant,
4b405142f964a5209cb725e3,POI-73,Electronics Store,
4b405c9af964a520d8b725e3,POI-10,Coffee Shop,
4b4075c5f964a52055b825e3,POI-13,Diner,
4b40789ff964a5206cb825e3,POI-39,Restaurant,
4b407cdef964a52083b825e3,POI-89,Arcade,
4b407da5f964a52085b825e3,POI-46,Japanese Restaurant,
4b409a14f964a52041b925e3,POI-17,Chinese Restaurant,
4b416ad6f964a52073c625e3,POI-17,Chinese Restaurant,
4b416efbf964a520a0c625e3,POI-17,Chinese Restaurant,
4b418959f964a52061c725e3,POI-42,Food Court,
4b41c941f964a520ecc825e3,POI-74,Fast Food Restaurant,
4b41d32bf964a52037c925e3,POI-46,Japanese Restaurant,
4b41e32af964a520cec925e3,POI-77,Sushi Restaurant,
4b41e3a6f964a520d5c925e3,POI-72,Vietnamese Restaurant,
4b41f327f964a52099ca25e3,POI-17,Chinese Restaurant,
4b423b8ef964a5209bcf25e3,POI-26,Park,
4b4281cef964a52043d525e3,POI-42,Food Court,
4b429cf7f964a52082d725e3,POI-10,Coffee Shop,
4b42aa6cf964a52077d825e3,POI-14,Pub,
4b42c3a6f964a520b5d925e3,POI-17,Chinese Restaurant,
4b42d78ff964a5205eda25e3,POI-87,Car Dealership,
4b42e6a2f964a520cada25e3,POI-19,French Restaurant,
4b4328f7f964a520abdc25e3,POI-13,Diner,
4b432ab2f964a520b7dc25e3,POI-40,Seafood Restaurant,
4b43c47ff964a52024e925e3,POI-15,Cocktail Bar,
4b43ee59f964a5204eee25e3,POI-32,Pizza Place,
4b43f2a9f964a520cfee25e3,POI-63,Bakery,
4b441994f964a52071f125e3,POI-59,Men'S Store,
4b44370bf964a520c3f225e3,POI-2,Bar,
4b44405cf964a52016f325e3,POI-103,Mobile Phone Shop,
4b446e2cf964a520d4f425e3,POI-54,Clothing Store,
4b447335f964a5200ff525e3,POI-37,Thai Restaurant,
4b4486d4f964a5200ff625e3,POI-46,Japanese Restaurant,
4b448aeff964a5204df625e3,POI-104,Dive Bar,
4b45361bf964a5201f0826e3,POI-10,Coffee Shop,
4b453d5af964a520d50826e3,POI-42,Food Court,
4b4545d4f964a520980926e3,POI-85,Furniture / Home Store,
4b4563f1f964a520de0b26e3,POI-17,Chinese Restaurant,
4b456970f964a520450c26e3,POI-33,Italian Restaurant,
4b4573faf964a520e50c26e3,POI-17,Chinese Restaurant,
4b458088f964a520620d26e3,POI-89,Arcade,
4b458525f964a520930d26e3,POI-74,Fast Food Restaurant,
4b45bb58f964a520ab0f26e3,POI-35,Dim Sum Restaurant,
4b45bddbf964a520bd0f26e3,POI-2,Bar,
4b45bf58f964a520cc0f26e3,POI-73,Electronics Store,
4b45c0b0f964a520db0f26e3,POI-17,Chinese Restaurant,
4b45e023f964a520831126e3,POI-37,Thai Restaurant,
4b45e547f964a520e01126e3,POI-44,Burger Joint,
4b46712cf964a5200f2126e3,POI-17,Chinese Restaurant,
4b46b1d0f964a520e82626e3,POI-17,Chinese Restaurant,
4b46b4bbf964a520232726e3,POI-72,Vietnamese Restaurant,
4b46d031f964a5208e2826e3,POI-10,Coffee Shop,
4b46d767f964a520ce2826e3,POI-105,Gourmet Shop,
4b46d82ef964a520d22826e3,POI-17,Chinese Restaurant,
4b46d9e3f964a520e02826e3,POI-22,Dessert Shop,
4b46e25bf964a520442926e3,POI-67,Gym,
4b4710b5f964a520002b26e3,POI-32,Pizza Place,
4b471757f964a520442b26e3,POI-84,Boutique,
4b471d37f964a520852b26e3,POI-41,Ramen /  Noodle House,
4b4741cff964a520b82d26e3,POI-46,Japanese Restaurant,
4b474c2df964a5205e2e26e3,POI-74,Fast Food Restaurant,
4b475118f964a520c02e26e3,POI-4,Resort,
4b476a40f964a5205e3126e3,POI-2,Bar,
4b47b5d6f964a520743b26e3,POI-106,Candy Store,
4b47fd3ff964a520d74526e3,POI-44,Burger Joint,
4b4804e0f964a5206c4626e3,POI-42,Food Court,
4b481532f964a520d24726e3,POI-107,Pet Store,
4b481614f964a520e44726e3,POI-56,Cosmetics Shop,
4b48329df964a520eb4926e3,POI-108,Scandinavian Restaurant,
4b4834b3f964a520154a26e3,POI-42,Food Court,
4b486349f964a5209a4c26e3,POI-42,Food Court,
4b486dcbf964a520284d26e3,POI-17,Chinese Restaurant,
4b4871dff964a520684d26e3,POI-77,Sushi Restaurant,
4b48784af964a520cf4d26e3,POI-24,Malaysian Restaurant,
4b487c6bf964a520154e26e3,POI-73,Electronics Store,
4b488e84f964a5204a4f26e3,POI-74,Fast Food Restaurant,
4b489413f964a520b54f26e3,POI-2,Bar,
4b48aae4f964a520295226e3,POI-41,Ramen /  Noodle House,
4b492c48f964a520d36826e3,POI-83,Fried Chicken Joint,
4b4946d8f964a5202e6c26e3,POI-66,Grocery Store,
4b494891f964a5205b6c26e3,POI-18,Indian Restaurant,
4b494cf5f964a520dd6c26e3,POI-46,Japanese Restaurant,
4b4956def964a520d36d26e3,POI-109,Eastern European Restaurant,
4b4969b1f964a520606f26e3,POI-49,Multiplex,
4b496d55f964a520a06f26e3,POI-44,Burger Joint,
4b4971d8f964a520e86f26e3,POI-36,Asian Restaurant,
4b4981c4f964a520af7026e3,POI-17,Chinese Restaurant,
4b49aca6f964a520607226e3,POI-43,Vegetarian / Vegan Restaurant,
4b49c313f964a520567326e3,POI-80,Ice Cream Shop,
4b49ca2ef964a520ac7326e3,POI-13,Diner,
4b49cb63f964a520bb7326e3,POI-107,Pet Store,
4b49cd50f964a520d57326e3,POI-20,Spanish Restaurant,
4b49cecbf964a520ec7326e3,POI-10,Coffee Shop,
4b49d33ff964a5202d7426e3,POI-1,Wine Bar,
4b49d7ecf964a5207a7426e3,POI-42,Food Court,
4b49db45f964a520ca7426e3,POI-49,Multiplex,
4b4a7d5cf964a5201e8926e3,POI-24,Malaysian Restaurant,
4b4aaab9f964a5208b8c26e3,POI-37,Thai Restaurant,
4b4aaf97f964a520e38c26e3,POI-101,Breakfast Spot,
4b4ab2cef964a520248d26e3,POI-17,Chinese Restaurant,
4b4abb30f964a520ac8d26e3,POI-80,Ice Cream Shop,
4b4abe5cf964a520ca8d26e3,POI-42,Food Court,
4b4ac2d2f964a5200b8e26e3,POI-17,Chinese Restaurant,
4b4afd63f964a5209b9026e3,POI-110,Yoga Studio,
4b4b0be2f964a520719126e3,POI-17,Chinese Restaurant,
4b4b0eeff964a5209e9126e3,POI-111,Dumpling Restaurant,
4b4b0efef964a520a09126e3,POI-83,Fried Chicken Joint,
4b4b0f66f964a520a59126e3,POI-36,Asian Restaurant,
4b4b1113f964a520c19126e3,POI-14,Pub,
4b4b4bcff964a520c59626e3,POI-17,Chinese Restaurant,
4b4b57aff964a520249826e3,POI-18,Indian Restaurant,
4b4c1a59f964a52049ae26e3,POI-112,Gift Shop,
4b4c47d4f964a5206fb026e3,POI-66,Grocery Store,
4b4c50cef964a520ddb026e3,POI-81,Steakhouse,
4b4c54dff964a5200eb126e3,POI-46,Japanese Restaurant,
4b4c64cff964a52020b226e3,POI-46,Japanese Restaurant,
4b4c7bfdf964a52027b426e3,POI-80,Ice Cream Shop,
4b4ce9e4f964a520fec326e3,POI-113,General Travel,
4b4d4a40f964a52033d026e3,POI-37,Thai Restaurant,
4b4d56aaf964a520fad026e3,POI-50,Movie Theater,
4b4d5753f964a52003d126e3,POI-18,Indian Restaurant,
4b4d651df964a520e0d126e3,POI-39,Restaurant,
4b4d8b31f964a520ded326e3,POI-80,Ice Cream Shop,
4b4d917ef964a52032d426e3,POI-10,Coffee Shop,
4b4d9cdcf964a520d2d426e3,POI-42,Food Court,
4b4da59cf964a52024d526e3,POI-40,Seafood Restaurant,
4b4daf8af964a520b8d526e3,POI-17,Chinese Restaurant,
4b4db5c0f964a5201fd626e3,POI-39,Restaurant,
4b4dc553f964a52054d726e3,POI-88,Sandwich Place,
4b4dd141f964a52068d826e3,POI-77,Sushi Restaurant,
4b4dd9e6f964a52054d926e3,POI-74,Fast Food Restaurant,
4b4de929f964a520d6da26e3,POI-74,Fast Food Restaurant,
4b4e6d92f964a5206aed26e3,POI-10,Coffee Shop,
4b4e9ccdf964a5209ef226e3,POI-41,Ramen /  Noodle House,
4b4eac79f964a520d4f326e3,POI-46,Japanese Restaurant,
4b4eacd4f964a520def326e3,POI-42,Food Court,
4b4eb86bf964a52091f426e3,POI-66,Grocery Store,
4b4ec755f964a5204ff526e3,POI-66,Grocery Store,
4b4ec7e1f964a52059f526e3,POI-66,Grocery Store,
4b4ec8bff964a52068f526e3,POI-103,Mobile Phone Shop,
4b4ec97af964a52071f526e3,POI-107,Pet Store,
4b4ef504f964a520a7f726e3,POI-54,Clothing Store,
4b4efde5f964a5203bf826e3,POI-42,Food Court,
4b4f02d2f964a52096f826e3,POI-81,Steakhouse,
4b4f0e1af964a52067f926e3,POI-22,Dessert Shop,
4b4fbbf0f964a520211327e3,POI-42,Food Court,
4b4fe6caf964a520161927e3,POI-39,Restaurant,
4b4fe765f964a520251927e3,POI-83,Fried Chicken Joint,
4b4feb11f964a520801927e3,POI-10,Coffee Shop,
4b4feefef964a520c81927e3,POI-74,Fast Food Restaurant,
4b502e81f964a5201f1e27e3,POI-66,Grocery Store,
4b502f8bf964a5202e1e27e3,POI-94,Gas Station / Garage,
4b504548f964a520791f27e3,POI-42,Food Court,
4b5045acf964a520861f27e3,POI-66,Grocery Store,
4b505037f964a520492027e3,POI-7,American Restaurant,
4b505e22f964a5207f2127e3,POI-36,Asian Restaurant,
4b5066aef964a5204e2227e3,POI-31,Mexican Restaurant,
4b506a91f964a520ab2227e3,POI-19,French Restaurant,
4b506b0af964a520bb2227e3,POI-36,Asian Restaurant,
4b507332f964a520a32327e3,POI-36,Asian Restaurant,
4b513734f964a520904727e3,POI-37,Thai Restaurant,
4b5143c7f964a520324927e3,POI-46,Japanese Restaurant,
4b517bbaf964a520134e27e3,POI-36,Asian Restaurant,
4b517cfaf964a5203c4e27e3,POI-67,Gym,
4b518bf8f964a5205c4f27e3,POI-27,Art Gallery,
4b518ef6f964a5208a4f27e3,POI-46,Japanese Restaurant,
4b519019f964a5209d4f27e3,POI-92,Salon / Barbershop,
4b5197c9f964a520495027e3,POI-17,Chinese Restaurant,
4b51980df964a5204d5027e3,POI-40,Seafood Restaurant,
4b51a468f964a520825127e3,POI-6,Tea Room,
4b51a6ecf964a520bb5127e3,POI-46,Japanese Restaurant,
4b51a919f964a520ea5127e3,POI-94,Gas Station / Garage,
4b51a95ef964a520f15127e3,POI-84,Boutique,
4b51abaef964a520245227e3,POI-40,Seafood Restaurant,
4b51adc9f964a5205d5227e3,POI-10,Coffee Shop,
4b51af7af964a520885227e3,POI-17,Chinese Restaurant,
4b51b013f964a520a05227e3,POI-70,Korean Restaurant,
4b51b077f964a520ae5227e3,POI-32,Pizza Place,
4b51b6e9f964a520555327e3,POI-17,Chinese Restaurant,
4b520bf3f964a520ec6327e3,POI-10,Coffee Shop,
4b5279f3f964a520167f27e3,POI-28,Plaza,
4b528b62f964a520c28127e3,POI-17,Chinese Restaurant,
4b5299ddf964a520928327e3,POI-22,Dessert Shop,
4b529a54f964a5209c8327e3,POI-88,Sandwich Place,
4b529bbdf964a520c48327e3,POI-74,Fast Food Restaurant,
4b529ebdf964a520218427e3,POI-17,Chinese Restaurant,
4b52acd2f964a520b18527e3,POI-17,Chinese Restaurant,
4b52ae54f964a520d68527e3,POI-26,Park,
4b52cb9df964a520318827e3,POI-83,Fried Chicken Joint,
4b52e5f7f964a5203c8a27e3,POI-73,Electronics Store,
4b52e8dcf964a5206f8a27e3,POI-17,Chinese Restaurant,
4b52ec0ef964a520a38a27e3,POI-39,Restaurant,
4b52f2f3f964a5202f8b27e3,POI-43,Vegetarian / Vegan Restaurant,
4b52f5c4f964a520678b27e3,POI-17,Chinese Restaurant,
4b52f9b3f964a520c08b27e3,POI-46,Japanese Restaurant,
4b530051f964a5204c8c27e3,POI-33,Italian Restaurant,
4b5305e3f964a520d98c27e3,POI-10,Coffee Shop,
4b530bbff964a520688d27e3,POI-89,Arcade,
4b531334f964a5202e8e27e3,POI-7,American Restaurant,
4b53133ef964a520308e27e3,POI-18,Indian Restaurant,
4b531d76f964a5204e8f27e3,POI-88,Sandwich Place,
4b53aaeaf964a5200ca727e3,POI-18,Indian Restaurant,
4b53e47df964a5201cae27e3,POI-42,Food Court,
4b53e7bdf964a52062ae27e3,POI-70,Korean Restaurant,
4b53ee17f964a520e0ae27e3,POI-73,Electronics Store,
4b53ee5ff964a520e6ae27e3,POI-114,Video Game Store,
4b53ef37f964a520f8ae27e3,POI-101,Breakfast Spot,
4b53efc1f964a52004af27e3,POI-77,Sushi Restaurant,
4b53f0e4f964a52022af27e3,POI-22,Dessert Shop,
4b5417caf964a52007b227e3,POI-66,Grocery Store,
4b542926f964a5207eb327e3,POI-54,Clothing Store,
4b542e70f964a520f5b327e3,POI-115,Soup Place,
4b543a5cf964a5200bb527e3,POI-36,Asian Restaurant,
4b54408ef964a52098b527e3,POI-46,Japanese Restaurant,
4b544f73f964a52028b727e3,POI-65,Women'S Store,
4b545011f964a5203eb727e3,POI-17,Chinese Restaurant,
4b545397f964a5209bb727e3,POI-13,Diner,
4b54586df964a5202db827e3,POI-22,Dessert Shop,
4b545f3ff964a520f8b827e3,POI-17,Chinese Restaurant,
4b5467e9f964a52020ba27e3,POI-10,Coffee Shop,
4b546a84f964a5207cba27e3,POI-74,Fast Food Restaurant,
4b553350f964a5206ede27e3,POI-46,Japanese Restaurant,
4b553667f964a520c8de27e3,POI-36,Asian Restaurant,
4b553730f964a520e7de27e3,POI-94,Gas Station / Garage,
4b5537a2f964a520f0de27e3,POI-36,Asian Restaurant,
4b554172f964a520fddf27e3,POI-115,Soup Place,
4b5541d1f964a52008e027e3,POI-17,Chinese Restaurant,
4b5542d0f964a52028e027e3,POI-33,Italian Restaurant,
4b55442ef964a5204ee027e3,POI-33,Italian Restaurant,
4b554840f964a520b9e027e3,POI-45,Indonesian Restaurant,
4b555b91f964a5205fe227e3,POI-74,Fast Food Restaurant,
4b5585f9f964a5206fe627e3,POI-10,Coffee Shop,
4b5591aff964a520b8e727e3,POI-68,Gym / Fitness Center,
4b559adcf964a520c1e827e3,POI-39,Restaurant,
4b55b047f964a520e2eb27e3,POI-77,Sushi Restaurant,
4b55d370f964a520b5f127e3,POI-57,Miscellaneous Shop,
4b55e0aff964a52036f427e3,POI-90,Light Rail,
4b565f4af964a520ab0d28e3,POI-10,Coffee Shop,
4b566e49f964a520161028e3,POI-35,Dim Sum Restaurant,
4b567c16f964a5207e1228e3,POI-42,Food Court,
4b5687d0f964a5202a1428e3,POI-42,Food Court,
4b5689e8f964a520771428e3,POI-18,Indian Restaurant,
4b568d32f964a520e81428e3,POI-66,Grocery Store,
4b568d58f964a520ed1428e3,POI-66,Grocery Store,
4b568dbbf964a520fa1428e3,POI-10,Coffee Shop,
4b568e1cf964a520071528e3,POI-42,Food Court,
4b56905ff964a5204d1528e3,POI-36,Asian Restaurant,
4b569270f964a520891528e3,POI-73,Electronics Store,
4b56967af964a520f91528e3,POI-7,American Restaurant,
4b56acd6f964a520411828e3,POI-88,Sandwich Place,
4b56c288f964a520861a28e3,POI-60,Automotive Shop,
4b56ccc8f964a520901b28e3,POI-7,American Restaurant,
4b56d966f964a520ee1c28e3,POI-17,Chinese Restaurant,
4b56e1dff964a520051e28e3,POI-94,Gas Station / Garage,
4b56e327f964a520371e28e3,POI-61,Shoe Store,
4b56ec7bf964a520711f28e3,POI-80,Ice Cream Shop,
4b56edb0f964a520901f28e3,POI-40,Seafood Restaurant,
4b56f39bf964a520662028e3,POI-44,Burger Joint,
4b56f3b8f964a520702028e3,POI-40,Seafood Restaurant,
4b56f8aaf964a520322128e3,POI-42,Food Court,
4b56fad3f964a520902128e3,POI-64,New American Restaurant,
4b5706a6f964a5205e2328e3,POI-17,Chinese Restaurant,
4b57084af964a5209c2328e3,POI-116,Beer Garden,
4b570f58f964a520cc2428e3,POI-76,Deli / Bodega,
4b570f8ef964a520d52428e3,POI-33,Italian Restaurant,
4b570f9bf964a520d82428e3,POI-10,Coffee Shop,
4b571d92f964a520062728e3,POI-66,Grocery Store,
4b573049f964a520302a28e3,POI-22,Dessert Shop,
4b57bd1df964a520b93e28e3,POI-42,Food Court,
4b57da49f964a520db4328e3,POI-17,Chinese Restaurant,
4b57dd0ff964a5204b4428e3,POI-94,Gas Station / Garage,
4b57df11f964a520984428e3,POI-74,Fast Food Restaurant,
4b57e7a1f964a520cb4528e3,POI-43,Vegetarian / Vegan Restaurant,
4b57f725f964a5207a4728e3,POI-31,Mexican Restaurant,
4b58079cf964a5201a4928e3,POI-13,Diner,
4b5807f5f964a520284928e3,POI-10,Coffee Shop,
4b5819b2f964a520e34a28e3,POI-103,Mobile Phone Shop,
4b582031f964a520a24b28e3,POI-17,Chinese Restaurant,
4b583420f964a520e44d28e3,POI-37,Thai Restaurant,
4b584321f964a5200f5028e3,POI-66,Grocery Store,
4b5845c2f964a520695028e3,POI-37,Thai Restaurant,
4b5847a7f964a520c55028e3,POI-68,Gym / Fitness Center,
4b584c8cf964a520a65128e3,POI-13,Diner,
4b584cb4f964a520a85128e3,POI-106,Candy Store,
4b585303f964a520cb5228e3,POI-42,Food Court,
4b58551ef964a5202e5328e3,POI-54,Clothing Store,
4b5856fbf964a5207c5328e3,POI-40,Seafood Restaurant,
4b58598cf964a520da5328e3,POI-63,Bakery,
4b585d31f964a520735428e3,POI-40,Seafood Restaurant,
4b586029f964a520f85428e3,POI-74,Fast Food Restaurant,
4b586667f964a520065628e3,POI-85,Furniture / Home Store,
4b586be7f964a520ff5628e3,POI-90,Light Rail,
4b588d1af964a520865d28e3,POI-26,Park,
4b589e30f964a520a26128e3,POI-33,Italian Restaurant,
4b58e048f964a520607028e3,POI-42,Food Court,
4b5917b2f964a520307c28e3,POI-63,Bakery,
4b591ed5f964a520f77d28e3,POI-55,Sporting Goods Shop,
4b59227cf964a520547e28e3,POI-35,Dim Sum Restaurant,
4b592290f964a520577e28e3,POI-70,Korean Restaurant,
4b59287ff964a520757f28e3,POI-74,Fast Food Restaurant,
4b593129f964a520c98028e3,POI-111,Dumpling Restaurant,
4b593485f964a5204f8128e3,POI-42,Food Court,
4b593636f964a5208e8128e3,POI-17,Chinese Restaurant,
4b5939b9f964a520158228e3,POI-74,Fast Food Restaurant,
4b594c74f964a5205a8428e3,POI-74,Fast Food Restaurant,
4b594cb1f964a520628428e3,POI-74,Fast Food Restaurant,
4b594fb5f964a520c08428e3,POI-103,Mobile Phone Shop,
4b595013f964a520c98428e3,POI-73,Electronics Store,
4b59503ff964a520d18428e3,POI-103,Mobile Phone Shop,
4b5953d3f964a520318528e3,POI-10,Coffee Shop,
4b595a65f964a520e38528e3,POI-17,Chinese Restaurant,
4b596db4f964a520fd8728e3,POI-17,Chinese Restaurant,
4b5973bcf964a520b58828e3,POI-54,Clothing Store,
4b597beff964a520c38928e3,POI-37,Thai Restaurant,
4b5985f8f964a520178b28e3,POI-46,Japanese Restaurant,
4b59886bf964a5206c8b28e3,POI-16,Australian Restaurant,
4b5988bdf964a520738b28e3,POI-33,Italian Restaurant,
4b598d0ff964a520288c28e3,POI-10,Coffee Shop,
4b599064f964a520b68c28e3,POI-1,Wine Bar,
4b599377f964a5203d8d28e3,POI-57,Miscellaneous Shop,
4b59947bf964a5206b8d28e3,POI-40,Seafood Restaurant,
4b5995aff964a520938d28e3,POI-33,Italian Restaurant,
4b599c34f964a520d28e28e3,POI-18,Indian Restaurant,
4b59a08bf964a520ab8f28e3,POI-7,American Restaurant,
4b59a40cf964a520629028e3,POI-33,Italian Restaurant,
4b59a941f964a520639128e3,POI-22,Dessert Shop,
4b59aa17f964a520909128e3,POI-75,Bowling Alley,
4b59ae78f964a5207f9228e3,POI-22,Dessert Shop,
4b59ae87f964a520819228e3,POI-2,Bar,
4b59b07ef964a520f29228e3,POI-94,Gas Station / Garage,
4b59c37ef964a520c59628e3,POI-11,Nightclub,
4b59e3b3f964a520979e28e3,POI-74,Fast Food Restaurant,
4b5a6715f964a520dcc228e3,POI-89,Arcade,
4b5a6f84f964a520f4c428e3,POI-39,Restaurant,
4b5a766df964a520a6c628e3,POI-36,Asian Restaurant,
4b5a83c0f964a52026c928e3,POI-42,Food Court,
4b5a845cf964a52042c928e3,POI-42,Food Court,
4b5a8595f964a52089c928e3,POI-77,Sushi Restaurant,
4b5a86fbf964a520d4c928e3,POI-39,Restaurant,
4b5a8a49f964a5206cca28e3,POI-37,Thai Restaurant,
4b5aa0bbf964a52083ce28e3,POI-117,Bike Shop,
4b5aa27df964a520dace28e3,POI-10,Coffee Shop,
4b5ac904f964a52088d428e3,POI-10,Coffee Shop,
4b5acd34f964a52038d528e3,POI-18,Indian Restaurant,
4b5ad0a8f964a520dbd528e3,POI-42,Food Court,
4b5ad373f964a52052d628e3,POI-42,Food Court,
4b5adf39f964a5203ad828e3,POI-10,Coffee Shop,
4b5ae0b0f964a52066d828e3,POI-36,Asian Restaurant,
4b5ae0f7f964a52075d828e3,POI-17,Chinese Restaurant,
4b5ae13df964a52083d828e3,POI-17,Chinese Restaurant,
4b5ae756f964a52099d928e3,POI-7,American Restaurant,
4b5ae99bf964a52002da28e3,POI-17,Chinese Restaurant,
4b5ae9c8f964a52009da28e3,POI-42,Food Court,
4b5aea98f964a52032da28e3,POI-17,Chinese Restaurant,
4b5af0a7f964a5204ddb28e3,POI-66,Grocery Store,
4b5af251f964a520a2db28e3,POI-10,Coffee Shop,
4b5af32ff964a520ccdb28e3,POI-67,Gym,
4b5af51bf964a5203adc28e3,POI-96,Karaoke Bar,
4b5afac8f964a5202ddd28e3,POI-54,Clothing Store,
4b5afcbaf964a52090dd28e3,POI-80,Ice Cream Shop,
4b5b000cf964a52021de28e3,POI-10,Coffee Shop,
4b5b00e9f964a52050de28e3,POI-36,Asian Restaurant,
4b5b0298f964a520afde28e3,POI-28,Plaza,
4b5b0346f964a520ddde28e3,POI-26,Park,
4b5b09bef964a5202ae028e3,POI-10,Coffee Shop,
4b5b0aa7f964a52062e028e3,POI-42,Food Court,
4b5b0c52f964a520b9e028e3,POI-33,Italian Restaurant,
4b5b146af964a5208be228e3,POI-7,American Restaurant,
4b5b275bf964a520fde628e3,POI-66,Grocery Store,
4b5baac0f964a520c20e29e3,POI-42,Food Court,
4b5bb1ebf964a520841029e3,POI-68,Gym / Fitness Center,
4b5bb91af964a520441229e3,POI-42,Food Court,
4b5bc65cf964a520731529e3,POI-17,Chinese Restaurant,
4b5bc767f964a520b51529e3,POI-44,Burger Joint,
4b5bd32df964a520651829e3,POI-5,Gaming Cafe,
4b5be0f6f964a5204b1b29e3,POI-76,Deli / Bodega,
4b5befe5f964a520051e29e3,POI-89,Arcade,
4b5bf637f964a520211f29e3,POI-42,Food Court,
4b5bf8d6f964a5208b1f29e3,POI-80,Ice Cream Shop,
4b5c01f3f964a520f82029e3,POI-53,Department Store,
4b5c0a2bf964a520142229e3,POI-17,Chinese Restaurant,
4b5c129ff964a5203e2329e3,POI-10,Coffee Shop,
4b5c188ff964a520f02329e3,POI-10,Coffee Shop,
4b5c226cf964a520492529e3,POI-118,Wings Joint,
4b5c23d6f964a520772529e3,POI-102,Bbq Joint,
4b5c242cf964a520822529e3,POI-17,Chinese Restaurant,
4b5c3a30f964a520de2729e3,POI-46,Japanese Restaurant,
4b5c3e33f964a520582829e3,POI-39,Restaurant,
4b5c43e0f964a520072929e3,POI-17,Chinese Restaurant,
4b5c445bf964a520192929e3,POI-66,Grocery Store,
4b5c4545f964a520382929e3,POI-17,Chinese Restaurant,
4b5c470ff964a520652929e3,POI-66,Grocery Store,
4b5c47dff964a5207f2929e3,POI-70,Korean Restaurant,
4b5c58e4f964a520e62b29e3,POI-5,Gaming Cafe,
4b5d17f0f964a5204a5229e3,POI-39,Restaurant,
4b5d1a2af964a520be5229e3,POI-37,Thai Restaurant,
4b5d222af964a520f25329e3,POI-42,Food Court,
4b5d2591f964a520805429e3,POI-36,Asian Restaurant,
4b5d2640f964a5209c5429e3,POI-88,Sandwich Place,
4b5d2673f964a520a25429e3,POI-115,Soup Place,
4b5d27a8f964a520d35429e3,POI-88,Sandwich Place,
4b5d2edaf964a520cc5529e3,POI-17,Chinese Restaurant,
4b5d2edcf964a520cd5529e3,POI-36,Asian Restaurant,
4b5d2fe4f964a520f45529e3,POI-44,Burger Joint,
4b5d302ff964a520fd5529e3,POI-17,Chinese Restaurant,
4b5d6431f964a5209b5b29e3,POI-66,Grocery Store,
4b5d6e5ff964a520d05c29e3,POI-53,Department Store,
4b5d70faf964a520235d29e3,POI-39,Restaurant,
4b5d8092f964a5202a5f29e3,POI-70,Korean Restaurant,
4b5d826ef964a520765f29e3,POI-80,Ice Cream Shop,
4b5d8670f964a520146029e3,POI-17,Chinese Restaurant,
4b5d901af964a5209d6129e3,POI-37,Thai Restaurant,
4b5d9b08f964a520386329e3,POI-44,Burger Joint,
4b5d9b49f964a5203e6329e3,POI-74,Fast Food Restaurant,
4b5da403f964a520b96429e3,POI-57,Miscellaneous Shop,
4b5da819f964a5206d6529e3,POI-66,Grocery Store,
4b5dc8b8f964a520706b29e3,POI-2,Bar,
4b5e5fbff964a520e88b29e3,POI-5,Gaming Cafe,
4b5e7201f964a520ff8e29e3,POI-46,Japanese Restaurant,
4b5e7534f964a520918f29e3,POI-81,Steakhouse,
4b5e75c9f964a520aa8f29e3,POI-17,Chinese Restaurant,
4b5e7732f964a520d88f29e3,POI-115,Soup Place,
4b5e796ff964a520299029e3,POI-98,Snack Place,
4b5e7d57f964a520af9029e3,POI-17,Chinese Restaurant,
4b5e801bf964a520049129e3,POI-52,Arts & Crafts Store,
4b5e8ce7f964a520589229e3,POI-88,Sandwich Place,
4b5e920ef964a520ce9229e3,POI-119,Record Shop,
4b5ea825f964a520289529e3,POI-89,Arcade,
4b5edab6f964a520099b29e3,POI-41,Ramen /  Noodle House,
4b5edeeff964a520c49b29e3,POI-46,Japanese Restaurant,
4b5ee59af964a520ea9c29e3,POI-42,Food Court,
4b5ee7b1f964a5204e9d29e3,POI-102,Bbq Joint,
4b5eea25f964a520b19d29e3,POI-56,Cosmetics Shop,
4b5eed95f964a520429e29e3,POI-110,Yoga Studio,
4b5eef92f964a520939e29e3,POI-36,Asian Restaurant,
4b5f0bf1f964a520baa329e3,POI-120,Cupcake Shop,
4b5f0d32f964a520e3a329e3,POI-18,Indian Restaurant,
4b5f7e6af964a520a1bd29e3,POI-17,Chinese Restaurant,
4b5f8aaff964a52078c029e3,POI-10,Coffee Shop,
4b5fc53bf964a52027cc29e3,POI-2,Bar,
4b5fc5cff964a5203dcc29e3,POI-83,Fried Chicken Joint,
4b5fc7f5f964a52081cc29e3,POI-37,Thai Restaurant,
4b5fce04f964a5205ecd29e3,POI-88,Sandwich Place,
4b5fce70f964a5206ccd29e3,POI-74,Fast Food Restaurant,
4b5fce9af964a52076cd29e3,POI-63,Bakery,
4b6013b1f964a52012d529e3,POI-72,Vietnamese Restaurant,
4b602848f964a520cfd729e3,POI-46,Japanese Restaurant,
4b6029e7f964a52012d829e3,POI-42,Food Court,
4b6033b7f964a520bbd929e3,POI-40,Seafood Restaurant,
4b6033d7f964a520c1d929e3,POI-10,Coffee Shop,
4b60373cf964a52060da29e3,POI-33,Italian Restaurant,
4b6037aff964a52073da29e3,POI-53,Department Store,
4b6039eaf964a520d4da29e3,POI-2,Bar,
4b603ebaf964a520a9db29e3,POI-44,Burger Joint,
4b603f48f964a520bedb29e3,POI-77,Sushi Restaurant,
4b604a6ff964a520f1dd29e3,POI-18,Indian Restaurant,
4b6060e1f964a520a2e229e3,POI-17,Chinese Restaurant,
4b609850f964a52052ef29e3,POI-2,Bar,
4b60d209f964a52080fb29e3,POI-89,Arcade,
4b610addf964a52081072ae3,POI-7,American Restaurant,
4b6125bdf964a520290b2ae3,POI-17,Chinese Restaurant,
4b6125fff964a520300b2ae3,POI-42,Food Court,
4b612675f964a5203a0b2ae3,POI-53,Department Store,
4b6126e4f964a520430b2ae3,POI-88,Sandwich Place,
4b612bd4f964a520e30b2ae3,POI-36,Asian Restaurant,
4b613a81f964a520840d2ae3,POI-89,Arcade,
4b6151dff964a52001102ae3,POI-14,Pub,
4b615a3bf964a520d9102ae3,POI-10,Coffee Shop,
4b6170d4f964a520a6132ae3,POI-69,Spa / Massage,
4b617270f964a520e4132ae3,POI-18,Indian Restaurant,
4b61730cf964a520fa132ae3,POI-57,Miscellaneous Shop,
4b617593f964a52044142ae3,POI-17,Chinese Restaurant,
4b61822af964a52023162ae3,POI-57,Miscellaneous Shop,
4b618572f964a5209f162ae3,POI-80,Ice Cream Shop,
4b618aaef964a52079172ae3,POI-46,Japanese Restaurant,
4b619dbdf964a5203d1a2ae3,POI-44,Burger Joint,
4b622813f964a52004392ae3,POI-42,Food Court,
4b62365cf964a520843c2ae3,POI-10,Coffee Shop,
4b6265f1f964a520e4452ae3,POI-7,American Restaurant,
4b626c4ff964a52007472ae3,POI-88,Sandwich Place,
4b627061f964a520ad472ae3,POI-36,Asian Restaurant,
4b6271edf964a520eb472ae3,POI-33,Italian Restaurant,
4b6288d6f964a5209f4a2ae3,POI-84,Boutique,
4b62be31f964a520fc502ae3,POI-40,Seafood Restaurant,
4b62bfd3f964a52034512ae3,POI-100,Sports Bar,
4b62c023f964a5203d512ae3,POI-67,Gym,
4b62c650f964a52029522ae3,POI-40,Seafood Restaurant,
4b62c6f8f964a52047522ae3,POI-84,Boutique,
4b62cd25f964a52042532ae3,POI-59,Men'S Store,
4b62cf69f964a520a4532ae3,POI-33,Italian Restaurant,
4b62d137f964a520ed532ae3,POI-83,Fried Chicken Joint,
4b62d561f964a5209a542ae3,POI-63,Bakery,
4b62d5cff964a520ab542ae3,POI-17,Chinese Restaurant,
4b62d8caf964a52043552ae3,POI-40,Seafood Restaurant,
4b62d9dbf964a5207c552ae3,POI-22,Dessert Shop,
4b62ddcbf964a52053562ae3,POI-72,Vietnamese Restaurant,
4b62e0f6f964a520fc562ae3,POI-7,American Restaurant,
4b62e1e9f964a5202a572ae3,POI-18,Indian Restaurant,
4b62e21ef964a52033572ae3,POI-2,Bar,
4b62e362f964a52065572ae3,POI-77,Sushi Restaurant,
4b62e805f964a5203d582ae3,POI-83,Fried Chicken Joint,
4b62ecb7f964a5201f592ae3,POI-17,Chinese Restaurant,
4b62f11ef964a520f1592ae3,POI-7,American Restaurant,
4b631139f964a520be602ae3,POI-96,Karaoke Bar,
4b63c1c1f964a5201b902ae3,POI-5,Gaming Cafe,
4b63cd0bf964a52034922ae3,POI-17,Chinese Restaurant,
4b63cdd4f964a5205b922ae3,POI-53,Department Store,
4b63e8e4f964a520b6962ae3,POI-7,American Restaurant,
4b63f70bf964a52009992ae3,POI-56,Cosmetics Shop,
4b6401e7f964a520039b2ae3,POI-84,Boutique,
4b640dbaf964a520149d2ae3,POI-42,Food Court,
4b641584f964a520489e2ae3,POI-46,Japanese Restaurant,
4b641ccbf964a520a69f2ae3,POI-42,Food Court,
4b641df9f964a520da9f2ae3,POI-41,Ramen /  Noodle House,
4b641e36f964a520df9f2ae3,POI-57,Miscellaneous Shop,
4b641f84f964a52019a02ae3,POI-121,Flea Market,
4b64228ef964a520b0a02ae3,POI-2,Bar,
4b642355f964a520d6a02ae3,POI-36,Asian Restaurant,
4b64235ef964a520daa02ae3,POI-41,Ramen /  Noodle House,
4b642400f964a520f6a02ae3,POI-74,Fast Food Restaurant,
4b642617f964a52050a12ae3,POI-84,Boutique,
4b64262af964a52053a12ae3,POI-52,Arts & Crafts Store,
4b64263df964a52059a12ae3,POI-40,Seafood Restaurant,
4b642ad9f964a5202ba22ae3,POI-84,Boutique,
4b642cbbf964a52085a22ae3,POI-46,Japanese Restaurant,
4b642ddef964a520c0a22ae3,POI-4,Resort,
4b642f91f964a52019a32ae3,POI-74,Fast Food Restaurant,
4b6432ecf964a520b4a32ae3,POI-37,Thai Restaurant,
4b643d9df964a520e4a52ae3,POI-46,Japanese Restaurant,
4b644038f964a52071a62ae3,POI-42,Food Court,
4b6447d2f964a5200fa82ae3,POI-22,Dessert Shop,
4b64e7a2f964a520d9d82ae3,POI-42,Food Court,
4b64e89af964a52020d92ae3,POI-26,Park,
4b650339f964a52065df2ae3,POI-53,Department Store,
4b650534f964a520e0df2ae3,POI-88,Sandwich Place,
4b650983f964a520dbe02ae3,POI-18,Indian Restaurant,
4b650d1ff964a52082e12ae3,POI-54,Clothing Store,
4b650dfcf964a520b6e12ae3,POI-74,Fast Food Restaurant,
4b650f0bf964a520f5e12ae3,POI-27,Art Gallery,
4b651053f964a5203ee22ae3,POI-83,Fried Chicken Joint,
4b651324f964a520ede22ae3,POI-17,Chinese Restaurant,
4b65160ff964a52077e32ae3,POI-17,Chinese Restaurant,
4b6517f0f964a520d8e32ae3,POI-18,Indian Restaurant,
4b651ea1f964a52013e52ae3,POI-10,Coffee Shop,
4b652f6af964a52004e82ae3,POI-17,Chinese Restaurant,
4b653659f964a5201de92ae3,POI-84,Boutique,
4b653c99f964a52014ea2ae3,POI-37,Thai Restaurant,
4b65406cf964a5209cea2ae3,POI-107,Pet Store,
4b6549dff964a52006ec2ae3,POI-10,Coffee Shop,
4b655619f964a520b6ed2ae3,POI-17,Chinese Restaurant,
4b655d2af964a52083ee2ae3,POI-37,Thai Restaurant,
4b656281f964a52021ef2ae3,POI-37,Thai Restaurant,
4b656c2af964a5201cf02ae3,POI-17,Chinese Restaurant,
4b656d0cf964a5203ef02ae3,POI-37,Thai Restaurant,
4b656f6af964a5207ff02ae3,POI-74,Fast Food Restaurant,
4b6578a9f964a520adf12ae3,POI-88,Sandwich Place,
4b657a65f964a520e0f12ae3,POI-46,Japanese Restaurant,
4b657b1df964a520f2f12ae3,POI-81,Steakhouse,
4b65850cf964a52025f32ae3,POI-74,Fast Food Restaurant,
4b658f2af964a5206ef42ae3,POI-32,Pizza Place,
4b663716f964a52055192be3,POI-10,Coffee Shop,
4b665c29f964a520231f2be3,POI-114,Video Game Store,
4b666248f964a520bb1f2be3,POI-10,Coffee Shop,
4b666385f964a520dd1f2be3,POI-42,Food Court,
4b6663b4f964a520e41f2be3,POI-42,Food Court,
4b666766f964a5206b202be3,POI-42,Food Court,
4b666be6f964a520eb202be3,POI-74,Fast Food Restaurant,
4b66904bf964a52049242be3,POI-61,Shoe Store,
4b66a2b7f964a52016262be3,POI-17,Chinese Restaurant,
4b66a60df964a52074262be3,POI-18,Indian Restaurant,
4b66aa4df964a520e1262be3,POI-122,Skate Park,
4b66b0cff964a52095272be3,POI-123,Convenience Store,
4b66b35ef964a520ea272be3,POI-83,Fried Chicken Joint,
4b66b3caf964a520f9272be3,POI-53,Department Store,
4b66ca35f964a520f52a2be3,POI-84,Boutique,
4b66cdaef964a5207a2b2be3,POI-66,Grocery Store,
4b66d216f964a5201e2c2be3,POI-94,Gas Station / Garage,
4b66d351f964a520572c2be3,POI-16,Australian Restaurant,
4b66d786f964a520092d2be3,POI-66,Grocery Store,
4b66d7b7f964a5200f2d2be3,POI-42,Food Court,
4b66e8ecf964a520ca2f2be3,POI-2,Bar,
4b676033f964a520224b2be3,POI-41,Ramen /  Noodle House,
4b67a704f964a52091592be3,POI-17,Chinese Restaurant,
4b67abd4f964a5204b5a2be3,POI-42,Food Court,
4b67ad9af964a520905a2be3,POI-42,Food Court,
4b67b061f964a520e35a2be3,POI-42,Food Court,
4b67b3eff964a520625b2be3,POI-74,Fast Food Restaurant,
4b67b5edf964a520a45b2be3,POI-88,Sandwich Place,
4b67b69ef964a520ba5b2be3,POI-83,Fried Chicken Joint,
4b67ba62f964a520225c2be3,POI-41,Ramen /  Noodle House,
4b67bc6cf964a5205c5c2be3,POI-124,Hot Dog Joint,
4b67bf81f964a5209f5c2be3,POI-46,Japanese Restaurant,
4b67c13ef964a520dd5c2be3,POI-74,Fast Food Restaurant,
4b67c4c9f964a520325d2be3,POI-84,Boutique,
4b67d608f964a520e25e2be3,POI-10,Coffee Shop,
4b67fea5f964a5204e632be3,POI-94,Gas Station / Garage,
4b67ffb8f964a5206b632be3,POI-36,Asian Restaurant,
4b680503f964a52031642be3,POI-84,Boutique,
4b68089cf964a520a8642be3,POI-80,Ice Cream Shop,
4b680d50f964a52063652be3,POI-83,Fried Chicken Joint,
4b6816d3f964a520c7662be3,POI-92,Salon / Barbershop,
4b6832adf964a5207e6b2be3,POI-19,French Restaurant,
4b68c57df964a5200f8c2be3,POI-42,Food Court,
4b68da0df964a52018902be3,POI-88,Sandwich Place,
4b68de0bf964a520dc902be3,POI-113,General Travel,
4b68fa58f964a520a4952be3,POI-18,Indian Restaurant,
4b68fe77f964a5203c962be3,POI-60,Automotive Shop,
4b6901d4f964a520b5962be3,POI-83,Fried Chicken Joint,
4b6908b3f964a52081972be3,POI-73,Electronics Store,
4b690fb4f964a52035982be3,POI-115,Soup Place,
4b6914c0f964a520b1982be3,POI-17,Chinese Restaurant,
4b691742f964a520df982be3,POI-88,Sandwich Place,
4b694186f964a5200a9d2be3,POI-74,Fast Food Restaurant,
4b6944b1f964a5204b9d2be3,POI-97,Donut Shop,
4b694edff964a5206a9e2be3,POI-115,Soup Place,
4b695485f964a520f59e2be3,POI-27,Art Gallery,
4b6954c1f964a520fc9e2be3,POI-41,Ramen /  Noodle House,
4b695515f964a520069f2be3,POI-103,Mobile Phone Shop,
4b695d83f964a52009a02be3,POI-94,Gas Station / Garage,
4b696379f964a520c6a02be3,POI-18,Indian Restaurant,
4b6963b6f964a520c8a02be3,POI-32,Pizza Place,
4b6963bef964a520c9a02be3,POI-7,American Restaurant,
4b6966f8f964a5201fa12be3,POI-44,Burger Joint,
4b696954f964a52066a12be3,POI-118,Wings Joint,
4b696e31f964a52004a22be3,POI-72,Vietnamese Restaurant,
4b697085f964a52065a22be3,POI-63,Bakery,
4b697776f964a5206da32be3,POI-88,Sandwich Place,
4b6a128af964a520ccc52be3,POI-10,Coffee Shop,
4b6a46d8f964a5206ed02be3,POI-92,Salon / Barbershop,
4b6a4c1ff964a5203dd12be3,POI-43,Vegetarian / Vegan Restaurant,
4b6a4e4df964a5208dd12be3,POI-44,Burger Joint,
4b6a4f40f964a520b4d12be3,POI-17,Chinese Restaurant,
4b6a4f7cf964a520bfd12be3,POI-44,Burger Joint,
4b6a554af964a52074d22be3,POI-92,Salon / Barbershop,
4b6a5930f964a52004d32be3,POI-90,Light Rail,
4b6a5d0ef964a52087d32be3,POI-88,Sandwich Place,
4b6a67bef964a520a1d42be3,POI-61,Shoe Store,
4b6a8179f964a52021d72be3,POI-10,Coffee Shop,
4b6a98ccf964a520c3d92be3,POI-53,Department Store,
4b6a999df964a520d4d92be3,POI-87,Car Dealership,
4b6a9b22f964a520f8d92be3,POI-39,Restaurant,
4b6a9f94f964a52039da2be3,POI-101,Breakfast Spot,
4b6aaa76f964a5206cdb2be3,POI-17,Chinese Restaurant,
4b6aafa4f964a52019dc2be3,POI-92,Salon / Barbershop,
4b6ab2bcf964a5208edc2be3,POI-42,Food Court,
4b6ab393f964a520a9dc2be3,POI-10,Coffee Shop,
4b6ab4bff964a520d3dc2be3,POI-66,Grocery Store,
4b6ab51ff964a520e7dc2be3,POI-66,Grocery Store,
4b6ab68ff964a52021dd2be3,POI-17,Chinese Restaurant,
4b6ab818f964a5205fdd2be3,POI-33,Italian Restaurant,
4b6ac65ff964a520b8df2be3,POI-42,Food Court,
4b6ac889f964a52025e02be3,POI-8,Gastropub,
4b6ad3b9f964a5203be22be3,POI-33,Italian Restaurant,
4b6ae06cf964a520cbe42be3,POI-17,Chinese Restaurant,
4b6b5fb6f964a5206e042ce3,POI-42,Food Court,
4b6b68a5f964a520d2062ce3,POI-102,Bbq Joint,
4b6b806af964a520b40c2ce3,POI-80,Ice Cream Shop,
4b6b95c0f964a52044112ce3,POI-39,Restaurant,
4b6b9991f964a520ec112ce3,POI-17,Chinese Restaurant,
4b6b9c37f964a5206b122ce3,POI-42,Food Court,
4b6ba0e3f964a5204e132ce3,POI-17,Chinese Restaurant,
4b6ba391f964a520c3132ce3,POI-42,Food Court,
4b6ba513f964a52006142ce3,POI-88,Sandwich Place,
4b6ba53df964a52011142ce3,POI-17,Chinese Restaurant,
4b6baca6f964a52024152ce3,POI-61,Shoe Store,
4b6bae1af964a5204f152ce3,POI-42,Food Court,
4b6bdbdef964a520b81a2ce3,POI-98,Snack Place,
4b6bf5b5f964a520611d2ce3,POI-77,Sushi Restaurant,
4b6bf5d3f964a520671d2ce3,POI-17,Chinese Restaurant,
4b6bf8fef964a520ea1d2ce3,POI-14,Pub,
4b6bfddbf964a520b41e2ce3,POI-17,Chinese Restaurant,
4b6c0164f964a5203e1f2ce3,POI-35,Dim Sum Restaurant,
4b6c06f9f964a52052202ce3,POI-37,Thai Restaurant,
4b6c0a5df964a520ec202ce3,POI-36,Asian Restaurant,
4b6c0c12f964a5203a212ce3,POI-33,Italian Restaurant,
4b6c0f85f964a520de212ce3,POI-33,Italian Restaurant,
4b6c15f8f964a52014232ce3,POI-125,Other Nightlife,
4b6c1ae7f964a5201f242ce3,POI-2,Bar,
4b6c3713f964a520ed292ce3,POI-14,Pub,
4b6c392bf964a5205a2a2ce3,POI-33,Italian Restaurant,
4b6c4bbbf964a5208a2e2ce3,POI-5,Gaming Cafe,
4b6c59bff964a520c8322ce3,POI-10,Coffee Shop,
4b6cb284f964a520184d2ce3,POI-94,Gas Station / Garage,
4b6cc5c4f964a5205b532ce3,POI-83,Fried Chicken Joint,
4b6ce031f964a520f15a2ce3,POI-55,Sporting Goods Shop,
4b6ce528f964a520365c2ce3,POI-46,Japanese Restaurant,
4b6cf244f964a5207d5f2ce3,POI-42,Food Court,
4b6cf76bf964a5209a602ce3,POI-50,Movie Theater,
4b6cfd01f964a520c5612ce3,POI-92,Salon / Barbershop,
4b6d0152f964a52097622ce3,POI-73,Electronics Store,
4b6d0211f964a520c0622ce3,POI-44,Burger Joint,
4b6d03c6f964a52011632ce3,POI-17,Chinese Restaurant,
4b6d072ef964a520ba632ce3,POI-63,Bakery,
4b6d0904f964a52014642ce3,POI-21,Lounge,
4b6d12b9f964a520af652ce3,POI-56,Cosmetics Shop,
4b6d15a0f964a5202b662ce3,POI-126,Music Store,
4b6d2517f964a520b3682ce3,POI-62,Jewelry Store,
4b6d2520f964a520b5682ce3,POI-92,Salon / Barbershop,
4b6d2e01f964a520446a2ce3,POI-98,Snack Place,
4b6d36eef964a520da6b2ce3,POI-18,Indian Restaurant,
4b6d4148f964a520c76d2ce3,POI-40,Seafood Restaurant,
4b6d42cbf964a520036e2ce3,POI-17,Chinese Restaurant,
4b6d44faf964a520826e2ce3,POI-39,Restaurant,
4b6d49fef964a520726f2ce3,POI-46,Japanese Restaurant,
4b6d4e8df964a5204f702ce3,POI-17,Chinese Restaurant,
4b6d50e7f964a520b3702ce3,POI-83,Fried Chicken Joint,
4b6d510ef964a520bb702ce3,POI-17,Chinese Restaurant,
4b6d5f9df964a5208c732ce3,POI-80,Ice Cream Shop,
4b6d61f7f964a520fa732ce3,POI-81,Steakhouse,
4b6d653ff964a520b2742ce3,POI-77,Sushi Restaurant,
4b6d7c8bf964a520b0772ce3,POI-96,Karaoke Bar,
4b6d7dd6f964a5200b782ce3,POI-77,Sushi Restaurant,
4b6d8b3ff964a520947b2ce3,POI-10,Coffee Shop,
4b6d9deaf964a520ac802ce3,POI-66,Grocery Store,
4b6dbaa6f964a520408a2ce3,POI-26,Park,
4b6e2781f964a52046ae2ce3,POI-46,Japanese Restaurant,
4b6e30a8f964a520a1b02ce3,POI-74,Fast Food Restaurant,
4b6e3844f964a52071b22ce3,POI-66,Grocery Store,
4b6e3cf3f964a5208db32ce3,POI-17,Chinese Restaurant,
4b6e4452f964a52038b52ce3,POI-42,Food Court,
4b6e4bbef964a520d2b62ce3,POI-22,Dessert Shop,
4b6e4c8af964a520fbb62ce3,POI-83,Fried Chicken Joint,
4b6e4efaf964a52074b72ce3,POI-17,Chinese Restaurant,
4b6e4ffaf964a520b1b72ce3,POI-46,Japanese Restaurant,
4b6e5680f964a5200fb92ce3,POI-43,Vegetarian / Vegan Restaurant,
4b6e6019f964a520beba2ce3,POI-46,Japanese Restaurant,
4b6e6a32f964a52082bc2ce3,POI-66,Grocery Store,
4b6e7a37f964a520f6be2ce3,POI-63,Bakery,
4b6e7ecaf964a520a7bf2ce3,POI-84,Boutique,
4b6e87acf964a520d2c02ce3,POI-22,Dessert Shop,
4b6e973af964a52021c32ce3,POI-17,Chinese Restaurant,
4b6e993af964a52072c32ce3,POI-101,Breakfast Spot,
4b6e9a05f964a52097c32ce3,POI-32,Pizza Place,
4b6e9a1cf964a5209cc32ce3,POI-18,Indian Restaurant,
4b6ead23f964a52039c62ce3,POI-39,Restaurant,
4b6eb867f964a520cec72ce3,POI-17,Chinese Restaurant,
4b6ecb7cf964a520e9ca2ce3,POI-17,Chinese Restaurant,
4b6ecc25f964a52002cb2ce3,POI-17,Chinese Restaurant,
4b6eccabf964a52014cb2ce3,POI-17,Chinese Restaurant,
4b6ecf36f964a5208ecb2ce3,POI-6,Tea Room,
4b6ed232f964a520ffcb2ce3,POI-10,Coffee Shop,
4b6ed290f964a52010cc2ce3,POI-42,Food Court,
4b6ed7d9f964a520fccc2ce3,POI-1,Wine Bar,
4b6ee15ff964a520c1ce2ce3,POI-46,Japanese Restaurant,
4b6f9207f964a52048f62ce3,POI-18,Indian Restaurant,
4b6f92a4f964a5206af62ce3,POI-115,Soup Place,
4b6f92eaf964a52077f62ce3,POI-17,Chinese Restaurant,
4b6f94d1f964a520c5f62ce3,POI-42,Food Court,
4b6f9511f964a520cff62ce3,POI-36,Asian Restaurant,
4b6f97c1f964a52028f72ce3,POI-103,Mobile Phone Shop,
4b6f9921f964a5205df72ce3,POI-119,Record Shop,
4b6f9f0ff964a52032f82ce3,POI-46,Japanese Restaurant,
4b6fe8daf964a520b8ff2ce3,POI-69,Spa / Massage,
4b6ff167f964a520e0002de3,POI-44,Burger Joint,
4b6ff7f9f964a520c3012de3,POI-84,Boutique,
4b6ff971f964a520f2012de3,POI-55,Sporting Goods Shop,
4b6ff974f964a520f4012de3,POI-36,Asian Restaurant,
4b70020df964a5202d032de3,POI-42,Food Court,
4b700708f964a52005042de3,POI-17,Chinese Restaurant,
4b7008bcf964a5203c042de3,POI-59,Men'S Store,
4b701d4af964a520b4072de3,POI-14,Pub,
4b701f58f964a520ea072de3,POI-18,Indian Restaurant,
4b702fecf964a520af0a2de3,POI-57,Miscellaneous Shop,
4b7031d2f964a520050b2de3,POI-2,Bar,
4b70ca1af964a520ba2e2de3,POI-115,Soup Place,
4b70cf1bf964a5209f2f2de3,POI-56,Cosmetics Shop,
4b70d58cf964a520ca302de3,POI-70,Korean Restaurant,
4b70e2d0f964a52013332de3,POI-56,Cosmetics Shop,
4b70eaa7f964a52031342de3,POI-81,Steakhouse,
4b70ec64f964a52066342de3,POI-44,Burger Joint,
4b70ecf0f964a52084342de3,POI-92,Salon / Barbershop,
4b70f38af964a52082352de3,POI-17,Chinese Restaurant,
4b70fa56f964a52062362de3,POI-41,Ramen /  Noodle House,
4b70fadcf964a5206c362de3,POI-55,Sporting Goods Shop,
4b7101e6f964a52035372de3,POI-80,Ice Cream Shop,
4b71283cf964a520743b2de3,POI-117,Bike Shop,
4b713ddbf964a520ce3d2de3,POI-54,Clothing Store,
4b713de9f964a520d33d2de3,POI-10,Coffee Shop,
4b7141d0f964a5204f3e2de3,POI-89,Arcade,
4b71461df964a520eb3e2de3,POI-73,Electronics Store,
4b7148b5f964a5205d3f2de3,POI-10,Coffee Shop,
4b714b85f964a520d53f2de3,POI-84,Boutique,
4b7151bef964a520ea402de3,POI-77,Sushi Restaurant,
4b715234f964a52005412de3,POI-83,Fried Chicken Joint,
4b7152c1f964a5201e412de3,POI-17,Chinese Restaurant,
4b715b26f964a52091422de3,POI-54,Clothing Store,
4b715e83f964a52035432de3,POI-46,Japanese Restaurant,
4b716ecef964a5206d462de3,POI-42,Food Court,
4b71ee6af964a520f3642de3,POI-94,Gas Station / Garage,
4b72083ef964a520266b2de3,POI-10,Coffee Shop,
4b721d96f964a520756f2de3,POI-7,American Restaurant,
4b7223c7f964a520ac702de3,POI-17,Chinese Restaurant,
4b72318bf964a52062732de3,POI-46,Japanese Restaurant,
4b7237baf964a52057742de3,POI-73,Electronics Store,
4b723a05f964a520b1742de3,POI-74,Fast Food Restaurant,
4b723a13f964a520b7742de3,POI-95,German Restaurant,
4b723b65f964a520f2742de3,POI-6,Tea Room,
4b72520ff964a520ae772de3,POI-37,Thai Restaurant,
4b725856f964a52051782de3,POI-66,Grocery Store,
4b72613af964a5204b792de3,POI-54,Clothing Store,
4b727762f964a520b57b2de3,POI-123,Convenience Store,
4b728678f964a520397d2de3,POI-1,Wine Bar,
4b729432f964a5202b7f2de3,POI-17,Chinese Restaurant,
4b729547f964a5205b7f2de3,POI-37,Thai Restaurant,
4b729d21f964a520a6802de3,POI-42,Food Court,
4b729db7f964a520bc802de3,POI-10,Coffee Shop,
4b72a1a6f964a5204a812de3,POI-77,Sushi Restaurant,
4b72b2a7f964a5203d842de3,POI-54,Clothing Store,
4b72b3acf964a5206d842de3,POI-97,Donut Shop,
4b72b945f964a52089852de3,POI-74,Fast Food Restaurant,
4b72bb63f964a520f1852de3,POI-10,Coffee Shop,
4b737c76f964a520d5b02de3,POI-77,Sushi Restaurant,
4b738bdff964a52075b32de3,POI-17,Chinese Restaurant,
4b738e96f964a520ebb32de3,POI-36,Asian Restaurant,
4b738f47f964a520fab32de3,POI-42,Food Court,
4b739090f964a52028b42de3,POI-42,Food Court,
4b73947ff964a520c5b42de3,POI-94,Gas Station / Garage,
4b7395aef964a520f9b42de3,POI-84,Boutique,
4b739872f964a5206cb52de3,POI-17,Chinese Restaurant,
4b73aa3bf964a520b7b72de3,POI-52,Arts & Crafts Store,
4b73b909f964a520adb92de3,POI-42,Food Court,
4b73dacbf964a520c8bd2de3,POI-117,Bike Shop,
4b73dcb0f964a52014be2de3,POI-74,Fast Food Restaurant,
4b73f3b8f964a52065c12de3,POI-46,Japanese Restaurant,
4b7402b3f964a520a8c32de3,POI-46,Japanese Restaurant,
4b74191ef964a520c7c72de3,POI-17,Chinese Restaurant,
4b74dac7f964a52061f52de3,POI-10,Coffee Shop,
4b74e01df964a5205af62de3,POI-108,Scandinavian Restaurant,
4b74e06ef964a52071f62de3,POI-36,Asian Restaurant,
4b74e192f964a5209af62de3,POI-10,Coffee Shop,
4b74e6faf964a5206cf72de3,POI-80,Ice Cream Shop,
4b74ea24f964a520e4f72de3,POI-33,Italian Restaurant,
4b74ecf9f964a5204df82de3,POI-14,Pub,
4b74edbff964a5206bf82de3,POI-106,Candy Store,
4b74f3b0f964a52026f92de3,POI-33,Italian Restaurant,
4b74fea4f964a52074fa2de3,POI-36,Asian Restaurant,
4b7510c1f964a520c5fc2de3,POI-10,Coffee Shop,
4b751c32f964a5203cfe2de3,POI-89,Arcade,
4b751dcbf964a52066fe2de3,POI-127,Internet Cafe,
4b752f3ff964a5205b002ee3,POI-42,Food Court,
4b753668f964a52041012ee3,POI-17,Chinese Restaurant,
4b7538dbf964a520a4012ee3,POI-99,Hookah Bar,
4b753a81f964a520dd012ee3,POI-17,Chinese Restaurant,
4b753bedf964a52021022ee3,POI-41,Ramen /  Noodle House,
4b753e15f964a52077022ee3,POI-42,Food Court,
4b75430cf964a52053032ee3,POI-46,Japanese Restaurant,
4b754fcbf964a520bd052ee3,POI-49,Multiplex,
4b7553ecf964a52088062ee3,POI-83,Fried Chicken Joint,
4b755490f964a520a5062ee3,POI-77,Sushi Restaurant,
4b75574cf964a5203b072ee3,POI-46,Japanese Restaurant,
4b7557faf964a5205c072ee3,POI-17,Chinese Restaurant,
4b75581af964a52061072ee3,POI-18,Indian Restaurant,
4b7559c5f964a520ba072ee3,POI-54,Clothing Store,
4b7559f6f964a520c6072ee3,POI-40,Seafood Restaurant,
4b755ba7f964a52010082ee3,POI-74,Fast Food Restaurant,
4b755c0ef964a52022082ee3,POI-53,Department Store,
4b755f57f964a520cd082ee3,POI-17,Chinese Restaurant,
4b76189ff964a520743c2ee3,POI-87,Car Dealership,
4b761a9cf964a520eb3c2ee3,POI-128,Kids Store,
4b76220ef964a520ea3e2ee3,POI-10,Coffee Shop,
4b762259f964a520003f2ee3,POI-40,Seafood Restaurant,
4b7622a5f964a520163f2ee3,POI-17,Chinese Restaurant,
4b762306f964a520323f2ee3,POI-46,Japanese Restaurant,
4b762337f964a520423f2ee3,POI-95,German Restaurant,
4b76236ef964a5204e3f2ee3,POI-129,Brazilian Restaurant,
4b7623a5f964a520613f2ee3,POI-17,Chinese Restaurant,
4b762481f964a520aa3f2ee3,POI-37,Thai Restaurant,
4b76250ef964a520cc3f2ee3,POI-89,Arcade,
4b762527f964a520d93f2ee3,POI-11,Nightclub,
4b7625c6f964a520fd3f2ee3,POI-17,Chinese Restaurant,
4b763840f964a520cf432ee3,POI-10,Coffee Shop,
4b763b2af964a52053442ee3,POI-69,Spa / Massage,
4b7643cdf964a520d8452ee3,POI-45,Indonesian Restaurant,
4b7645d0f964a5201e462ee3,POI-123,Convenience Store,
4b764ffaf964a520d1472ee3,POI-40,Seafood Restaurant,
4b765bfef964a5206b492ee3,POI-28,Plaza,
4b765d9af964a5209e492ee3,POI-92,Salon / Barbershop,
4b7664b2f964a520b94a2ee3,POI-80,Ice Cream Shop,
4b766999f964a520844b2ee3,POI-18,Indian Restaurant,
4b767180f964a520bc4c2ee3,POI-17,Chinese Restaurant,
4b767730f964a520744d2ee3,POI-17,Chinese Restaurant,
4b76866ff964a5205e502ee3,POI-65,Women'S Store,
4b768c9af964a52072512ee3,POI-18,Indian Restaurant,
4b769117f964a52049522ee3,POI-17,Chinese Restaurant,
4b76932af964a520a7522ee3,POI-17,Chinese Restaurant,
4b769af6f964a5201a542ee3,POI-10,Coffee Shop,
4b769b9bf964a52035542ee3,POI-17,Chinese Restaurant,
4b769dc9f964a520a6542ee3,POI-17,Chinese Restaurant,
4b76a273f964a5209b552ee3,POI-7,American Restaurant,
4b76c6b7f964a520655e2ee3,POI-130,Food Truck,
4b76e5f8f964a52069682ee3,POI-7,American Restaurant,
4b773808f964a520fb882ee3,POI-74,Fast Food Restaurant,
4b777e81f964a520ef9d2ee3,POI-74,Fast Food Restaurant,
4b7790c6f964a520d4a12ee3,POI-88,Sandwich Place,
4b77aa26f964a52019a62ee3,POI-11,Nightclub,
4b77afedf964a520e8a62ee3,POI-94,Gas Station / Garage,
4b77be08f964a520eaa82ee3,POI-32,Pizza Place,
4b77e7e7f964a5204cae2ee3,POI-31,Mexican Restaurant,
4b77e9a3f964a52083ae2ee3,POI-70,Korean Restaurant,
4b77eea2f964a5203aaf2ee3,POI-114,Video Game Store,
4b77f231f964a520b5af2ee3,POI-33,Italian Restaurant,
4b78b42af964a52094de2ee3,POI-26,Park,
4b78b612f964a520eade2ee3,POI-42,Food Court,
4b78c021f964a520c2e02ee3,POI-43,Vegetarian / Vegan Restaurant,
4b78c916f964a5204ce22ee3,POI-83,Fried Chicken Joint,
4b78d004f964a5204fe32ee3,POI-42,Food Court,
4b78dbdbf964a520cbe42ee3,POI-17,Chinese Restaurant,
4b790301f964a520eae82ee3,POI-73,Electronics Store,
4b791985f964a52089eb2ee3,POI-94,Gas Station / Garage,
4b792e90f964a5201eee2ee3,POI-33,Italian Restaurant,
4b793057f964a52060ee2ee3,POI-17,Chinese Restaurant,
4b79455ef964a520aaf12ee3,POI-18,Indian Restaurant,
4b794b53f964a520abf22ee3,POI-46,Japanese Restaurant,
4b79586df964a52011f52ee3,POI-42,Food Court,
4b799559f964a52043032fe3,POI-10,Coffee Shop,
4b79ddbaf964a5200c172fe3,POI-39,Restaurant,
4b79f4d3f964a5206a1c2fe3,POI-63,Bakery,
4b7a6171f964a520262b2fe3,POI-98,Snack Place,
4b7a625ff964a520432b2fe3,POI-61,Shoe Store,
4b7a6503f964a520a02b2fe3,POI-56,Cosmetics Shop,
4b7a6dfff964a5209d2c2fe3,POI-59,Men'S Store,
4b7a6f81f964a520cc2c2fe3,POI-46,Japanese Restaurant,
4b7a7a31f964a520002e2fe3,POI-41,Ramen /  Noodle House,
4b7a8108f964a520172f2fe3,POI-96,Karaoke Bar,
4b7a9255f964a520b1312fe3,POI-32,Pizza Place,
4b7a92cef964a520c9312fe3,POI-85,Furniture / Home Store,
4b7a95bbf964a52050322fe3,POI-80,Ice Cream Shop,
4b7aa701f964a5207c352fe3,POI-18,Indian Restaurant,
4b7aba82f964a5208f392fe3,POI-125,Other Nightlife,
4b7ac93bf964a520b33c2fe3,POI-10,Coffee Shop,
4b7b6e6af964a52046632fe3,POI-115,Soup Place,
4b7b78d5f964a520ce642fe3,POI-39,Restaurant,
4b7b85d5f964a5203c662fe3,POI-17,Chinese Restaurant,
4b7b8a84f964a520ca662fe3,POI-80,Ice Cream Shop,
4b7b954ff964a520ef672fe3,POI-22,Dessert Shop,
4b7ba1cef964a5204f692fe3,POI-84,Boutique,
4b7baf74f964a520d46a2fe3,POI-57,Miscellaneous Shop,
4b7bb7dbf964a520d16b2fe3,POI-84,Boutique,
4b7bc8fcf964a520206e2fe3,POI-77,Sushi Restaurant,
4b7bd1eff964a5205b6f2fe3,POI-46,Japanese Restaurant,
4b7bd2ccf964a520826f2fe3,POI-6,Tea Room,
4b7bd527f964a520d06f2fe3,POI-77,Sushi Restaurant,
4b7bda90f964a520bb702fe3,POI-62,Jewelry Store,
4b7cc2bef964a52074a42fe3,POI-41,Ramen /  Noodle House,
4b7cc3c4f964a520a4a42fe3,POI-74,Fast Food Restaurant,
4b7cc896f964a52061a52fe3,POI-18,Indian Restaurant,
4b7ccab6f964a520a3a52fe3,POI-10,Coffee Shop,
4b7cd96af964a5205aa72fe3,POI-33,Italian Restaurant,
4b7ce42ff964a5207fa82fe3,POI-64,New American Restaurant,
4b7cef96f964a520aea92fe3,POI-14,Pub,
4b7cf215f964a520fba92fe3,POI-57,Miscellaneous Shop,
4b7d0d51f964a5203aad2fe3,POI-131,Falafel Restaurant,
4b7d1821f964a52063ae2fe3,POI-36,Asian Restaurant,
4b7d2097f964a52078af2fe3,POI-41,Ramen /  Noodle House,
4b7d2808f964a520aab02fe3,POI-17,Chinese Restaurant,
4b7d3c8df964a52015b42fe3,POI-1,Wine Bar,
4b7d3ecdf964a52072b42fe3,POI-80,Ice Cream Shop,
4b7d48c9f964a52059b62fe3,POI-14,Pub,
4b7e09b8f964a5203ce02fe3,POI-17,Chinese Restaurant,
4b7e0c25f964a520b1e02fe3,POI-46,Japanese Restaurant,
4b7e1717f964a52066e22fe3,POI-110,Yoga Studio,
4b7e1b81f964a520fae22fe3,POI-40,Seafood Restaurant,
4b7e1fb7f964a52095e32fe3,POI-39,Restaurant,
4b7e5753f964a52002ea2fe3,POI-119,Record Shop,
4b7e6a8cf964a52039ec2fe3,POI-17,Chinese Restaurant,
4b7e6eacf964a520e1ec2fe3,POI-84,Boutique,
4b7e721ef964a52058ed2fe3,POI-74,Fast Food Restaurant,
4b7e729ff964a52073ed2fe3,POI-68,Gym / Fitness Center,
4b7e786bf964a52067ee2fe3,POI-17,Chinese Restaurant,
4b7e79cff964a520a7ee2fe3,POI-46,Japanese Restaurant,
4b7e79daf964a520a9ee2fe3,POI-52,Arts & Crafts Store,
4b7e7cd5f964a5202bef2fe3,POI-52,Arts & Crafts Store,
4b7e8532f964a520b3f02fe3,POI-42,Food Court,
4b7e8814f964a52043f12fe3,POI-42,Food Court,
4b7e90b6f964a520fcf22fe3,POI-42,Food Court,
4b7e9bd0f964a52032f52fe3,POI-1,Wine Bar,
4b7eb693f964a520a9fa2fe3,POI-91,Food & Drink Shop,
4b7ecb8df964a5200a0030e3,POI-98,Snack Place,
4b7ef777f964a520f80c30e3,POI-91,Food & Drink Shop,
4b7f3da7f964a520a12130e3,POI-42,Food Court,
4b7f46e6f964a520612430e3,POI-94,Gas Station / Garage,
4b7f5566f964a520272830e3,POI-66,Grocery Store,
4b7f5c7af964a520002a30e3,POI-32,Pizza Place,
4b7f6885f964a5200a2d30e3,POI-17,Chinese Restaurant,
4b7f6ffcf964a5209e2e30e3,POI-32,Pizza Place,
4b7f7891f964a520693030e3,POI-44,Burger Joint,
4b7f7f9ef964a520c53130e3,POI-13,Diner,
4b7f8a03f964a5208f3330e3,POI-17,Chinese Restaurant,
4b7f8ca7f964a520043430e3,POI-80,Ice Cream Shop,
4b7f8cb6f964a520093430e3,POI-17,Chinese Restaurant,
4b7f9463f964a5203a3530e3,POI-10,Coffee Shop,
4b7fb287f964a5209b3930e3,POI-10,Coffee Shop,
4b7fb4a5f964a520db3930e3,POI-40,Seafood Restaurant,
4b7fcf78f964a520bb3e30e3,POI-10,Coffee Shop,
4b7fd15cf964a5201a3f30e3,POI-40,Seafood Restaurant,
4b7fd2b7f964a520603f30e3,POI-74,Fast Food Restaurant,
4b7fd4bcf964a520c43f30e3,POI-7,American Restaurant,
4b7fe255f964a520634230e3,POI-46,Japanese Restaurant,
4b7ff999f964a520fb4730e3,POI-94,Gas Station / Garage,
4b802983f964a520175830e3,POI-40,Seafood Restaurant,
4b809aebf964a520708030e3,POI-67,Gym,
4b80b7d4f964a5201b8830e3,POI-10,Coffee Shop,
4b80b8b3f964a5205a8830e3,POI-41,Ramen /  Noodle House,
4b80bfcdf964a520ed8930e3,POI-45,Indonesian Restaurant,
4b80c0cdf964a5202c8a30e3,POI-74,Fast Food Restaurant,
4b80c5b7f964a520428b30e3,POI-41,Ramen /  Noodle House,
4b80c6f3f964a520868b30e3,POI-101,Breakfast Spot,
4b80ea58f964a520bb9130e3,POI-54,Clothing Store,
4b8100f7f964a520e79430e3,POI-17,Chinese Restaurant,
4b8116c2f964a5204a9630e3,POI-70,Korean Restaurant,
4b811cecf964a520399730e3,POI-17,Chinese Restaurant,
4b81217ff964a520cd9730e3,POI-1,Wine Bar,
4b812417f964a520299830e3,POI-17,Chinese Restaurant,
4b812597f964a5205f9830e3,POI-42,Food Court,
4b8189a6f964a52068ad30e3,POI-17,Chinese Restaurant,
4b81cfbdf964a5205abf30e3,POI-63,Bakery,
4b81eca2f964a52031c430e3,POI-63,Bakery,
4b8204f9f964a520ecc730e3,POI-130,Food Truck,
4b82052cf964a520f9c730e3,POI-88,Sandwich Place,
4b8205f2f964a5201ac830e3,POI-17,Chinese Restaurant,
4b820bf1f964a520fbc830e3,POI-115,Soup Place,
4b821175f964a5209ac930e3,POI-80,Ice Cream Shop,
4b821616f964a52026ca30e3,POI-73,Electronics Store,
4b824321f964a52070ce30e3,POI-81,Steakhouse,
4b8245f4f964a520c3ce30e3,POI-36,Asian Restaurant,
4b8261fff964a5201dd130e3,POI-33,Italian Restaurant,
4b8269caf964a52008d230e3,POI-73,Electronics Store,
4b826e06f964a5209bd230e3,POI-26,Park,
4b82701af964a520ebd230e3,POI-40,Seafood Restaurant,
4b8270a5f964a52003d330e3,POI-41,Ramen /  Noodle House,
4b827262f964a5204dd330e3,POI-75,Bowling Alley,
4b8272e7f964a52064d330e3,POI-40,Seafood Restaurant,
4b827329f964a5206fd330e3,POI-83,Fried Chicken Joint,
4b827a7ef964a520a1d430e3,POI-17,Chinese Restaurant,
4b827b2ff964a520bfd430e3,POI-40,Seafood Restaurant,
4b827fe7f964a5207fd530e3,POI-39,Restaurant,
4b82835df964a52023d630e3,POI-33,Italian Restaurant,
4b829138f964a520a5d830e3,POI-89,Arcade,
4b82983cf964a520ded930e3,POI-41,Ramen /  Noodle House,
4b82dbc5f964a5205fe930e3,POI-98,Snack Place,
4b833997f964a52030fe30e3,POI-46,Japanese Restaurant,
4b83560bf964a520e90231e3,POI-44,Burger Joint,
4b835765f964a520230331e3,POI-63,Bakery,
4b835863f964a520480331e3,POI-36,Asian Restaurant,
4b835c7df964a520db0331e3,POI-43,Vegetarian / Vegan Restaurant,
4b8362c5f964a520be0431e3,POI-10,Coffee Shop,
4b8366d4f964a5204c0531e3,POI-44,Burger Joint,
4b8367c2f964a520710531e3,POI-41,Ramen /  Noodle House,
4b838773f964a520d30831e3,POI-22,Dessert Shop,
4b83a7fef964a520f90b31e3,POI-92,Salon / Barbershop,
4b83a9e2f964a5201b0c31e3,POI-6,Tea Room,
4b83ba03f964a5205b0e31e3,POI-33,Italian Restaurant,
4b83c01af964a520130f31e3,POI-37,Thai Restaurant,
4b83ca49f964a5209a1031e3,POI-103,Mobile Phone Shop,
4b840cc7f964a520611d31e3,POI-63,Bakery,
4b8484f4f964a520ee3931e3,POI-89,Arcade,
4b84861df964a520233a31e3,POI-91,Food & Drink Shop,
4b84ab9df964a5207a4031e3,POI-17,Chinese Restaurant,
4b84b068f964a5201f4131e3,POI-17,Chinese Restaurant,
4b84b257f964a520644131e3,POI-37,Thai Restaurant,
4b84b3c0f964a520a24131e3,POI-42,Food Court,
4b84b44af964a520b24131e3,POI-17,Chinese Restaurant,
4b84b678f964a520fd4131e3,POI-42,Food Court,
4b84b9baf964a520614231e3,POI-36,Asian Restaurant,
4b84bd02f964a520cc4231e3,POI-81,Steakhouse,
4b84bfc2f964a520164331e3,POI-27,Art Gallery,
4b84c044f964a520274331e3,POI-77,Sushi Restaurant,
4b84e425f964a520c64631e3,POI-39,Restaurant,
4b84f70bf964a520654831e3,POI-69,Spa / Massage,
4b84fb2cf964a520784831e3,POI-115,Soup Place,
4b850b10f964a520b14931e3,POI-74,Fast Food Restaurant,
4b851c01f964a520604c31e3,POI-17,Chinese Restaurant,
4b8528cbf964a520a64e31e3,POI-94,Gas Station / Garage,
4b852a4ff964a520ef4e31e3,POI-57,Miscellaneous Shop,
4b852ee8f964a520c04f31e3,POI-17,Chinese Restaurant,
4b853711f964a5202f5131e3,POI-41,Ramen /  Noodle House,
4b85408bf964a520f25231e3,POI-74,Fast Food Restaurant,
4b8543e7f964a520935331e3,POI-14,Pub,
4b85fea7f964a520eb7c31e3,POI-92,Salon / Barbershop,
4b85fedaf964a520ef7c31e3,POI-22,Dessert Shop,
4b8600f0f964a520307d31e3,POI-55,Sporting Goods Shop,
4b8602d7f964a520687d31e3,POI-39,Restaurant,
4b86050ef964a520b17d31e3,POI-18,Indian Restaurant,
4b8608e3f964a520287e31e3,POI-10,Coffee Shop,
4b860f2ef964a520ec7e31e3,POI-42,Food Court,
4b861863f964a520b87f31e3,POI-83,Fried Chicken Joint,
4b8623b7f964a520f58031e3,POI-5,Gaming Cafe,
4b8624f8f964a5200f8131e3,POI-10,Coffee Shop,
4b8631fef964a520578231e3,POI-46,Japanese Restaurant,
4b863f97f964a520cd8331e3,POI-7,American Restaurant,
4b8645acf964a520658431e3,POI-17,Chinese Restaurant,
4b8655f3f964a5207b8631e3,POI-55,Sporting Goods Shop,
4b866292f964a5202e8831e3,POI-17,Chinese Restaurant,
4b866b02f964a520498931e3,POI-44,Burger Joint,
4b86872ff964a520188e31e3,POI-44,Burger Joint,
4b868918f964a5206c8e31e3,POI-17,Chinese Restaurant,
4b869035f964a520b68f31e3,POI-18,Indian Restaurant,
4b874d9ff964a520d6ba31e3,POI-74,Fast Food Restaurant,
4b874da1f964a520d8ba31e3,POI-94,Gas Station / Garage,
4b875234f964a5206abb31e3,POI-17,Chinese Restaurant,
4b87528cf964a52073bb31e3,POI-17,Chinese Restaurant,
4b8753b1f964a52099bb31e3,POI-37,Thai Restaurant,
4b875431f964a520acbb31e3,POI-44,Burger Joint,
4b87544ef964a520b2bb31e3,POI-37,Thai Restaurant,
4b87675df964a52075be31e3,POI-74,Fast Food Restaurant,
4b877540f964a520cebf31e3,POI-77,Sushi Restaurant,
4b879f77f964a520bac431e3,POI-77,Sushi Restaurant,
4b87a16af964a52004c531e3,POI-7,American Restaurant,
4b87a343f964a52046c531e3,POI-57,Miscellaneous Shop,
4b87a49ff964a52083c531e3,POI-42,Food Court,
4b87a87bf964a52011c631e3,POI-44,Burger Joint,
4b87ab23f964a52075c631e3,POI-70,Korean Restaurant,
4b87aceef964a520c3c631e3,POI-42,Food Court,
4b87b24df964a52096c731e3,POI-73,Electronics Store,
4b87bb1af964a52019c931e3,POI-74,Fast Food Restaurant,
4b87bb8af964a5202ec931e3,POI-17,Chinese Restaurant,
4b87beacf964a520d6c931e3,POI-40,Seafood Restaurant,
4b87bf40f964a520f8c931e3,POI-24,Malaysian Restaurant,
4b87bf7cf964a52001ca31e3,POI-33,Italian Restaurant,
4b87ce83f964a520e4cc31e3,POI-19,French Restaurant,
4b87d0aef964a52054cd31e3,POI-14,Pub,
4b87dac0f964a52060cf31e3,POI-2,Bar,
4b87e426f964a52060d131e3,POI-17,Chinese Restaurant,
4b87f257f964a5206cd431e3,POI-17,Chinese Restaurant,
4b887b11f964a52012fb31e3,POI-10,Coffee Shop,
4b887b99f964a5203efb31e3,POI-57,Miscellaneous Shop,
4b888327f964a52056fd31e3,POI-63,Bakery,
4b888dc7f964a520490032e3,POI-66,Grocery Store,
4b889907f964a520660332e3,POI-17,Chinese Restaurant,
4b889fc0f964a520310532e3,POI-7,American Restaurant,
4b88a990f964a5206b0732e3,POI-17,Chinese Restaurant,
4b88af60f964a520950832e3,POI-46,Japanese Restaurant,
4b88b35ef964a5208e0932e3,POI-66,Grocery Store,
4b88b7b6f964a5205b0a32e3,POI-77,Sushi Restaurant,
4b88bb77f964a520170b32e3,POI-69,Spa / Massage,
4b88bc6bf964a5203e0b32e3,POI-18,Indian Restaurant,
4b88cacdf964a5209f0d32e3,POI-17,Chinese Restaurant,
4b88d2b6f964a5201c0f32e3,POI-61,Shoe Store,
4b88d878f964a520261032e3,POI-56,Cosmetics Shop,
4b88eb32f964a5206b1332e3,POI-92,Salon / Barbershop,
4b88f75df964a520b31532e3,POI-63,Bakery,
4b88fb4cf964a5207e1632e3,POI-94,Gas Station / Garage,
4b8902b3f964a520031832e3,POI-2,Bar,
4b89044ef964a520531832e3,POI-95,German Restaurant,
4b8906c6f964a520db1832e3,POI-46,Japanese Restaurant,
4b89071af964a520e81832e3,POI-77,Sushi Restaurant,
4b8907b2f964a520051932e3,POI-87,Car Dealership,
4b890cb6f964a520fd1932e3,POI-17,Chinese Restaurant,
4b890f35f964a520811a32e3,POI-10,Coffee Shop,
4b890f87f964a520941a32e3,POI-2,Bar,
4b89191ef964a5208f1c32e3,POI-17,Chinese Restaurant,
4b89196ef964a520a31c32e3,POI-80,Ice Cream Shop,
4b891af9f964a520fb1c32e3,POI-17,Chinese Restaurant,
4b892d46f964a520122132e3,POI-10,Coffee Shop,
4b893b2df964a520a72432e3,POI-30,Water Park,
4b8940eef964a520322632e3,POI-14,Pub,
4b8942e1f964a520bb2632e3,POI-94,Gas Station / Garage,
4b8943f3f964a5200c2732e3,POI-63,Bakery,
4b894d0ef964a520bc2932e3,POI-75,Bowling Alley,
4b895722f964a520f22c32e3,POI-11,Nightclub,
4b89e2c7f964a520e65332e3,POI-89,Arcade,
4b89e662f964a520e65432e3,POI-57,Miscellaneous Shop,
4b89e6c4f964a5200b5532e3,POI-54,Clothing Store,
4b89f35bf964a520375832e3,POI-10,Coffee Shop,
4b89fd73f964a5206f5a32e3,POI-26,Park,
4b8a0864f964a520955c32e3,POI-54,Clothing Store,
4b8a0d01f964a5209b5d32e3,POI-36,Asian Restaurant,
4b8a29d3f964a520696232e3,POI-84,Boutique,
4b8a2ecaf964a520266332e3,POI-73,Electronics Store,
4b8a367cf964a520436432e3,POI-17,Chinese Restaurant,
4b8a36f4f964a520556432e3,POI-65,Women'S Store,
4b8a3f16f964a5208b6532e3,POI-56,Cosmetics Shop,
4b8a4522f964a520756632e3,POI-46,Japanese Restaurant,
4b8a4665f964a520a26632e3,POI-54,Clothing Store,
4b8a498bf964a520136732e3,POI-46,Japanese Restaurant,
4b8a4b3ff964a5204d6732e3,POI-107,Pet Store,
4b8a509bf964a5201e6832e3,POI-17,Chinese Restaurant,
4b8a531cf964a5207b6832e3,POI-54,Clothing Store,
4b8a53a8f964a520996832e3,POI-17,Chinese Restaurant,
4b8a5583f964a520f86832e3,POI-56,Cosmetics Shop,
4b8a5dc5f964a5201e6a32e3,POI-37,Thai Restaurant,
4b8a5ec7f964a520486a32e3,POI-61,Shoe Store,
4b8a5fb1f964a5206d6a32e3,POI-55,Sporting Goods Shop,
4b8a63a0f964a520fa6a32e3,POI-10,Coffee Shop,
4b8a6ae3f964a520ff6b32e3,POI-17,Chinese Restaurant,
4b8a6d2cf964a5205d6c32e3,POI-17,Chinese Restaurant,
4b8a7716f964a520ee6d32e3,POI-39,Restaurant,
4b8b433ff964a520fc9932e3,POI-66,Grocery Store,
4b8b46c0f964a520899a32e3,POI-17,Chinese Restaurant,
4b8b4875f964a520c79a32e3,POI-17,Chinese Restaurant,
4b8b4945f964a520e69a32e3,POI-98,Snack Place,
4b8b51eff964a5202d9c32e3,POI-41,Ramen /  Noodle House,
4b8b5284f964a5203b9c32e3,POI-17,Chinese Restaurant,
4b8b5472f964a520729c32e3,POI-132,Filipino Restaurant,
4b8b5867f964a520ee9c32e3,POI-91,Food & Drink Shop,
4b8b5dabf964a520a09d32e3,POI-2,Bar,
4b8b6d61f964a520329f32e3,POI-54,Clothing Store,
4b8b8677f964a520d3a132e3,POI-57,Miscellaneous Shop,
4b8b8883f964a52012a232e3,POI-62,Jewelry Store,
4b8b88acf964a52019a232e3,POI-94,Gas Station / Garage,
4b8ba410f964a5205fa532e3,POI-91,Food & Drink Shop,
4b8ba632f964a520a5a532e3,POI-10,Coffee Shop,
4b8ba6eef964a520c2a532e3,POI-17,Chinese Restaurant,
4b8baf58f964a520f1a632e3,POI-110,Yoga Studio,
4b8bb3bef964a52099a732e3,POI-17,Chinese Restaurant,
4b8bb6c5f964a52015a832e3,POI-42,Food Court,
4b8bb850f964a52047a832e3,POI-17,Chinese Restaurant,
4b8bccc3f964a520fcab32e3,POI-42,Food Court,
4b8be6d6f964a52069b132e3,POI-123,Convenience Store,
4b8c6359f964a5203ece32e3,POI-42,Food Court,
4b8c6761f964a5200acf32e3,POI-98,Snack Place,
4b8c7558f964a520cad132e3,POI-17,Chinese Restaurant,
4b8c8fa4f964a520a2d632e3,POI-89,Arcade,
4b8c9153f964a520e0d632e3,POI-70,Korean Restaurant,
4b8c93fbf964a52033d732e3,POI-42,Food Court,
4b8c9510f964a52051d732e3,POI-42,Food Court,
4b8c96fcf964a52099d732e3,POI-17,Chinese Restaurant,
4b8c9f75f964a52091d832e3,POI-24,Malaysian Restaurant,
4b8ca4c6f964a52044d932e3,POI-73,Electronics Store,
4b8ca901f964a520b3d932e3,POI-57,Miscellaneous Shop,
4b8cafb4f964a52077da32e3,POI-44,Burger Joint,
4b8cb124f964a520a5da32e3,POI-63,Bakery,
4b8cb992f964a5208adb32e3,POI-73,Electronics Store,
4b8ccca1f964a52076dd32e3,POI-107,Pet Store,
4b8ce3a6f964a520f0df32e3,POI-33,Italian Restaurant,
4b8ceee3f964a5204de132e3,POI-92,Salon / Barbershop,
4b8cf3e0f964a52015e232e3,POI-27,Art Gallery,
4b8cf788f964a5208de232e3,POI-98,Snack Place,
4b8cfae0f964a52008e332e3,POI-38,Middle Eastern Restaurant,
4b8cfda4f964a5206ae332e3,POI-48,Theater,
4b8cfec2f964a5209de332e3,POI-54,Clothing Store,
4b8d0560f964a520a5e432e3,POI-22,Dessert Shop,
4b8d0bd4f964a520b9e532e3,POI-26,Park,
4b8d235ef964a520d2e932e3,POI-83,Fried Chicken Joint,
4b8d37fef964a5200cee32e3,POI-41,Ramen /  Noodle House,
4b8d4f30f964a52091f332e3,POI-11,Nightclub,
4b8dce6cf964a520780e33e3,POI-83,Fried Chicken Joint,
4b8de399f964a520341233e3,POI-10,Coffee Shop,
4b8de957f964a520141333e3,POI-36,Asian Restaurant,
4b8debc8f964a5204f1333e3,POI-41,Ramen /  Noodle House,
4b8dee68f964a520ae1333e3,POI-73,Electronics Store,
4b8e0090f964a520ab1533e3,POI-17,Chinese Restaurant,
4b8e0f99f964a520371733e3,POI-22,Dessert Shop,
4b8e13a3f964a520a71733e3,POI-42,Food Court,
4b8e1c1ff964a520931833e3,POI-73,Electronics Store,
4b8e21b5f964a520311933e3,POI-54,Clothing Store,
4b8e2257f964a5203f1933e3,POI-56,Cosmetics Shop,
4b8e238bf964a520631933e3,POI-84,Boutique,
4b8e4280f964a520291d33e3,POI-21,Lounge,
4b8e5fa3f964a520891f33e3,POI-10,Coffee Shop,
4b8e6318f964a520502033e3,POI-18,Indian Restaurant,
4b8e6499f964a520942033e3,POI-77,Sushi Restaurant,
4b8e6c05f964a520eb2133e3,POI-61,Shoe Store,
4b8e701ef964a520ab2233e3,POI-89,Arcade,
4b8eff9ef964a5208c4333e3,POI-90,Light Rail,
4b8f143af964a520ff4733e3,POI-90,Light Rail,
4b8f22c2f964a520a94a33e3,POI-55,Sporting Goods Shop,
4b8f27bef964a5207d4b33e3,POI-53,Department Store,
4b8f3b87f964a520bb4e33e3,POI-55,Sporting Goods Shop,
4b8f3c4cf964a520d24e33e3,POI-88,Sandwich Place,
4b8f4229f964a5207e4f33e3,POI-13,Diner,
4b8f43aaf964a520a84f33e3,POI-83,Fried Chicken Joint,
4b8f48cff964a520615033e3,POI-42,Food Court,
4b8f4bd2f964a520b75033e3,POI-106,Candy Store,
4b8f4efef964a5200b5133e3,POI-17,Chinese Restaurant,
4b8f553df964a520b05133e3,POI-17,Chinese Restaurant,
4b8f5de5f964a520995233e3,POI-42,Food Court,
4b8f5fe0f964a520c65233e3,POI-42,Food Court,
4b8f838ef964a520b35633e3,POI-46,Japanese Restaurant,
4b8f902af964a5202a5833e3,POI-40,Seafood Restaurant,
4b8f95f1f964a520fe5833e3,POI-66,Grocery Store,
4b8f99f0f964a520925933e3,POI-26,Park,
4b8f9b87f964a520c25933e3,POI-10,Coffee Shop,
4b8f9d64f964a520005a33e3,POI-46,Japanese Restaurant,
4b8fa5adf964a520605b33e3,POI-37,Thai Restaurant,
4b8fabfcf964a520565c33e3,POI-42,Food Court,
4b8fb26df964a5209a5d33e3,POI-33,Italian Restaurant,
4b8fb2a4f964a520a35d33e3,POI-66,Grocery Store,
4b8fdab8f964a520a46533e3,POI-116,Beer Garden,
4b905588f964a520cb8433e3,POI-63,Bakery,
4b907390f964a520ea8a33e3,POI-89,Arcade,
4b90865cf964a520818e33e3,POI-42,Food Court,
4b908a8df964a520278f33e3,POI-133,Salad Place,
4b90943ff964a520d59033e3,POI-46,Japanese Restaurant,
4b9096d7f964a5203e9133e3,POI-66,Grocery Store,
4b9097bdf964a520649133e3,POI-14,Pub,
4b909e3bf964a5205d9233e3,POI-41,Ramen /  Noodle House,
4b90a4d4f964a520229333e3,POI-18,Indian Restaurant,
4b90b3a6f964a520c39433e3,POI-60,Automotive Shop,
4b90bd9ef964a520f09533e3,POI-84,Boutique,
4b90c1e9f964a5206b9633e3,POI-26,Park,
4b90cb96f964a5209a9733e3,POI-61,Shoe Store,
4b90e12cf964a520c79a33e3,POI-65,Women'S Store,
4b90fabef964a520629d33e3,POI-74,Fast Food Restaurant,
4b90fbecf964a5209a9d33e3,POI-103,Mobile Phone Shop,
4b910121f964a5209e9e33e3,POI-80,Ice Cream Shop,
4b91087df964a52011a033e3,POI-17,Chinese Restaurant,
4b910942f964a5203da033e3,POI-39,Restaurant,
4b910adbf964a52088a033e3,POI-80,Ice Cream Shop,
4b911562f964a520eca233e3,POI-46,Japanese Restaurant,
4b91be33f964a5202ed433e3,POI-60,Automotive Shop,
4b91c1abf964a5202ad533e3,POI-17,Chinese Restaurant,
4b91c6f3f964a520a6d633e3,POI-91,Food & Drink Shop,
4b91d637f964a520bada33e3,POI-46,Japanese Restaurant,
4b91d894f964a52047db33e3,POI-115,Soup Place,
4b91e758f964a5209fde33e3,POI-123,Convenience Store,
4b91ea35f964a52031df33e3,POI-80,Ice Cream Shop,
4b91eae0f964a5205adf33e3,POI-36,Asian Restaurant,
4b91fee5f964a520b1e233e3,POI-60,Automotive Shop,
4b91ff15f964a520b6e233e3,POI-113,General Travel,
4b920266f964a5204ae333e3,POI-99,Hookah Bar,
4b920879f964a5203de433e3,POI-92,Salon / Barbershop,
4b920bb1f964a520d0e433e3,POI-60,Automotive Shop,
4b921f07f964a5203be833e3,POI-54,Clothing Store,
4b922565f964a52047e933e3,POI-54,Clothing Store,
4b922a53f964a52049ea33e3,POI-57,Miscellaneous Shop,
4b9231bbf964a520bceb33e3,POI-17,Chinese Restaurant,
4b9236b3f964a520aaec33e3,POI-70,Korean Restaurant,
4b923e8af964a5202bee33e3,POI-7,American Restaurant,
4b923efdf964a5203aee33e3,POI-81,Steakhouse,
4b9246a6f964a52085ef33e3,POI-17,Chinese Restaurant,
4b92483ef964a520e8ef33e3,POI-46,Japanese Restaurant,
4b925288f964a5201af233e3,POI-42,Food Court,
4b9253daf964a52063f233e3,POI-80,Ice Cream Shop,
4b925621f964a520e2f233e3,POI-41,Ramen /  Noodle House,
4b925753f964a52032f333e3,POI-55,Sporting Goods Shop,
4b92579ef964a52045f333e3,POI-84,Boutique,
4b925af3f964a5200ff433e3,POI-94,Gas Station / Garage,
4b926c20f964a52060f833e3,POI-89,Arcade,
4b9288aff964a520d60134e3,POI-39,Restaurant,
4b9311dff964a520ec3234e3,POI-18,Indian Restaurant,
4b93176af964a5206d3434e3,POI-92,Salon / Barbershop,
4b933f37f964a520233d34e3,POI-6,Tea Room,
4b93422cf964a520983d34e3,POI-53,Department Store,
4b934301f964a520b43d34e3,POI-56,Cosmetics Shop,
4b93441df964a520e23d34e3,POI-10,Coffee Shop,
4b9346f0f964a520423e34e3,POI-62,Jewelry Store,
4b934d5cf964a5203d3f34e3,POI-63,Bakery,
4b934d5df964a5203f3f34e3,POI-22,Dessert Shop,
4b937175f964a520124434e3,POI-92,Salon / Barbershop,
4b93739ff964a5206d4434e3,POI-36,Asian Restaurant,
4b937f4bf964a520064634e3,POI-2,Bar,
4b938294f964a520794634e3,POI-77,Sushi Restaurant,
4b938421f964a520af4634e3,POI-17,Chinese Restaurant,
4b938740f964a5202b4734e3,POI-54,Clothing Store,
4b9399b2f964a520d04934e3,POI-70,Korean Restaurant,
4b93a390f964a520364b34e3,POI-5,Gaming Cafe,
4b942f16f964a5205e6d34e3,POI-90,Light Rail,
4b94363bf964a520eb6e34e3,POI-98,Snack Place,
4b9441c5f964a520847134e3,POI-30,Water Park,
4b9488f3f964a520b27c34e3,POI-42,Food Court,
4b948c0cf964a520137d34e3,POI-38,Middle Eastern Restaurant,
4b948c86f964a520267d34e3,POI-87,Car Dealership,
4b948d94f964a5203d7d34e3,POI-17,Chinese Restaurant,
4b9498fdf964a5205a7e34e3,POI-7,American Restaurant,
4b949b12f964a5208e7e34e3,POI-26,Park,
4b949e37f964a520da7e34e3,POI-107,Pet Store,
4b94a01bf964a520fe7e34e3,POI-55,Sporting Goods Shop,
4b94d8fff964a520268534e3,POI-61,Shoe Store,
4b94d942f964a5202d8534e3,POI-42,Food Court,
4b94df01f964a520f08534e3,POI-83,Fried Chicken Joint,
4b94e146f964a520408634e3,POI-46,Japanese Restaurant,
4b94e4ebf964a520c28634e3,POI-10,Coffee Shop,
4b95cd7bf964a520c7b334e3,POI-43,Vegetarian / Vegan Restaurant,
4b95ce67f964a520e7b334e3,POI-24,Malaysian Restaurant,
4b95d270f964a5208db434e3,POI-36,Asian Restaurant,
4b95e259f964a520b1b634e3,POI-84,Boutique,
4b96207cf964a52099bd34e3,POI-36,Asian Restaurant,
4b9622e0f964a520ecbd34e3,POI-10,Coffee Shop,
4b963381f964a5205ac034e3,POI-32,Pizza Place,
4b963492f964a52085c034e3,POI-81,Steakhouse,
4b9653e2f964a52037c634e3,POI-40,Seafood Restaurant,
4b965657f964a520d3c634e3,POI-63,Bakery,
4b965f71f964a520acc834e3,POI-94,Gas Station / Garage,
4b96c6fbf964a520dbe334e3,POI-33,Italian Restaurant,
4b9721aaf964a52059f934e3,POI-17,Chinese Restaurant,
4b97225ff964a52074f934e3,POI-46,Japanese Restaurant,
4b9723b5f964a520aef934e3,POI-83,Fried Chicken Joint,
4b972e50f964a52044fb34e3,POI-42,Food Court,
4b975628f964a5200d0035e3,POI-10,Coffee Shop,
4b976a73f964a520e20235e3,POI-114,Video Game Store,
4b976b42f964a520fa0235e3,POI-33,Italian Restaurant,
4b9775c9f964a5209e0435e3,POI-98,Snack Place,
4b9776daf964a520d30435e3,POI-39,Restaurant,
4b9786a4f964a5206c0735e3,POI-19,French Restaurant,
4b978a99f964a520080835e3,POI-58,Accessories Store,
4b978f9ff964a520e50835e3,POI-58,Accessories Store,
4b9790abf964a520170935e3,POI-39,Restaurant,
4b979268f964a5205d0935e3,POI-81,Steakhouse,
4b97981af964a520990a35e3,POI-84,Boutique,
4b9798bdf964a520c40a35e3,POI-55,Sporting Goods Shop,
4b97a5f4f964a5208c0d35e3,POI-61,Shoe Store,
4b97b8faf964a520ce1135e3,POI-11,Nightclub,
4b97bb9ef964a5206c1235e3,POI-36,Asian Restaurant,
4b97c63bf964a520ce1435e3,POI-18,Indian Restaurant,
4b9862d6f964a5206a3f35e3,POI-121,Flea Market,
4b986cf8f964a520a14135e3,POI-103,Mobile Phone Shop,
4b987fa0f964a520c04435e3,POI-56,Cosmetics Shop,
4b98808ef964a520ec4435e3,POI-10,Coffee Shop,
4b9883e2f964a520664535e3,POI-34,Mediterranean Restaurant,
4b988744f964a520e64535e3,POI-94,Gas Station / Garage,
4b989575f964a520bc4735e3,POI-10,Coffee Shop,
4b98ad40f964a520134b35e3,POI-33,Italian Restaurant,
4b98ae9df964a520524b35e3,POI-60,Automotive Shop,
4b98baddf964a520394d35e3,POI-112,Gift Shop,
4b98d375f964a520465135e3,POI-36,Asian Restaurant,
4b98d597f964a520b55135e3,POI-134,Flower Shop,
4b98d7ebf964a520145235e3,POI-33,Italian Restaurant,
4b98dc02f964a520e15235e3,POI-34,Mediterranean Restaurant,
4b98e6e5f964a5203c5535e3,POI-88,Sandwich Place,
4b98f4a9f964a520655835e3,POI-69,Spa / Massage,
4b98f8c3f964a520685935e3,POI-133,Salad Place,
4b990247f964a520a75b35e3,POI-5,Gaming Cafe,
4b990b73f964a520b25d35e3,POI-68,Gym / Fitness Center,
4b99147af964a520086035e3,POI-57,Miscellaneous Shop,
4b99ac9ef964a520378b35e3,POI-88,Sandwich Place,
4b99aca5f964a5203c8b35e3,POI-98,Snack Place,
4b99b27cf964a520b58c35e3,POI-94,Gas Station / Garage,
4b99b955f964a520618e35e3,POI-73,Electronics Store,
4b99bf97f964a520da8f35e3,POI-46,Japanese Restaurant,
4b99bffaf964a520f38f35e3,POI-10,Coffee Shop,
4b99ce68f964a520a89235e3,POI-66,Grocery Store,
4b99cf86f964a520e49235e3,POI-10,Coffee Shop,
4b99df44f964a520389535e3,POI-84,Boutique,
4b99f07af964a520d09735e3,POI-6,Tea Room,
4b9a115ff964a520669d35e3,POI-33,Italian Restaurant,
4b9a1406f964a520de9d35e3,POI-112,Gift Shop,
4b9a198ff964a520cc9e35e3,POI-52,Arts & Crafts Store,
4b9a249ff964a52011a135e3,POI-46,Japanese Restaurant,
4b9a2a1bf964a5202ca235e3,POI-54,Clothing Store,
4b9a30a7f964a52099a335e3,POI-61,Shoe Store,
4b9a3309f964a5201fa435e3,POI-84,Boutique,
4b9a3d6ff964a520aca635e3,POI-46,Japanese Restaurant,
4b9a4368f964a52028a835e3,POI-84,Boutique,
4b9a46b4f964a520fea835e3,POI-135,Tanning Salon,
4b9a54b0f964a520c4ac35e3,POI-41,Ramen /  Noodle House,
4b9a9607f964a520dac335e3,POI-11,Nightclub,
4b9ad53af964a5203eda35e3,POI-17,Chinese Restaurant,
4b9af52cf964a520d9e635e3,POI-36,Asian Restaurant,
4b9afadef964a520d9e835e3,POI-66,Grocery Store,
4b9b0db5f964a5200eef35e3,POI-37,Thai Restaurant,
4b9b0eedf964a52075ef35e3,POI-19,French Restaurant,
4b9b1bbcf964a5204bf335e3,POI-37,Thai Restaurant,
4b9b22dbf964a52060f535e3,POI-10,Coffee Shop,
4b9b26d1f964a5205ef635e3,POI-28,Plaza,
4b9b2959f964a52008f735e3,POI-41,Ramen /  Noodle House,
4b9b2b92f964a520acf735e3,POI-66,Grocery Store,
4b9b32a8f964a52052f935e3,POI-32,Pizza Place,
4b9b3378f964a5207ef935e3,POI-42,Food Court,
4b9b355df964a520def935e3,POI-42,Food Court,
4b9b4425f964a5202cfd35e3,POI-126,Music Store,
4b9b4a4af964a52096fe35e3,POI-40,Seafood Restaurant,
4b9b4b9cf964a520dcfe35e3,POI-89,Arcade,
4b9b4ba3f964a520dffe35e3,POI-10,Coffee Shop,
4b9b51aef964a520320036e3,POI-63,Bakery,
4b9b5d41f964a520c10236e3,POI-36,Asian Restaurant,
4b9b68a5f964a5208a0536e3,POI-17,Chinese Restaurant,
4b9b6c26f964a520600636e3,POI-37,Thai Restaurant,
4b9b6e59f964a520e40636e3,POI-36,Asian Restaurant,
4b9b7404f964a5203a0836e3,POI-17,Chinese Restaurant,
4b9b7c4ff964a5204a0a36e3,POI-17,Chinese Restaurant,
4b9b83bef964a5203f0c36e3,POI-46,Japanese Restaurant,
4b9b871bf964a5202f0d36e3,POI-38,Middle Eastern Restaurant,
4b9b8f8cf964a520900f36e3,POI-36,Asian Restaurant,
4b9b9a67f964a520d61236e3,POI-61,Shoe Store,
4b9ba7d2f964a520361736e3,POI-2,Bar,
4b9bbf98f964a520bb2036e3,POI-38,Middle Eastern Restaurant,
4b9c49fbf964a5204f5c36e3,POI-10,Coffee Shop,
4b9c5ab2f964a5201f6236e3,POI-46,Japanese Restaurant,
4b9c5ec3f964a520766336e3,POI-33,Italian Restaurant,
4b9c5ef7f964a5208c6336e3,POI-48,Theater,
4b9c622cf964a5208a6436e3,POI-42,Food Court,
4b9c692ff964a520b26636e3,POI-46,Japanese Restaurant,
4b9c715af964a520fb6836e3,POI-89,Arcade,
4b9c7505f964a5201b6a36e3,POI-36,Asian Restaurant,
4b9c8023f964a520cc6c36e3,POI-53,Department Store,
4b9c83fdf964a520c26d36e3,POI-85,Furniture / Home Store,
4b9c91aef964a520ae7036e3,POI-88,Sandwich Place,
4b9c9235f964a520ca7036e3,POI-39,Restaurant,
4b9c93f1f964a520197136e3,POI-66,Grocery Store,
4b9c9622f964a520897136e3,POI-128,Kids Store,
4b9ca3b0f964a520067436e3,POI-46,Japanese Restaurant,
4b9cb86af964a520097836e3,POI-61,Shoe Store,
4b9cb9ebf964a5205c7836e3,POI-102,Bbq Joint,
4b9cc0e9f964a520db7936e3,POI-94,Gas Station / Garage,
4b9cc3c5f964a520737a36e3,POI-34,Mediterranean Restaurant,
4b9ccd85f964a5204e7c36e3,POI-46,Japanese Restaurant,
4b9cce2df964a520757c36e3,POI-66,Grocery Store,
4b9cd16ff964a520107d36e3,POI-102,Bbq Joint,
4b9cd294f964a5204b7d36e3,POI-81,Steakhouse,
4b9cd300f964a5206a7d36e3,POI-10,Coffee Shop,
4b9cd528f964a520d77d36e3,POI-10,Coffee Shop,
4b9cd92cf964a5208f7e36e3,POI-42,Food Court,
4b9cdd5ff964a5206b7f36e3,POI-10,Coffee Shop,
4b9cdde6f964a5208c7f36e3,POI-116,Beer Garden,
4b9cdf86f964a520018036e3,POI-66,Grocery Store,
4b9ce421f964a520f78036e3,POI-92,Salon / Barbershop,
4b9cff84f964a520808736e3,POI-123,Convenience Store,
4b9d046ef964a520da8836e3,POI-66,Grocery Store,
4b9d1527f964a520088e36e3,POI-42,Food Court,
4b9d909af964a520f4b336e3,POI-57,Miscellaneous Shop,
4b9da1b0f964a52054b736e3,POI-94,Gas Station / Garage,
4b9db866f964a520d2bb36e3,POI-42,Food Court,
4b9db936f964a520efbb36e3,POI-33,Italian Restaurant,
4b9dcc3cf964a52033be36e3,POI-53,Department Store,
4b9dd175f964a520f3be36e3,POI-70,Korean Restaurant,
4b9ddb00f964a52040c036e3,POI-44,Burger Joint,
4b9ddcecf964a52098c036e3,POI-26,Park,
4b9df4bbf964a52034c436e3,POI-69,Spa / Massage,
4b9e0832f964a5204cc736e3,POI-51,Indie Movie Theater,
4b9e0974f964a52087c736e3,POI-40,Seafood Restaurant,
4b9e0c2cf964a520fac736e3,POI-19,French Restaurant,
4b9e12aff964a52041c936e3,POI-18,Indian Restaurant,
4b9e13d8f964a52079c936e3,POI-58,Accessories Store,
4b9e14f8f964a520a3c936e3,POI-33,Italian Restaurant,
4b9e185bf964a52060ca36e3,POI-17,Chinese Restaurant,
4b9e1f13f964a520e9cb36e3,POI-63,Bakery,
4b9e2341f964a52002cd36e3,POI-61,Shoe Store,
4b9e2695f964a520d3cd36e3,POI-55,Sporting Goods Shop,
4b9e319ff964a520ddd036e3,POI-98,Snack Place,
4b9e67ecf964a520dae036e3,POI-91,Food & Drink Shop,
4b9ecf7ef964a520a80337e3,POI-42,Food Court,
4b9eeed8f964a520470b37e3,POI-42,Food Court,
4b9efef5f964a520080f37e3,POI-62,Jewelry Store,
4b9f11f8f964a520751237e3,POI-42,Food Court,
4b9f176cf964a520491337e3,POI-17,Chinese Restaurant,
4b9f17fdf964a520621337e3,POI-32,Pizza Place,
4b9f1894f964a520781337e3,POI-22,Dessert Shop,
4b9f19cbf964a520ba1337e3,POI-42,Food Court,
4b9f2203f964a520061537e3,POI-61,Shoe Store,
4b9f477bf964a520b91a37e3,POI-73,Electronics Store,
4b9f50d7f964a520411c37e3,POI-60,Automotive Shop,
4b9f5dfaf964a5209e1e37e3,POI-17,Chinese Restaurant,
4b9f668df964a5206a2037e3,POI-60,Automotive Shop,
4b9f6cadf964a520d52137e3,POI-36,Asian Restaurant,
4b9f7184f964a520fc2237e3,POI-46,Japanese Restaurant,
4b9f733bf964a520762337e3,POI-70,Korean Restaurant,
4b9f73faf964a5209d2337e3,POI-63,Bakery,
4b9f74fbf964a520d22337e3,POI-52,Arts & Crafts Store,
4b9f77c7f964a5208a2437e3,POI-65,Women'S Store,
4b9f86a0f964a520d92837e3,POI-96,Karaoke Bar,
4b9fd463f964a520844237e3,POI-22,Dessert Shop,
4ba03028f964a520526037e3,POI-60,Automotive Shop,
4ba06d3bf964a520396d37e3,POI-46,Japanese Restaurant,
4ba091a6f964a5209e7237e3,POI-94,Gas Station / Garage,
4ba0a697f964a520ea7537e3,POI-88,Sandwich Place,
4ba0bff7f964a5200c7b37e3,POI-117,Bike Shop,
4ba0c482f964a520517c37e3,POI-22,Dessert Shop,
4ba0c56af964a520927c37e3,POI-33,Italian Restaurant,
4ba0d2ccf964a5201c8037e3,POI-61,Shoe Store,
4ba0d3c9f964a5206c8037e3,POI-77,Sushi Restaurant,
4ba0ddbaf964a5202e8337e3,POI-17,Chinese Restaurant,
4ba0fcb5f964a5209b8c37e3,POI-14,Pub,
4ba15d20f964a5204bb037e3,POI-10,Coffee Shop,
4ba1a2a7f964a52032c537e3,POI-44,Burger Joint,
4ba1b542f964a520f5c837e3,POI-40,Seafood Restaurant,
4ba1b6f0f964a5203ac937e3,POI-36,Asian Restaurant,
4ba1dbd8f964a5205ecf37e3,POI-42,Food Court,
4ba1f6d1f964a520e8d337e3,POI-73,Electronics Store,
4ba202e4f964a52044d637e3,POI-55,Sporting Goods Shop,
4ba205b6f964a520dcd637e3,POI-53,Department Store,
4ba205ccf964a520e3d637e3,POI-44,Burger Joint,
4ba20f54f964a520e2d837e3,POI-117,Bike Shop,
4ba21044f964a52020d937e3,POI-46,Japanese Restaurant,
4ba214e2f964a5207eda37e3,POI-57,Miscellaneous Shop,
4ba217c0f964a52041db37e3,POI-10,Coffee Shop,
4ba219c4f964a520c9db37e3,POI-87,Car Dealership,
4ba21fbef964a5206edd37e3,POI-42,Food Court,
4ba229baf964a52066e037e3,POI-10,Coffee Shop,
4ba22ce3f964a52062e137e3,POI-66,Grocery Store,
4ba23077f964a52078e237e3,POI-61,Shoe Store,
4ba252b3f964a52034ed37e3,POI-14,Pub,
4ba2f20ef964a520422438e3,POI-54,Clothing Store,
4ba2f3a4f964a520912438e3,POI-84,Boutique,
4ba2f5eef964a5200d2538e3,POI-10,Coffee Shop,
4ba30393f964a520e62738e3,POI-84,Boutique,
4ba30642f964a520612838e3,POI-70,Korean Restaurant,
4ba30c9df964a5209a2938e3,POI-42,Food Court,
4ba30db6f964a520d22938e3,POI-54,Clothing Store,
4ba30e02f964a520e02938e3,POI-56,Cosmetics Shop,
4ba30efcf964a520062a38e3,POI-98,Snack Place,
4ba317e8f964a520872b38e3,POI-42,Food Court,
4ba31924f964a520b12b38e3,POI-10,Coffee Shop,
4ba31b05f964a520012c38e3,POI-32,Pizza Place,
4ba3226af964a5201a2d38e3,POI-84,Boutique,
4ba34505f964a520963238e3,POI-73,Electronics Store,
4ba346b7f964a520e53238e3,POI-36,Asian Restaurant,
4ba355cef964a520bf3538e3,POI-2,Bar,
4ba356aff964a520fb3538e3,POI-7,American Restaurant,
4ba35b4af964a520143738e3,POI-46,Japanese Restaurant,
4ba36609f964a520f03938e3,POI-74,Fast Food Restaurant,
4ba36913f964a520e43a38e3,POI-21,Lounge,
4ba36ad5f964a520643b38e3,POI-70,Korean Restaurant,
4ba373c1f964a520383e38e3,POI-56,Cosmetics Shop,
4ba37450f964a520613e38e3,POI-58,Accessories Store,
4ba38bc6f964a520294638e3,POI-49,Multiplex,
4ba3a0f7f964a520a74d38e3,POI-40,Seafood Restaurant,
4ba423b2f964a5207e8538e3,POI-57,Miscellaneous Shop,
4ba4466af964a520209238e3,POI-90,Light Rail,
4ba44741f964a5206a9238e3,POI-112,Gift Shop,
4ba44de8f964a520859438e3,POI-88,Sandwich Place,
4ba45150f964a5208d9538e3,POI-36,Asian Restaurant,
4ba45800f964a520669738e3,POI-36,Asian Restaurant,
4ba45952f964a520bc9738e3,POI-37,Thai Restaurant,
4ba4599cf964a520cd9738e3,POI-42,Food Court,
4ba45a20f964a520ef9738e3,POI-89,Arcade,
4ba45a31f964a520f49738e3,POI-10,Coffee Shop,
4ba45aa6f964a520129838e3,POI-35,Dim Sum Restaurant,
4ba45be0f964a5205f9838e3,POI-35,Dim Sum Restaurant,
4ba45c14f964a5206f9838e3,POI-36,Asian Restaurant,
4ba46821f964a5205b9b38e3,POI-57,Miscellaneous Shop,
4ba479b0f964a520649f38e3,POI-5,Gaming Cafe,
4ba48ac6f964a52047a338e3,POI-70,Korean Restaurant,
4ba48ce9f964a520baa338e3,POI-38,Middle Eastern Restaurant,
4ba48e67f964a52010a438e3,POI-57,Miscellaneous Shop,
4ba49651f964a520e2a538e3,POI-36,Asian Restaurant,
4ba49f25f964a520eea738e3,POI-7,American Restaurant,
4ba4b1ddf964a520f3ac38e3,POI-18,Indian Restaurant,
4ba4b32ff964a52058ad38e3,POI-39,Restaurant,
4ba4b995f964a5205baf38e3,POI-72,Vietnamese Restaurant,
4ba4c007f964a520a9b138e3,POI-10,Coffee Shop,
4ba4c01ef964a520adb138e3,POI-36,Asian Restaurant,
4ba4c111f964a520f5b138e3,POI-39,Restaurant,
4ba4c830f964a52051b438e3,POI-17,Chinese Restaurant,
4ba4c9d6f964a520f8b438e3,POI-10,Coffee Shop,
4ba4de2ff964a520f3bc38e3,POI-80,Ice Cream Shop,
4ba56c21f964a520920539e3,POI-53,Department Store,
4ba57019f964a520120739e3,POI-67,Gym,
4ba57309f964a5203c0839e3,POI-42,Food Court,
4ba57475f964a520d30839e3,POI-4,Resort,
4ba580eff964a520770d39e3,POI-94,Gas Station / Garage,
4ba5a621f964a5204c1939e3,POI-22,Dessert Shop,
4ba5aafef964a520b71a39e3,POI-73,Electronics Store,
4ba5aee7f964a520bc1b39e3,POI-42,Food Court,
4ba5b3bdf964a520fa1c39e3,POI-10,Coffee Shop,
4ba5b3fbf964a520041d39e3,POI-36,Asian Restaurant,
4ba5b83bf964a520321e39e3,POI-17,Chinese Restaurant,
4ba5b8aff964a520541e39e3,POI-7,American Restaurant,
4ba5b9d4f964a520961e39e3,POI-10,Coffee Shop,
4ba5bf5df964a520ed1f39e3,POI-10,Coffee Shop,
4ba5c898f964a520042239e3,POI-10,Coffee Shop,
4ba5ca56f964a5206e2239e3,POI-42,Food Court,
4ba5cc3ff964a520dc2239e3,POI-55,Sporting Goods Shop,
4ba5cf8bf964a520832339e3,POI-116,Beer Garden,
4ba5e130f964a5202c2739e3,POI-128,Kids Store,
4ba5e259f964a5206c2739e3,POI-57,Miscellaneous Shop,
4ba5ecfdf964a5209a2939e3,POI-45,Indonesian Restaurant,
4ba5ef65f964a520212a39e3,POI-74,Fast Food Restaurant,
4ba5f1fcf964a520a42a39e3,POI-17,Chinese Restaurant,
4ba5fb7af964a520922c39e3,POI-65,Women'S Store,
4ba613e3f964a520053239e3,POI-32,Pizza Place,
4ba61472f964a520303239e3,POI-17,Chinese Restaurant,
4ba6147bf964a520343239e3,POI-41,Ramen /  Noodle House,
4ba61767f964a520e93239e3,POI-26,Park,
4ba618cef964a520493339e3,POI-89,Arcade,
4ba64748f964a520b54139e3,POI-84,Boutique,
4ba65051f964a520464539e3,POI-40,Seafood Restaurant,
4ba6ca0ff964a520c16f39e3,POI-87,Car Dealership,
4ba6f7c9f964a520777a39e3,POI-72,Vietnamese Restaurant,
4ba6f8fcf964a520b37a39e3,POI-73,Electronics Store,
4ba6fa82f964a520fa7a39e3,POI-33,Italian Restaurant,
4ba6ff00f964a520df7b39e3,POI-91,Food & Drink Shop,
4ba7061df964a520327d39e3,POI-45,Indonesian Restaurant,
4ba706caf964a5204e7d39e3,POI-63,Bakery,
4ba709dff964a520d87d39e3,POI-10,Coffee Shop,
4ba71027f964a520097f39e3,POI-33,Italian Restaurant,
4ba7120af964a520507f39e3,POI-57,Miscellaneous Shop,
4ba71fdbf964a520e98139e3,POI-33,Italian Restaurant,
4ba728fef964a520a38339e3,POI-39,Restaurant,
4ba739c3f964a520ba8639e3,POI-56,Cosmetics Shop,
4ba743a2f964a5209a8839e3,POI-106,Candy Store,
4ba743fdf964a520ac8839e3,POI-57,Miscellaneous Shop,
4ba74b1af964a5200a8a39e3,POI-73,Electronics Store,
4ba74e93f964a520bc8a39e3,POI-70,Korean Restaurant,
4ba74f90f964a520f78a39e3,POI-66,Grocery Store,
4ba75004f964a520138b39e3,POI-74,Fast Food Restaurant,
4ba75123f964a520618b39e3,POI-94,Gas Station / Garage,
4ba75420f964a520048c39e3,POI-18,Indian Restaurant,
4ba75a21f964a520828d39e3,POI-88,Sandwich Place,
4ba75aeaf964a520bd8d39e3,POI-42,Food Court,
4ba75b4ef964a520d78d39e3,POI-10,Coffee Shop,
4ba76125f964a520578f39e3,POI-69,Spa / Massage,
4ba762cef964a520cf8f39e3,POI-89,Arcade,
4ba77122f964a5202c9439e3,POI-22,Dessert Shop,
4ba778aaf964a520719639e3,POI-22,Dessert Shop,
4ba79523f964a520c59f39e3,POI-136,Thrift / Vintage Store,
4ba7967df964a520fe9f39e3,POI-96,Karaoke Bar,
4ba796b1f964a52010a039e3,POI-17,Chinese Restaurant,
4ba7a153f964a52021a439e3,POI-26,Park,
4ba83feff964a52055d339e3,POI-36,Asian Restaurant,
4ba849fbf964a5201cd539e3,POI-36,Asian Restaurant,
4ba853e1f964a520bdd639e3,POI-91,Food & Drink Shop,
4ba85579f964a520f4d639e3,POI-36,Asian Restaurant,
4ba87575f964a520d4db39e3,POI-10,Coffee Shop,
4ba8a148f964a52060e339e3,POI-46,Japanese Restaurant,
4ba8af69f964a520e5e639e3,POI-17,Chinese Restaurant,
4ba8b1b0f964a52090e739e3,POI-53,Department Store,
4ba8b1e2f964a5209fe739e3,POI-74,Fast Food Restaurant,
4ba8b4edf964a52095e839e3,POI-10,Coffee Shop,
4ba8b8b6f964a5209fe939e3,POI-94,Gas Station / Garage,
4ba8cb81f964a5206cef39e3,POI-7,American Restaurant,
4ba8d9d0f964a52014f439e3,POI-15,Cocktail Bar,
4ba8dfb1f964a52002f639e3,POI-17,Chinese Restaurant,
4ba98bd9f964a520ca2d3ae3,POI-70,Korean Restaurant,
4ba99108f964a520c82e3ae3,POI-115,Soup Place,
4ba99281f964a5201a2f3ae3,POI-36,Asian Restaurant,
4ba9a2d5f964a5203a323ae3,POI-90,Light Rail,
4ba9a6b4f964a520ef323ae3,POI-42,Food Court,
4ba9b8ccf964a5209e353ae3,POI-39,Restaurant,
4ba9f2c8f964a5205e3f3ae3,POI-17,Chinese Restaurant,
4baa004ef964a520e4423ae3,POI-101,Breakfast Spot,
4baa01f3f964a52051433ae3,POI-39,Restaurant,
4baa04b7f964a52031443ae3,POI-74,Fast Food Restaurant,
4baa0886f964a5204a453ae3,POI-88,Sandwich Place,
4baa09eaf964a520bd453ae3,POI-42,Food Court,
4baa126ff964a52073483ae3,POI-10,Coffee Shop,
4baa2635f964a520744e3ae3,POI-94,Gas Station / Garage,
4baa305ef964a520a9513ae3,POI-10,Coffee Shop,
4baa3a08f964a52060553ae3,POI-37,Thai Restaurant,
4baa3a87f964a52084553ae3,POI-18,Indian Restaurant,
4baa3b67f964a520de553ae3,POI-1,Wine Bar,
4baa45a5f964a520cf593ae3,POI-83,Fried Chicken Joint,
4baa46f6f964a5204f5a3ae3,POI-10,Coffee Shop,
4baae24af964a520018c3ae3,POI-42,Food Court,
4baaea5cf964a520ac8d3ae3,POI-17,Chinese Restaurant,
4baaea97f964a520b48d3ae3,POI-17,Chinese Restaurant,
4baaebf7f964a520f98d3ae3,POI-46,Japanese Restaurant,
4baaf607f964a520ba8f3ae3,POI-17,Chinese Restaurant,
4baaf74df964a520fe8f3ae3,POI-123,Convenience Store,
4bab11c2f964a520cb933ae3,POI-98,Snack Place,
4bab145cf964a5203c943ae3,POI-63,Bakery,
4bab16c6f964a5209e943ae3,POI-54,Clothing Store,
4bab1930f964a520f7943ae3,POI-65,Women'S Store,
4bab1a73f964a5202d953ae3,POI-46,Japanese Restaurant,
4bab29c9f964a52078973ae3,POI-54,Clothing Store,
4bab2abdf964a5209d973ae3,POI-70,Korean Restaurant,
4bab30caf964a5209f983ae3,POI-17,Chinese Restaurant,
4bab3a5df964a520739a3ae3,POI-92,Salon / Barbershop,
4bab422df964a520199c3ae3,POI-26,Park,
4bab4c2af964a520b09e3ae3,POI-137,Juice Bar,
4bab4da0f964a520179f3ae3,POI-81,Steakhouse,
4bab4fe0f964a520b89f3ae3,POI-48,Theater,
4bab5220f964a52049a03ae3,POI-94,Gas Station / Garage,
4bab5902f964a5204aa23ae3,POI-19,French Restaurant,
4bab5c81f964a52061a33ae3,POI-36,Asian Restaurant,
4bab5dcff964a520d2a33ae3,POI-33,Italian Restaurant,
4bab6afdf964a520e1a73ae3,POI-10,Coffee Shop,
4bab7569f964a520e8aa3ae3,POI-10,Coffee Shop,
4bab7989f964a52030ac3ae3,POI-14,Pub,
4bac087af964a5208fdf3ae3,POI-17,Chinese Restaurant,
4bac0cadf964a520b4e03ae3,POI-88,Sandwich Place,
4bac242cf964a520cfe63ae3,POI-36,Asian Restaurant,
4bac2f04f964a520b9e93ae3,POI-123,Convenience Store,
4bac369df964a52063eb3ae3,POI-36,Asian Restaurant,
4bac379ef964a52092eb3ae3,POI-56,Cosmetics Shop,
4bac4742f964a5208eee3ae3,POI-46,Japanese Restaurant,
4bac4f8df964a520d7ef3ae3,POI-42,Food Court,
4bac5c8df964a520def13ae3,POI-92,Salon / Barbershop,
4bac6be1f964a52066f43ae3,POI-92,Salon / Barbershop,
4bac81fff964a5204df83ae3,POI-98,Snack Place,
4bac8636f964a52045f93ae3,POI-28,Plaza,
4bac92b4f964a520f7fb3ae3,POI-17,Chinese Restaurant,
4bac9470f964a52053fc3ae3,POI-46,Japanese Restaurant,
4bac94c9f964a52063fc3ae3,POI-56,Cosmetics Shop,
4bac9baef964a520f5fd3ae3,POI-58,Accessories Store,
4bac9d6cf964a52065fe3ae3,POI-138,Wine Shop,
4baca59cf964a52096003be3,POI-54,Clothing Store,
4bacaab4f964a52012023be3,POI-36,Asian Restaurant,
4bacadb2f964a5201c033be3,POI-55,Sporting Goods Shop,
4bacbd76f964a52061083be3,POI-36,Asian Restaurant,
4bacbeb9f964a520c5083be3,POI-80,Ice Cream Shop,
4bacc787f964a520a60b3be3,POI-36,Asian Restaurant,
4bad6de0f964a520644f3be3,POI-92,Salon / Barbershop,
4bad6df3f964a520764f3be3,POI-10,Coffee Shop,
4bad882ff964a5205b593be3,POI-10,Coffee Shop,
4bad900cf964a520bd5b3be3,POI-36,Asian Restaurant,
4bada06ff964a520d25f3be3,POI-55,Sporting Goods Shop,
4badade8f964a520cb623be3,POI-84,Boutique,
4badafa7f964a52028633be3,POI-65,Women'S Store,
4badb153f964a52088633be3,POI-21,Lounge,
4badb30ff964a520f0633be3,POI-7,American Restaurant,
4badba2df964a5208a653be3,POI-6,Tea Room,
4badbc15f964a52007663be3,POI-36,Asian Restaurant,
4badd19bf964a520426b3be3,POI-10,Coffee Shop,
4baddd8bf964a5206a6e3be3,POI-4,Resort,
4bade6e0f964a5202e713be3,POI-17,Chinese Restaurant,
4badf132f964a52060743be3,POI-42,Food Court,
4badf509f964a52090753be3,POI-46,Japanese Restaurant,
4badf782f964a52057763be3,POI-2,Bar,
4badfa02f964a52065773be3,POI-17,Chinese Restaurant,
4badfaa2f964a52097773be3,POI-17,Chinese Restaurant,
4badfb00f964a520b3773be3,POI-39,Restaurant,
4badfb88f964a520df773be3,POI-91,Food & Drink Shop,
4badfd8df964a52091783be3,POI-95,German Restaurant,
4badfee5f964a52018793be3,POI-74,Fast Food Restaurant,
4bae0e07f964a520197f3be3,POI-21,Lounge,
4bae0ff1f964a520f07f3be3,POI-10,Coffee Shop,
4bae95aaf964a52070c33be3,POI-94,Gas Station / Garage,
4baed41bf964a52065db3be3,POI-24,Malaysian Restaurant,
4baedbb6f964a52098dd3be3,POI-36,Asian Restaurant,
4baee562f964a52049e03be3,POI-37,Thai Restaurant,
4baee649f964a5207de03be3,POI-55,Sporting Goods Shop,
4baeeb0ef964a520bfe13be3,POI-37,Thai Restaurant,
4baeeb95f964a520dee13be3,POI-7,American Restaurant,
4baeee54f964a52084e23be3,POI-37,Thai Restaurant,
4baef168f964a5202ae33be3,POI-92,Salon / Barbershop,
4baef803f964a5208be43be3,POI-17,Chinese Restaurant,
4baf04b2f964a52029e73be3,POI-42,Food Court,
4baf09e7f964a5202be83be3,POI-63,Bakery,
4baf134cf964a52000ea3be3,POI-85,Furniture / Home Store,
4baf22baf964a5200ced3be3,POI-53,Department Store,
4baf2dc8f964a52061ef3be3,POI-10,Coffee Shop,
4baf368df964a52059f13be3,POI-17,Chinese Restaurant,
4baf37c5f964a5209ef13be3,POI-22,Dessert Shop,
4baf38d9f964a520daf13be3,POI-83,Fried Chicken Joint,
4baf3de0f964a52020f33be3,POI-10,Coffee Shop,
4baf3e63f964a5203cf33be3,POI-63,Bakery,
4baf40caf964a520c2f33be3,POI-17,Chinese Restaurant,
4baf451cf964a520a6f43be3,POI-17,Chinese Restaurant,
4baf5688f964a520e7f83be3,POI-63,Bakery,
4baf5e2ef964a520b3fa3be3,POI-33,Italian Restaurant,
4baf798ef964a520c0023ce3,POI-10,Coffee Shop,
4bb02e52f964a5204e3b3ce3,POI-17,Chinese Restaurant,
4bb031bcf964a520e13b3ce3,POI-24,Malaysian Restaurant,
4bb03386f964a520263c3ce3,POI-36,Asian Restaurant,
4bb034e3f964a5204e3c3ce3,POI-83,Fried Chicken Joint,
4bb039e8f964a5203e3d3ce3,POI-68,Gym / Fitness Center,
4bb0405cf964a520633e3ce3,POI-17,Chinese Restaurant,
4bb042e9f964a520bc3e3ce3,POI-83,Fried Chicken Joint,
4bb05ac8f964a52044423ce3,POI-10,Coffee Shop,
4bb05d50f964a520a4423ce3,POI-17,Chinese Restaurant,
4bb060e8f964a5202d433ce3,POI-73,Electronics Store,
4bb07b99f964a520ab473ce3,POI-98,Snack Place,
4bb08171f964a520d1483ce3,POI-61,Shoe Store,
4bb0956af964a520814d3ce3,POI-46,Japanese Restaurant,
4bb098d6f964a520594e3ce3,POI-123,Convenience Store,
4bb0a13ef964a52094503ce3,POI-139,Board Shop,
4bb0a829f964a520c2523ce3,POI-70,Korean Restaurant,
4bb0b508f964a52074563ce3,POI-17,Chinese Restaurant,
4bb17ee4f964a520ce963ce3,POI-7,American Restaurant,
4bb1812df964a52034973ce3,POI-70,Korean Restaurant,
4bb1834af964a5209b973ce3,POI-17,Chinese Restaurant,
4bb18bf3f964a52014993ce3,POI-18,Indian Restaurant,
4bb19922f964a5206a9b3ce3,POI-17,Chinese Restaurant,
4bb19f4ef964a520689c3ce3,POI-66,Grocery Store,
4bb1a736f964a520b09d3ce3,POI-60,Automotive Shop,
4bb1ae9ef964a520bb9e3ce3,POI-103,Mobile Phone Shop,
4bb1b106f964a520209f3ce3,POI-55,Sporting Goods Shop,
4bb1b9eaf964a52088a03ce3,POI-10,Coffee Shop,
4bb1c163f964a520aea13ce3,POI-66,Grocery Store,
4bb1dd31f964a52035a73ce3,POI-37,Thai Restaurant,
4bb1e34df964a520b7a83ce3,POI-39,Restaurant,
4bb1e730f964a52092a93ce3,POI-36,Asian Restaurant,
4bb1ed93f964a52054ab3ce3,POI-34,Mediterranean Restaurant,
4bb1f811f964a52069ae3ce3,POI-37,Thai Restaurant,
4bb20581f964a5209bb23ce3,POI-39,Restaurant,
4bb20aaef964a52007b43ce3,POI-44,Burger Joint,
4bb273d835f0c9b68e4bbb83,POI-36,Asian Restaurant,
4bb27d6e35f0c9b62d5abb83,POI-66,Grocery Store,
4bb29b68715eef3bd57f85bb,POI-42,Food Court,
4bb2a3a34019a5934f2637b8,POI-42,Food Court,
4bb2a7f02397b713e95b37b3,POI-10,Coffee Shop,
4bb2cb09a32876b0a61a01fe,POI-36,Asian Restaurant,
4bb2d07eeb3e95211a8eca0a,POI-77,Sushi Restaurant,
4bb2d13314cfd13ae67615ab,POI-10,Coffee Shop,
4bb2e051eb3e9521079aca0a,POI-98,Snack Place,
4bb2e7b64019a5932d6c37b8,POI-37,Thai Restaurant,
4bb2edcb2397b713669e37b3,POI-133,Salad Place,
4bb2eef7a32876b0bd3401fe,POI-42,Food Court,
4bb2f237a32876b0bb3601fe,POI-61,Shoe Store,
4bb2fc8935f0c9b6d8eabb83,POI-53,Department Store,
4bb30846a32876b0804301fe,POI-22,Dessert Shop,
4bb308d12397b71341ae37b3,POI-46,Japanese Restaurant,
4bb32101715eef3bcff385bb,POI-66,Grocery Store,
4bb32bdd2397b713fec337b3,POI-56,Cosmetics Shop,
4bb331a435f0c9b6d40cbc83,POI-17,Chinese Restaurant,
4bb33e78eb3e95217ddaca0a,POI-37,Thai Restaurant,
4bb3424e14cfd13afcc615ab,POI-65,Women'S Store,
4bb344434019a59324af37b8,POI-65,Women'S Store,
4bb3455e2397b71372de37b3,POI-36,Asian Restaurant,
4bb3467335f0c9b66b23bc83,POI-65,Women'S Store,
4bb3508635f0c9b65c30bc83,POI-10,Coffee Shop,
4bb354fb35f0c9b6ed35bc83,POI-106,Candy Store,
4bb3790b42959c74d6f6212c,POI-74,Fast Food Restaurant,
4bb3d6c014cfd13a2da016ab,POI-68,Gym / Fitness Center,
4bb40525f187a59325cf13f8,POI-69,Spa / Massage,
4bb412859af3b713aafb8b28,POI-74,Fast Food Restaurant,
4bb419da9af3b713a2038c28,POI-140,Frozen Yogurt,
4bb42d3f87aa952184feacd1,POI-66,Grocery Store,
4bb431a5bd4b9c74ca7732f5,POI-43,Vegetarian / Vegan Restaurant,
4bb4356e0cbcef3bffd3582a,POI-42,Food Court,
4bb436ad0cbcef3be9d4582a,POI-36,Asian Restaurant,
4bb45af787aa9521e31aadd1,POI-10,Coffee Shop,
4bb4779b0cbcef3beefb582a,POI-10,Coffee Shop,
4bb47bbe0cbcef3b2dff582a,POI-68,Gym / Fitness Center,
4bb47c5687aa9521bb2fadd1,POI-66,Grocery Store,
4bb47ed60cbcef3bbe01592a,POI-17,Chinese Restaurant,
4bb4817449bdc9b6edd40c10,POI-63,Bakery,
4bb498a8d1b0c9b69c0e9daf,POI-84,Boutique,
4bb4a025a187ef3be8d04942,POI-17,Chinese Restaurant,
4bb4a192f038a5933239daf0,POI-53,Department Store,
4bb4a373a187ef3beed44942,POI-14,Pub,
4bb4ba018786ef3bcb8f6533,POI-22,Dessert Shop,
4bb4c69cf1b976b076481f20,POI-125,Other Nightlife,
4bb4d09564c5ef3bda8ddc06,POI-18,Indian Restaurant,
4bb5664ef562ef3b15f92e97,POI-134,Flower Shop,
4bb568c42ea19521757caa2f,POI-91,Food & Drink Shop,
4bb5858b1344b713bb719c04,POI-10,Coffee Shop,
4bb586672f70c9b6f2588430,POI-17,Chinese Restaurant,
4bb58aca941ad13af05e1ee3,POI-17,Chinese Restaurant,
4bb58ae5ef159c743ee574f7,POI-80,Ice Cream Shop,
4bb58df92ea19521db9eaa2f,POI-17,Chinese Restaurant,
4bb58eeb2f70c9b6ee5e8430,POI-17,Chinese Restaurant,
4bb59ad7ef159c74d7ef74f7,POI-73,Electronics Store,
4bb59e10ef159c74aff174f7,POI-10,Coffee Shop,
4bb5b6ac6edc76b085f92f1c,POI-55,Sporting Goods Shop,
4bb5b8442ea19521e0b6aa2f,POI-54,Clothing Store,
4bb5bb742f70c9b625788430,POI-27,Art Gallery,
4bb5c5c36edc76b04203301c,POI-74,Fast Food Restaurant,
4bb5d7b22f70c9b6268d8430,POI-59,Men'S Store,
4bb5da1e941ad13a6d911ee3,POI-46,Japanese Restaurant,
4bb5db9b2f70c9b6b4908430,POI-46,Japanese Restaurant,
4bb5dd8f2ea19521c5d2aa2f,POI-40,Seafood Restaurant,
4bb5f1206edc76b01f2d301c,POI-56,Cosmetics Shop,
4bb5fe6bf562ef3b9d772f97,POI-80,Ice Cream Shop,
4bb610c81344b71318e99c04,POI-35,Dim Sum Restaurant,
4bb69fd3ef159c74d74b76f7,POI-17,Chinese Restaurant,
4bb6b1e5ef159c74f26a76f7,POI-10,Coffee Shop,
4bb6b75c6edc76b0e76e311c,POI-107,Pet Store,
4bb6b917f562ef3bb7aa3097,POI-17,Chinese Restaurant,
4bb6bd7c941ad13ad4f51fe3,POI-66,Grocery Store,
4bb6d6e0941ad13aca1520e3,POI-132,Filipino Restaurant,
4bb6d89b2ea19521a058ac2f,POI-61,Shoe Store,
4bb6da2c46d4a593cce7c6c0,POI-91,Food & Drink Shop,
4bb6ea70ef159c7447ae76f7,POI-62,Jewelry Store,
4bb6eb2ff562ef3b22e43097,POI-74,Fast Food Restaurant,
4bb6edaff562ef3b10e63097,POI-84,Boutique,
4bb6f345f562ef3ba2ea3097,POI-81,Steakhouse,
4bb6f858ef159c744db976f7,POI-73,Electronics Store,
4bb6f977ef159c7425ba76f7,POI-58,Accessories Store,
4bb6ff7f46d4a5930d06c7c0,POI-54,Clothing Store,
4bb70041ef159c7412bf76f7,POI-22,Dessert Shop,
4bb705866edc76b03bbf311c,POI-84,Boutique,
4bb7082d2f70c9b6803d8630,POI-41,Ramen /  Noodle House,
4bb710881344b7134f569e04,POI-17,Chinese Restaurant,
4bb7133a2ea195210988ac2f,POI-84,Boutique,
4bb7197d46d4a5936618c7c0,POI-42,Food Court,
4bb719adef159c746ad076f7,POI-88,Sandwich Place,
4bb71a032ea19521a38cac2f,POI-24,Malaysian Restaurant,
4bb71a2c941ad13a084a20e3,POI-42,Food Court,
4bb7252a6edc76b07bd5311c,POI-17,Chinese Restaurant,
4bb7263e46d4a5937a21c7c0,POI-60,Automotive Shop,
4bb72b022ea195216999ac2f,POI-36,Asian Restaurant,
4bb730822ea19521da9dac2f,POI-39,Restaurant,
4bb7407f941ad13a8f6920e3,POI-5,Gaming Cafe,
4bb745022f70c9b6476e8630,POI-22,Dessert Shop,
4bb755e5ef159c741b0977f7,POI-64,New American Restaurant,
4bb77acab35776b0efa0c701,POI-11,Nightclub,
4bb77fb21261d13a965ce798,POI-124,Hot Dog Joint,
4bb80044314e9521b00d489d,POI-57,Miscellaneous Shop,
4bb80a5a7421a5930676c140,POI-53,Department Store,
4bb80e5c7421a593a17bc140,POI-17,Chinese Restaurant,
4bb8111e1261d13ac251e898,POI-16,Australian Restaurant,
4bb81128b35776b01a9fc801,POI-43,Vegetarian / Vegan Restaurant,
4bb813a93db7b7133003219a,POI-36,Asian Restaurant,
4bb8200c53649c7425ca46fb,POI-53,Department Store,
4bb8202253649c7439ca46fb,POI-51,Indie Movie Theater,
4bb824297421a5930596c140,POI-55,Sporting Goods Shop,
4bb82ea598c7ef3b1fef3002,POI-10,Coffee Shop,
4bb8303a1261d13acf74e898,POI-17,Chinese Restaurant,
4bb8362d3db7b713c027219a,POI-132,Filipino Restaurant,
4bb8429b3db7b7131b31219a,POI-10,Coffee Shop,
4bb84e2f7421a5935ab8c140,POI-27,Art Gallery,
4bb857ce314e9521a763489d,POI-54,Clothing Store,
4bb864dcb35776b03ce4c801,POI-74,Fast Food Restaurant,
4bb8654398c7ef3b34133102,POI-41,Ramen /  Noodle House,
4bb86587b35776b095e4c801,POI-74,Fast Food Restaurant,
4bb86a70314e95212e6e489d,POI-72,Vietnamese Restaurant,
4bb871401261d13a029fe898,POI-46,Japanese Restaurant,
4bb876e1cf2fc9b6258e9f02,POI-107,Pet Store,
4bb883fb3db7b713a457219a,POI-7,American Restaurant,
4bb887fab35776b0dbf8c801,POI-80,Ice Cream Shop,
4bb89e913db7b713bf6b219a,POI-136,Thrift / Vintage Store,
4bb8a93a7421a5935ff4c140,POI-10,Coffee Shop,
4bb8ab1898c7ef3b0c443102,POI-94,Gas Station / Garage,
4bb8d61ecf2fc9b684ea9f02,POI-94,Gas Station / Garage,
4bb93d3b935e9521f4fc2690,POI-63,Bakery,
4bb9479a935e952174072790,POI-42,Food Court,
4bb947d17421a593b5b0c240,POI-42,Food Court,
4bb94a12cf2fc9b63373a002,POI-42,Food Court,
4bb94d1353649c7478f047fb,POI-10,Coffee Shop,
4bb95742935e9521ac152790,POI-41,Ramen /  Noodle House,
4bb9593eb35776b03fe3c901,POI-7,American Restaurant,
4bb95947935e952166172790,POI-63,Bakery,
4bb96bf0935e9521ab252790,POI-36,Asian Restaurant,
4bb96f4098c7ef3b231f3202,POI-127,Internet Cafe,
4bb96f6853649c74aa0b48fb,POI-10,Coffee Shop,
4bb9783c7421a59315d6c240,POI-10,Coffee Shop,
4bb9825598c7ef3b9e293202,POI-54,Clothing Store,
4bb98a39b35776b01f01ca01,POI-36,Asian Restaurant,
4bb98c6e1261d13aa7b4e998,POI-92,Salon / Barbershop,
4bb98f3953649c74c41b48fb,POI-46,Japanese Restaurant,
4bb9a5ea3db7b713e36b229a,POI-96,Karaoke Bar,
4bb9ae0753649c74a52848fb,POI-85,Furniture / Home Store,
4bb9b3b9935e9521a8482790,POI-33,Italian Restaurant,
4bb9b9c898c7ef3b80423202,POI-62,Jewelry Store,
4bb9bfc21261d13ad8cde998,POI-18,Indian Restaurant,
4bb9c3bab35776b0431eca01,POI-90,Light Rail,
4bb9c53acf2fc9b660bca002,POI-98,Snack Place,
4bb9c7c37421a593a1fec240,POI-41,Ramen /  Noodle House,
4bb9ce6e53649c74f33f48fb,POI-36,Asian Restaurant,
4bb9da933db7b713c492229a,POI-42,Food Court,
4bb9e03acf2fc9b678d7a002,POI-42,Food Court,
4bb9e4957421a593ea1dc340,POI-42,Food Court,
4bb9f3d353649c74d06b48fb,POI-14,Pub,
4bba193453649c746f9d48fb,POI-42,Food Court,
4bba199953649c74fd9d48fb,POI-17,Chinese Restaurant,
4bbab5007421a593f124c440,POI-39,Restaurant,
4bbabdc8b35776b0f84dcb01,POI-70,Korean Restaurant,
4bbac1b6cf2fc9b607f1a102,POI-17,Chinese Restaurant,
4bbac70a7421a593e532c440,POI-81,Steakhouse,
4bbacc2d935e9521358f2890,POI-73,Electronics Store,
4bbacd3898c7ef3b06863302,POI-57,Miscellaneous Shop,
4bbacff33db7b71387ba239a,POI-88,Sandwich Place,
4bbad058b35776b0d05acb01,POI-42,Food Court,
4bbad12c53649c74e67749fb,POI-67,Gym,
4bbaeed97421a593d14bc440,POI-91,Food & Drink Shop,
4bbafd46b35776b00f76cb01,POI-41,Ramen /  Noodle House,
4bbb04131261d13a0530eb98,POI-56,Cosmetics Shop,
4bbb162a1261d13adc3ceb98,POI-33,Italian Restaurant,
4bbb17a91261d13a203eeb98,POI-89,Arcade,
4bbb1e3998c7ef3b65bb3302,POI-56,Cosmetics Shop,
4bbb28abcf2fc9b62038a202,POI-84,Boutique,
4bbb346b1261d13ac35deb98,POI-99,Hookah Bar,
4bbb38cb7421a593678bc440,POI-123,Convenience Store,
4bbb3f84b35776b051b6cb01,POI-10,Coffee Shop,
4bbb4629935e952149f52890,POI-42,Food Court,
4bbb60983db7b713d240249a,POI-94,Gas Station / Garage,
4bbbdaaced7776b05e0f3f51,POI-36,Asian Restaurant,
4bbbe7b7e4529521076355a4,POI-36,Asian Restaurant,
4bbbfd6ee4529521b87f55a4,POI-92,Salon / Barbershop,
4bbbfecde5b0d13a20dc6e7c,POI-36,Asian Restaurant,
4bbc0883e436ef3ba8305664,POI-13,Diner,
4bbc0f3ae4529521599155a4,POI-5,Gaming Cafe,
4bbc1b7eed7776b0175b3f51,POI-10,Coffee Shop,
4bbc235aafe1b7132921304b,POI-80,Ice Cream Shop,
4bbc2857e5b0d13a78006f7c,POI-67,Gym,
4bbc2ecc3de8c9b618bb9aad,POI-65,Women'S Store,
4bbc5bfce436ef3b9e6c5664,POI-46,Japanese Restaurant,
4bbc64f5e4529521bbce55a4,POI-141,Speakeasy,
4bbc6a3fe4529521c9d355a4,POI-33,Italian Restaurant,
4bbc6c50e4529521e2d555a4,POI-98,Snack Place,
4bbc702fed7776b0e6983f51,POI-64,New American Restaurant,
4bbc7a8ce4529521d9e655a4,POI-67,Gym,
4bbc7c2be452952132e955a4,POI-69,Spa / Massage,
4bbc83dbe5b0d13afb4e6f7c,POI-63,Bakery,
4bbc8688e452952147f755a4,POI-36,Asian Restaurant,
4bbc8effe436ef3b3da75664,POI-80,Ice Cream Shop,
4bbc9f4af57ba59337faacb9,POI-15,Cocktail Bar,
4bbcac9f07809521fc90d991,POI-94,Gas Station / Garage,
4bbcaffa593fef3b47740256,POI-18,Indian Restaurant,
4bbd2fc44e069c7450859ee3,POI-83,Fried Chicken Joint,
4bbd4f31a8cf76b033bdb1fd,POI-22,Dessert Shop,
4bbd5135078095217f8ada91,POI-77,Sushi Restaurant,
4bbd52558a4fb713c0f33c9d,POI-18,Indian Restaurant,
4bbd62c1593fef3b3e7a0356,POI-10,Coffee Shop,
4bbd63ed593fef3b627b0356,POI-18,Indian Restaurant,
4bbd6849f57ba593901eaeb9,POI-36,Asian Restaurant,
4bbd6a404e069c74b6cb9ee3,POI-7,American Restaurant,
4bbd6adcf57ba593dc20aeb9,POI-46,Japanese Restaurant,
4bbd6c8ea8cf76b0e4d8b1fd,POI-46,Japanese Restaurant,
4bbd6e3ca8cf76b05ddab1fd,POI-36,Asian Restaurant,
4bbd71eaf57ba593e226aeb9,POI-18,Indian Restaurant,
4bbd7694a8cf76b0ebe0b1fd,POI-89,Arcade,
4bbd8131a0a0c9b629be1b0f,POI-36,Asian Restaurant,
4bbd8af407809521f6bada91,POI-54,Clothing Store,
4bbd9cbda8cf76b094f7b1fd,POI-17,Chinese Restaurant,
4bbda8c9a0a0c9b6b9d41b0f,POI-46,Japanese Restaurant,
4bbdb8868a4fb71329403d9d,POI-41,Ramen /  Noodle House,
4bbdb9668a4fb7130f413d9d,POI-73,Electronics Store,
4bbdba370780952185dada91,POI-76,Deli / Bodega,
4bbdbc04a8cf76b0ae11b2fd,POI-70,Korean Restaurant,
4bbdbfbc4e069c74710a9fe3,POI-2,Bar,
4bbdc879a8cf76b08720b2fd,POI-18,Indian Restaurant,
4bbdcf0da8cf76b0ca29b2fd,POI-36,Asian Restaurant,
4bbdd73d8ec3d13a5d7d1c28,POI-89,Arcade,
4bbead7aba9776b02f26fec8,POI-46,Japanese Restaurant,
4bbeaea5f353d13a7fa47d10,POI-99,Hookah Bar,
4bbeb3f585fbb713783f7167,POI-10,Coffee Shop,
4bbee25aba9776b00455fec8,POI-96,Karaoke Bar,
4bbef2f098f495210dead163,POI-84,Boutique,
4bbefdc830c99c746b7a5411,POI-37,Thai Restaurant,
4bbf0e8330c99c74938a5411,POI-2,Bar,
4bbf12b4b083a59345cca2e9,POI-84,Boutique,
4bbf1f1798f495215719d263,POI-46,Japanese Restaurant,
4bbf280830c99c7406af5411,POI-90,Light Rail,
4bbf33a3ba9776b022b0fec8,POI-63,Bakery,
4bbf3c7598f495218146d263,POI-11,Nightclub,
4bbf7b35f8219c74510bb010,POI-11,Nightclub,
4bbfc9b874a9a593fa22cff6,POI-36,Asian Restaurant,
4bbfe3f6461576b01d747932,POI-10,Coffee Shop,
4bbff16e4cdfc9b6fc469221,POI-54,Clothing Store,
4bc00183abf49521bcc5be93,POI-94,Gas Station / Garage,
4bc00ad32a89ef3b4b1bf088,POI-10,Coffee Shop,
4bc00eec74a9a5937ea7cff6,POI-81,Steakhouse,
4bc00fc12a89ef3bf221f088,POI-77,Sushi Restaurant,
4bc014832a89ef3bc527f088,POI-7,American Restaurant,
4bc01704f8219c74ec37b110,POI-33,Italian Restaurant,
4bc0185374a9a59304b3cff6,POI-36,Asian Restaurant,
4bc0397074a9a5933fd2cff6,POI-94,Gas Station / Garage,
4bc0470ef8219c74e264b110,POI-80,Ice Cream Shop,
4bc047a72a89ef3b7e57f088,POI-54,Clothing Store,
4bc0629474a9a5931bf6cff6,POI-73,Electronics Store,
4bc071cbb492d13a2e3ba460,POI-17,Chinese Restaurant,
4bc07241461576b06f1f7a32,POI-107,Pet Store,
4bc0743db492d13a093ea460,POI-125,Other Nightlife,
4bc07935920eb71372f1182c,POI-126,Music Store,
4bc07a5b4cdfc9b652e09221,POI-54,Clothing Store,
4bc07e79461576b0de2e7a32,POI-46,Japanese Restaurant,
4bc08744b492d13aee57a460,POI-112,Gift Shop,
4bc099b32a89ef3b80bbf088,POI-38,Middle Eastern Restaurant,
4bc09bc574a9a5931e45d0f6,POI-50,Movie Theater,
4bc09f252a89ef3bf2c5f088,POI-99,Hookah Bar,
4bc0a629b492d13a5290a460,POI-11,Nightclub,
4bc0b06a4cdfc9b63a409321,POI-11,Nightclub,
4bc14fb9f8219c742f4eb310,POI-36,Asian Restaurant,
4bc15534f8219c741457b310,POI-32,Pizza Place,
4bc15560f8219c745357b310,POI-17,Chinese Restaurant,
4bc1611e74a9a59378e0d1f6,POI-102,Bbq Joint,
4bc162e74cdfc9b6f0b19421,POI-88,Sandwich Place,
4bc17c844cdfc9b6f5cd9421,POI-74,Fast Food Restaurant,
4bc18193b492d13a1e38a660,POI-89,Arcade,
4bc182a9920eb71369ea1a2c,POI-56,Cosmetics Shop,
4bc1907774a9a593120fd2f6,POI-10,Coffee Shop,
4bc19288461576b0d5277c32,POI-2,Bar,
4bc197caabf49521664ac193,POI-84,Boutique,
4bc198c8abf49521174bc193,POI-142,Video Store,
4bc19d8174a9a5936e18d2f6,POI-56,Cosmetics Shop,
4bc1a3b8b492d13add51a660,POI-92,Salon / Barbershop,
4bc1a7bdf8219c7441a8b310,POI-24,Malaysian Restaurant,
4bc1afb1920eb7133f0b1b2c,POI-36,Asian Restaurant,
4bc1b1a1920eb7138d0c1b2c,POI-17,Chinese Restaurant,
4bc1b225461576b08e3e7c32,POI-18,Indian Restaurant,
4bc1b6d9461576b034427c32,POI-94,Gas Station / Garage,
4bc1b9a1f8219c74d2b5b310,POI-10,Coffee Shop,
4bc1bc21b492d13a3264a660,POI-18,Indian Restaurant,
4bc1bf99abf49521ac68c193,POI-57,Miscellaneous Shop,
4bc1c5b2920eb713661d1b2c,POI-17,Chinese Restaurant,
4bc1c63c4cdfc9b677079521,POI-33,Italian Restaurant,
4bc1e938abf495213198c193,POI-46,Japanese Restaurant,
4bc26e0c920eb713b7461c2c,POI-74,Fast Food Restaurant,
4bc298e374a9a5930397d3f6,POI-42,Food Court,
4bc2a1b7f8219c748a2bb510,POI-63,Bakery,
4bc2a3a0920eb713ee891c2c,POI-73,Electronics Store,
4bc2b6d4f8219c74153cb510,POI-74,Fast Food Restaurant,
4bc2bc29920eb713e29c1c2c,POI-46,Japanese Restaurant,
4bc2bf7cabf49521e2edc293,POI-74,Fast Food Restaurant,
4bc2c2e2920eb713b5a11c2c,POI-41,Ramen /  Noodle House,
4bc2cb582a89ef3b5e3bf488,POI-36,Asian Restaurant,
4bc2d4e44cdfc9b66e959621,POI-80,Ice Cream Shop,
4bc2d98e4cdfc9b65c989621,POI-14,Pub,
4bc2e0db4cdfc9b6009d9621,POI-98,Snack Place,
4bc2e2f7461576b031ea7d32,POI-58,Accessories Store,
4bc2e991461576b065ee7d32,POI-67,Gym,
4bc2ebfc4cdfc9b645a49621,POI-17,Chinese Restaurant,
4bc2ee08f8219c746a63b510,POI-73,Electronics Store,
4bc2f2b0b492d13a3a11a860,POI-10,Coffee Shop,
4bc2fd69920eb713becc1c2c,POI-117,Bike Shop,
4bc30e532a89ef3b0b73f488,POI-81,Steakhouse,
4bc3116a461576b09d157e32,POI-73,Electronics Store,
4bc31963f8219c74ae93b510,POI-84,Boutique,
4bc31a93f8219c746395b510,POI-17,Chinese Restaurant,
4bc3200a2a89ef3bb48cf488,POI-46,Japanese Restaurant,
4bc32f7cabf49521255cc393,POI-37,Thai Restaurant,
4bc330ee461576b02b407e32,POI-2,Bar,
4bc3c195920eb713eaf91d2c,POI-36,Asian Restaurant,
4bc3edf04cdfc9b6ad1c9821,POI-74,Fast Food Restaurant,
4bc3f7ac2a89ef3b31d0f588,POI-103,Mobile Phone Shop,
4bc3f84a74a9a593f056d5f6,POI-42,Food Court,
4bc3f8f0b492d13a7b8ba960,POI-17,Chinese Restaurant,
4bc3fa6cf8219c74c2e2b610,POI-42,Food Court,
4bc3fdc6f8219c74d8e5b610,POI-94,Gas Station / Garage,
4bc416eb461576b049877f32,POI-32,Pizza Place,
4bc4203574a9a5934677d5f6,POI-88,Sandwich Place,
4bc4247ff8219c74a904b710,POI-35,Dim Sum Restaurant,
4bc43698f8219c74b910b710,POI-17,Chinese Restaurant,
4bc438982a89ef3b3002f688,POI-115,Soup Place,
4bc43a30b492d13a36bea960,POI-137,Juice Bar,
4bc44a87b492d13a5bcba960,POI-92,Salon / Barbershop,
4bc44ab92a89ef3b2c10f688,POI-46,Japanese Restaurant,
4bc44c65abf4952126cfc493,POI-37,Thai Restaurant,
4bc45570abf4952107d9c493,POI-61,Shoe Store,
4bc45a594cdfc9b6c5769821,POI-33,Italian Restaurant,
4bc45c7ef8219c74ad34b710,POI-61,Shoe Store,
4bc45e0d74a9a59316add5f6,POI-98,Snack Place,
4bc469f6920eb71351a91e2c,POI-123,Convenience Store,
4bc48394920eb71302cf1e2c,POI-53,Department Store,
4bc4c1a0461576b005678032,POI-37,Thai Restaurant,
4bc51ad46a3e9c74de82f548,POI-66,Grocery Store,
4bc527166c26b713d305ebf3,POI-94,Gas Station / Garage,
4bc528456c26b713c507ebf3,POI-94,Gas Station / Garage,
4bc52a796c26b713b60aebf3,POI-94,Gas Station / Garage,
4bc52b396c26b713df0bebf3,POI-94,Gas Station / Garage,
4bc53abc6a3e9c7486b3f548,POI-66,Grocery Store,
4bc5429e41cb76b05a3a3e6f,POI-39,Restaurant,
4bc5442f41cb76b0fd3b3e6f,POI-36,Asian Restaurant,
4bc552954a9aa593086a067b,POI-36,Asian Restaurant,
4bc557530a30d13af3f9599c,POI-101,Breakfast Spot,
4bc5b0de693695217c568488,POI-17,Chinese Restaurant,
4bc5b2236936952181588488,POI-126,Music Store,
4bc5b66d4a9aa5939dc7067b,POI-83,Fried Chicken Joint,
4bc5cb0a4a9aa5934de9067b,POI-17,Chinese Restaurant,
4bc5d5185935c9b6e26aa6d2,POI-2,Bar,
4bc667acd35d9c74b4c1e23a,POI-10,Coffee Shop,
4bc66b5304e8b713be11362d,POI-66,Grocery Store,
4bc68c6ebf29c9b64518fa2a,POI-42,Food Court,
4bc69344bf29c9b6eb20fa2a,POI-10,Coffee Shop,
4bc6938bd35d9c743708e33a,POI-36,Asian Restaurant,
4bc696f5f360ef3b4c08dc2d,POI-46,Japanese Restaurant,
4bc6a112bf29c9b6a82ffa2a,POI-77,Sushi Restaurant,
4bc6a1db424195218d84041d,POI-33,Italian Restaurant,
4bc6a251db8fa5939fb59c37,POI-55,Sporting Goods Shop,
4bc6a671d35d9c74881ce33a,POI-54,Clothing Store,
4bc6aaead35d9c74c520e33a,POI-17,Chinese Restaurant,
4bc6c47fd35d9c74bb37e33a,POI-56,Cosmetics Shop,
4bc6c505d35d9c743038e33a,POI-66,Grocery Store,
4bc6cad0db8fa593d9d99c37,POI-55,Sporting Goods Shop,
4bc6e7916501c9b631753d29,POI-83,Fried Chicken Joint,
4bc6f2aa15a7ef3b277a78da,POI-36,Asian Restaurant,
4bc6fb1b92b376b000d54e3a,POI-69,Spa / Massage,
4bc6fc956501c9b69b8d3d29,POI-94,Gas Station / Garage,
4bc70f0314d79521819f66e9,POI-5,Gaming Cafe,
4bc764710050b713b99bb83b,POI-22,Dessert Shop,
4bc7ab4e14d79521cce367e9,POI-10,Coffee Shop,
4bc7df0f92b376b00da4503a,POI-61,Shoe Store,
4bc7e2270050b71389a2b93b,POI-39,Restaurant,
4bc7e7e28b7c9c74336c37cf,POI-18,Indian Restaurant,
4bc7ea1d8b7c9c74366f37cf,POI-70,Korean Restaurant,
4bc7ecb06501c9b6976e3f29,POI-17,Chinese Restaurant,
4bc7ed6a2f94d13a1deb127f,POI-74,Fast Food Restaurant,
4bc7f63a8b7c9c743a7e37cf,POI-41,Ramen /  Noodle House,
4bc8009014d79521bd7768e9,POI-17,Chinese Restaurant,
4bc81ea50050b71399e4b93b,POI-33,Italian Restaurant,
4bc820616501c9b65fa33f29,POI-32,Pizza Place,
4bc82c4a2f94d13a6f28137f,POI-66,Grocery Store,
4bc8306c0050b713b8f2b93b,POI-66,Grocery Store,
4bc830ffaf07a593d670802d,POI-14,Pub,
4bc837cb0050b7138ef9b93b,POI-10,Coffee Shop,
4bc8396914d795218caa68e9,POI-37,Thai Restaurant,
4bc83cdc8b7c9c74e2bf37cf,POI-82,Swiss Restaurant,
4bc83dadaf07a593d97d802d,POI-42,Food Court,
4bc844a192b376b0010e513a,POI-2,Bar,
4bc846c214d7952180b968e9,POI-1,Wine Bar,
4bc847e56501c9b62ec93f29,POI-70,Korean Restaurant,
4bc84a188b7c9c743ccf37cf,POI-17,Chinese Restaurant,
4bc84c4e6501c9b629cf3f29,POI-46,Japanese Restaurant,
4bc84edd2f94d13a6b4e137f,POI-94,Gas Station / Garage,
4bc84f4f6501c9b6efd33f29,POI-39,Restaurant,
4bc8583192b376b0402b513a,POI-46,Japanese Restaurant,
4bc858e58b7c9c7487e637cf,POI-34,Mediterranean Restaurant,
4bc85b226501c9b68de83f29,POI-2,Bar,
4bc88454af07a593fcfa802d,POI-74,Fast Food Restaurant,
4bc889f48b7c9c745a4a38cf,POI-36,Asian Restaurant,
4bc88ba18b7c9c74ba4e38cf,POI-42,Food Court,
4bc8914b0050b713709cba3b,POI-14,Pub,
4bc8969e8b7c9c74946c38cf,POI-49,Multiplex,
4bc8a0926501c9b6a7874029,POI-123,Convenience Store,
4bc8de99cc8cd13a9675bacf,POI-5,Gaming Cafe,
4bc91502fb84c9b6c0841a3e,POI-92,Salon / Barbershop,
4bc91b4d3740b713523c5e65,POI-10,Coffee Shop,
4bc91db5937ca5938b52a592,POI-89,Arcade,
4bc923a2b6c49c7417078e91,POI-67,Gym,
4bc923bccc8cd13a4237bbcf,POI-92,Salon / Barbershop,
4bc9291b937ca593c26ea592,POI-42,Food Court,
4bc92dd5fb84c9b6c6c21a3e,POI-17,Chinese Restaurant,
4bc930c1b6c49c74ea248e91,POI-41,Ramen /  Noodle House,
4bc934293740b71304775e65,POI-56,Cosmetics Shop,
4bc9375968f976b005165d83,POI-137,Juice Bar,
4bc9391b0687ef3beeb8d9cc,POI-77,Sushi Restaurant,
4bc9476b937ca593d9a9a592,POI-92,Salon / Barbershop,
4bc94881937ca593a8aba592,POI-17,Chinese Restaurant,
4bc95f9f511f9521ccb5adc7,POI-119,Record Shop,
4bc961f3937ca59359cca592,POI-53,Department Store,
4bc962b1937ca59339cda592,POI-48,Theater,
4bc96858cc8cd13a5fa9bbcf,POI-36,Asian Restaurant,
4bc969fdcc8cd13af1aabbcf,POI-94,Gas Station / Garage,
4bc973fd937ca59319dea592,POI-102,Bbq Joint,
4bc975c70687ef3b8208dacc,POI-43,Vegetarian / Vegan Restaurant,
4bc980befb84c9b6ef341b3e,POI-10,Coffee Shop,
4bc98f20937ca5933ef8a592,POI-126,Music Store,
4bc990283740b713aee95e65,POI-62,Jewelry Store,
4bc99061511f9521c8e5adc7,POI-17,Chinese Restaurant,
4bc99143511f9521c1e6adc7,POI-44,Burger Joint,
4bc9943a511f9521b1e9adc7,POI-17,Chinese Restaurant,
4bc996e7937ca5933100a692,POI-17,Chinese Restaurant,
4bc9985f0687ef3b472adacc,POI-22,Dessert Shop,
4bc99971937ca5930103a692,POI-19,French Restaurant,
4bc99b9e511f95218ef1adc7,POI-66,Grocery Store,
4bc9a37068f976b0a8965d83,POI-40,Seafood Restaurant,
4bc9a3a9b6c49c74a4b48e91,POI-42,Food Court,
4bc9a4eafb84c9b6d55a1b3e,POI-63,Bakery,
4bc9a58c3740b713f6005f65,POI-17,Chinese Restaurant,
4bc9a8160687ef3b533cdacc,POI-67,Gym,
4bc9b2e1937ca593d922a692,POI-66,Grocery Store,
4bc9ba240687ef3b5556dacc,POI-32,Pizza Place,
4bc9bbb2b6c49c7444d78e91,POI-96,Karaoke Bar,
4bc9bc0b511f95218e1daec7,POI-17,Chinese Restaurant,
4bc9c787511f95215632aec7,POI-63,Bakery,
4bc9e54a511f95214575aec7,POI-10,Coffee Shop,
4bc9f26efb84c9b60cf81b3e,POI-36,Asian Restaurant,
4bca2b30b6c49c7429f18f91,POI-74,Fast Food Restaurant,
4bca492c511f9521cd86afc7,POI-26,Park,
4bca636e511f9521bac8afc7,POI-35,Dim Sum Restaurant,
4bca6d6bb6c49c74509a9091,POI-7,American Restaurant,
4bca820a511f9521eb0db0c7,POI-55,Sporting Goods Shop,
4bca82ea511f9521b30fb0c7,POI-10,Coffee Shop,
4bca84aab6c49c74facc9091,POI-81,Steakhouse,
4bca84bab6c49c7418cd9091,POI-4,Resort,
4bca8a7f511f9521851eb0c7,POI-98,Snack Place,
4bca8bd40687ef3bfa5fdccc,POI-17,Chinese Restaurant,
4bcaa77a511f95217f4bb0c7,POI-26,Park,
4bcaa8f50687ef3b0f8cdccc,POI-92,Salon / Barbershop,
4bcab2e8511f95216558b0c7,POI-42,Food Court,
4bcabf4ab6c49c740f1f9191,POI-55,Sporting Goods Shop,
4bcacf5668f976b0180e6083,POI-63,Bakery,
4bcad072b6c49c74a52d9191,POI-36,Asian Restaurant,
4bcad89b0687ef3bbbb8dccc,POI-61,Shoe Store,
4bcadcf20687ef3b4abcdccc,POI-123,Convenience Store,
4bcae011511f9521757fb0c7,POI-40,Seafood Restaurant,
4bcae1de68f976b0891d6083,POI-39,Restaurant,
4bcae261fb84c9b643e21d3e,POI-43,Vegetarian / Vegan Restaurant,
4bcae5cb68f976b0d2206083,POI-70,Korean Restaurant,
4bcae6e3fb84c9b60de61d3e,POI-17,Chinese Restaurant,
4bcaed013740b7137a8f6165,POI-36,Asian Restaurant,
4bcaf37b511f95219390b0c7,POI-94,Gas Station / Garage,
4bcaf6420687ef3bf8d1dccc,POI-36,Asian Restaurant,
4bcafc57937ca593adb0a892,POI-142,Video Store,
4bcb009bb6c49c7412589191,POI-83,Fried Chicken Joint,
4bcb01ca0687ef3b2ededccc,POI-33,Italian Restaurant,
4bcbaac9511f95218cfeb1c7,POI-123,Convenience Store,
4bcbd66d0687ef3b1981decc,POI-46,Japanese Restaurant,
4bcbd790fb84c9b6b3a31f3e,POI-53,Department Store,
4bcbdc6ecc8cd13a4533c0cf,POI-123,Convenience Store,
4bcbde113740b713824f6365,POI-46,Japanese Restaurant,
4bcbe22268f976b0ffea6183,POI-112,Gift Shop,
4bcbe394511f9521e44db2c7,POI-18,Indian Restaurant,
4bcbe3e5b6c49c74f80a9391,POI-10,Coffee Shop,
4bcbe7450687ef3b3f92decc,POI-70,Korean Restaurant,
4bcbea30cc8cd13ae540c0cf,POI-10,Coffee Shop,
4bcc25550687ef3b94c5decc,POI-94,Gas Station / Garage,
4bcc33dacc8cd13af47ec0cf,POI-33,Italian Restaurant,
4bcc4a5b511f9521f4aeb2c7,POI-17,Chinese Restaurant,
4bcc4b41511f95216cb0b2c7,POI-10,Coffee Shop,
4bcc4e8acc8cd13a79a3c0cf,POI-94,Gas Station / Garage,
4bcc6df73740b7130bf56365,POI-66,Grocery Store,
4bcc85e6937ca5932f3aab92,POI-42,Food Court,
4bcd234ffb84c9b6dbbb213e,POI-40,Seafood Restaurant,
4bcd25ee0687ef3bfb9de0cc,POI-10,Coffee Shop,
4bcd2880b6c49c746f1c9591,POI-10,Coffee Shop,
4bcd316e0687ef3b0eabe0cc,POI-36,Asian Restaurant,
4bcd32fc937ca593598bac92,POI-42,Food Court,
4bcd642c511f9521c096b4c7,POI-123,Convenience Store,
4bcd689e0687ef3b11dde0cc,POI-10,Coffee Shop,
4bcd829b8920b71325cb9fdc,POI-61,Shoe Store,
4bcd865d68f976b028566483,POI-39,Restaurant,
4bcd88788920b7138bd19fdc,POI-54,Clothing Store,
4bcd8c5668f976b07a5d6483,POI-70,Korean Restaurant,
4bcd8c700687ef3b0efee0cc,POI-17,Chinese Restaurant,
4bcd93ab68f976b03d676483,POI-98,Snack Place,
4bcd9d89b6c49c74e2929591,POI-65,Women'S Store,
4bcda4d40687ef3b3525e1cc,POI-54,Clothing Store,
4bcda53db6c49c7461a19591,POI-54,Clothing Store,
4bcda86fcc8cd13a74d9c2cf,POI-63,Bakery,
4bcda925b6c49c740ea99591,POI-42,Food Court,
4bcdcf9cb6c49c740ff19591,POI-94,Gas Station / Garage,
4bcdf3d9937ca59387a3ad92,POI-143,Motel,
4bce3be8cc8cd13a520dc4cf,POI-94,Gas Station / Garage,
4bce67bb29d4b713ffa0a8dc,POI-51,Indie Movie Theater,
4bce6fc5ef1095213a398486,POI-94,Gas Station / Garage,
4bce7b1929d4b713adbfa8dc,POI-17,Chinese Restaurant,
4bce808dfb84c9b61206243e,POI-17,Chinese Restaurant,
4bce822eef109521fe528486,POI-36,Asian Restaurant,
4bce855129d4b7139ccca8dc,POI-17,Chinese Restaurant,
4bce89b4fb84c9b67d10243e,POI-46,Japanese Restaurant,
4bce8cec29d4b71310d5a8dc,POI-18,Indian Restaurant,
4bceb0a3937ca59352f0ae92,POI-37,Thai Restaurant,
4bceba0ac564ef3bf6b2eef0,POI-2,Bar,
4bcebcedef109521c48c8486,POI-54,Clothing Store,
4bcec3b1cc8cd13a8bd1c4cf,POI-88,Sandwich Place,
4bced79cef109521f3a48486,POI-56,Cosmetics Shop,
4bceda43937ca5931f15af92,POI-56,Cosmetics Shop,
4bcee51468f976b059a76683,POI-117,Bike Shop,
4bceea5e68f976b0e9af6683,POI-74,Fast Food Restaurant,
4bcf9217462cb713c806d707,POI-17,Chinese Restaurant,
4bcfce73a8b3a5932302635f,POI-42,Food Court,
4bcfda5977b29c74d2ed8982,POI-135,Tanning Salon,
4bcfea46b221c9b6b3efd2d0,POI-54,Clothing Store,
4bcfef2bb221c9b694f4d2d0,POI-22,Dessert Shop,
4bcffb9e77b29c7449108a82,POI-36,Asian Restaurant,
4bcfff9841b9ef3b806af9e5,POI-137,Juice Bar,
4bd002cda8b3a5936f38635f,POI-54,Clothing Store,
4bd02629462cb71346d1d707,POI-66,Grocery Store,
4bd02b409854d13a2831f74d,POI-63,Bakery,
4bd02c8e9854d13ab032f74d,POI-80,Ice Cream Shop,
4bd039a641b9ef3b03a4f9e5,POI-94,Gas Station / Garage,
4bd03aba462cb7135aecd707,POI-14,Pub,
4bd03bf4462cb7134deed707,POI-17,Chinese Restaurant,
4bd040259854d13a0250f74d,POI-36,Asian Restaurant,
4bd040d2046076b04d926f71,POI-66,Grocery Store,
4bd042389854d13ac653f74d,POI-96,Karaoke Bar,
4bd04dc5a8b3a593af92635f,POI-49,Multiplex,
4bd05d22b221c9b6de7dd3d0,POI-66,Grocery Store,
4bd05f8277b29c7492928a82,POI-66,Grocery Store,
4bd0681a41b9ef3b72f8f9e5,POI-53,Department Store,
4bd0763ab221c9b63ab0d3d0,POI-94,Gas Station / Garage,
4bd07cd5a8b3a593fef2635f,POI-144,Portuguese Restaurant,
4bd0b6faa8b3a5939b75645f,POI-36,Asian Restaurant,
4bd103e420cd996092a22e9e,POI-30,Water Park,
4bd10dffb221c9b6c90fd5d0,POI-74,Fast Food Restaurant,
4bd11b96caff95219949d0f0,POI-57,Miscellaneous Shop,
4bd1210a9854d13a0736f94d,POI-87,Car Dealership,
4bd122a4a8b3a5936b66655f,POI-7,American Restaurant,
4bd1262177b29c74ca478c82,POI-88,Sandwich Place,
4bd12a04462cb7134fe9d907,POI-10,Coffee Shop,
4bd12b2e41b9ef3b7ca3fbe5,POI-17,Chinese Restaurant,
4bd130b0caff95210367d0f0,POI-10,Coffee Shop,
4bd1355541b9ef3b58b0fbe5,POI-63,Bakery,
4bd13579462cb713a8f7d907,POI-18,Indian Restaurant,
4bd15651462cb7137f1ada07,POI-39,Restaurant,
4bd1618d046076b096c07171,POI-26,Park,
4bd170ee77b29c74c4948c82,POI-21,Lounge,
4bd1861b9854d13acda4f94d,POI-46,Japanese Restaurant,
4bd18aa7b221c9b607a6d5d0,POI-84,Boutique,
4bd18af2b221c9b67ca6d5d0,POI-40,Seafood Restaurant,
4bd18e7fa8b3a5939cdf655f,POI-81,Steakhouse,
4bd19d05caff9521a9ebd0f0,POI-14,Pub,
4bd1a861462cb713368dda07,POI-32,Pizza Place,
4bd1e14ccaff9521688bd1f0,POI-73,Electronics Store,
4bd1e28acaff9521b48ed1f0,POI-73,Electronics Store,
4bd1e8a4462cb7135d28db07,POI-125,Other Nightlife,
4bd2464541b9ef3b32d2fde5,POI-41,Ramen /  Noodle House,
4bd24b88046076b054c67371,POI-66,Grocery Store,
4bd250b7462cb7138f33dc07,POI-60,Automotive Shop,
4bd2529841b9ef3b17f4fde5,POI-98,Snack Place,
4bd27fe4b221c9b632efd7d0,POI-112,Gift Shop,
4bd28d63462cb713bab1dc07,POI-36,Asian Restaurant,
4bd2a849caff9521954bd3f0,POI-57,Miscellaneous Shop,
4bd2c0d1b221c9b6543fd8d0,POI-36,Asian Restaurant,
4bd2ca3a77b29c74865c8f82,POI-70,Korean Restaurant,
4bd2cff177b29c7423638f82,POI-16,Australian Restaurant,
4bd2d1479854d13af657fc4d,POI-17,Chinese Restaurant,
4bd2d4d4caff9521a87cd3f0,POI-102,Bbq Joint,
4bd2d7ec046076b0a5a97471,POI-88,Sandwich Place,
4bd2d876caff95214481d3f0,POI-56,Cosmetics Shop,
4bd2dae7a8b3a5932495685f,POI-17,Chinese Restaurant,
4bd2ec16a8b3a5931dae685f,POI-65,Women'S Store,
4bd2f2e2b221c9b6bd80d8d0,POI-59,Men'S Store,
4bd2f926caff952124b3d3f0,POI-17,Chinese Restaurant,
4bd36b9777b29c745dd19082,POI-10,Coffee Shop,
4bd3c3eca8b3a593bbd76a5f,POI-57,Miscellaneous Shop,
4bd3c45d462cb7136f4ddf07,POI-94,Gas Station / Garage,
4bd3c6b0046076b0a5f37671,POI-42,Food Court,
4bd3c7a441b9ef3b020f01e6,POI-106,Candy Store,
4bd3c88b41b9ef3be91001e6,POI-46,Japanese Restaurant,
4bd3c9ad9854d13afcb0fe4d,POI-42,Food Court,
4bd3cc3341b9ef3bcc1701e6,POI-17,Chinese Restaurant,
4bd3d4c3caff9521dae2d5f0,POI-7,American Restaurant,
4bd3dc94046076b0211a7771,POI-40,Seafood Restaurant,
4bd3dfff046076b00e1f7771,POI-74,Fast Food Restaurant,
4bd3e554caff9521a8fbd5f0,POI-54,Clothing Store,
4bd3f2f577b29c74edfa9182,POI-22,Dessert Shop,
4bd3fb4677b29c74db039282,POI-55,Sporting Goods Shop,
4bd3fc5da8b3a593292a6b5f,POI-57,Miscellaneous Shop,
4bd4192c41b9ef3b197601e6,POI-17,Chinese Restaurant,
4bd41997462cb713e2bbdf07,POI-67,Gym,
4bd41af5046076b0625f7771,POI-36,Asian Restaurant,
4bd41ef6462cb713f9c0df07,POI-36,Asian Restaurant,
4bd42725046076b0346b7771,POI-2,Bar,
4bd429d5a8b3a59370566b5f,POI-31,Mexican Restaurant,
4bd43129462cb713a2d3df07,POI-17,Chinese Restaurant,
4bd4340b9854d13a182fff4d,POI-67,Gym,
4bd4342877b29c74363b9282,POI-107,Pet Store,
4bd4435e9854d13aae41ff4d,POI-10,Coffee Shop,
4bd44ba241b9ef3b18af01e6,POI-36,Asian Restaurant,
4bd44f36a8b3a59302856b5f,POI-10,Coffee Shop,
4bd46168caff95212190d6f0,POI-128,Kids Store,
4bd4682d29eb9c74517a91e1,POI-10,Coffee Shop,
4bd46add6f64952145416dec,POI-128,Kids Store,
4bd473f87b1876b090038986,POI-128,Kids Store,
4bd475507b1876b0f7068986,POI-128,Kids Store,
4bd4775e7b1876b0410c8986,POI-128,Kids Store,
4bd479977b1876b0e6118986,POI-128,Kids Store,
4bd47a317b1876b059138986,POI-128,Kids Store,
4bd4e0046798ef3bff9b628d,POI-130,Food Truck,
4bd4e5dc6f649521a4616eec,POI-10,Coffee Shop,
4bd50df36f64952198a26eec,POI-89,Arcade,
4bd514065631c9b6a2ada330,POI-10,Coffee Shop,
4bd51eb5cfa7b713127125da,POI-42,Food Court,
4bd524595631c9b6dcbfa330,POI-42,Food Court,
4bd52c5d6f64952134c56eec,POI-56,Cosmetics Shop,
4bd53d696798ef3b3b1e638d,POI-89,Arcade,
4bd545ed637ba593ee32f670,POI-39,Restaurant,
4bd557da4e32d13a11b3c080,POI-108,Scandinavian Restaurant,
4bd56cc55631c9b6d703a430,POI-92,Salon / Barbershop,
4bd56d985631c9b6d504a430,POI-88,Sandwich Place,
4bd572c15631c9b61b0ba430,POI-80,Ice Cream Shop,
4bd57ea87b1876b03ac48a86,POI-133,Salad Place,
4bd5824c637ba593b572f670,POI-42,Food Court,
4bd585bd7b1876b020d08a86,POI-10,Coffee Shop,
4bd5c76c5631c9b696aca430,POI-17,Chinese Restaurant,
4bd5c8465631c9b69aaea430,POI-17,Chinese Restaurant,
4bd63c47637ba593ecf6f770,POI-57,Miscellaneous Shop,
4bd65ecc29eb9c748e1a95e1,POI-63,Bakery,
4bd664335631c9b64de9a530,POI-85,Furniture / Home Store,
4bd66fdc6798ef3b0f38658d,POI-46,Japanese Restaurant,
4bd67396637ba593a84bf870,POI-39,Restaurant,
4bd67849637ba593e450f870,POI-92,Salon / Barbershop,
4bd678b86f649521b3fb70ec,POI-18,Indian Restaurant,
4bd67a425631c9b66202a630,POI-36,Asian Restaurant,
4bd68a6e29eb9c74c54a95e1,POI-17,Chinese Restaurant,
4bd69ca76798ef3ba664658d,POI-10,Coffee Shop,
4bd69f2b7b1876b02ece8c86,POI-91,Food & Drink Shop,
4bd6a2166f6495216d2371ec,POI-92,Salon / Barbershop,
4bd6a970637ba5936780f870,POI-56,Cosmetics Shop,
4bd6c21e6f649521384271ec,POI-123,Convenience Store,
4bd6c5d5cfa7b7132a0028da,POI-66,Grocery Store,
4bd6c7906f6495218c4971ec,POI-36,Asian Restaurant,
4bd6cb5429eb9c74418c95e1,POI-10,Coffee Shop,
4bd6cecb7b1876b0a6018d86,POI-17,Chinese Restaurant,
4bd6cfaacfa7b713220f28da,POI-39,Restaurant,
4bd6df214e32d13a2437c380,POI-1,Wine Bar,
4bd6e87c637ba59396ddf870,POI-84,Boutique,
4bd6e974cfa7b7138d4128da,POI-17,Chinese Restaurant,
4bd704be6f6495214bbc71ec,POI-17,Chinese Restaurant,
4bd76f5fe914a5935b4351fa,POI-27,Art Gallery,
4bd7789835aad13aad048ff3,POI-17,Chinese Restaurant,
4bd79fc488559521080f88a7,POI-55,Sporting Goods Shop,
4bd7a11735aad13a306e8ff3,POI-137,Juice Bar,
4bd7a3815cf276b0ffd39b00,POI-54,Clothing Store,
4bd7b10a35aad13af28c8ff3,POI-74,Fast Food Restaurant,
4bd7b97535aad13a2e9a8ff3,POI-36,Asian Restaurant,
4bd7c0d2f645c9b622b1a6e0,POI-36,Asian Restaurant,
4bd7c2600b779c74f6ec05a0,POI-17,Chinese Restaurant,
4bd7caee09ecb71317aa477c,POI-17,Chinese Restaurant,
4bd7d59635aad13a7ebf8ff3,POI-73,Electronics Store,
4bd810e7dc4b9521ae467888,POI-39,Restaurant,
4bd811e909ecb7133ffc477c,POI-80,Ice Cream Shop,
4bd81eaaf645c9b65626a7e0,POI-32,Pizza Place,
4bd8255435aad13a392590f3,POI-36,Asian Restaurant,
4bd828c90b779c74c67306a0,POI-17,Chinese Restaurant,
4bd82d1ef645c9b6da44a7e0,POI-8,Gastropub,
4bd831d009ecb713e63a487c,POI-17,Chinese Restaurant,
4bd84b1adc4b9521c2c07888,POI-125,Other Nightlife,
4bd8778b5cf276b090539d00,POI-94,Gas Station / Garage,
4bd90ff90115c9b64f667680,POI-39,Restaurant,
4bd9153f11dcc928cef3f833,POI-89,Arcade,
4bd91dd8e914a59316c255fa,POI-18,Indian Restaurant,
4bd9253711dcc928f419f933,POI-66,Grocery Store,
4bd926192e6f0f4724e80908,POI-26,Park,
4bd94d12e914a5930c2556fa,POI-57,Miscellaneous Shop,
4bd953125f50b713fe0fe0d1,POI-88,Sandwich Place,
4bd970690115c9b6cf3b7780,POI-36,Asian Restaurant,
4bd981f80115c9b6e07b7780,POI-8,Gastropub,
4bd98d7067b49c7457912214,POI-98,Snack Place,
4bd991d067b49c745e922214,POI-98,Snack Place,
4bd99a43d2cbc9280f09d1ad,POI-32,Pizza Place,
4bda36713904a5939ab5459e,POI-10,Coffee Shop,
4bda4c38ffafd13a3a049b85,POI-61,Shoe Store,
4bda58e163c5c9b6f7dd2368,POI-26,Park,
4bda5c9b63c5c9b651e92368,POI-4,Resort,
4bda673c63c5c9b696082468,POI-36,Asian Restaurant,
4bda6eec2a3a0f47f529abb6,POI-81,Steakhouse,
4bda70a93904a593f784469e,POI-36,Asian Restaurant,
4bdaa8aec79cc928ad567fe9,POI-73,Electronics Store,
4bdab8003904a593e218479e,POI-84,Boutique,
4bdabf9e63c5c9b619c82468,POI-46,Japanese Restaurant,
4bdabfbe63c5c9b680c82468,POI-36,Asian Restaurant,
4bdacc7a2a3a0f47c204acb6,POI-46,Japanese Restaurant,
4bdacf1c2a3a0f472e0facb6,POI-112,Gift Shop,
4bdad2f42a3a0f477f1eacb6,POI-46,Japanese Restaurant,
4bdad5072a3a0f47af27acb6,POI-37,Thai Restaurant,
4bdadbd363c5c9b6ca352568,POI-94,Gas Station / Garage,
4bdae2a9c79cc928631880e9,POI-94,Gas Station / Garage,
4bdae5b463c5c9b65b5e2568,POI-89,Arcade,
4bdaf0a92a3a0f47e799acb6,POI-2,Bar,
4bdaf32fc79cc9282f5c80e9,POI-2,Bar,
4bdb008b3904a5930738489e,POI-49,Multiplex,
4bdb24d1c79cc928a85781e9,POI-88,Sandwich Place,
4bdb29ed3904a5930210499e,POI-10,Coffee Shop,
4bdb76c52a3a0f470444afb6,POI-17,Chinese Restaurant,
4bdb7effc79cc928e42a83e9,POI-123,Convenience Store,
4bdba4c363c5c9b643272968,POI-39,Restaurant,
4bdba5bf2a3a0f47d144b0b6,POI-66,Grocery Store,
4bdbb39efed22d7f048d57c9,POI-96,Karaoke Bar,
4bdbb9fe2a3a0f471997b0b6,POI-88,Sandwich Place,
4bdbba152a3a0f476897b0b6,POI-84,Boutique,
4bdbc2cc63c5c9b6169b2968,POI-61,Shoe Store,
4bdbcbdd3904a5936f254c9e,POI-92,Salon / Barbershop,
4bdbcebe2a3a0f478ad7b0b6,POI-36,Asian Restaurant,
4bdbceee2a3a0f47f7d7b0b6,POI-17,Chinese Restaurant,
4bdbd27263c5c9b683c72968,POI-54,Clothing Store,
4bdbd2d1fed22d7f039057c9,POI-105,Gourmet Shop,
4bdbe34963c5c9b6fded2968,POI-33,Italian Restaurant,
4bdbed666547d13ad72b7c26,POI-42,Food Court,
4bdbf92563c5c9b6cb1b2a68,POI-74,Fast Food Restaurant,
4bdc0d152a3a0f470c5fb1b6,POI-54,Clothing Store,
4bdc183163c5c9b6ca612a68,POI-17,Chinese Restaurant,
4bdc20f7f1499c74d66138f3,POI-11,Nightclub,
4bdc237e3904a593d8f24c9e,POI-80,Ice Cream Shop,
4bdc378cc79cc9281c9685e9,POI-15,Cocktail Bar,
4bdc7aab2a3a0f47de07b3b6,POI-2,Bar,
4bdcf495479bc9b689e640eb,POI-17,Chinese Restaurant,
4bdd1461d33f2d7f0f488a3c,POI-128,Kids Store,
4bdd322b645e0f4795156b19,POI-17,Chinese Restaurant,
4bdd3e5fd33f2d7ff79c8a3c,POI-36,Asian Restaurant,
4bdd4ba84ffaa593652e6ff7,POI-130,Food Truck,
4bdd5028d33f2d7f25b88a3c,POI-17,Chinese Restaurant,
4bdd67704ffaa593825b6ff7,POI-10,Coffee Shop,
4bdd69a1b0f5c9288e4d4ce3,POI-42,Food Court,
4bdd6fdd4ffaa593a06a6ff7,POI-84,Boutique,
4bdd72b0f219c9b6d9971210,POI-145,Farmers Market,
4bdd7482f219c9b62d9b1210,POI-66,Grocery Store,
4bdd89cf4ffaa59326986ff7,POI-33,Italian Restaurant,
4bdd96d03f720f476e6c8ae7,POI-91,Food & Drink Shop,
4bdda10d0ee3a59314fc2db0,POI-92,Salon / Barbershop,
4bdda3b1d640d13ab60e6a27,POI-123,Convenience Store,
4bde13d86198c9b691e912ff,POI-10,Coffee Shop,
4bde20e30ee3a593491c30b0,POI-10,Coffee Shop,
4bde3d6dffdec928a341e8a1,POI-36,Asian Restaurant,
4bde4189e75c0f47657ec703,POI-55,Sporting Goods Shop,
4bde4f790ee3a59300b330b0,POI-135,Tanning Salon,
4bde5c59ffdec9284e93e8a1,POI-22,Dessert Shop,
4bde7ffce75c0f47240ec803,POI-27,Art Gallery,
4bdea4906198c9b6c36014ff,POI-36,Asian Restaurant,
4bdea7366198c9b6b96614ff,POI-92,Salon / Barbershop,
4bdeb573ffdec9280f4ee9a1,POI-66,Grocery Store,
4bdecca6e75c0f47e1cdc803,POI-66,Grocery Store,
4bded7eaffdec928a6cae9a1,POI-44,Burger Joint,
4bdedf390ee3a593ef1f32b0,POI-36,Asian Restaurant,
4bdee2a40ee3a593932c32b0,POI-60,Automotive Shop,
4bdf0fd70ee3a593d1d432b0,POI-24,Malaysian Restaurant,
4bdf8f600ee3a5935dce34b0,POI-10,Coffee Shop,
4bdf9537921d952127216932,POI-98,Snack Place,
4bdfa498e75c0f4775fecb03,POI-10,Coffee Shop,
4bdfa839e75c0f47a907cc03,POI-10,Coffee Shop,
4bdfade4ffdec9284ae9eca1,POI-41,Ramen /  Noodle House,
4bdfb7cb0ee3a5935b3c35b0,POI-10,Coffee Shop,
4bdfb7e56316d13a4be0a011,POI-42,Food Court,
4bdfbbc10d69b713f82766d3,POI-89,Arcade,
4bdfdfc8e75c0f475b83cc03,POI-11,Nightclub,
4be0f1d9f8052d7f0447e5b5,POI-70,Korean Restaurant,
4be10598c1732d7f97215b9a,POI-56,Cosmetics Shop,
4be10e99d816c928073fefd9,POI-36,Asian Restaurant,
4be131e9d816c9289e7cefd9,POI-36,Asian Restaurant,
4be13f81a7380f47bc8b19b0,POI-53,Department Store,
4be140402b27ef3bf6dd746a,POI-142,Video Store,
4be145c7a7380f47fe9519b0,POI-42,Food Court,
4be14e2d0365c9b6b146b338,POI-80,Ice Cream Shop,
4be14ed5a7380f47e8a619b0,POI-36,Asian Restaurant,
4be150b00f03a593efe618b4,POI-36,Asian Restaurant,
4be161b5c1732d7f7dce5b9a,POI-37,Thai Restaurant,
4be166600f03a593552119b4,POI-77,Sushi Restaurant,
4be1b3b78c2bc9b6cebc420b,POI-125,Other Nightlife,
4be2213ed27a20a12f068f5b,POI-10,Coffee Shop,
4be227e6660ec9282dfbc83b,POI-90,Light Rail,
4be24c57660ec928ec53c93b,POI-36,Asian Restaurant,
4be24ecbd27a20a197758f5b,POI-74,Fast Food Restaurant,
4be2638c1dd22d7f691494bd,POI-63,Bakery,
4be27cfeb02ec9b6ab124dc0,POI-36,Asian Restaurant,
4be27e7ab02ec9b64e144dc0,POI-56,Cosmetics Shop,
4be2a6621dd22d7f2f7194bd,POI-22,Dessert Shop,
4be2b0b01dd22d7f7e8894bd,POI-67,Gym,
4be2d00c99feb71307ee81f6,POI-17,Chinese Restaurant,
4be2d629b02ec9b63cc94dc0,POI-35,Dim Sum Restaurant,
4be2e67ccbdbef3b997d60d8,POI-54,Clothing Store,
4be372a01dd22d7f2ed296bd,POI-44,Burger Joint,
4be37bb0d27a20a18c78925b,POI-116,Beer Garden,
4be397c2d27a20a19ec1925b,POI-17,Chinese Restaurant,
4be3993f1dd22d7f7d3697bd,POI-130,Food Truck,
4be39f62660ec928e3b2cc3b,POI-36,Asian Restaurant,
4be3a014660ec92830b4cc3b,POI-70,Korean Restaurant,
4be3ae7bf07b0f4773c1f843,POI-70,Korean Restaurant,
4be3b0f0cbdbef3b609f60d8,POI-6,Tea Room,
4be3b971660ec928cfdecc3b,POI-102,Bbq Joint,
4be3c673fe299521b5a1966c,POI-6,Tea Room,
4be3cc0c21d5a593a1061a11,POI-69,Spa / Massage,
4be3cf26cbdbef3b86a360d8,POI-58,Accessories Store,
4be3e839f07b0f476513f943,POI-36,Asian Restaurant,
4be3f1eb1dd22d7f69c197bd,POI-41,Ramen /  Noodle House,
4be3fa09d27a20a1975e935b,POI-2,Bar,
4be40fccd4f7c9b676992320,POI-2,Bar,
4be421acd4f7c9b695b12320,POI-39,Restaurant,
4be45afabcef2d7f2e6f02e5,POI-40,Seafood Restaurant,
4be460032457a593f323aa15,POI-102,Bbq Joint,
4be4651bbcef2d7fb87d02e5,POI-36,Asian Restaurant,
4be4b7f9cf200f473b69123c,POI-39,Restaurant,
4be4e698cf200f4791b3123c,POI-10,Coffee Shop,
4be4e7fb2468c9281786ff42,POI-43,Vegetarian / Vegan Restaurant,
4be4f564cf200f474dc5123c,POI-84,Boutique,
4be4f961cf200f47c5c9123c,POI-84,Boutique,
4be4fff2bcef2d7fd56703e5,POI-17,Chinese Restaurant,
4be50a6fbcef2d7f077103e5,POI-10,Coffee Shop,
4be50e4bbcef2d7f3f7403e5,POI-46,Japanese Restaurant,
4be51182bcef2d7fdd7603e5,POI-61,Shoe Store,
4be54151d4f7c9b66b312520,POI-46,Japanese Restaurant,
4be5418f2457a5934546ab15,POI-10,Coffee Shop,
4be5493cd4f7c9b67e372520,POI-17,Chinese Restaurant,
4be551cecf200f47600d133c,POI-57,Miscellaneous Shop,
4be5538b2457a5935754ab15,POI-56,Cosmetics Shop,
4be573facf200f470b31133c,POI-26,Park,
4be576b32457a5934c79ab15,POI-20,Spanish Restaurant,
4be57ea22457a593e883ab15,POI-26,Park,
4be57f60bcef2d7ff1d603e5,POI-18,Indian Restaurant,
4be580d2910020a10404d314,POI-141,Speakeasy,
4be6167b2457a593dc7dac15,POI-17,Chinese Restaurant,
4be63489d4f7c9b6c2932620,POI-17,Chinese Restaurant,
4be6409dd4f7c9b61ba22620,POI-10,Coffee Shop,
4be6440f2468c92810470143,POI-24,Malaysian Restaurant,
4be6486e2468c9288f4b0143,POI-18,Indian Restaurant,
4be649fcd4f7c9b6b9ac2620,POI-18,Indian Restaurant,
4be657efd4f7c9b6f6b92620,POI-17,Chinese Restaurant,
4be65ddebcef2d7f9a2405e5,POI-42,Food Court,
4be661c02468c928bb610143,POI-94,Gas Station / Garage,
4be669c52457a5935bdcac15,POI-59,Men'S Store,
4be66a9c910020a17557d414,POI-36,Asian Restaurant,
4be67f6b477d9c7442c3e62d,POI-66,Grocery Store,
4be6916abcef2d7fa44505e5,POI-43,Vegetarian / Vegan Restaurant,
4be693212468c92858810143,POI-17,Chinese Restaurant,
4be697b1bcef2d7fe34905e5,POI-84,Boutique,
4be69e07d4f7c9b6fde82620,POI-70,Korean Restaurant,
4be6b3832468c92823980143,POI-94,Gas Station / Garage,
4be6b3aa2468c92842980143,POI-17,Chinese Restaurant,
4be6ba25bcef2d7f456305e5,POI-70,Korean Restaurant,
4be6e7f9bcef2d7f239205e5,POI-5,Gaming Cafe,
4be7472c910020a1ed45d514,POI-18,Indian Restaurant,
4be75ae12457a593d9e5ad15,POI-98,Snack Place,
4be78e269a54a593d80c0911,POI-18,Indian Restaurant,
4be791aaee96c928eb2dfdbf,POI-6,Tea Room,
4be7989fc5220f47d1d7a8ca,POI-36,Asian Restaurant,
4be7a4c49a54a593e61c0911,POI-36,Asian Restaurant,
4be7d76d88ed2d7f0a23cb1d,POI-98,Snack Place,
4be7dd429a54a59355400911,POI-61,Shoe Store,
4be7e795c5220f471e0ca9ca,POI-4,Resort,
4be7f573ee96c928ee75fdbf,POI-55,Sporting Goods Shop,
4be7f64288ed2d7f3b3ecb1d,POI-17,Chinese Restaurant,
4be7f6b4c5220f47021ca9ca,POI-57,Miscellaneous Shop,
4be807cfd837c9b6c0c8a406,POI-80,Ice Cream Shop,
4be80da79a54a59342760911,POI-66,Grocery Store,
4be8126bc5220f479940a9ca,POI-5,Gaming Cafe,
4be8220bd837c9b6d4e9a406,POI-55,Sporting Goods Shop,
4be82a76ee96c92897b9fdbf,POI-57,Miscellaneous Shop,
4be8a018947820a1fe2ab5db,POI-42,Food Court,
4be8b4b188ed2d7f9442cc1d,POI-98,Snack Place,
4be8e23d88ed2d7f9272cc1d,POI-36,Asian Restaurant,
4be8e6f5947820a13a7cb5db,POI-17,Chinese Restaurant,
4be8fb7c947820a1d08bb5db,POI-66,Grocery Store,
4be901b2d837c9b6f7fda506,POI-17,Chinese Restaurant,
4be9348b947820a18db2b5db,POI-146,Public Art,
4be93c216af1ef3b98bb1b96,POI-55,Sporting Goods Shop,
4be93c7d88ed2d7f3ab3cc1d,POI-42,Food Court,
4be93e5dc5220f47a991aaca,POI-125,Other Nightlife,
4be9427088ed2d7faeb9cc1d,POI-147,Cuban Restaurant,
4be94596ee96c92849f3febf,POI-56,Cosmetics Shop,
4be95794c5220f4728b1aaca,POI-5,Gaming Cafe,
4bea30cab3352d7f43f954d2,POI-70,Korean Restaurant,
4bea3b2c62c0c928cfabe0d4,POI-42,Food Court,
4bea834f415e20a17510e5bb,POI-10,Coffee Shop,
4bea8fb16295c9b6ae828608,POI-37,Thai Restaurant,
4bea9d26a9900f47beab1640,POI-18,Indian Restaurant,
4beaab64b3352d7f056955d2,POI-17,Chinese Restaurant,
4beacda7183895215be20acf,POI-73,Electronics Store,
4bead4c51838952165e30acf,POI-32,Pizza Place,
4beb438eb3352d7fff4d56d2,POI-10,Coffee Shop,
4beb75e862c0c928d342e2d4,POI-73,Electronics Store,
4beb7b08415e20a17c76e6bb,POI-45,Indonesian Restaurant,
4beb878361aca5935a3a8500,POI-67,Gym,
4beb883d415e20a1da82e6bb,POI-39,Restaurant,
4beb9f73a9900f4728101840,POI-135,Tanning Salon,
4bebb7b66295c9b6d4088808,POI-22,Dessert Shop,
4bebdd8662c0c9283092e2d4,POI-10,Coffee Shop,
4bebe2a3415e20a1e0c5e6bb,POI-36,Asian Restaurant,
4bebe543415e20a1eec8e6bb,POI-117,Bike Shop,
4bebf274a9900f475d551840,POI-27,Art Gallery,
4bec091062c0c928e7cce2d4,POI-41,Ramen /  Noodle House,
4bec19a49ab3b7137af3b549,POI-148,African Restaurant,
4bec9c372cf820a15bfeb81c,POI-94,Gas Station / Garage,
4becd01b2cf820a1ee4fb91c,POI-35,Dim Sum Restaurant,
4becd5100ddaa593ef261ec3,POI-17,Chinese Restaurant,
4becd94ed5510f47f71fcd6c,POI-17,Chinese Restaurant,
4becdae7bbe62d7fe97d7f2b,POI-42,Food Court,
4bece1753372c928c9fc1014,POI-41,Ramen /  Noodle House,
4bece265bac3c9b6c1a6fde9,POI-42,Food Court,
4bece586e3562d7fc960fef8,POI-67,Gym,
4becf35e91380f47b84f9f18,POI-66,Grocery Store,
4bed2699e3562d7f0d94fef8,POI-73,Electronics Store,
4bed38423372c9287a461114,POI-122,Skate Park,
4bed3ca26e8c20a112087061,POI-98,Snack Place,
4bed46adbac3c9b69203fee9,POI-17,Chinese Restaurant,
4bed5525bac3c9b6111afee9,POI-57,Miscellaneous Shop,
4bed649e91380f472dcd9f18,POI-96,Karaoke Bar,
4bed69ffbac3c9b69438fee9,POI-36,Asian Restaurant,
4bede9e7767dc9b63bb4d3e9,POI-39,Restaurant,
4bee0fc72c082d7fa0003042,POI-60,Automotive Shop,
4bee20bda40fc9286c1e830c,POI-46,Japanese Restaurant,
4bee2faae24d20a164b07214,POI-92,Salon / Barbershop,
4bee32ff946c0f4735a4a363,POI-46,Japanese Restaurant,
4bee34ffa40fc9280439830c,POI-4,Resort,
4bee3c1e3686c9b66855246e,POI-10,Coffee Shop,
4bee41203686c9b68b5a246e,POI-120,Cupcake Shop,
4bee57a8d355a593a1ce0a60,POI-10,Coffee Shop,
4bee5eabe24d20a1b8dd7214,POI-89,Arcade,
4bee635d3686c9b69d78246e,POI-92,Salon / Barbershop,
4bee659ed355a593aad90a60,POI-65,Women'S Store,
4bee6ef7e24d20a1c0ea7214,POI-56,Cosmetics Shop,
4bee6f932c082d7f586c3042,POI-75,Bowling Alley,
4bee771b35dc0f475cda3f5b,POI-136,Thrift / Vintage Store,
4bee7b5535dc0f47e0dd3f5b,POI-10,Coffee Shop,
4bee7d0e2c082d7f9a773042,POI-69,Spa / Massage,
4bee818b35dc0f4791e33f5b,POI-36,Asian Restaurant,
4bee8f94d355a59332ff0a60,POI-42,Food Court,
4bee9bcd35dc0f475efe3f5b,POI-1,Wine Bar,
4beec2b6e8c3c9286b139992,POI-143,Motel,
4beede84d355a59361780b60,POI-94,Gas Station / Garage,
4bef5543f2712d7f88aafbd8,POI-66,Grocery Store,
4bef676ad1b7d13ac2c7cdec,POI-84,Boutique,
4bef6a4ff2712d7fbbc7fbd8,POI-8,Gastropub,
4bef7079f2712d7fb8cffbd8,POI-94,Gas Station / Garage,
4bef783a5e4aa593b01b59bb,POI-105,Gourmet Shop,
4bef80d8d1b7d13aa4e6cdec,POI-43,Vegetarian / Vegan Restaurant,
4bef8763d1b7d13a81edcdec,POI-17,Chinese Restaurant,
4bef9c11f2712d7fc7fafbd8,POI-126,Music Store,
4bef9ca0d1b7d13af2ffcdec,POI-36,Asian Restaurant,
4befa0e696edc9b6d3fb4af2,POI-57,Miscellaneous Shop,
4befb33dd4f70f470621390f,POI-56,Cosmetics Shop,
4befbcb6d4e4d13a0f8a15a7,POI-17,Chinese Restaurant,
4befc97a3a002d7fa46285a4,POI-43,Vegetarian / Vegan Restaurant,
4befcc6dd4f70f474c30390f,POI-28,Plaza,
4befd547c601a5935604c3d1,POI-70,Korean Restaurant,
4befd6e9d4f70f470237390f,POI-36,Asian Restaurant,
4befe2db51f2c9b6d6f8f092,POI-115,Soup Place,
4bf0062551f2c9b69617f192,POI-53,Department Store,
4bf010213a002d7f5c9d85a4,POI-42,Food Court,
4bf0c9943a15d13aa5f63e9f,POI-10,Coffee Shop,
4bf0e2403a15d13a77083f9f,POI-69,Spa / Massage,
4bf10cc024f020a1c5ab684f,POI-17,Chinese Restaurant,
4bf1107121072d7f4b8c208b,POI-17,Chinese Restaurant,
4bf113a4f45ec928496c943c,POI-113,General Travel,
4bf11f58f45ec928fe74943c,POI-61,Shoe Store,
4bf133fe6f8aa5936d95c23c,POI-98,Snack Place,
4bf140b921072d7f91bb208b,POI-67,Gym,
4bf15faa9ead2d7f2797ee4c,POI-33,Italian Restaurant,
4bf1cad952bda59336fbb1b7,POI-113,General Travel,
4bf1ef24d39ad13adedcaa0e,POI-10,Coffee Shop,
4bf2064ba09076b083f829d4,POI-88,Sandwich Place,
4bf2197c78cec9285630bb86,POI-36,Asian Restaurant,
4bf21a86189f0f47230eb862,POI-37,Thai Restaurant,
4bf21c1178cec9285432bb86,POI-17,Chinese Restaurant,
4bf222b199d02d7f26f3c948,POI-26,Park,
4bf22c9599d02d7f95fac948,POI-42,Food Court,
4bf27868a32e20a1e238d557,POI-46,Japanese Restaurant,
4bf27abb9319a59300f7ca51,POI-65,Women'S Store,
4bf27b3e9319a59377f7ca51,POI-52,Arts & Crafts Store,
4bf27c752f53b7137a23eb43,POI-149,Nail Salon,
4bf27e54a32e20a1183fd557,POI-37,Thai Restaurant,
4bf283fe20960f47734f6e2f,POI-19,French Restaurant,
4bf2895055c7c9b6fc2d6204,POI-54,Clothing Store,
4bf28d0520960f47885a6e2f,POI-17,Chinese Restaurant,
4bf294d520960f4788646e2f,POI-63,Bakery,
4bf299a21cd9d13a03d3ed76,POI-39,Restaurant,
4bf2a06377b4c92870766a1c,POI-24,Malaysian Restaurant,
4bf2a8377f2aef3b65cb392a,POI-28,Plaza,
4bf2bab79319a5939d44cb51,POI-17,Chinese Restaurant,
4bf3630394af2d7ff97d3972,POI-41,Ramen /  Noodle House,
4bf3785bcad2c9280fe39a99,POI-46,Japanese Restaurant,
4bf38db66a31d13a33ca942e,POI-17,Chinese Restaurant,
4bf38e20706e20a1ed5ea898,POI-10,Coffee Shop,
4bf395d2e5eba59374b51e90,POI-22,Dessert Shop,
4bf3b805cad2c928090e9b99,POI-10,Coffee Shop,
4bf3c0c6cad2c928fb149b99,POI-37,Thai Restaurant,
4bf3c998cad2c928301d9b99,POI-22,Dessert Shop,
4bf3d4256a31d13af6fe942e,POI-123,Convenience Store,
4bf3d45098ac0f478e3a63a8,POI-64,New American Restaurant,
4bf3da943f86c9b66486b21c,POI-36,Asian Restaurant,
4bf3e563e5eba59379fa1e90,POI-46,Japanese Restaurant,
4bf3e8756a31d13a8c18952e,POI-56,Cosmetics Shop,
4bf3f483e5eba593970d1f90,POI-11,Nightclub,
4bf3fff598ac0f47a07163a8,POI-14,Pub,
4bf42c37d2fbef3bc8c1a4c5,POI-14,Pub,
4bf4c225706e20a16dc4a998,POI-59,Men'S Store,
4bf4c5cbe5eba5930f182090,POI-40,Seafood Restaurant,
4bf4c77c6a31d13ac934962e,POI-46,Japanese Restaurant,
4bf4c8e8706e20a1f4c9a998,POI-133,Salad Place,
4bf4cd7ce5eba593971e2090,POI-36,Asian Restaurant,
4bf4cdee98ac0f47197664a8,POI-10,Coffee Shop,
4bf4ec6e706e20a180e4a998,POI-55,Sporting Goods Shop,
4bf4f22fed30b713c928f49a,POI-10,Coffee Shop,
4bf4ff026a31d13a765b962e,POI-63,Bakery,
4bf506a4706e20a1a8f4a998,POI-17,Chinese Restaurant,
4bf50f0ce5eba593b74b2090,POI-56,Cosmetics Shop,
4bf510176a31d13ae667962e,POI-36,Asian Restaurant,
4bf5110898ac0f47d3a464a8,POI-57,Miscellaneous Shop,
4bf51c1c98ac0f470daf64a8,POI-53,Department Store,
4bf51f33e5eba5937c5a2090,POI-69,Spa / Massage,
4bf5227e98ac0f47bfb564a8,POI-133,Salad Place,
4bf52935ff90c9b6dcfd5528,POI-41,Ramen /  Noodle House,
4bf52b1298ac0f4765c064a8,POI-73,Electronics Store,
4bf532c1ff90c9b6bf0a5628,POI-112,Gift Shop,
4bf53771e5eba593e0782090,POI-39,Restaurant,
4bf5681398ac0f47581265a8,POI-46,Japanese Restaurant,
4bf56a1c94af2d7f41af3b72,POI-10,Coffee Shop,
4bf5cb8bbb5176b029d95ab2,POI-22,Dessert Shop,
4bf61ce49abec9b67d5d25e8,POI-55,Sporting Goods Shop,
4bf62494004ed13a070d42a0,POI-36,Asian Restaurant,
4bf625ca5e800f4707f1e6d4,POI-83,Fried Chicken Joint,
4bf62f0a5efe2d7fd1cc6634,POI-96,Karaoke Bar,
4bf636b95efe2d7f16d66634,POI-113,General Travel,
4bf644a6d4cdb7136b5184fe,POI-55,Sporting Goods Shop,
4bf649afc07c9c74c264bbef,POI-84,Boutique,
4bf64db09abec9b6af9325e8,POI-42,Food Court,
4bf65167004ed13a543d42a0,POI-73,Electronics Store,
4bf65c7f4d5f20a16d2099fe,POI-39,Restaurant,
4bf662a99abec9b601ab25e8,POI-56,Cosmetics Shop,
4bf6658a9abec9b613af25e8,POI-39,Restaurant,
4bf665fb9abec9b6bcaf25e8,POI-66,Grocery Store,
4bf66f7c5e800f47ce46e7d4,POI-36,Asian Restaurant,
4bf6746bbfeac9281f4e9436,POI-46,Japanese Restaurant,
4bf677695efe2d7fe1246734,POI-111,Dumpling Restaurant,
4bf67ac0bfeac928f0599436,POI-36,Asian Restaurant,
4bf6800fd4cdb713a95c84fe,POI-80,Ice Cream Shop,
4bf6885c5efe2d7f5b476734,POI-98,Snack Place,
4bf68c565efe2d7f804f6734,POI-18,Indian Restaurant,
4bf68d629abec9b603f825e8,POI-36,Asian Restaurant,
4bf691ab5efe2d7f415a6734,POI-63,Bakery,
4bf698ae92d1952107d6591f,POI-39,Restaurant,
4bf6a01e94b2a59381c4adee,POI-10,Coffee Shop,
4bf6a437004ed13a7aca42a0,POI-2,Bar,
4bf6acca4d5f20a13cb499fe,POI-2,Bar,
4bf6c3c4b182c9b64d71745a,POI-2,Bar,
4bf6c4f65efe2d7fbab56734,POI-36,Asian Restaurant,
4bf6c613508c0f47c4d63c31,POI-38,Middle Eastern Restaurant,
4bf6e4b513aed13a1969eaf7,POI-99,Hookah Bar,
4bf7483f5efe2d7f28d66834,POI-10,Coffee Shop,
4bf764e8b182c9b6c1c9755a,POI-36,Asian Restaurant,
4bf76bf55ec320a1f01787d3,POI-22,Dessert Shop,
4bf778515ec320a1ac2887d3,POI-117,Bike Shop,
4bf77918b182c9b6c2e5755a,POI-56,Cosmetics Shop,
4bf77cb55efe2d7fc22c6934,POI-92,Salon / Barbershop,
4bf77fbd508c0f47b8b33d31,POI-39,Restaurant,
4bf78752c07c9c7484a9bbef,POI-96,Karaoke Bar,
4bf798a94a67c9285bef23cf,POI-69,Spa / Massage,
4bf7ac065ec320a1156087d3,POI-56,Cosmetics Shop,
4bf7ad3b4a67c9288e0424cf,POI-42,Food Court,
4bf7c08db182c9b66231765a,POI-36,Asian Restaurant,
4bf7c42e508c0f47b8f43d31,POI-17,Chinese Restaurant,
4bf7c9f85ec320a1858187d3,POI-54,Clothing Store,
4bf7d5a1508c0f47c10a3e31,POI-45,Indonesian Restaurant,
4bf7d9f85ec320a1b99787d3,POI-17,Chinese Restaurant,
4bf7dc1d4a67c9285c3e24cf,POI-53,Department Store,
4bf7e2ffabdaef3b7892a184,POI-17,Chinese Restaurant,
4bf7e5268d30d13aa2a9ff17,POI-96,Karaoke Bar,
4bf7eb9e5ec320a138b587d3,POI-21,Lounge,
4bf7ed085efe2d7ff8b76934,POI-26,Park,
4bf7f1575ec320a1f4bf87d3,POI-89,Arcade,
4bf809af8d30d13a39f5ff17,POI-123,Convenience Store,
4bf80e975efe2d7f73016a34,POI-123,Convenience Store,
4bf820724a67c92821d124cf,POI-123,Convenience Store,
4bf893ed5efe2d7f5c156b34,POI-36,Asian Restaurant,
4bf894a38d30d13a9a140118,POI-113,General Travel,
4bf8b7ff5efe2d7fbf506b34,POI-92,Salon / Barbershop,
4bf8bf884a67c9285cfe25cf,POI-46,Japanese Restaurant,
4bf8c6cf5317a5930471007f,POI-80,Ice Cream Shop,
4bf8d2344a67c928091426cf,POI-112,Gift Shop,
4bf8d5515ec320a1a57489d3,POI-39,Restaurant,
4bf8d5585efe2d7f67746b34,POI-150,Molecular Gastronomy Restaurant,
4bf8e4f44a67c928e52526cf,POI-54,Clothing Store,
4bf8ee0f8d30d13a8d880118,POI-127,Internet Cafe,
4bf8f5675317a593779e007f,POI-92,Salon / Barbershop,
4bf8fe108d30d13ac9950118,POI-41,Ramen /  Noodle House,
4bf8ffc45efe2d7f259a6b34,POI-53,Department Store,
4bf903af5317a59391aa007f,POI-17,Chinese Restaurant,
4bf90e88b182c9b6bd5d785a,POI-102,Bbq Joint,
4bf914af5efe2d7f54ad6b34,POI-26,Park,
4bf91a4a8d30d13ae1b00118,POI-42,Food Court,
4bf91b618d30d13a1cb20118,POI-61,Shoe Store,
4bf929cb5ec320a1b0c589d3,POI-36,Asian Restaurant,
4bf9d526b182c9b679a1795a,POI-42,Food Court,
4bf9fa33b182c9b66ed3795a,POI-36,Asian Restaurant,
4bf9fe51b182c9b618d8795a,POI-37,Thai Restaurant,
4bfa0b42bc86952100d67a6b,POI-10,Coffee Shop,
4bfa0bb7b182c9b69ae5795a,POI-53,Department Store,
4bfa587db182c9b606267a5a,POI-69,Spa / Massage,
4bfa5fce5317a593ac83027f,POI-40,Seafood Restaurant,
4bfa5ff5508c0f47f9fd3f31,POI-10,Coffee Shop,
4bfa6c12bc86952114e67a6b,POI-112,Gift Shop,
4bfa7053508c0f47df104031,POI-26,Park,
4bfa72c58d30d13a9f8e0318,POI-10,Coffee Shop,
4bfa74645317a59379a1027f,POI-62,Jewelry Store,
4bfa87b05ec320a1e3bd8bd3,POI-96,Karaoke Bar,
4bfaa4f65efe2d7f1be46d34,POI-18,Indian Restaurant,
4bfb0460565f76b0270105db,POI-39,Restaurant,
4bfb142665fbc9b63ff9906c,POI-63,Bakery,
4bfb1a6cab180f471373b3ce,POI-10,Coffee Shop,
4bfb1f10ab180f476a7bb3ce,POI-36,Asian Restaurant,
4bfb2d098d30d13a33130418,POI-38,Middle Eastern Restaurant,
4bfb43a4f214a593710daf0e,POI-34,Mediterranean Restaurant,
4bfb5003d2b720a1fde7326a,POI-45,Indonesian Restaurant,
4bfb59cd8f32ef3b091505aa,POI-17,Chinese Restaurant,
4bfb67ddab180f47d0d6b3ce,POI-67,Gym,
4bfb6b51d0382d7f0eafc90a,POI-22,Dessert Shop,
4bfb7f96bbb7c928d0370843,POI-10,Coffee Shop,
4bfb8b798d30d13a0e220418,POI-7,American Restaurant,
4bfba4fcbbb7c928da550843,POI-63,Bakery,
4bfbaaf565fbc9b6b1a1916c,POI-98,Snack Place,
4bfbaf35565f76b057cc05db,POI-53,Department Store,
4bfbb0cfd2b720a17d40336a,POI-80,Ice Cream Shop,
4bfbbe5f65fbc9b6f9ba916c,POI-22,Dessert Shop,
4bfbbee1f214a5939887af0e,POI-119,Record Shop,
4bfbc1aaab180f47f82fb4ce,POI-53,Department Store,
4bfbcb56d2b720a11169336a,POI-17,Chinese Restaurant,
4bfc85567bd2b713b5fde361,POI-11,Nightclub,
4bfca386b68d0f479bbbe757,POI-17,Chinese Restaurant,
4bfcb168e529c928ebebb98c,POI-36,Asian Restaurant,
4bfcb50ab68d0f4703cee757,POI-17,Chinese Restaurant,
4bfcc937f61dc9b62a209ede,POI-83,Fried Chicken Joint,
4bfcda8cf7c82d7f21598d04,POI-137,Juice Bar,
4bfcdf52bf6576b06772acb8,POI-17,Chinese Restaurant,
4bfceab2b68d0f47e9fde757,POI-106,Candy Store,
4bfcf099f7c82d7f5f6b8d04,POI-151,Argentinian Restaurant,
4bfd094f4cf820a13aceebf4,POI-39,Restaurant,
4bfd0bea83bbd13a0be862c5,POI-54,Clothing Store,
4bfd11e6bf6576b0ffa9acb8,POI-10,Coffee Shop,
4bfd1318f7c82d7f83968d04,POI-70,Korean Restaurant,
4bfd1c65f61dc9b68d7c9ede,POI-5,Gaming Cafe,
4bfd234af7c82d7fbeb08d04,POI-88,Sandwich Place,
4bfd26bae529c9287472ba8c,POI-42,Food Court,
4bfd2a9ff7c82d7f39bc8d04,POI-10,Coffee Shop,
4bfd2d404cf820a1dc07ecf4,POI-66,Grocery Store,
4bfd4518bf6576b0b6fbacb8,POI-42,Food Court,
4bfd9498bf6576b0b17badb8,POI-17,Chinese Restaurant,
4bfde87fb68d0f473f8fe957,POI-27,Art Gallery,
4bfdf43bb68d0f473c9ee957,POI-10,Coffee Shop,
4bfdf483f7c82d7f36048f04,POI-53,Department Store,
4bfdfb644cf820a1b354edf4,POI-17,Chinese Restaurant,
4bfe0705e93095210a2b62ab,POI-70,Korean Restaurant,
4bfe30dcbf6576b06d59aeb8,POI-6,Tea Room,
4bfe499ae529c9285318bc8c,POI-92,Salon / Barbershop,
4bfe4a5af61dc9b64230a0de,POI-112,Gift Shop,
4bfe5219e529c9282822bc8c,POI-17,Chinese Restaurant,
4bfe5e7fee20ef3b838a3c5e,POI-74,Fast Food Restaurant,
4bfe65c9e529c9283f3ebc8c,POI-39,Restaurant,
4bfe6a5df61dc9b6aa5ca0de,POI-37,Thai Restaurant,
4bfe6e6b8992a593d57aadb0,POI-94,Gas Station / Garage,
4bfe6ee8bf6576b024a5aeb8,POI-46,Japanese Restaurant,
4bfe75178992a593b985adb0,POI-57,Miscellaneous Shop,
4bfe7578e529c9286258bc8c,POI-17,Chinese Restaurant,
4bfe77e1f61dc9b65573a0de,POI-54,Clothing Store,
4bfe7aca2b83b71395eba998,POI-9,Rock Club,
4bfe7c84f61dc9b6f77aa0de,POI-96,Karaoke Bar,
4bfe850bf7c82d7feaae8f04,POI-40,Seafood Restaurant,
4bff229ee584c928b3d66d25,POI-84,Boutique,
4bff48b8e584c928f00e6e25,POI-73,Electronics Store,
4bff52bcc30a2d7f9ede101d,POI-36,Asian Restaurant,
4bff5f4f369476b0fec78d1f,POI-94,Gas Station / Garage,
4bff63ecca1920a1cbc7ec81,POI-33,Italian Restaurant,
4bff65dd480eef3bd97c9e7f,POI-42,Food Court,
4bff66ece584c92834316e25,POI-48,Theater,
4bff6deadaf9c9b6b43efaef,POI-84,Boutique,
4bff74c268c7a5937eb14044,POI-61,Shoe Store,
4bff7a7508ead13ac8cdade4,POI-17,Chinese Restaurant,
4bff8ccbdaf9c9b6de5bfaef,POI-61,Shoe Store,
4bff99f3ca1920a124fcec81,POI-10,Coffee Shop,
4bff9beac30a2d7f0528111d,POI-17,Chinese Restaurant,
4bffa0cbca1920a17d04ed81,POI-56,Cosmetics Shop,
4bffa6a4369476b04e108e1f,POI-17,Chinese Restaurant,
4bffaa9c92a6c928b6de42e2,POI-38,Middle Eastern Restaurant,
4bffb05fdaf9c9b6cd85faef,POI-10,Coffee Shop,
4bffb797daf9c9b64491faef,POI-31,Mexican Restaurant,
4bffcb8f2b1bd13aa893f1bf,POI-39,Restaurant,
4c009127df6c0f47fca98b22,POI-92,Salon / Barbershop,
4c00931fdf6c0f4741ad8b22,POI-41,Ramen /  Noodle House,
4c009becad15a59320438e73,POI-18,Indian Restaurant,
4c009c5234ccc92868f0e1cd,POI-56,Cosmetics Shop,
4c00ac5dceabb7131ee88752,POI-10,Coffee Shop,
4c00b3b734ccc9287510e2cd,POI-17,Chinese Restaurant,
4c00c6479cf52d7f125514e7,POI-36,Asian Restaurant,
4c00cde3ad15a5936f7f8e73,POI-92,Salon / Barbershop,
4c00defa9cf52d7fe46b14e7,POI-18,Indian Restaurant,
4c00f8729a950f47905a08c6,POI-43,Vegetarian / Vegan Restaurant,
4c00f9e419d8c92884178829,POI-46,Japanese Restaurant,
4c00fd58cf3aa593b748ccb0,POI-4,Resort,
4c01069ecf3aa5931f54ccb0,POI-66,Grocery Store,
4c010c75cf3aa593c25bccb0,POI-26,Park,
4c011494cf3aa5937167ccb0,POI-81,Steakhouse,
4c012633360a9c748917d9a0,POI-44,Burger Joint,
4c013b1acf3aa593a9a9ccb0,POI-125,Other Nightlife,
4c013c3a94c1c9b646efba5f,POI-102,Bbq Joint,
4c014a71cf3aa593bcc8ccb0,POI-11,Nightclub,
4c01c937f8492d7ffd785ffa,POI-66,Grocery Store,
4c02034cf815a593103c0a96,POI-74,Fast Food Restaurant,
4c021581f815a5930b500a96,POI-32,Pizza Place,
4c0217d9cbeec928b9535afe,POI-84,Boutique,
4c02284af423a5930b75ce16,POI-66,Grocery Store,
4c023653cbd876b0ff04f143,POI-94,Gas Station / Garage,
4c024271f56c2d7f4f301b66,POI-42,Food Court,
4c024aa8310fc9b6e840c461,POI-53,Department Store,
4c024ac2cd1895214177f4b3,POI-22,Dessert Shop,
4c024b909a7920a1793dce79,POI-102,Bbq Joint,
4c024bfa3f0a9c74b974a0ec,POI-10,Coffee Shop,
4c02586ccbd876b0c824f143,POI-55,Sporting Goods Shop,
4c026e639a7920a10964ce79,POI-17,Chinese Restaurant,
4c0285a59a7920a16f84ce79,POI-36,Asian Restaurant,
4c029ff3f56c2d7fb6ab1b66,POI-84,Boutique,
4c02fdc1f423a59390a9cf16,POI-63,Bakery,
4c03027e310fc9b6fa5cc561,POI-10,Coffee Shop,
4c03468cf423a593571ad016,POI-36,Asian Restaurant,
4c0347e99a7920a1b3c4cf79,POI-10,Coffee Shop,
4c0352f73f03b713e6f05141,POI-42,Food Court,
4c03749139d476b02f2830a7,POI-92,Salon / Barbershop,
4c0378319a7920a1dcf4cf79,POI-36,Asian Restaurant,
4c03944f187ec928cad1b57b,POI-10,Coffee Shop,
4c039e8f0d0e0f478cc7029a,POI-18,Indian Restaurant,
4c03a15439d476b09f5130a7,POI-113,General Travel,
4c03baf6f56c2d7f91381d66,POI-66,Grocery Store,
4c03bb3939d476b02f7230a7,POI-32,Pizza Place,
4c03ca69f56c2d7fed4c1d66,POI-106,Candy Store,
4c03f8ae0b8eef3b61d5b882,POI-42,Food Court,
4c048a48f423a5934aced116,POI-46,Japanese Restaurant,
4c049c9273a8c9b6255b96e0,POI-10,Coffee Shop,
4c04a86839d476b015ce31a7,POI-92,Salon / Barbershop,
4c04ccbe73a8c9b6048896e0,POI-42,Food Court,
4c04d85c9a7920a131bfd179,POI-8,Gastropub,
4c04e8d8187ec9284b9ab77b,POI-80,Ice Cream Shop,
4c04eb6c73a8c9b674a696e0,POI-36,Asian Restaurant,
4c04ed93f423a5931f2ed216,POI-46,Japanese Restaurant,
4c04efff73a8c9b682ac96e0,POI-121,Flea Market,
4c04f1b4187ec928c4a5b77b,POI-42,Food Court,
4c04f2fc187ec92887a7b77b,POI-1,Wine Bar,
4c04f4b4187ec92809aab77b,POI-74,Fast Food Restaurant,
4c05074173a8c9b609d296e0,POI-98,Snack Place,
4c051fd573a8c9b637f996e0,POI-123,Convenience Store,
4c05b070761ac9b667f11f74,POI-63,Bakery,
4c05df57517d0f47a73bf515,POI-10,Coffee Shop,
4c05e02b517d0f47b33cf515,POI-57,Miscellaneous Shop,
4c05e07b91d776b0421ef8f9,POI-63,Bakery,
4c06075d517d0f475668f515,POI-56,Cosmetics Shop,
4c0611508f8fa593cdc3f20d,POI-92,Salon / Barbershop,
4c0614a08f8fa59330c7f20d,POI-22,Dessert Shop,
4c0616d0d3842d7f941abf41,POI-43,Vegetarian / Vegan Restaurant,
4c061b8c517d0f47aa7bf515,POI-84,Boutique,
4c06286d8f8fa593fdd8f20d,POI-56,Cosmetics Shop,
4c0632fd91d776b01273f8f9,POI-17,Chinese Restaurant,
4c063acad3842d7f1e3fbf41,POI-117,Bike Shop,
4c063ad0d3842d7f283fbf41,POI-56,Cosmetics Shop,
4c0649bd517d0f47aeb2f515,POI-95,German Restaurant,
4c0664fd5753c928cacd3af1,POI-123,Convenience Store,
4c069748290cb713d90a4dea,POI-36,Asian Restaurant,
4c06eab78b4520a1b02d8697,POI-26,Park,
4c06f6a28a81c9b634972690,POI-10,Coffee Shop,
4c06f9be3cbed13a7fdf0bc0,POI-26,Park,
4c0701c52e80a593e31175f9,POI-10,Coffee Shop,
4c0717b8b4aa0f47fb356562,POI-14,Pub,
4c0730af2e80a593b95b75f9,POI-63,Bakery,
4c0742b80e0a2d7f4426ed0c,POI-36,Asian Restaurant,
4c0746c142d4b713f9a1f445,POI-33,Italian Restaurant,
4c077f270e0a2d7faf61ed0c,POI-27,Art Gallery,
4c0781ca8a81c9b675482790,POI-26,Park,
4c079d410ed3c9286abe797d,POI-46,Japanese Restaurant,
4c079dcd2e80a593d5d375f9,POI-92,Salon / Barbershop,
4c079e9d2e80a59353d575f9,POI-117,Bike Shop,
4c07a18e2e80a593c1da75f9,POI-18,Indian Restaurant,
4c07ab4bb4aa0f4703ec6562,POI-76,Deli / Bodega,
4c07b223cf8c76b0f85d3c65,POI-22,Dessert Shop,
4c083c97bbc676b0f84246d5,POI-88,Sandwich Place,
4c0872946071a5936163dc32,POI-66,Grocery Store,
4c087bed7e3fc9282f82f082,POI-36,Asian Restaurant,
4c087df56071a5937074dc32,POI-42,Food Court,
4c08968a340720a1e6728393,POI-92,Salon / Barbershop,
4c08abe8009a0f470883e6bf,POI-56,Cosmetics Shop,
4c08aeba009a0f479485e6bf,POI-36,Asian Restaurant,
4c08c259340720a10b9e8393,POI-57,Miscellaneous Shop,
4c08e748a1b32d7f9dad96f0,POI-17,Chinese Restaurant,
4c08fda46071a5932e10dd32,POI-84,Boutique,
4c0907c2009a0f47defbe6bf,POI-96,Karaoke Bar,
4c090bce340720a1f7098493,POI-46,Japanese Restaurant,
4c090d8ea1b32d7faef196f0,POI-2,Bar,
4c09102b009a0f474b0be7bf,POI-31,Mexican Restaurant,
4c091ea5009a0f470726e7bf,POI-113,General Travel,
4c09397ced2595213cec1256,POI-124,Hot Dog Joint,
4c094f993c70b71389cc275b,POI-17,Chinese Restaurant,
4c0955ddbbc676b0d30648d5,POI-94,Gas Station / Garage,
4c098cc8bbc676b08d6c48d5,POI-68,Gym / Fitness Center,
4c09aada340720a14f458593,POI-84,Boutique,
4c09bdbb009a0f471b62e8bf,POI-10,Coffee Shop,
4c09c44902c9d13a27d773dd,POI-63,Bakery,
4c09d4ffffb8c9b6ffb46a61,POI-68,Gym / Fitness Center,
4c09d643a1b32d7f5d7b98f0,POI-10,Coffee Shop,
4c09e85d7e3fc92827def282,POI-41,Ramen /  Noodle House,
4c09e89aa1b32d7fd89698f0,POI-36,Asian Restaurant,
4c09e927a1b32d7f8c9798f0,POI-35,Dim Sum Restaurant,
4c09f699340720a1e0c18593,POI-117,Bike Shop,
4c0a023abbc676b07a3749d5,POI-117,Bike Shop,
4c0a1936a1b32d7f5ccc98f0,POI-54,Clothing Store,
4c0a26646071a5930315df32,POI-119,Record Shop,
4c0a29fd6071a593a818df32,POI-77,Sushi Restaurant,
4c0a34ce6071a593dd23df32,POI-36,Asian Restaurant,
4c0a398f340720a108088693,POI-55,Sporting Goods Shop,
4c0a3c98009a0f473f04e9bf,POI-112,Gift Shop,
4c0a62817e3fc9285772f382,POI-2,Bar,
4c0a645aa1b32d7f732e99f0,POI-37,Thai Restaurant,
4c0a6723a1b32d7f9b3399f0,POI-14,Pub,
4c0a6e91009a0f474c53e9bf,POI-10,Coffee Shop,
4c0b19d7340720a1fab68793,POI-10,Coffee Shop,
4c0b2925ffb8c9b696f36c61,POI-7,American Restaurant,
4c0b2d737e3fc9287c03f582,POI-10,Coffee Shop,
4c0b4bab6071a5939b21e132,POI-17,Chinese Restaurant,
4c0b5158bbc676b028714bd5,POI-53,Department Store,
4c0b6afea1b32d7ffb049bf0,POI-57,Miscellaneous Shop,
4c0b6c207e3fc928bd4cf582,POI-17,Chinese Restaurant,
4c0b77acffb8c9b6a54e6d61,POI-11,Nightclub,
4c0b8403ffb8c9b68f5a6d61,POI-39,Restaurant,
4c0b8cc5a1b32d7f80269bf0,POI-24,Malaysian Restaurant,
4c0b8e216071a5931465e132,POI-4,Resort,
4c0b9bbb340720a1ed528893,POI-26,Park,
4c0bb922bbc676b058e64bd5,POI-61,Shoe Store,
4c0bcbdf009a0f476794ebbf,POI-14,Pub,
4c0bd60a3c49d13abc8007cd,POI-67,Gym,
4c0c7952b1b676b0eb37df86,POI-17,Chinese Restaurant,
4c0c7b472466a59356357621,POI-42,Food Court,
4c0c7faf336220a15e62c977,POI-43,Vegetarian / Vegan Restaurant,
4c0c810eb1b676b06440df86,POI-37,Thai Restaurant,
4c0c8d52b1b676b0e54ddf86,POI-56,Cosmetics Shop,
4c0c8f9398102d7f7fe9e006,POI-17,Chinese Restaurant,
4c0c922e2466a593b54e7621,POI-57,Miscellaneous Shop,
4c0c96c798102d7fd4f0e006,POI-96,Karaoke Bar,
4c0ca0cf2466a593595d7621,POI-39,Restaurant,
4c0cb16f336220a1f193c977,POI-60,Automotive Shop,
4c0cb5dac700c9b68546a1dd,POI-73,Electronics Store,
4c0cdb76336220a1bbc0c977,POI-70,Korean Restaurant,
4c0cebecb4c6d13ac2830c30,POI-37,Thai Restaurant,
4c0cef782b899c740678f158,POI-119,Record Shop,
4c0d232c98102d7fd6b4e106,POI-17,Chinese Restaurant,
4c0da174336220a1d318cb77,POI-123,Convenience Store,
4c0dbf9bd64c0f47f941275d,POI-36,Asian Restaurant,
4c0dcc862466a5938e2e7821,POI-10,Coffee Shop,
4c0dd223336220a19b5bcb77,POI-67,Gym,
4c0e101bc700c9b68a41a3dd,POI-10,Coffee Shop,
4c0e1a972466a593cc787821,POI-63,Bakery,
4c0e1c4098102d7fca14e306,POI-63,Bakery,
4c0e2a55d64c0f47aaad275d,POI-46,Japanese Restaurant,
4c0e3b0db1b676b0a7abe186,POI-2,Bar,
4c0e4350d64c0f4755d9275d,POI-17,Chinese Restaurant,
4c0e5625d64c0f47f3f9275d,POI-123,Convenience Store,
4c0ee5082466a59327de7921,POI-152,Fish Market,
4c0f0172d64c0f47f838295d,POI-56,Cosmetics Shop,
4c0f13ca336220a16f58cd77,POI-22,Dessert Shop,
4c0f1a8c98102d7fd1d4e406,POI-17,Chinese Restaurant,
4c0f204bd64c0f471765295d,POI-17,Chinese Restaurant,
4c0f2621d64c0f47ea6b295d,POI-42,Food Court,
4c0f2df7d64c0f476275295d,POI-10,Coffee Shop,
4c0f2ecc2466a593af517a21,POI-10,Coffee Shop,
4c0f3bc298102d7f7ffbe406,POI-84,Boutique,
4c0f3ffdc6cf76b04d108251,POI-92,Salon / Barbershop,
4c0f62671281c9b622751e1d,POI-54,Clothing Store,
4c0f6b8496fc952188e6c0cb,POI-32,Pizza Place,
4c0f7c2dc6cf76b07d4e8251,POI-74,Fast Food Restaurant,
4c0f7fb87189c928601adab6,POI-92,Salon / Barbershop,
4c0f86b2c6cf76b0975f8251,POI-66,Grocery Store,
4c0f8a5fc6cf76b079668251,POI-80,Ice Cream Shop,
4c0f920cd64c0f4738ed295d,POI-54,Clothing Store,
4c0f946bc6cf76b0487a8251,POI-70,Korean Restaurant,
4c0f9e85336220a1ef06ce77,POI-42,Food Court,
4c0fb5c4336220a1ff2fce77,POI-94,Gas Station / Garage,
4c0fc5f981e976b0380d0eeb,POI-10,Coffee Shop,
4c102ce6f1b6a59363867b27,POI-88,Sandwich Place,
4c1035cc6b7e2d7fbc552735,POI-65,Women'S Store,
4c1048f381e976b0d1010feb,POI-98,Snack Place,
4c105b136b7e2d7ffd9c2735,POI-10,Coffee Shop,
4c10738bce57c92859fc81d2,POI-88,Sandwich Place,
4c10743ff1b6a5939f027c27,POI-17,Chinese Restaurant,
4c1076e181e976b075460feb,POI-32,Pizza Place,
4c107928f1b6a59395087c27,POI-17,Chinese Restaurant,
4c1094366b7e2d7f5fe32735,POI-46,Japanese Restaurant,
4c109465a6c19521fd5636dd,POI-74,Fast Food Restaurant,
4c109e103ce120a12a5f081c,POI-138,Wine Shop,
4c109e78ce57c9282d2a82d2,POI-60,Automotive Shop,
4c10aa963ce120a1396a081c,POI-32,Pizza Place,
4c10b23c753a9c749a68a420,POI-42,Food Court,
4c10bf7c81e976b062910feb,POI-26,Park,
4c10c06a3ce120a1f47f081c,POI-116,Beer Garden,
4c10c319ce640f47c85d3a52,POI-14,Pub,
4c10caface57c928c55782d2,POI-63,Bakery,
4c10cc486b7e2d7f1c1d2835,POI-39,Restaurant,
4c10cc67ce57c928c55982d2,POI-68,Gym / Fitness Center,
4c10d18c81e976b026ab0feb,POI-68,Gym / Fitness Center,
4c10d666ce640f47387b3a52,POI-13,Diner,
4c10dc9e3ce120a1acab081c,POI-22,Dessert Shop,
4c10f94cb93cc9b62b8a57e0,POI-69,Spa / Massage,
4c110ab6ce640f473adc3a52,POI-17,Chinese Restaurant,
4c11185eb93cc9b64fc757e0,POI-96,Karaoke Bar,
4c1189aa6e5dc9b68b57b02d,POI-63,Bakery,
4c11b7a56e5dc9b64fb0b02d,POI-44,Burger Joint,
4c11bf4017002d7f2cd8e609,POI-80,Ice Cream Shop,
4c11c2b86e5dc9b608c0b02d,POI-107,Pet Store,
4c11c804a9420f47746f7d51,POI-42,Food Court,
4c11ca33a9420f475e727d51,POI-16,Australian Restaurant,
4c11cb8ed41e76b00c1b320d,POI-107,Pet Store,
4c11d122d41e76b02722320d,POI-36,Asian Restaurant,
4c11f2db72caa59369615ea4,POI-55,Sporting Goods Shop,
4c121c0677cea593a164cc60,POI-67,Gym,
4c121f6677cea5930566cc60,POI-35,Dim Sum Restaurant,
4c12255ea9c220a1b862539d,POI-32,Pizza Place,
4c122673a5eb76b01196bdb7,POI-83,Fried Chicken Joint,
4c122bd9b2510f47f11ac498,POI-66,Grocery Store,
4c12333ab7b9c928c14ba737,POI-31,Mexican Restaurant,
4c1239577f7f2d7f57d9dc68,POI-13,Diner,
4c12403ba9c220a1b695539d,POI-46,Japanese Restaurant,
4c127ad6a9c220a16d0e549d,POI-123,Convenience Store,
4c12a21fa9c220a11659549d,POI-116,Beer Garden,
4c13093c77cea5932345ce60,POI-57,Miscellaneous Shop,
4c130aaaa1010f47e6154a18,POI-66,Grocery Store,
4c1319e077cea593f661ce60,POI-84,Boutique,
4c131b487f7f2d7fd0a5de68,POI-10,Coffee Shop,
4c131f09a5eb76b0d486bfb7,POI-123,Convenience Store,
4c132984a5eb76b03e96bfb7,POI-63,Bakery,
4c132df7a9c220a12e6f559d,POI-61,Shoe Store,
4c133baf7f7f2d7f19d0de68,POI-14,Pub,
4c1340857f7f2d7f44d5de68,POI-84,Boutique,
4c134cf6a1010f479e6f4a18,POI-112,Gift Shop,
4c134f82b7b9c928ad5fa937,POI-17,Chinese Restaurant,
4c13510277cea59345a5ce60,POI-20,Spanish Restaurant,
4c135687b7b9c928d366a937,POI-2,Bar,
4c135c9682a3c9b69659fbf8,POI-94,Gas Station / Garage,
4c13654ca1010f4796894a18,POI-17,Chinese Restaurant,
4c1367c182a3c9b69565fbf8,POI-91,Food & Drink Shop,
4c1367fea9c220a134af559d,POI-37,Thai Restaurant,
4c136a5677cea5937dc0ce60,POI-117,Bike Shop,
4c1373a57f7f2d7f4a0ddf68,POI-125,Other Nightlife,
4c1375e877cea593b1cece60,POI-46,Japanese Restaurant,
4c13849ca9c220a112d4559d,POI-88,Sandwich Place,
4c138d28b7b9c92812aca937,POI-65,Women'S Store,
4c13a142a1010f4737e44a18,POI-2,Bar,
4c13c17677cea593f158cf60,POI-10,Coffee Shop,
4c144a0682a3c9b6711cfdf8,POI-10,Coffee Shop,
4c14583b82a3c9b6fa36fdf8,POI-63,Bakery,
4c146c6977cea59356b5d060,POI-56,Cosmetics Shop,
4c1475a2a1010f474f944c18,POI-24,Malaysian Restaurant,
4c147cc87f7f2d7fcd0ee168,POI-75,Bowling Alley,
4c148ff8f1e0b7136ad834bc,POI-32,Pizza Place,
4c149576a5eb76b05207c2b7,POI-112,Gift Shop,
4c1499987f7f2d7f802ee168,POI-77,Sushi Restaurant,
4c149c97127f9521d8e02425,POI-92,Salon / Barbershop,
4c14a0457f7f2d7fd234e168,POI-110,Yoga Studio,
4c14b2c477cea5939c03d160,POI-17,Chinese Restaurant,
4c14c4afa1010f4722e84c18,POI-57,Miscellaneous Shop,
4c14c7e0a5eb76b06c39c2b7,POI-84,Boutique,
4c14ce4da5eb76b0de40c2b7,POI-13,Diner,
4c14ddbd77cea593f633d160,POI-83,Fried Chicken Joint,
4c14f08882a3c9b677f1fdf8,POI-89,Arcade,
4c1517de82a3c9b6833afef8,POI-66,Grocery Store,
4c15746382a3c9b6e1ebfef8,POI-60,Automotive Shop,
4c15ad9fb7b9c928f161ad37,POI-42,Food Court,
4c15ae1d7f7f2d7f25ebe268,POI-54,Clothing Store,
4c15b201a5eb76b01acbc3b7,POI-10,Coffee Shop,
4c15c201a9c220a1b8ab599d,POI-92,Salon / Barbershop,
4c15cba8a9c220a1f3b5599d,POI-50,Movie Theater,
4c15e3087f7f2d7fde21e368,POI-73,Electronics Store,
4c1601727f7f2d7fb53be368,POI-113,General Travel,
4c1602caa9c220a15ce8599d,POI-56,Cosmetics Shop,
4c160cf377cea5934602d360,POI-41,Ramen /  Noodle House,
4c160d47a1010f47bad64e18,POI-98,Snack Place,
4c161032a5eb76b0af28c4b7,POI-2,Bar,
4c16374982a3c9b62eeafff8,POI-2,Bar,
4c1637657f7f2d7fe294e368,POI-20,Spanish Restaurant,
4c163fd6a5eb76b0fa7cc4b7,POI-14,Pub,
4c1644b977cea5936a64d360,POI-121,Flea Market,
4c167458955976b03c92a4f6,POI-18,Indian Restaurant,
4c16a923cd4bc9b633c24eeb,POI-74,Fast Food Restaurant,
4c16eb83955976b0645ea5f6,POI-32,Pizza Place,
4c16f742cd4bc9b6004e4feb,POI-13,Diner,
4c17084ddaf42d7f4e264566,POI-70,Korean Restaurant,
4c1716d26470a593dcde57d2,POI-67,Gym,
4c172acecd4bc9b6d1884feb,POI-92,Salon / Barbershop,
4c176bbfc2dfc928a5efa769,POI-19,French Restaurant,
4c176f11368220a1e3513657,POI-70,Korean Restaurant,
4c1771dac2dfc928c6f9a769,POI-19,French Restaurant,
4c177a82f256a5931199ec3e,POI-42,Food Court,
4c177d11f256a593799dec3e,POI-67,Gym,
4c180259d4d9c9282fd0ee29,POI-67,Gym,
4c182ace834e2d7f148e2880,POI-66,Grocery Store,
4c184184834e2d7f69b32880,POI-101,Breakfast Spot,
4c184aa4d4d9c928bf52ef29,POI-17,Chinese Restaurant,
4c184e0334da952179e2a6f6,POI-27,Art Gallery,
4c185df64ff90f47d9610e49,POI-56,Cosmetics Shop,
4c185f3d6a21c9b6a800c997,POI-92,Salon / Barbershop,
4c186c1c1436a5934e5f8d75,POI-65,Women'S Store,
4c18a9511436a59375978d75,POI-39,Restaurant,
4c18af34834e2d7ff3242980,POI-80,Ice Cream Shop,
4c18b6ee838020a16c80e461,POI-17,Chinese Restaurant,
4c18b832fe5a76b062620215,POI-54,Clothing Store,
4c197c4498f4a593bf3f00f6,POI-10,Coffee Shop,
4c198be86a21c9b642d4ca97,POI-107,Pet Store,
4c19adaa98f4a5936f8a00f6,POI-22,Dessert Shop,
4c19ade84ff90f4762651049,POI-36,Asian Restaurant,
4c19b64a838020a1ff37e661,POI-31,Mexican Restaurant,
4c19cc3f834e2d7fe9fa2a80,POI-97,Donut Shop,
4c19e647834e2d7f94102b80,POI-36,Asian Restaurant,
4c19e6c86a21c9b69e3acb97,POI-4,Resort,
4c19e9fa6a21c9b65c3dcb97,POI-37,Thai Restaurant,
4c1a050ad4d9c92802c5f129,POI-37,Thai Restaurant,
4c1a0c01fe5a76b0916e0415,POI-10,Coffee Shop,
4c1a11764ff90f4736cf1049,POI-14,Pub,
4c1a155298f4a593a0fb00f6,POI-41,Ramen /  Noodle House,
4c1a15774ff90f47f2d51049,POI-89,Arcade,
4c1a1d0ffe5a76b0b68b0415,POI-62,Jewelry Store,
4c1a2da6fe5a76b0a8a70415,POI-10,Coffee Shop,
4c1a3a82834e2d7f6e882b80,POI-56,Cosmetics Shop,
4c1ae73963750f473927b467,POI-10,Coffee Shop,
4c1af88963750f476440b467,POI-42,Food Court,
4c1b001f8b3aa593ab9c965f,POI-22,Dessert Shop,
4c1b0464eac020a1884844c2,POI-46,Japanese Restaurant,
4c1b0794b9f876b043b17946,POI-73,Electronics Store,
4c1b1017b306c928d9ad61b7,POI-36,Asian Restaurant,
4c1b2d5ab9f876b08cd97946,POI-10,Coffee Shop,
4c1b5075b4e62d7f8521d993,POI-39,Restaurant,
4c1b58feb306c928d1fa61b7,POI-17,Chinese Restaurant,
4c1b5e4a55e4c9b662294923,POI-55,Sporting Goods Shop,
4c1b65aeb9f876b0f21b7a46,POI-41,Ramen /  Noodle House,
4c1b6ade63750f4737c8b467,POI-10,Coffee Shop,
4c1b6e1b63750f4714ceb467,POI-129,Brazilian Restaurant,
4c1b7e87b4e62d7faf6cd993,POI-80,Ice Cream Shop,
4c1b88ac55e4c9b63d734923,POI-2,Bar,
4c1c37eab4e62d7fc9cfda93,POI-92,Salon / Barbershop,
4c1c42c3b9f876b005bf7b46,POI-60,Automotive Shop,
4c1c48bbeac020a10c6746c2,POI-36,Asian Restaurant,
4c1c673863750f475898b667,POI-67,Gym,
4c1c6c01b4e62d7f2a1fdb93,POI-84,Boutique,
4c1c732fc09ed13a9aab828e,POI-139,Board Shop,
4c1c7454b9f876b0df037c46,POI-107,Pet Store,
4c1c79e7fcf8c9b6aa31aa0b,POI-41,Ramen /  Noodle House,
4c1c7ba3b306c928420064b7,POI-22,Dessert Shop,
4c1ca21eeac020a1e4cf46c2,POI-54,Clothing Store,
4c1ca2af8b3aa593852a995f,POI-56,Cosmetics Shop,
4c1caad6eac020a1f6d946c2,POI-88,Sandwich Place,
4c1cb572b306c928263f64b7,POI-2,Bar,
4c1cb7f1b4e62d7f9871db93,POI-22,Dessert Shop,
4c1d74ef63750f47975cb867,POI-11,Nightclub,
4c1d9bfefcf8c9b6e127ac0b,POI-80,Ice Cream Shop,
4c1d9eba63750f47aea6b867,POI-54,Clothing Store,
4c1da4c9b306c928d4fe65b7,POI-46,Japanese Restaurant,
4c1db484624b9c7493ff1204,POI-92,Salon / Barbershop,
4c1db931b9f876b06d287e46,POI-17,Chinese Restaurant,
4c1dbe32fcf8c9b60f57ac0b,POI-27,Art Gallery,
4c1dc245b9f876b0c0327e46,POI-53,Department Store,
4c1dc25dfcf8c9b67c5bac0b,POI-103,Mobile Phone Shop,
4c1de9adeac020a198f148c2,POI-59,Men'S Store,
4c1deea2b9f876b0a25c7e46,POI-153,Bed & Breakfast,
4c1def4ab4e62d7fdb81dd93,POI-46,Japanese Restaurant,
4c1df406fcf8c9b6c889ac0b,POI-73,Electronics Store,
4c1df56ab306c928225566b7,POI-70,Korean Restaurant,
4c1dfa56b9f876b0ae677e46,POI-10,Coffee Shop,
4c1e0491b306c928166566b7,POI-40,Seafood Restaurant,
4c1e1ad3b9f876b08d8c7e46,POI-69,Spa / Massage,
4c1eb138fcf8c9b64bb3ad0b,POI-54,Clothing Store,
4c1ef263fcf8c9b6670fae0b,POI-17,Chinese Restaurant,
4c1ef7cfb306c92801dd67b7,POI-43,Vegetarian / Vegan Restaurant,
4c1f05ac920076b0983bc4e9,POI-60,Automotive Shop,
4c1f53888b3aa593e53f9d5f,POI-46,Japanese Restaurant,
4c1f53f08b3aa59376409d5f,POI-42,Food Court,
4c1f7c4eb4e62d7f9cafdf93,POI-2,Bar,
4c1f9794eac020a155504bc2,POI-92,Salon / Barbershop,
4c20004ad38ec9b6fa8b4d83,POI-74,Fast Food Restaurant,
4c204b9763750f47f176bc67,POI-17,Chinese Restaurant,
4c2071e4920076b0973bc6e9,POI-61,Shoe Store,
4c2082f463750f47e8a8bc67,POI-84,Boutique,
4c20b1c08082d13a7d00f82a,POI-37,Thai Restaurant,
4c20b2f44d4a20a169149b70,POI-94,Gas Station / Garage,
4c20b5d1132f0f470b0da796,POI-17,Chinese Restaurant,
4c20c0d43573c9b63ccf3515,POI-10,Coffee Shop,
4c20df5cd4dec928ee0f1c3e,POI-94,Gas Station / Garage,
4c2155bd99282d7f567d65b0,POI-60,Automotive Shop,
4c217b3013c00f478d1e86de,POI-101,Breakfast Spot,
4c21851111de20a1fa8b83ce,POI-150,Molecular Gastronomy Restaurant,
4c2185a213c00f47cf2d86de,POI-88,Sandwich Place,
4c21972a7e85c92883cbba21,POI-46,Japanese Restaurant,
4c2198a37e85c92870cdba21,POI-39,Restaurant,
4c219a397e85c92847cfba21,POI-84,Boutique,
4c21b5ac11de20a115c383ce,POI-100,Sports Bar,
4c21be559085d13ac33e85cc,POI-10,Coffee Shop,
4c21d9e813c00f47508386de,POI-39,Restaurant,
4c21e16099282d7fcb2c66b0,POI-66,Grocery Store,
4c21eba19a67a5937c95db87,POI-61,Shoe Store,
4c2211f913c00f47e3d786de,POI-15,Cocktail Bar,
4c22ad349a67a5934cf1dc87,POI-26,Park,
4c22e5547e85c92893d5bc21,POI-42,Food Court,
4c22ebb79a67a5933e56dd87,POI-42,Food Court,
4c22f621502b952160196e21,POI-89,Arcade,
4c231df49085d13a686087cc,POI-92,Salon / Barbershop,
4c232cdb11de20a105f885ce,POI-2,Bar,
4c23368311de20a19d0286ce,POI-44,Burger Joint,
4c2337f411de20a17a0486ce,POI-7,American Restaurant,
4c2344c799282d7faf5468b0,POI-17,Chinese Restaurant,
4c23494811de20a1f81d86ce,POI-36,Asian Restaurant,
4c23542dfbe5c9b676369b21,POI-41,Ramen /  Noodle House,
4c23638813c00f4735eb88de,POI-10,Coffee Shop,
4c2365a899282d7fbe8f68b0,POI-96,Karaoke Bar,
4c237dde9a67a593bf1ade87,POI-26,Park,
4c242b7e905a0f4782735f60,POI-85,Furniture / Home Store,
4c24338a905a0f47e27e5f60,POI-10,Coffee Shop,
4c243f61136d20a1479fe161,POI-18,Indian Restaurant,
4c245308b7b8a5939d5d3ce8,POI-92,Salon / Barbershop,
4c246075f1272d7f30fc82c5,POI-84,Boutique,
4c246e14905a0f47afc05f60,POI-112,Gift Shop,
4c2496cba852c928154ae36c,POI-61,Shoe Store,
4c249895c11dc9b666a42524,POI-92,Salon / Barbershop,
4c24a2bcb7b8a59315ba3ce8,POI-26,Park,
4c24cb7b905a0f47e0506060,POI-17,Chinese Restaurant,
4c253e7cf7ced13ad545246d,POI-86,Market,
4c2573fac11dc9b6395c2724,POI-36,Asian Restaurant,
4c2582dd5c5ca59328a744fe,POI-10,Coffee Shop,
4c258a42f1272d7ffc1c85c5,POI-94,Gas Station / Garage,
4c258b53905a0f47c1d46160,POI-89,Arcade,
4c25a3dc5c5ca593afd844fe,POI-54,Clothing Store,
4c25b356a852c9288d66e56c,POI-5,Gaming Cafe,
4c25c55b136d20a1762fe461,POI-59,Men'S Store,
4c25d8f6905a0f47c7316260,POI-33,Italian Restaurant,
4c25d9f5f7ced13acc44256d,POI-17,Chinese Restaurant,
4c25e03c5c5ca593fb1945fe,POI-87,Car Dealership,
4c25e44a5c5ca593fa1e45fe,POI-17,Chinese Restaurant,
4c25ea77905a0f47eb466260,POI-80,Ice Cream Shop,
4c25f57ff7ced13a2b67256d,POI-89,Arcade,
4c2607a7f1272d7fd4bc85c5,POI-18,Indian Restaurant,
4c261982f7ced13ab4a5256d,POI-96,Karaoke Bar,
4c26cd9a905a0f4713096460,POI-73,Electronics Store,
4c26e6873703d13a5149a636,POI-36,Asian Restaurant,
4c26e86df1272d7f6f7e87c5,POI-46,Japanese Restaurant,
4c26f4e33703d13a0a5da636,POI-62,Jewelry Store,
4c26fa48905a0f47794a6460,POI-154,Optical Shop,
4c26fa64905a0f47974a6460,POI-22,Dessert Shop,
4c26fce65c5ca5930b3047fe,POI-36,Asian Restaurant,
4c26fe3c136d20a1c95fe661,POI-61,Shoe Store,
4c26fe593703d13a5168a636,POI-84,Boutique,
4c270102a852c9288face76c,POI-58,Accessories Store,
4c270858136d20a1e26ae661,POI-62,Jewelry Store,
4c2717a6136d20a1737ae661,POI-54,Clothing Store,
4c271f67136d20a11582e661,POI-123,Convenience Store,
4c272194c11dc9b6c6222a24,POI-18,Indian Restaurant,
4c272579136d20a15888e661,POI-46,Japanese Restaurant,
4c27337f5c5ca593e66747fe,POI-43,Vegetarian / Vegan Restaurant,
4c2736615c5ca5933c6b47fe,POI-53,Department Store,
4c273be4aa77ef3ba9e698b0,POI-74,Fast Food Restaurant,
4c273c54136d20a191a0e661,POI-94,Gas Station / Garage,
4c2743c8905a0f47e1966460,POI-7,American Restaurant,
4c274a40c11dc9b665502a24,POI-98,Snack Place,
4c274cc63703d13a4abba636,POI-70,Korean Restaurant,
4c275b44905a0f47a5b76460,POI-1,Wine Bar,
4c280b7ae19720a17a75f758,POI-39,Restaurant,
4c281b71fe6e2d7f14dd523c,POI-50,Movie Theater,
4c282f48ed0ac9b6d9ef5faa,POI-87,Car Dealership,
4c2864cde19720a138d8f758,POI-22,Dessert Shop,
4c28812ded0ac9b6b54160aa,POI-125,Other Nightlife,
4c288f73fe6e2d7fa05c533c,POI-42,Food Court,
4c289b7aed0ac9b68a6b60aa,POI-18,Indian Restaurant,
4c28a5f23492a5932fa1b728,POI-42,Food Court,
4c28b776e19720a1d24ff858,POI-2,Bar,
4c28bf7e97d00f477c4b40ea,POI-127,Internet Cafe,
4c295c3be19720a1887af958,POI-84,Boutique,
4c2973ca97d00f47688841ea,POI-70,Korean Restaurant,
4c297427fe6e2d7f81ef543c,POI-57,Miscellaneous Shop,
4c29ab7f3492a5936847b928,POI-133,Salad Place,
4c29c31e360cef3b3b53bedc,POI-10,Coffee Shop,
4c29dc33fe6e2d7ff161553c,POI-36,Asian Restaurant,
4c29e580ed0ac9b68b6662aa,POI-56,Cosmetics Shop,
4c2a5076ae6820a1351f1643,POI-26,Park,
4c2a927b8ef52d7f212030ba,POI-66,Grocery Store,
4c2ad781d1a10f476b1ef764,POI-56,Cosmetics Shop,
4c2af6f4b34ad13af713e9ce,POI-46,Japanese Restaurant,
4c2af8d4d1a10f478641f764,POI-10,Coffee Shop,
4c2afd1c77cfe21e9ad1b3f1,POI-56,Cosmetics Shop,
4c2b1cd3ae6820a10a421743,POI-43,Vegetarian / Vegan Restaurant,
4c2b28e6b34ad13a1945e9ce,POI-10,Coffee Shop,
4c2b2fde9a559c743a260de2,POI-32,Pizza Place,
4c2b5f5d77cfe21e3a59b4f1,POI-17,Chinese Restaurant,
4c2b7724b34ad13ad5cde9ce,POI-91,Food & Drink Shop,
4c2c1feb77cfe21eecaab5f1,POI-42,Food Court,
4c2c4a7eb34ad13a9420ebce,POI-123,Convenience Store,
4c2c5972ae6820a131361943,POI-84,Boutique,
4c2c631cd1a10f47745ef964,POI-54,Clothing Store,
4c2c6638d1a10f475461f964,POI-74,Fast Food Restaurant,
4c2c803857a9c9b6a078f767,POI-112,Gift Shop,
4c2d2b81e760c9b67f764449,POI-98,Snack Place,
4c2d68bee760c9b63af24449,POI-37,Thai Restaurant,
4c2d6d43e116e21e66af8e60,POI-17,Chinese Restaurant,
4c2d7196987f20a1178f49aa,POI-62,Jewelry Store,
4c2d7986e307d13aadfc0dda,POI-42,Food Court,
4c2d7a7ae760c9b6bd0b4549,POI-42,Food Court,
4c2d9d8d4e132d7f63c09cdf,POI-113,General Travel,
4c2daf99e116e21e3bfc8e60,POI-69,Spa / Massage,
4c2db2a075579521f7835d83,POI-83,Fried Chicken Joint,
4c2db705e116e21e76038f60,POI-36,Asian Restaurant,
4c2dc34d987f20a1b5e949aa,POI-66,Grocery Store,
4c2dc6fb7d85a593ac1953f3,POI-56,Cosmetics Shop,
4c2dce704e132d7f72f59cdf,POI-138,Wine Shop,
4c2dd4e47d85a593002e53f3,POI-84,Boutique,
4c2dd65e3a4d0f478b71e486,POI-7,American Restaurant,
4c2dd7524e132d7fda039ddf,POI-85,Furniture / Home Store,
4c2de4a37d85a5937c4a53f3,POI-22,Dessert Shop,
4c2df2e33a4d0f4731a7e486,POI-153,Bed & Breakfast,
4c2df8a83a4d0f474fb2e486,POI-11,Nightclub,
4c2e0946e760c9b6d9d54549,POI-11,Nightclub,
4c2e10afe760c9b673e44549,POI-41,Ramen /  Noodle House,
4c2e16073a4d0f4717ebe486,POI-143,Motel,
4c2e4f4fed37a593e8596503,POI-123,Convenience Store,
4c2e8a2866e40f470f78c08b,POI-10,Coffee Shop,
4c2e9e46ed37a593acff6503,POI-36,Asian Restaurant,
4c2ea7f116adc928f75cbc9c,POI-67,Gym,
4c2ec42eed37a59321466603,POI-37,Thai Restaurant,
4c2ed1bd452620a1b79c1c0f,POI-35,Dim Sum Restaurant,
4c2edc1c3896e21e2f13e390,POI-10,Coffee Shop,
4c2edc6aa0ced13ad0ab0f6e,POI-39,Restaurant,
4c2efce37cc0c9b64b01eb9a,POI-57,Miscellaneous Shop,
4c2f00c266e40f474135c18b,POI-66,Grocery Store,
4c2f04eb213c2d7f832e305d,POI-39,Restaurant,
4c2f0cd07cc0c9b68812eb9a,POI-134,Flower Shop,
4c2f0e743896e21ef949e390,POI-92,Salon / Barbershop,
4c2f14fc16adc928bcf0bc9c,POI-132,Filipino Restaurant,
4c2f1b1566e40f472951c18b,POI-55,Sporting Goods Shop,
4c2f2811452620a1abfe1c0f,POI-17,Chinese Restaurant,
4c2f2cf2452620a124051d0f,POI-84,Boutique,
4c2f2dd5ed37a593aec46603,POI-22,Dessert Shop,
4c2f3434ed37a59392cd6603,POI-18,Indian Restaurant,
4c2f3c0666e40f47a27dc18b,POI-14,Pub,
4c2f76bc452620a16e8b1d0f,POI-17,Chinese Restaurant,
4c2fc46916adc928592dbe9c,POI-11,Nightclub,
4c300bca213c2d7f7402325d,POI-17,Chinese Restaurant,
4c300d25213c2d7fca04325d,POI-10,Coffee Shop,
4c301435ed37a59331776803,POI-88,Sandwich Place,
4c301577ed37a59327796803,POI-60,Automotive Shop,
4c30258516adc92888d8be9c,POI-10,Coffee Shop,
4c3025c5a0ced13a21d8116e,POI-17,Chinese Restaurant,
4c3026af7cc0c9b66108ed9a,POI-80,Ice Cream Shop,
4c30272f16adc928dadabe9c,POI-42,Food Court,
4c304e93ed37a59318bd6803,POI-26,Park,
4c30526d213c2d7fa75b325d,POI-54,Clothing Store,
4c3061227cc0c9b62e46ed9a,POI-103,Mobile Phone Shop,
4c306f44ed37a593a6dc6803,POI-5,Gaming Cafe,
4c306fde7cc0c9b6dc54ed9a,POI-17,Chinese Restaurant,
4c30829d3896e21e489ee590,POI-54,Clothing Store,
4c308372a0ced13acc3b126e,POI-75,Bowling Alley,
4c3083e4ed37a5939af36803,POI-80,Ice Cream Shop,
4c30b379213c2d7fe3d3325d,POI-2,Bar,
4c30d17da0ced13a13b6126e,POI-37,Thai Restaurant,
4c31369716adc9286c5bc09c,POI-36,Asian Restaurant,
4c3142a1213c2d7fcec4335d,POI-42,Food Court,
4c315f573896e21ef803e790,POI-92,Salon / Barbershop,
4c3174af3896e21eff1fe790,POI-63,Bakery,
4c3184e1ed37a5938e876a03,POI-73,Electronics Store,
4c3190ab452620a117d3200f,POI-85,Furniture / Home Store,
4c3199477cc0c9b63a0fef9a,POI-46,Japanese Restaurant,
4c31a04e16adc92822e7c09c,POI-61,Shoe Store,
4c31afae452620a147ee200f,POI-36,Asian Restaurant,
4c31c147452620a19e00210f,POI-62,Jewelry Store,
4c31c2a63896e21efb6ee790,POI-74,Fast Food Restaurant,
4c31c8ee452620a1cf09210f,POI-56,Cosmetics Shop,
4c31d653ed37a59322dc6a03,POI-143,Motel,
4c31dddf16adc928b32cc19c,POI-36,Asian Restaurant,
4c32558d452620a19ff1210f,POI-10,Coffee Shop,
4c327dd416adc928aa44c29c,POI-39,Restaurant,
4c32bf9f66e40f47bb06c78b,POI-36,Asian Restaurant,
4c32d99e452620a196b9220f,POI-155,Car Wash,
4c32e46366e40f474c2cc78b,POI-66,Grocery Store,
4c3305fc452620a104e2220f,POI-36,Asian Restaurant,
4c330b17a0ced13a13f3156e,POI-65,Women'S Store,
4c330cb0452620a104ea220f,POI-88,Sandwich Place,
4c33f1e46f1fef3b35afec3d,POI-89,Arcade,
4c3413dfed37a593cc6c6e03,POI-32,Pizza Place,
4c3419e5452620a1b1ae240f,POI-42,Food Court,
4c3421e3ed37a5937d7c6e03,POI-89,Arcade,
4c3461ca213c2d7f1054385d,POI-19,French Restaurant,
4c3463d8a0ced13a9005186e,POI-40,Seafood Restaurant,
4c3473eded37a593a7d86e03,POI-92,Salon / Barbershop,
4c34931d452620a1464c250f,POI-84,Boutique,
4c35574b213c2d7fe5143a5d,POI-42,Food Court,
4c356f72a0ced13a67e0196e,POI-45,Indonesian Restaurant,
4c3572463896e21e7148ed90,POI-18,Indian Restaurant,
4c359fce452620a141ff260f,POI-149,Nail Salon,
4c35a9567cc0c9b60d42f59a,POI-84,Boutique,
4c35bea14308b7132bc5c430,POI-59,Men'S Store,
4c35c6c03ffc9521fc3b91f5,POI-27,Art Gallery,
4c35c9613ffc9521cd3c91f5,POI-146,Public Art,
4c3671d12c8020a1d8658700,POI-42,Food Court,
4c36923093db0f47cc681e92,POI-42,Food Court,
4c3693d1dfb0e21e0e6aaba8,POI-56,Cosmetics Shop,
4c36a216c44a95214e7e3d52,POI-98,Snack Place,
4c36a4bbae2da59339a0fdc5,POI-76,Deli / Bodega,
4c36a9763849c9282f81bcb1,POI-10,Coffee Shop,
4c36ba7f18e72d7f9b6615f5,POI-84,Boutique,
4c3704c718e72d7f7cb615f5,POI-2,Bar,
4c3708a02c8020a1c13b8800,POI-53,Department Store,
4c370c760a71c9b628113ec9,POI-115,Soup Place,
4c3719452c8020a127588800,POI-81,Steakhouse,
4c371d4d1e06d13a5147753e,POI-19,French Restaurant,
4c371e0004cbb713733dee0d,POI-11,Nightclub,
4c3726ca3849c928ed24bdb1,POI-17,Chinese Restaurant,
4c373d3893db0f472e5d1f92,POI-2,Bar,
4c373d7093db0f478e5d1f92,POI-2,Bar,
4c37e992dfb0e21ebcc9ada8,POI-55,Sporting Goods Shop,
4c37eafddfb0e21ec4ccada8,POI-36,Asian Restaurant,
4c37f4aa1e06d13af907773e,POI-39,Restaurant,
4c37fcb818e72d7f80b017f5,POI-36,Asian Restaurant,
4c38150193db0f4753142192,POI-39,Restaurant,
4c38173a3849c928e4febeb1,POI-72,Vietnamese Restaurant,
4c382aef93db0f471e302192,POI-10,Coffee Shop,
4c382b3a0a71c9b6a84340c9,POI-65,Women'S Store,
4c382d4a93db0f47b6322192,POI-56,Cosmetics Shop,
4c382f07dfb0e21eaa35aea8,POI-54,Clothing Store,
4c38456b1a38ef3bab979221,POI-26,Park,
4c384f3e93db0f474f592192,POI-121,Flea Market,
4c3853b63849c928e545bfb1,POI-61,Shoe Store,
4c38580e2c8020a12ba08a00,POI-36,Asian Restaurant,
4c3864e093db0f47d3742192,POI-18,Indian Restaurant,
4c386af193db0f47a87d2192,POI-91,Food & Drink Shop,
4c38755c2c8020a15aca8a00,POI-10,Coffee Shop,
4c3916ed2c8020a17a228c00,POI-36,Asian Restaurant,
4c392b613849c9288decc0b1,POI-42,Food Court,
4c3940a4ae2da593e25302c6,POI-63,Bakery,
4c3950d32c8020a116998c00,POI-4,Resort,
4c3964c43849c928f354c1b1,POI-22,Dessert Shop,
4c3965a293db0f47db7a2392,POI-92,Salon / Barbershop,
4c397451dfb0e21e0a92b0a8,POI-56,Cosmetics Shop,
4c397fba1e06d13af5c5793e,POI-63,Bakery,
4c39964f93db0f476bb22392,POI-62,Jewelry Store,
4c399932ae2da593f4cd02c6,POI-54,Clothing Store,
4c399c4f1e06d13ae5e3793e,POI-98,Snack Place,
4c39a18b0a71c9b6e0d042c9,POI-36,Asian Restaurant,
4c39b1ca3849c92809abc1b1,POI-36,Asian Restaurant,
4c39e0d9edba9521da76d625,POI-18,Indian Restaurant,
4c3a08b9ae2da593268003c6,POI-89,Arcade,
4c3a96125810a593546db93c,POI-33,Italian Restaurant,
4c3aa0014565e21eda88556a,POI-42,Food Court,
4c3aa42216cb2d7fd5b101a9,POI-36,Asian Restaurant,
4c3ab4fc17689c74d041aa08,POI-7,American Restaurant,
4c3ab8dd62f1c928cd7a8e53,POI-126,Music Store,
4c3ada7c16cb2d7f34e701a9,POI-53,Department Store,
4c3adf9ddef90f476502fd2d,POI-56,Cosmetics Shop,
4c3afa964565e21ec2e5556a,POI-42,Food Court,
4c3afef362f1c928e5c28e53,POI-43,Vegetarian / Vegan Restaurant,
4c3b06544565e21e21f8556a,POI-39,Restaurant,
4c3b1fe9d94dc9b6603fffe7,POI-10,Coffee Shop,
4c3be64586ce328fde21ab2d,POI-63,Bakery,
4c3c10497c1ee21e5b1c8c71,POI-69,Spa / Massage,
4c3c310f7d00d13a6a8d3850,POI-67,Gym,
4c3c47197c1ee21ee6498c71,POI-70,Korean Restaurant,
4c3c47b8b36ac928d3d20386,POI-62,Jewelry Store,
4c3c5d13b36ac9285fef0386,POI-73,Electronics Store,
4c3c6e6b3d1b897c2d83419c,POI-36,Asian Restaurant,
4c3c6f5f86ce328f21b4ab2d,POI-89,Arcade,
4c3d1c64b169c9b61eb64668,POI-45,Indonesian Restaurant,
4c3d3a36980320a133d68be4,POI-10,Coffee Shop,
4c3d440b7ea89521c1842247,POI-83,Fried Chicken Joint,
4c3d51b7980320a140ef8be4,POI-66,Grocery Store,
4c3d62b5b36ac928626c0586,POI-76,Deli / Bodega,
4c3d8bab7c1ee21e33068e71,POI-92,Salon / Barbershop,
4c3d928015cb1b8dad127cdc,POI-83,Fried Chicken Joint,
4c3d9f257d00d13a1a703a50,POI-42,Food Court,
4c3da51fb36ac928a7a70586,POI-36,Asian Restaurant,
4c3dae5c933b0f47eeabe521,POI-14,Pub,
4c3db4537d00d13a4c8f3a50,POI-63,Bakery,
4c3dc8bc980320a164728ce4,POI-11,Nightclub,
4c3dcc6a4bc9a5931b77d471,POI-74,Fast Food Restaurant,
4c3dd44a980320a13f838ce4,POI-96,Karaoke Bar,
4c3e65c0db3b1b8d28706595,POI-17,Chinese Restaurant,
4c3e769b83a3a593a737ee33,POI-36,Asian Restaurant,
4c3e93e40596c92827928478,POI-73,Electronics Store,
4c3e96970596c92852958478,POI-10,Coffee Shop,
4c3e98640596c92878978478,POI-17,Chinese Restaurant,
4c3eb46051dee21e2b07eb6e,POI-73,Electronics Store,
4c3eb5e61ef0d13a47b89280,POI-39,Restaurant,
4c3ebabc0e0d0f47dcfb157f,POI-137,Juice Bar,
4c3ebb30ca012d7fcbeb2fbe,POI-70,Korean Restaurant,
4c3ec68a80bc20a1ae7cab58,POI-75,Bowling Alley,
4c3ed5206faac9b627bb0e76,POI-17,Chinese Restaurant,
4c3ed58f83a3a593e799ee33,POI-105,Gourmet Shop,
4c3edbdadb3b1b8dacf36595,POI-57,Miscellaneous Shop,
4c3eeeb50e0d0f47a42a167f,POI-17,Chinese Restaurant,
4c3f04810596c9282e088578,POI-10,Coffee Shop,
4c3f067680bc20a10ec5ab58,POI-17,Chinese Restaurant,
4c3f09990e0d0f47e553167f,POI-10,Coffee Shop,
4c3f0a4e6faac9b60cff0e76,POI-106,Candy Store,
4c3fb51ada3dc928165ac6b9,POI-17,Chinese Restaurant,
4c3fbc5b0c09b713bca5c8dd,POI-54,Clothing Store,
4c3fbcbe0c09b713dda5c8dd,POI-91,Food & Drink Shop,
4c3fc727520fa593e930c7ac,POI-69,Spa / Massage,
4c3fe799520fa593c260c7ac,POI-36,Asian Restaurant,
4c3feae5cc410f47cff7a861,POI-40,Seafood Restaurant,
4c3fedd1520fa593a268c7ac,POI-57,Miscellaneous Shop,
4c3fee41e26920a19f405ce7,POI-17,Chinese Restaurant,
4c3ff1653735be9a4c3816a4,POI-56,Cosmetics Shop,
4c401064af052d7f84497b79,POI-56,Cosmetics Shop,
4c403e1aaf052d7fa0727b79,POI-21,Lounge,
4c4040eeff711b8d3e0b1005,POI-46,Japanese Restaurant,
4c40511ece54e21e2c46091a,POI-5,Gaming Cafe,
4c40531cda3dc928731cc7b9,POI-125,Other Nightlife,
4c406456af052d7f11ae7b79,POI-5,Gaming Cafe,
4c40952fff711b8d33981005,POI-56,Cosmetics Shop,
4c411e49af052d7f6bfa7c79,POI-89,Arcade,
4c412a10e26920a1222a5ee7,POI-92,Salon / Barbershop,
4c412a2fd691c9b615768c0a,POI-42,Food Court,
4c413a2fda3dc928dcb5c8b9,POI-10,Coffee Shop,
4c4143e8da3dc928cfc3c8b9,POI-53,Department Store,
4c414830520fa593f27fc9ac,POI-56,Cosmetics Shop,
4c4150413735be9a635618a4,POI-70,Korean Restaurant,
4c41513baf052d7f69477d79,POI-55,Sporting Goods Shop,
4c4153ec6c1a95212388b96a,POI-56,Cosmetics Shop,
4c4159a1d7fad13ad68107da,POI-105,Gourmet Shop,
4c415aa3e26920a1c86c5ee7,POI-121,Flea Market,
4c416178d7fad13a5e8907da,POI-56,Cosmetics Shop,
4c416888d691c9b635c58c0a,POI-98,Snack Place,
4c4182b1af052d7ff2777d79,POI-107,Pet Store,
4c418aa5da3dc928bd0bc9b9,POI-39,Restaurant,
4c418c86520fa59382c5c9ac,POI-36,Asian Restaurant,
4c419324cc410f473d5eab61,POI-89,Arcade,
4c419bceff711b8d2c281205,POI-125,Other Nightlife,
4c41bcced691c9b62a258d0a,POI-75,Bowling Alley,
4c41bff3520fa5937709caac,POI-17,Chinese Restaurant,
4c41c3496c1a9521bda5b96a,POI-28,Plaza,
4c41e609e26920a150275fe7,POI-11,Nightclub,
4c428d75d7fad13a416b09da,POI-92,Salon / Barbershop,
4c4298ebda3dc9285ad8cab9,POI-73,Electronics Store,
4c429935ff711b8deddf1305,POI-91,Food & Drink Shop,
4c429a90ce54e21e5d050d1a,POI-33,Italian Restaurant,
4c42a6fae26920a18c7760e7,POI-55,Sporting Goods Shop,
4c42beccaf052d7f0e777f79,POI-85,Furniture / Home Store,
4c42bf2bd691c9b6adda8e0a,POI-17,Chinese Restaurant,
4c42c2fde26920a1269360e7,POI-92,Salon / Barbershop,
4c42c45dd691c9b68edf8e0a,POI-112,Gift Shop,
4c42c553d7fad13aeca909da,POI-10,Coffee Shop,
4c42d2a2520fa593adc9cbac,POI-32,Pizza Place,
4c42d68bd7fad13a7db909da,POI-38,Middle Eastern Restaurant,
4c42d789da3dc928a217cbb9,POI-66,Grocery Store,
4c42da5eff711b8d9f211405,POI-55,Sporting Goods Shop,
4c42e073af052d7ffd957f79,POI-42,Food Court,
4c42e2e4ff711b8d252a1405,POI-73,Electronics Store,
4c42eb37ff711b8d7e321405,POI-142,Video Store,
4c42ef6dff711b8de9361405,POI-16,Australian Restaurant,
4c42f671cc410f47a681ad61,POI-130,Food Truck,
4c42f871ce54e21ed7630d1a,POI-66,Grocery Store,
4c43a158f0bdd13a6c8bc8cc,POI-98,Snack Place,
4c43d54b429a0f477400481e,POI-55,Sporting Goods Shop,
4c43e71e74ffc928c5e574cc,POI-17,Chinese Restaurant,
4c43ea9636d6a5935fd669a8,POI-7,American Restaurant,
4c43f54b36d6a593c9e069a8,POI-10,Coffee Shop,
4c442bc5dd1f2d7f306d7ff9,POI-45,Indonesian Restaurant,
4c4434118c1f20a1a2063c99,POI-17,Chinese Restaurant,
4c443a1c2d3ec9b660832eae,POI-36,Asian Restaurant,
4c443b04f799e21eb577ada2,POI-56,Cosmetics Shop,
4c443eeefb6eb71346684e4a,POI-40,Seafood Restaurant,
4c445f54dd1f2d7f28b77ff9,POI-17,Chinese Restaurant,
4c452406f97fbe9a953dbc30,POI-89,Arcade,
4c45260a36d6a5932d8f6ba8,POI-17,Chinese Restaurant,
4c45278cf05e95213c4ce4b3,POI-63,Bakery,
4c452d1ddcd61b8d9d707c56,POI-10,Coffee Shop,
4c453028f0bdd13a62b1cacc,POI-36,Asian Restaurant,
4c4530c0f799e21e7cf2aea2,POI-46,Japanese Restaurant,
4c4547df429a0f4763f3491e,POI-103,Mobile Phone Shop,
4c45591dfb6eb713cdc34e4a,POI-84,Boutique,
4c455f3374ffc9281cd976cc,POI-57,Miscellaneous Shop,
4c455f95dcd61b8d14a07c56,POI-62,Jewelry Store,
4c457b9c36d6a593afdd6ba8,POI-2,Bar,
4c457e00f0bdd13ab6f7cacc,POI-54,Clothing Store,
4c458036dcd61b8d74bc7c56,POI-7,American Restaurant,
4c4585b8f0bdd13abd00cbcc,POI-17,Chinese Restaurant,
4c458c20dd1f2d7f984f81f9,POI-113,General Travel,
4c458e01f799e21e344cafa2,POI-46,Japanese Restaurant,
4c459196dd1f2d7f035881f9,POI-40,Seafood Restaurant,
4c4650c5dd35be9aa39addd8,POI-56,Cosmetics Shop,
4c46623bf88dc9280db0af75,POI-89,Arcade,
4c467b6f0f5aa593ab1a7b76,POI-41,Ramen /  Noodle House,
4c467c9219fde21ebdb10576,POI-10,Coffee Shop,
4c46ac47c047be9a4a492e79,POI-69,Spa / Massage,
4c46aeb176d72d7f9de03a4d,POI-123,Convenience Store,
4c46c019972c0f47da952121,POI-17,Chinese Restaurant,
4c46ce1296abd13a7fb66e01,POI-55,Sporting Goods Shop,
4c46d1990f5aa593afc67b76,POI-2,Bar,
4c46d2991ddec928d5699b32,POI-154,Optical Shop,
4c46dac989a6c9b6364a9888,POI-42,Food Court,
4c46e5b076d72d7fec623b4d,POI-39,Restaurant,
4c46ee4c19fde21ecca70676,POI-27,Art Gallery,
4c4707221ddec928650e9c32,POI-42,Food Court,
4c47474f0f5aa59348627d76,POI-106,Candy Store,
4c47c3f389a6c9b65b819b88,POI-70,Korean Restaurant,
4c47ea0719fde21e06e90976,POI-15,Cocktail Bar,
4c480b2d3194b71312369a13,POI-63,Bakery,
4c480b4496abd13ab3d97201,POI-18,Indian Restaurant,
4c480de10f5aa59383ef7f76,POI-59,Men'S Store,
4c48339296abd13ab6687301,POI-38,Middle Eastern Restaurant,
4c4837f076d72d7f6e953f4d,POI-36,Asian Restaurant,
4c483892972c0f4767332621,POI-17,Chinese Restaurant,
4c486b97972c0f4754e12621,POI-42,Food Court,
4c48716e31e41b8d460f5035,POI-21,Lounge,
4c4890fe0f5aa5936fb28176,POI-36,Asian Restaurant,
4c48dc3c9f2ad13ace3e8152,POI-57,Miscellaneous Shop,
4c49118e9e3e2d7f90154448,POI-36,Asian Restaurant,
4c491a0eb5eec9b6788e4aa4,POI-36,Asian Restaurant,
4c49298776fbb71338116074,POI-42,Food Court,
4c4974553013a5939270c0e2,POI-68,Gym / Fitness Center,
4c4979f89f2ad13a3d825553,POI-17,Chinese Restaurant,
4c497a086594be9a6a5e1e25,POI-42,Food Court,
4c4983cefbafc9283c2702db,POI-92,Salon / Barbershop,
4c4985e8a3ace21e4d1ab53b,POI-36,Asian Restaurant,
4c4986143013a593cfc6d7e2,POI-113,General Travel,
4c4986bc20ab1b8d6de8e116,POI-54,Clothing Store,
4c49883c1b430f473e9ea7c3,POI-83,Fried Chicken Joint,
4c498d2da3ace21e1058bf3b,POI-2,Bar,
4c49957520ab1b8d03b8f616,POI-92,Salon / Barbershop,
4c49a2076594be9a4fa65625,POI-11,Nightclub,
4c4a357c9e6dbe9aefe2340a,POI-89,Arcade,
4c4a4624959220a1dc40df0d,POI-68,Gym / Fitness Center,
4c4a4fa4959220a12496ec0d,POI-63,Bakery,
4c4a78cdc668e21eeea6acf8,POI-23,Jazz Club,
4c4a7903bad7a593840e6caa,POI-83,Fried Chicken Joint,
4c4a9a05bad7a59358dd9daa,POI-66,Grocery Store,
4c4ac8f9f7cc1b8d3fdeea3e,POI-7,American Restaurant,
4c4acf9e712ac928210dfe6b,POI-35,Dim Sum Restaurant,
4c4ad36dc668e21e572b2ef9,POI-10,Coffee Shop,
4c4ad41142b4d13a8011c97d,POI-68,Gym / Fitness Center,
4c4ada51959220a18a3cb50e,POI-121,Flea Market,
4c4adf099c8d2d7f6fa7256a,POI-10,Coffee Shop,
4c4ae0c442b4d13aa375dc7d,POI-10,Coffee Shop,
4c4ae12e5609c9b613985190,POI-62,Jewelry Store,
4c4ae220712ac928bda7196c,POI-33,Italian Restaurant,
4c4ae27bf7cc1b8d59830f3f,POI-17,Chinese Restaurant,
4c4ae3145609c9b648645490,POI-130,Food Truck,
4c4afe10712ac92813fb456c,POI-17,Chinese Restaurant,
4c4b08f89c8d2d7f2424666a,POI-11,Nightclub,
4c4b8f7b5609c9b6647c4591,POI-10,Coffee Shop,
4c4ba757c668e21eaf7d56fa,POI-17,Chinese Restaurant,
4c4bb7dfbad7a5936fe736ac,POI-17,Chinese Restaurant,
4c4bc8ef42b4d13a4cfc257f,POI-39,Restaurant,
4c4bd79346240f47c382e4f3,POI-10,Coffee Shop,
4c4bda9e9c8d2d7f6a98936b,POI-85,Furniture / Home Store,
4c4bdf4946240f4704f2eff3,POI-57,Miscellaneous Shop,
4c4be44742b4d13a719e4e7f,POI-42,Food Court,
4c4be909c668e21e2628bcfa,POI-22,Dessert Shop,
4c4bec4842b4d13adcea597f,POI-94,Gas Station / Garage,
4c4bed639c8d2d7ff14faf6b,POI-57,Miscellaneous Shop,
4c4bf63f959220a14d7c4f10,POI-88,Sandwich Place,
4c4bf6ff9e6dbe9afeaecc0c,POI-36,Asian Restaurant,
4c4bf9e9712ac9287d0da86d,POI-89,Arcade,
4c4bfa7346240f47f37217f4,POI-63,Bakery,
4c4c0a7af7cc1b8d49aebd40,POI-17,Chinese Restaurant,
4c4c0a7c712ac9287328c06d,POI-39,Restaurant,
4c4c1737712ac9285dd0d16d,POI-69,Spa / Massage,
4c4c1c86bad7a5938ea8c8ac,POI-66,Grocery Store,
4c4c30c09e6dbe9a1ca41c0d,POI-54,Clothing Store,
4c4c34429c8d2d7f66ea126c,POI-22,Dessert Shop,
4c4c3d3af7cc1b8d37d90641,POI-94,Gas Station / Garage,
4c4c44d246240f474f1f8bf4,POI-14,Pub,
4c4d0901e906c9282e82523b,POI-36,Asian Restaurant,
4c4d132bf5afa5937023f5d6,POI-42,Food Court,
4c4d1b53f5afa59343b601d7,POI-65,Women'S Store,
4c4d2f7cf96ac9b6bc724999,POI-46,Japanese Restaurant,
4c4d68aa51c2c928dcb5ba9c,POI-107,Pet Store,
4c4d74d1ea24c9b6ed3e1714,POI-59,Men'S Store,
4c4d7a67ea24c9b6cb652014,POI-57,Miscellaneous Shop,
4c4d85ab92b6a59394c0676e,POI-57,Miscellaneous Shop,
4c4db2d9f53d0f4710a86da5,POI-41,Ramen /  Noodle House,
4c4e0b42960e76b07533d8e6,POI-66,Grocery Store,
4c4e4476f53d0f47cf9f46a6,POI-57,Miscellaneous Shop,
4c4e6bae51c2c928cdaa539e,POI-54,Clothing Store,
4c4e7e499efabe9a47c62d6a,POI-98,Snack Place,
4c4eae721b8e1b8dd0158a27,POI-41,Ramen /  Noodle House,
4c4eb5e31b8e1b8dd67e9627,POI-63,Bakery,
4c4eba66ea24c9b65fab1b16,POI-123,Convenience Store,
4c4ebb9b9efabe9a5c6e8d6a,POI-105,Gourmet Shop,
4c4ec7ca9932e21ef56f49ce,POI-36,Asian Restaurant,
4c4ee2c1fb742d7f7bed052f,POI-2,Bar,
4c4ef1b551c2c9286a282c9f,POI-14,Pub,
4c4fbcce38b0be9a98585afc,POI-10,Coffee Shop,
4c4fc057371520a111272cc0,POI-13,Diner,
4c4fc5e42a73c928bcfc65d1,POI-69,Spa / Massage,
4c4fd77f1886c9b657dbb227,POI-107,Pet Store,
4c4feceb7537e21e1b620c89,POI-67,Gym,
4c4fef9f1886c9b6fedad827,POI-57,Miscellaneous Shop,
4c4ff0cf1886c9b646dada27,POI-126,Music Store,
4c4ffd89371520a13c288ec0,POI-137,Juice Bar,
4c4fff148edf0f4704ab82ae,POI-61,Shoe Store,
4c5003328edf0f4707f888ae,POI-73,Electronics Store,
4c5007623a6f2d7fce10db76,POI-130,Food Truck,
4c50092e38b0be9a145bd3fc,POI-46,Japanese Restaurant,
4c5009b338b0be9ad84cd4fc,POI-37,Thai Restaurant,
4c500eb31886c9b600610a28,POI-66,Grocery Store,
4c50113c885c1b8dfce39d38,POI-17,Chinese Restaurant,
4c50117838b0be9ab7bfe0fc,POI-56,Cosmetics Shop,
4c50171f371520a14060b6c0,POI-36,Asian Restaurant,
4c50198ef080a5939cb4efe1,POI-81,Steakhouse,
4c502b5e2a73c92856fd0ad2,POI-39,Restaurant,
4c503361dcb5d13a90ab9708,POI-14,Pub,
4c504c0a38b0be9a930849fd,POI-102,Bbq Joint,
4c509e52d2a7c9b696e4d60f,POI-73,Electronics Store,
4c50e5fed797e21e5398247b,POI-10,Coffee Shop,
4c50edc3375c0f47fa701893,POI-117,Bike Shop,
4c510bab3940be9ad7aa3408,POI-36,Asian Restaurant,
4c510c3b991c20a1fdd12587,POI-156,Ferry,
4c510dbb991c20a197492887,POI-83,Fried Chicken Joint,
4c5120289426c928065b3773,POI-84,Boutique,
4c5127c2375c0f474cac8093,POI-123,Convenience Store,
4c515829d797e21edd43e07b,POI-46,Japanese Restaurant,
4c5169e6991c20a1fb00bb87,POI-42,Food Court,
4c517cf73940be9afa2dee08,POI-37,Thai Restaurant,
4c51825f375c0f470e251494,POI-57,Miscellaneous Shop,
4c519b229426c928b6d50c74,POI-73,Electronics Store,
4c519f9e1c67ef3b56a919b9,POI-36,Asian Restaurant,
4c521efb99ecc9b62a38625a,POI-17,Chinese Restaurant,
4c5257d199ecc9b63c1ac05a,POI-57,Miscellaneous Shop,
4c52641894790f47c15c97a2,POI-144,Portuguese Restaurant,
4c526c36250dd13ac106d27e,POI-92,Salon / Barbershop,
4c528720250dd13a31b5fe7e,POI-4,Resort,
4c52a098048b1b8d4465db30,POI-107,Pet Store,
4c52a0ee7f6e20a1726408ec,POI-52,Arts & Crafts Store,
4c52ec9d048b1b8de6162731,POI-17,Chinese Restaurant,
4c52fec799ecc9b63475aa5b,POI-36,Asian Restaurant,
4c53831730f92d7f2bdae2b8,POI-26,Park,
4c53a3e1479fc9284a29cc91,POI-22,Dessert Shop,
4c53ab3af5f3d13ac42ce2f8,POI-35,Dim Sum Restaurant,
4c53ac11728920a142017881,POI-36,Asian Restaurant,
4c53b20006901b8d7a9e8e4a,POI-42,Food Court,
4c53c04e06901b8d6d9ca64a,POI-18,Indian Restaurant,
4c53c45afd2ea593a1c1fc28,POI-36,Asian Restaurant,
4c53d58c728920a190e0bd81,POI-27,Art Gallery,
4c53dacf479fc9281a682a92,POI-61,Shoe Store,
4c53dec54623be9ac80ed2f1,POI-1,Wine Bar,
4c53e1baa724e21e7e7b7af5,POI-122,Skate Park,
4c53e52d06901b8d3593e24a,POI-54,Clothing Store,
4c53ed9106901b8d4989ef4a,POI-56,Cosmetics Shop,
4c54060630f92d7f3c4fbeb9,POI-39,Restaurant,
4c5412b4728920a1abaa2282,POI-73,Electronics Store,
4c5419a6728920a1888b2e82,POI-40,Seafood Restaurant,
4c542aff1b46c9b6496721ce,POI-66,Grocery Store,
4c54aa28f5f3d13a4fbf7cfa,POI-120,Cupcake Shop,
4c54ead2fd2ea5935967d62a,POI-73,Electronics Store,
4c54f25b72cf0f4793575ad5,POI-57,Miscellaneous Shop,
4c54f874479fc92851bf0294,POI-43,Vegetarian / Vegan Restaurant,
4c54ff71728920a1aa31a583,POI-17,Chinese Restaurant,
4c55005672cf0f475df475d5,POI-43,Vegetarian / Vegan Restaurant,
4c5507d230f92d7f41956abb,POI-54,Clothing Store,
4c550e9c30f92d7f8ec475bb,POI-112,Gift Shop,
4c551961728920a143efd083,POI-58,Accessories Store,
4c552b94fd2ea5934856452b,POI-128,Kids Store,
4c55358f4623be9a03ce03f4,POI-92,Salon / Barbershop,
4c55406b479fc928ebae8094,POI-85,Furniture / Home Store,
4c55439630f92d7fbf0ad1bb,POI-85,Furniture / Home Store,
4c5544aafd2ea59363a76f2b,POI-94,Gas Station / Garage,
4c554504fd2ea593f44f702b,POI-70,Korean Restaurant,
4c5546cbfd2ea5938240732b,POI-63,Bakery,
4c55567ea724e21ef5a6e6f7,POI-46,Japanese Restaurant,
4c555e2e06901b8de46b5a4d,POI-59,Men'S Store,
4c5562184623be9a0cce5af4,POI-46,Japanese Restaurant,
4c556ce34623be9a6e476ff4,POI-94,Gas Station / Garage,
4c5592b3fd2ea593e193f92b,POI-10,Coffee Shop,
4c559425b3b09c74efd14cb4,POI-84,Boutique,
4c56621b12f0d13a13de04ad,POI-58,Accessories Store,
4c56623212f0d13a2fde04ad,POI-17,Chinese Restaurant,
4c566a2312f0d13a08ea04ad,POI-157,Smoke Shop,
4c566da87329c928e5ac8c80,POI-87,Car Dealership,
4c56731b7329c9288cb48c80,POI-81,Steakhouse,
4c568bffd12a20a170ad64bd,POI-10,Coffee Shop,
4c56a98a12f0d13a364305ad,POI-70,Korean Restaurant,
4c56ade0b7a31b8d2e6b4eda,POI-56,Cosmetics Shop,
4c56aea26418a593c7877d0e,POI-46,Japanese Restaurant,
4c56bb5f6201e21e5b30936d,POI-73,Electronics Store,
4c56bd13744a0f47db47c7cb,POI-55,Sporting Goods Shop,
4c576192744a0f47b8f3c8cb,POI-60,Automotive Shop,
4c5791f48fe2ef3b2572303a,POI-10,Coffee Shop,
4c579969744a0f479781c9cb,POI-14,Pub,
4c579ac330d82d7fec5bda62,POI-92,Salon / Barbershop,
4c579d6ad12a20a18d4767bd,POI-56,Cosmetics Shop,
4c57a22915a39c748b603eb9,POI-46,Japanese Restaurant,
4c57a7b9cc96c9b61295792e,POI-68,Gym / Fitness Center,
4c57aaeb7329c928e9828f80,POI-36,Asian Restaurant,
4c57ae85744a0f478da6c9cb,POI-57,Miscellaneous Shop,
4c57b9686201e21e677c416f,POI-63,Bakery,
4c5800436201e21ede54b56f,POI-36,Asian Restaurant,
4c5811e1d12a20a1d90e68bd,POI-10,Coffee Shop,
4c582cb2cc96c9b6028d7a2e,POI-89,Arcade,
4c584b076201e21e453b3f70,POI-125,Other Nightlife,
4c585d377613b713f68f91ea,POI-61,Shoe Store,
4c58c38e67ac0f474eca024c,POI-92,Salon / Barbershop,
4c58c6f92091a59388815bd0,POI-123,Convenience Store,
4c58e27967ac0f47921e034c,POI-56,Cosmetics Shop,
4c58e915d3aee21ebe276755,POI-56,Cosmetics Shop,
4c58ebe5d3aee21e6c2d6755,POI-46,Japanese Restaurant,
4c58ec22b8b3c9b6dc2688b6,POI-36,Asian Restaurant,
4c590537d3aee21e085c6755,POI-61,Shoe Store,
4c591e2fec2520a14b554e12,POI-63,Bakery,
4c59333bf346c928c3f84bca,POI-56,Cosmetics Shop,
4c593e36d3aee21ed2ac6755,POI-49,Multiplex,
4c5944e7d3aee21e04b86755,POI-137,Juice Bar,
4c594c04b8b3c9b637be88b6,POI-17,Chinese Restaurant,
4c596d54b8b3c9b6451389b6,POI-14,Pub,
4c599258ec2520a170524f12,POI-2,Bar,
4c5a1733ec2520a150d75012,POI-36,Asian Restaurant,
4c5a3d6fb05c1b8d39f6d7b1,POI-41,Ramen /  Noodle House,
4c5a46625c57c9b6460c1d4a,POI-42,Food Court,
4c5a4b0567ac0f475787064c,POI-17,Chinese Restaurant,
4c5a53a704f9be9a92a9f160,POI-65,Women'S Store,
4c5a7cd1d3aee21e61d46a55,POI-10,Coffee Shop,
4c5a88f82091a593098f5fd0,POI-46,Japanese Restaurant,
4c5a9ba704f9be9a6a18f260,POI-63,Bakery,
4c5aa513d3aee21ec7196b55,POI-4,Resort,
4c5ab72cb05c1b8d5ed3d8b1,POI-59,Men'S Store,
4c5ada91b05c1b8ddf30d9b1,POI-42,Food Court,
4c5ae35fec2520a1f0905212,POI-49,Multiplex,
4c5b9f6894fd0f4798a0c645,POI-92,Salon / Barbershop,
4c5ba6e299ff76b053a0a59e,POI-42,Food Court,
4c5baef785a1e21e86c15411,POI-63,Bakery,
4c5beebf6147be9af3ca8d09,POI-80,Ice Cream Shop,
4c5bf05885a1e21e2c2b5511,POI-42,Food Court,
4c5bf06f6147be9aa9ce8d09,POI-89,Arcade,
4c5bf26ed25320a129c3c17a,POI-46,Japanese Restaurant,
4c5c09827735c9b6d6148b72,POI-17,Chinese Restaurant,
4c5c1e6385a1e21eada95511,POI-36,Asian Restaurant,
4c5c20a47f661b8db79c471c,POI-36,Asian Restaurant,
4c5cca857f661b8d97c8491c,POI-28,Plaza,
4c5cd42c94fd0f473ff9c945,POI-92,Salon / Barbershop,
4c5cdd51d25320a1e7a6c47a,POI-52,Arts & Crafts Store,
4c5cf43c9b28d13a417c5870,POI-40,Seafood Restaurant,
4c5cf4be6147be9a65f69009,POI-37,Thai Restaurant,
4c5cfe116147be9a770b9109,POI-85,Furniture / Home Store,
4c5d123a9b28d13af2b85870,POI-41,Ramen /  Noodle House,
4c5d1c0c94fd0f4705a0ca45,POI-63,Bakery,
4c5d250985a1e21e54b15811,POI-107,Pet Store,
4c5d25e8fff99c74f0213fd3,POI-126,Music Store,
4c5d2d039b28d13a23e65870,POI-102,Bbq Joint,
4c5d340d7f661b8da8b44a1c,POI-14,Pub,
4c5d3e55857ca5932f4bcccb,POI-1,Wine Bar,
4c5d498617f3b713ba0810e6,POI-122,Skate Park,
4c5d5349857ca593e575cccb,POI-17,Chinese Restaurant,
4c5d6fbe6ebe2d7f59bad22e,POI-17,Chinese Restaurant,
4c5d74b52815c9284ac4b467,POI-10,Coffee Shop,
4c5d76172815c92855c8b467,POI-107,Pet Store,
4c5d7efa6147be9aca1a9209,POI-96,Karaoke Bar,
4c5d972c7735c9b608748f72,POI-122,Skate Park,
4c5e058e7f661b8def324d1c,POI-74,Fast Food Restaurant,
4c5e150485a1e21e3c7c5b11,POI-10,Coffee Shop,
4c5e2974d25320a19c4dc87a,POI-41,Ramen /  Noodle House,
4c5e2a4d857ca5936a33cfcb,POI-57,Miscellaneous Shop,
4c5e5f72d25320a14acec87a,POI-42,Food Court,
4c5e6bb294fd0f47bf58ce45,POI-22,Dessert Shop,
4c5e78ba857ca593d2dacfcb,POI-48,Theater,
4c5e7d986ebe2d7f0edfd52e,POI-121,Flea Market,
4c5e89782815c92864eab767,POI-36,Asian Restaurant,
4c5e91db9b28d13aa1b35c70,POI-81,Steakhouse,
4c5e91df9b28d13aa6b35c70,POI-81,Steakhouse,
4c5e95ea6147be9a60399509,POI-39,Restaurant,
4c5ead476ebe2d7f1033d62e,POI-74,Fast Food Restaurant,
4c5eb69b94fd0f478edace45,POI-28,Plaza,
4c5f69c612e5c92806321d4c,POI-36,Asian Restaurant,
4c5f6a363986e21e0d36924f,POI-7,American Restaurant,
4c5f7987cd522d7f9242cc3f,POI-56,Cosmetics Shop,
4c5f90b254ac0f47d2dbb321,POI-10,Coffee Shop,
4c5fc307cd522d7f24becc3f,POI-121,Flea Market,
4c5fc8e890b2c9b6c26d3b22,POI-10,Coffee Shop,
4c5fd36e1e5cd13a3d58a0ed,POI-4,Resort,
4c5ff63d13791b8d8e5f4eaf,POI-42,Food Court,
4c60213113791b8d40d44eaf,POI-18,Indian Restaurant,
4c60d652cd522d7f9041cf3f,POI-36,Asian Restaurant,
4c60d8af3986e21ee15b954f,POI-73,Electronics Store,
4c60edcb3986e21e8082954f,POI-81,Steakhouse,
4c6110f6de6920a196739764,POI-63,Bakery,
4c61157512e5c928aebf204c,POI-56,Cosmetics Shop,
4c6126a813791b8df72d51af,POI-81,Steakhouse,
4c612c6a13791b8d243851af,POI-92,Salon / Barbershop,
4c612d4054ac0f47043cb721,POI-72,Vietnamese Restaurant,
4c61342f832fa593c26cf1d3,POI-80,Ice Cream Shop,
4c61367c90b2c9b627873e22,POI-88,Sandwich Place,
4c613dba12e5c9282107214c,POI-62,Jewelry Store,
4c613f0e13791b8d956051af,POI-36,Asian Restaurant,
4c6141cf90b2c9b661a23e22,POI-17,Chinese Restaurant,
4c6165973986e21ea472964f,POI-17,Chinese Restaurant,
4c6177af90b2c9b6f4323f22,POI-66,Grocery Store,
4c61795f90b2c9b646383f22,POI-42,Food Court,
4c6181e069a1c9b6ea6036a4,POI-90,Light Rail,
4c61ddb3edd320a1efa6ab29,POI-33,Italian Restaurant,
4c621828e1621b8d97de2253,POI-27,Art Gallery,
4c6237ccde1b2d7f59eae170,POI-56,Cosmetics Shop,
4c624ecdec94a5934b1429ca,POI-57,Miscellaneous Shop,
4c6250c369a1c9b69a7538a4,POI-123,Convenience Store,
4c625f2efa7bc92855ff0d27,POI-83,Fried Chicken Joint,
4c627014edd320a15ae3ac29,POI-42,Food Court,
4c6291c7eb82d13a579705d6,POI-115,Soup Place,
4c629272fa7bc928f5550e27,POI-17,Chinese Restaurant,
4c62945b79d1e21e0e59d615,POI-56,Cosmetics Shop,
4c629e9586b6be9add6e8c34,POI-13,Diner,
4c62b6f779d1e21eb9b4d615,POI-39,Restaurant,
4c62cf36e1621b8d90502453,POI-18,Indian Restaurant,
4c63594bfa7bc9286f921027,POI-66,Grocery Store,
4c63667e7c9def3b52f3df1c,POI-117,Bike Shop,
4c63ab92ec94a5939b652cca,POI-117,Bike Shop,
4c63bfddfa7bc928f0511127,POI-53,Department Store,
4c63c78169a1c9b642ed3ba4,POI-54,Clothing Store,
4c63ca0c58810f478c7c0a1e,POI-128,Kids Store,
4c63d2b569a1c9b64f023ca4,POI-40,Seafood Restaurant,
4c63db30edd320a1aa53b029,POI-36,Asian Restaurant,
4c63e292fa7bc92862941127,POI-73,Electronics Store,
4c63e9a7edd320a19d76b029,POI-60,Automotive Shop,
4c63eb2758810f470cc60a1e,POI-92,Salon / Barbershop,
4c649deff67ec928d4945527,POI-10,Coffee Shop,
4c64b4a7c74c1b8d8965b283,POI-54,Clothing Store,
4c64b549c74c1b8d9667b283,POI-10,Coffee Shop,
4c64d88ef07e2d7fa68c9050,POI-32,Pizza Place,
4c64f38c7451b713eb3f130c,POI-10,Coffee Shop,
4c64fba5d02b20a10a639c90,POI-22,Dessert Shop,
4c64fce194160f47a14d2e17,POI-88,Sandwich Place,
4c651473f67ec92821a15627,POI-10,Coffee Shop,
4c652f57c74c1b8d1f5ab383,POI-74,Fast Food Restaurant,
4c65399bf07e2d7f90439150,POI-8,Gastropub,
4c653f903f69c9b6f7a48ad9,POI-80,Ice Cream Shop,
4c653fc9f67ec928a2035727,POI-56,Cosmetics Shop,
4c654104ae719521b488977b,POI-91,Food & Drink Shop,
4c6555aedddfa59386d193ff,POI-22,Dessert Shop,
4c65d582aebea593879b71d0,POI-15,Cocktail Bar,
4c65e32a8e9120a16d9dd664,POI-21,Lounge,
4c66069ce1da1b8ded2b9ac3,POI-85,Furniture / Home Store,
4c6615a67abde21ef8dc6268,POI-17,Chinese Restaurant,
4c663b66f7a80f4763a59d7a,POI-80,Ice Cream Shop,
4c664b9de75ac9289846f7da,POI-53,Department Store,
4c6652fdaebea59353ec72d0,POI-92,Salon / Barbershop,
4c66545a9cb82d7fd16890d2,POI-92,Salon / Barbershop,
4c666538f7a80f4774f09d7a,POI-57,Miscellaneous Shop,
4c666622c2ead13a46a8b380,POI-54,Clothing Store,
4c667a50aebea593d63073d0,POI-17,Chinese Restaurant,
4c667cdeb80abe9af213cde5,POI-36,Asian Restaurant,
4c66884ab80abe9a922bcde5,POI-36,Asian Restaurant,
4c668954e1da1b8d64269bc3,POI-49,Multiplex,
4c6693758e9120a10935d864,POI-7,American Restaurant,
4c6696408e9120a1f43bd864,POI-37,Thai Restaurant,
4c6698dce75ac928dfdbf7da,POI-37,Thai Restaurant,
4c66b3587abde21e6c186468,POI-17,Chinese Restaurant,
4c675db0e75ac928429cfada,POI-30,Water Park,
4c6777d5b80abe9adf64d0e5,POI-57,Miscellaneous Shop,
4c679de119f3c9b6d295a3ff,POI-18,Indian Restaurant,
4c67a3bd9cedd13a6c2a79a1,POI-57,Miscellaneous Shop,
4c67a9399cedd13a892f79a1,POI-36,Asian Restaurant,
4c67ce30aebea593ecef76d0,POI-39,Restaurant,
4c67dd159cedd13a0e3e79a1,POI-73,Electronics Store,
4c68c86d35d3be9a72d51d06,POI-92,Salon / Barbershop,
4c68e0098e7c0f473850de0f,POI-113,General Travel,
4c68e3550e98a593f9282359,POI-123,Convenience Store,
4c6907691a6620a11d78628c,POI-117,Bike Shop,
4c691e680e98a5932e8b2359,POI-26,Park,
4c692b5e8d22c9289a73b645,POI-35,Dim Sum Restaurant,
4c6985ba2c29d13ab9710b41,POI-10,Coffee Shop,
4c69f96bc946e21e7abceb8e,POI-113,General Travel,
4c6a09930e98a5939a2f2659,POI-46,Japanese Restaurant,
4c6a0b9eb56e9c74e16dc485,POI-40,Seafood Restaurant,
4c6a5bcb8d22c928818cb945,POI-102,Bbq Joint,
4c6a68ecc946e21e1c90ec8e,POI-42,Food Court,
4c6a78f60e98a59380ff2659,POI-37,Thai Restaurant,
4c6a86992c29d13aa5eb0d41,POI-36,Asian Restaurant,
4c6a8f95897b1b8dfd07b217,POI-61,Shoe Store,
4c6aa78d0e98a593767f2759,POI-10,Coffee Shop,
4c6b77822d9976b083e40b3a,POI-95,German Restaurant,
4c6ba0a11fb2a1434abff9e6,POI-158,Train,
4c6ba6056d390f4704330b9a,POI-18,Indian Restaurant,
4c6bb7177c052d7fa0152acf,POI-14,Pub,
4c6bbf6e599fbe9a9947933f,POI-36,Asian Restaurant,
4c6bc5199669e21e119fab51,POI-17,Chinese Restaurant,
4c6bccf50c3ac9b677b4d238,POI-55,Sporting Goods Shop,
4c6bddd9599fbe9a7f89933f,POI-36,Asian Restaurant,
4c6cb415e6b7b1f7f5f4a78e,POI-42,Food Court,
4c6cc4456af58cfa82d78717,POI-2,Bar,
4c6cc5126af58cfa22d98717,POI-61,Shoe Store,
4c6cca84a437224b39752bb1,POI-10,Coffee Shop,
4c6cd65ce6b7b1f77838a88e,POI-10,Coffee Shop,
4c6cd6ea65eda0932b1d4dd0,POI-46,Japanese Restaurant,
4c6d0f16e13db60c729ad7b1,POI-36,Asian Restaurant,
4c6d1f701fb2a143772dfde6,POI-7,American Restaurant,
4c6d2bef6af58cfaaea28817,POI-58,Accessories Store,
4c6d52b699b9236a9fdae4c9,POI-57,Miscellaneous Shop,
4c6d5ebbf2846dcbad6265e9,POI-145,Farmers Market,
4c6d654523c1a1cd02221ccf,POI-26,Park,
4c6d6ae96861b713381fc35d,POI-56,Cosmetics Shop,
4c6ddb5106ed6dcbed4ca522,POI-101,Breakfast Spot,
4c6df014f338236ac553091b,POI-73,Electronics Store,
4c6dffaef338236a3c80091b,POI-10,Coffee Shop,
4c6e05284d24b60cb3c8d7d8,POI-59,Men'S Store,
4c6e0c92f338236aaf9e091b,POI-17,Chinese Restaurant,
4c6e0e664d24b60c71dfd7d8,POI-17,Chinese Restaurant,
4c6e12f4f338236a58ad091b,POI-58,Accessories Store,
4c6e134a06ed6dcb04f1a522,POI-42,Food Court,
4c6e18e765eda093e2ba50d0,POI-26,Park,
4c6e1f4a06ed6dcbd308a622,POI-73,Electronics Store,
4c6e230606ed6dcb210fa622,POI-10,Coffee Shop,
4c6e262de6b7b1f715f4ab8e,POI-73,Electronics Store,
4c6e3827f338236af9f0091b,POI-126,Music Store,
4c6e3909f338236a40f2091b,POI-84,Boutique,
4c6e576706ed6dcb7c63a622,POI-103,Mobile Phone Shop,
4c6e59db10faa143096bf068,POI-55,Sporting Goods Shop,
4c6e5cdb65eda093072f51d0,POI-10,Coffee Shop,
4c6e5e9565eda093c33251d0,POI-10,Coffee Shop,
4c6e6e0a4d24b60ced8dd8d8,POI-33,Italian Restaurant,
4c6e768065eda093126b51d0,POI-42,Food Court,
4c6e803b06ed6dcb6fc9a622,POI-98,Snack Place,
4c6e8155e6b7b1f742acac8e,POI-98,Snack Place,
4c6e873c6af58cfaaf788c17,POI-10,Coffee Shop,
4c6e93ab10faa1432f0af168,POI-66,Grocery Store,
4c6eb995a437224b9db430b1,POI-145,Farmers Market,
4c6efa209375a093ce890237,POI-17,Chinese Restaurant,
4c6f2b6a34443704d462205f,POI-121,Flea Market,
4c6f2cf29c6d6dcbdce8ce7a,POI-42,Food Court,
4c6f55319c6d6dcbf178cf7a,POI-103,Mobile Phone Shop,
4c6f635e34443704a323215f,POI-10,Coffee Shop,
4c6f705dd274b60ca0d0d60d,POI-10,Coffee Shop,
4c6f80b2d274b60c5ff2d60d,POI-56,Cosmetics Shop,
4c6f9bb1f23c76b08f0ee485,POI-54,Clothing Store,
4c6fabacb3ce224b4c7771c6,POI-36,Asian Restaurant,
4c6faeb5df6b8cfa23dfb54d,POI-38,Middle Eastern Restaurant,
4c6faf79d7fab1f71a1a5cc9,POI-107,Pet Store,
4c6fb5cc9375a09334ae0437,POI-107,Pet Store,
4c6fb9479375a09327b50437,POI-63,Bakery,
4c6fbad4f23c76b0d183e485,POI-53,Department Store,
4c6fbecedf6b8cfaa900b64d,POI-102,Bbq Joint,
4c6fbef2df6b8cfa0a01b64d,POI-28,Plaza,
4c6fc042d97fa143eed4f3ca,POI-17,Chinese Restaurant,
4c6fc699d274b60cb47ad70d,POI-36,Asian Restaurant,
4c6fc744d97fa143e4e4f3ca,POI-39,Restaurant,
4c6fdc46344437047c25225f,POI-100,Sports Bar,
4c6fe999b3ce224b9c1372c6,POI-17,Chinese Restaurant,
4c6ffbd8d97fa1433e83f4ca,POI-2,Bar,
4c7095aad274b60c9d58da0d,POI-57,Miscellaneous Shop,
4c70aa049375a0932ff50737,POI-10,Coffee Shop,
4c70aee0b5a5236a70425152,POI-102,Bbq Joint,
4c70b500d274b60ce7b7da0d,POI-92,Salon / Barbershop,
4c70c2c1d274b60c7ed8da0d,POI-36,Asian Restaurant,
4c70d9559c6d6dcb93fad37a,POI-63,Bakery,
4c70dfdcb3ce224b7f4575c6,POI-61,Shoe Store,
4c710872df6b8cfafbf6b94d,POI-106,Candy Store,
4c711285b3ce224bc8a075c6,POI-17,Chinese Restaurant,
4c7116fa9c6d6dcbd068d47a,POI-68,Gym / Fitness Center,
4c71cfce4bc4236a49e3c97a,POI-152,Fish Market,
4c71e22d376da0936034a5c6,POI-65,Women'S Store,
4c71e66c0e23b1f79ea41cdc,POI-41,Ramen /  Noodle House,
4c721c50d944224bcdf60b29,POI-36,Asian Restaurant,
4c721c580e23b1f7450b1ddc,POI-74,Fast Food Restaurant,
4c7235427121a1cd73ed61d1,POI-89,Arcade,
4c7255c3376da0937c05a6c6,POI-36,Asian Restaurant,
4c725f5f13228cfa46c92a65,POI-92,Salon / Barbershop,
4c72f8857121a1cd990064d1,POI-152,Fish Market,
4c730d9d7121a1cdd34a64d1,POI-57,Miscellaneous Shop,
4c7352c08efc3704e076157d,POI-18,Indian Restaurant,
4c7360070e23b1f75e6620dc,POI-36,Asian Restaurant,
4c736c74d944224bb4620f29,POI-54,Clothing Store,
4c7384f4376da0933d40a9c6,POI-92,Salon / Barbershop,
4c73866dad69b60c0f5886b9,POI-83,Fried Chicken Joint,
4c739d3b7121a1cdea8465d1,POI-56,Cosmetics Shop,
4c73a018ad69b60c1f8186b9,POI-126,Music Store,
4c73a05d9e706dcbd9d84d62,POI-117,Bike Shop,
4c73a53a8efc37043e01167d,POI-11,Nightclub,
4c73b188ad69b60c35a986b9,POI-14,Pub,
4c73b5a58efc3704c829167d,POI-42,Food Court,
4c73c2018efc3704e74e167d,POI-52,Arts & Crafts Store,
4c747b75c219224b8624a028,POI-73,Electronics Store,
4c747d6fd8948cfa8e5765da,POI-39,Restaurant,
4c749c03ff1fb60c792bf4a7,POI-46,Japanese Restaurant,
4c74dcb7ff1fb60cf898f4a7,POI-2,Bar,
4c74f81ddb52b1f7af5677dc,POI-84,Boutique,
4c75049a2db5236a89b6bb79,POI-17,Chinese Restaurant,
4c750a63604a37049c728149,POI-54,Clothing Store,
4c750df5d8948cfa1a8466da,POI-84,Boutique,
4c75212666be6dcbb474bf0f,POI-2,Bar,
4c752861ff1fb60c4955f5a7,POI-26,Park,
4c752cb9604a370453da8149,POI-96,Karaoke Bar,
4c75788166be6dcb5e84c00f,POI-18,Indian Restaurant,
4c75e62b66be6dcb62eec10f,POI-60,Automotive Shop,
4c75f077db52b1f7a9567adc,POI-37,Thai Restaurant,
4c762b27604a370484af8449,POI-67,Gym,
4c7637c1604a370464c38449,POI-66,Grocery Store,
4c76555ac219224bdad7a428,POI-46,Japanese Restaurant,
4c7656682db5236afe58bf79,POI-10,Coffee Shop,
4c76586c2db5236ab85ebf79,POI-36,Asian Restaurant,
4c773b8e947ca1cdd6054737,POI-46,Japanese Restaurant,
4c7748fad06b224be934fed6,POI-54,Clothing Store,
4c77582b07818cfa2f64d4e3,POI-63,Bakery,
4c775e4c947ca1cda0584737,POI-56,Cosmetics Shop,
4c77767a5cd6b1f7292d3f94,POI-73,Electronics Store,
4c779b0ef2473704b17e66eb,POI-115,Soup Place,
4c77a2cc941876b0fff8dff8,POI-55,Sporting Goods Shop,
4c77c0a9947ca1cd36434837,POI-123,Convenience Store,
4c77c228b4b4b60ca48a280e,POI-11,Nightclub,
4c77cb45a5676dcbdeac1921,POI-17,Chinese Restaurant,
4c77e3bee464b60c764c9399,POI-57,Miscellaneous Shop,
4c7805e381bca09327aaf814,POI-18,Indian Restaurant,
4c7872a6bd346dcb4560f2ef,POI-42,Food Court,
4c7873c981bca093a65cfa14,POI-56,Cosmetics Shop,
4c788add3badb1f74d624c54,POI-17,Chinese Restaurant,
4c78993fdf08a1cd5433d85d,POI-42,Food Court,
4c7899b281bca0939ce4fa14,POI-36,Asian Restaurant,
4c78a8be2d3ba143cee58bd0,POI-126,Music Store,
4c78ac09566db60c689c420e,POI-7,American Restaurant,
4c78ef1e81bca0939aa2fb14,POI-36,Asian Restaurant,
4c78f97f3badb1f741674d54,POI-84,Boutique,
4c78fddc97028cfac176d9fe,POI-111,Dumpling Restaurant,
4c791a1da8683704ee470f4d,POI-41,Ramen /  Noodle House,
4c791fada8683704965b0f4d,POI-36,Asian Restaurant,
4c792458a8683704786a0f4d,POI-11,Nightclub,
4c7924b4df08a1cd9d8ad95d,POI-94,Gas Station / Garage,
4c793458df08a1cd73c5d95d,POI-2,Bar,
4c79b8c497028cfa8c3fdcfe,POI-17,Chinese Restaurant,
4c79cc4dbd346dcb67ddf6ef,POI-53,Department Store,
4c79df22a8683704a648124d,POI-17,Chinese Restaurant,
4c79e83a81bca0934a33ff14,POI-63,Bakery,
4c79e8fc93ef236afa5fb10f,POI-7,American Restaurant,
4c79f19e2d3ba143c22590d0,POI-92,Salon / Barbershop,
4c79fda13badb1f7961d5154,POI-42,Food Court,
4c7a0001df08a1cde4c2dc5d,POI-17,Chinese Restaurant,
4c7a092a93ef236aa4b1b10f,POI-92,Salon / Barbershop,
4c7a1118794e224bd8ae6728,POI-112,Gift Shop,
4c7a11eb794e224babb06728,POI-123,Convenience Store,
4c7a2c81794e224b4ae16728,POI-10,Coffee Shop,
4c7a3bfa81bca0938de6ff14,POI-98,Snack Place,
4c7a49193badb1f7f5b35154,POI-56,Cosmetics Shop,
4c7afa83df08a1cdb492df5d,POI-42,Food Court,
4c7b1731bd346dcbdea8faef,POI-89,Arcade,
4c7b43c5bd346dcbaa09fbef,POI-74,Fast Food Restaurant,
4c7b44c33badb1f7a1b95454,POI-77,Sushi Restaurant,
4c7b594a97028cfa7dbee0fe,POI-77,Sushi Restaurant,
4c7b5aa02d3ba14344e293d0,POI-117,Bike Shop,
4c7b6343a86837043f4e164d,POI-92,Salon / Barbershop,
4c7b6adc97028cfa1edde0fe,POI-32,Pizza Place,
4c7b6caf97028cfa11e0e0fe,POI-60,Automotive Shop,
4c7b9a5f93ef236ab1b3b50f,POI-26,Park,
4c7b9e04bd346dcbe098fbef,POI-17,Chinese Restaurant,
4c7b9f49bd346dcbc39cfbef,POI-45,Indonesian Restaurant,
4c7ba42597028cfadc5ae1fe,POI-62,Jewelry Store,
4c7c5761ad90224b1e208a0c,POI-36,Asian Restaurant,
4c7c67d8a141b1f7d93b6b79,POI-135,Tanning Salon,
4c7c72ab09b29c74f040e23c,POI-92,Salon / Barbershop,
4c7c76fcf56a37042d350846,POI-62,Jewelry Store,
4c7c886baa3ba093dc26ab74,POI-42,Food Court,
4c7c8d12247cb60c678f5e5e,POI-10,Coffee Shop,
4c7c9bf748c6236ad43e6211,POI-10,Coffee Shop,
4c7cc024ad90224b99098b0c,POI-94,Gas Station / Garage,
4c7cc473247cb60c51f35e5e,POI-68,Gym / Fitness Center,
4c7cd9e0247cb60c83195f5e,POI-112,Gift Shop,
4c7d0daaa141b1f731c26c79,POI-26,Park,
4c7d102e9efda143cf6087e2,POI-36,Asian Restaurant,
4c7dc7c38da18cfa129ca0ce,POI-134,Flower Shop,
4c7dd76c5af8b60c13f69010,POI-62,Jewelry Store,
4c7ddbe010916dcb47d72a96,POI-83,Fried Chicken Joint,
4c7e1abf5af8b60c46739110,POI-89,Arcade,
4c7e2c21b53db1f78e1f9f11,POI-17,Chinese Restaurant,
4c7e317f10916dcb167b2b96,POI-39,Restaurant,
4c7e3451b53db1f75f349f11,POI-63,Bakery,
4c7e37e89221236a905c813d,POI-26,Park,
4c7e501db33a224bff79da81,POI-39,Restaurant,
4c7e6a9f9221236a8c02823d,POI-88,Sandwich Place,
4c7f10e71009a093488f464e,POI-17,Chinese Restaurant,
4c7f2fe9fb74236a4492f9b9,POI-42,Food Court,
4c7f308dfb74236a9893f9b9,POI-70,Korean Restaurant,
4c7f34741009a093e1e9464e,POI-36,Asian Restaurant,
4c7f42a54a03bfb715f3c8d4,POI-66,Grocery Store,
4c7f61fba7958cfa918e902b,POI-10,Coffee Shop,
4c7f97b22042b1f77a39c3ad,POI-18,Indian Restaurant,
4c7fe22951ada1cd2cb60410,POI-66,Grocery Store,
4c8049a8d34ca14389341880,POI-101,Breakfast Spot,
4c806c07e63376b01cf6a53d,POI-20,Spanish Restaurant,
4c8080dfd34ca143fd2f1a80,POI-63,Bakery,
4c808fa0d4e2370415ff5588,POI-113,General Travel,
4c80909cdc018cfa45eabd6c,POI-56,Cosmetics Shop,
4c809c9cd4e2370421565688,POI-92,Salon / Barbershop,
4c80aeb247cc224b0434759f,POI-39,Restaurant,
4c80be7c2f1c236ac4222943,POI-36,Asian Restaurant,
4c80c1882f1c236a4a342943,POI-46,Japanese Restaurant,
4c80cfc8d34ca14375241c80,POI-66,Grocery Store,
4c80e544d8086dcb8c606752,POI-54,Clothing Store,
4c80e99d74d7b60cb64e71d8,POI-17,Chinese Restaurant,
4c80f525d8086dcbedfc6752,POI-22,Dessert Shop,
4c80f5e5d92ea093ff0e3c72,POI-56,Cosmetics Shop,
4c81148047cc224b8190789f,POI-2,Bar,
4c81330547cc224b65e3799f,POI-44,Burger Joint,
4c81ac4b51ada1cd8a981510,POI-92,Salon / Barbershop,
4c81ac66d4e23704b38e6088,POI-66,Grocery Store,
4c81b1c051ada1cdbfd31510,POI-80,Ice Cream Shop,
4c81dc7274d7b60c974f7bd8,POI-46,Japanese Restaurant,
4c81e2fad34ca143ed342780,POI-56,Cosmetics Shop,
4c81f1c92f1c236a31043543,POI-25,Zoo,
4c8201bde63376b05dccb03d,POI-50,Movie Theater,
4c8210efd8086dcb45f97252,POI-57,Miscellaneous Shop,
4c821e9674d7b60c311b7dd8,POI-17,Chinese Restaurant,
4c821ef574d7b60c1f1e7dd8,POI-36,Asian Restaurant,
4c8225c2d4e2370402696488,POI-125,Other Nightlife,
4c82278ad8086dcb4c977352,POI-96,Karaoke Bar,
4c82347551ada1cd93d91910,POI-28,Plaza,
4c823ed947cc224b3c94839f,POI-74,Fast Food Restaurant,
4c824690d8086dcbbe937452,POI-74,Fast Food Restaurant,
4c82499ed4e23704ce8f6588,POI-17,Chinese Restaurant,
4c8259fe6bd49521e137c4d2,POI-11,Nightclub,
4c825c4b2f1c236a3f483843,POI-102,Bbq Joint,
4c8329ced4e2370485046f88,POI-39,Restaurant,
4c832ccad92ea093d6455272,POI-10,Coffee Shop,
4c83392a47cc224b9ad78d9f,POI-17,Chinese Restaurant,
4c8345a7d92ea093aaf55272,POI-65,Women'S Store,
4c83548374d7b60c2a1789d8,POI-63,Bakery,
4c835f4551ada1cd53642510,POI-106,Candy Store,
4c8364a2e602b1f7f283a57a,POI-61,Shoe Store,
4c83778047cc224bb66c8f9f,POI-42,Food Court,
4c837d682f1c236a43334343,POI-57,Miscellaneous Shop,
4c83815cd8086dcb80768052,POI-36,Asian Restaurant,
4c838457dc018cfa8727d96c,POI-45,Indonesian Restaurant,
4c8390eb47cc224b1419909f,POI-10,Coffee Shop,
4c839d96e602b1f7230ea77a,POI-2,Bar,
4c8450c947cc224b90c7979f,POI-42,Food Court,
4c847365dc018cfae254e16c,POI-81,Steakhouse,
4c84a25451ada1cd17db3010,POI-54,Clothing Store,
4c84b68351ada1cdb24c3110,POI-10,Coffee Shop,
4c84b934d92ea093118d5f72,POI-18,Indian Restaurant,
4c857a6b47cc224b61b1a19f,POI-40,Seafood Restaurant,
4c85ce8774d7b60c85f79ed8,POI-36,Asian Restaurant,
4c85cf6bd34ca143cbbe4a80,POI-17,Chinese Restaurant,
4c85d975d4e237040d638688,POI-69,Spa / Massage,
4c86040be602b1f7733fbc7a,POI-56,Cosmetics Shop,
4c8608ac2f1c236a2a6b5943,POI-123,Convenience Store,
4c860b76d92ea093a99e6a72,POI-66,Grocery Store,
4c860eedd8086dcb2cc39652,POI-107,Pet Store,
4c8615d351ada1cdedbd3c10,POI-17,Chinese Restaurant,
4c861e0d51ada1cd51fe3c10,POI-36,Asian Restaurant,
4c8634eddc018cfa7c6bed6c,POI-39,Restaurant,
4c866a77d34ca143b3934f80,POI-39,Restaurant,
4c87139b51ada1cd5c614510,POI-17,Chinese Restaurant,
4c8713f9d8086dcb22a39f52,POI-69,Spa / Massage,
4c8716ce56e03704a7e4afa3,POI-41,Ramen /  Noodle House,
4c8718f1d92ea09364af7372,POI-36,Asian Restaurant,
4c871fdcb231b60c743117ec,POI-85,Furniture / Home Store,
4c876a68f554236a6759cc55,POI-22,Dessert Shop,
4c8781cb9c808cfa89b1141e,POI-63,Bakery,
4c8781d947cc224bb492b19f,POI-46,Japanese Restaurant,
4c8783a2b504a14318e0b61c,POI-139,Board Shop,
4c87a29ad92ea093eea37772,POI-36,Asian Restaurant,
4c87a55fd8086dcb7acea352,POI-11,Nightclub,
4c87e477b0f66dcbb287151d,POI-2,Bar,
4c87e48db446224b8f2d7e6f,POI-2,Bar,
4c8824527223b1f7555b29a8,POI-39,Restaurant,
4c8832feda5da1cd767b32e9,POI-42,Food Court,
4c88469ca0ffb60c242e21c5,POI-39,Restaurant,
4c8867330f3c236a94d9f25c,POI-36,Asian Restaurant,
4c8871caed0aa143d0b0a9f3,POI-117,Bike Shop,
4c88743b0f3c236a9e2ff35c,POI-17,Chinese Restaurant,
4c887a2f7223b1f7c1112ca8,POI-56,Cosmetics Shop,
4c887d42da5da1cd85b834e9,POI-70,Korean Restaurant,
4c887fbc944e224b2afd1c85,POI-70,Korean Restaurant,
4c8897537223b1f77cc92ca8,POI-57,Miscellaneous Shop,
4c889b14da5da1cd597035e9,POI-57,Miscellaneous Shop,
4c88a9f00f3c236a1073f45c,POI-88,Sandwich Place,
4c88b26f94f5a0936c99d11e,POI-138,Wine Shop,
4c88c390ed0aa143cdb0abf3,POI-39,Restaurant,
4c88c4130f3c236a5422f55c,POI-44,Burger Joint,
4c88c70e97828cfa26639eaa,POI-92,Salon / Barbershop,
4c88cd4f7223b1f7ab2e2ea8,POI-2,Bar,
4c88cdd597828cfa4d9c9eaa,POI-39,Restaurant,
4c88d0e8ed0aa143d41facf3,POI-92,Salon / Barbershop,
4c88dcf2f53b236a5bf7a9a6,POI-66,Grocery Store,
4c890b4f94f5a093bcaad41e,POI-10,Coffee Shop,
4c8945e1a0ffb60cce1e29c5,POI-17,Chinese Restaurant,
4c898d103dc2a1cdf47ba532,POI-113,General Travel,
4c8992111797236a9d6c5a88,POI-42,Food Court,
4c89a1439ef0224b3e32547b,POI-36,Asian Restaurant,
4c89b529770fb60cdc8cccc3,POI-10,Coffee Shop,
4c89d3601797236a5f7b5c88,POI-69,Spa / Massage,
4c89d3d39ef0224b13b9557b,POI-128,Kids Store,
4c8a1b19e51e6dcb2bae65de,POI-70,Korean Restaurant,
4c8a2df5770fb60c1704d0c3,POI-14,Pub,
4c8a63053dc2a1cdf466ac32,POI-4,Resort,
4c8a70e04fb7199c2da82ca3,POI-60,Automotive Shop,
4c8ab7be2e333704f144c641,POI-26,Park,
4c8acfa8770fb60cdc3fd6c3,POI-60,Automotive Shop,
4c8b05962e3337047e97c941,POI-65,Women'S Store,
4c8b10c51eafb1f793ad8035,POI-65,Women'S Store,
4c8b1d231797236ac5736888,POI-103,Mobile Phone Shop,
4c8b2b149ef0224b9518627b,POI-10,Coffee Shop,
4c8b2b839ef0224bdf1b627b,POI-117,Bike Shop,
4c8b426a6418a1431fbfe7ce,POI-84,Boutique,
4c8b497c6418a14302f1e7ce,POI-125,Other Nightlife,
4c8b63bf9ef0224b10ae637b,POI-26,Park,
4c8b6a43a92fa09331509abf,POI-89,Arcade,
4c8b6c803dc2a1cda1f2b532,POI-7,American Restaurant,
4c8b6f5f9ef0224b5305647b,POI-96,Karaoke Bar,
4c8b74221797236af3f36a88,POI-36,Asian Restaurant,
4c8b766e1797236a42076b88,POI-49,Multiplex,
4c8b7be8770fb60c6423dcc3,POI-7,American Restaurant,
4c8c4a9355fba093f88d5eab,POI-36,Asian Restaurant,
4c8c54a95e38b1f72dd930f9,POI-92,Salon / Barbershop,
4c8c5ab955fba093772e5fab,POI-56,Cosmetics Shop,
4c8c6eea5e38b1f721c931f9,POI-66,Grocery Store,
4c8c8f55509e3704ffb63455,POI-60,Automotive Shop,
4c8ca73cf0ce236ab8201aef,POI-112,Gift Shop,
4c8cad2f509e3704c27f3555,POI-18,Indian Restaurant,
4c8cb9598018a1cd850eefd2,POI-22,Dessert Shop,
4c8cbdad5e38b1f7c7f433f9,POI-39,Restaurant,
4c8cc59acf3ea143500ef851,POI-69,Spa / Massage,
4c8ccc50ed3ab60ce1ac6a21,POI-54,Clothing Store,
4c8cd1015e048cfa26f9cfcd,POI-22,Dessert Shop,
4c8d77f0ed3ab60cdbe37021,POI-36,Asian Restaurant,
4c8d8cf0509e3704e03f3d55,POI-7,American Restaurant,
4c8d9886cf3ea143d384ff51,POI-53,Department Store,
4c8da2deed3ab60cdc3b7221,POI-121,Flea Market,
4c8da3f74e95236a228175ca,POI-101,Breakfast Spot,
4c8db7f9a8de224b8e7d2101,POI-43,Vegetarian / Vegan Restaurant,
4c8dc5af1992a1cdba2fd8fb,POI-92,Salon / Barbershop,
4c8ddb5e1664b1f773599b2f,POI-56,Cosmetics Shop,
4c8de18edaa9370411bd47b1,POI-139,Board Shop,
4c8df5fda8de224ba7162301,POI-5,Gaming Cafe,
4c8e002aa8de224bf95c2301,POI-68,Gym / Fitness Center,
4c8e00844e95236a41f377ca,POI-92,Salon / Barbershop,
4c8e0b80d2aea093c7aaca69,POI-46,Japanese Restaurant,
4c8e0c72f1e8ef3ba0710aab,POI-14,Pub,
4c8e18dcd2aea0937628cb69,POI-42,Food Court,
4c8e19060ff176b0f65c0497,POI-88,Sandwich Place,
4c8e2a311664b1f7d8d89d2f,POI-70,Korean Restaurant,
4c8ea50658668cfac4bbd3ec,POI-74,Fast Food Restaurant,
4c8eb941d68c6dcb24b0fea1,POI-36,Asian Restaurant,
4c8ebf97a8de224b1c282a01,POI-123,Convenience Store,
4c8ec576a8de224bbf602a01,POI-4,Resort,
4c8f06ecdaa9370429a651b1,POI-44,Burger Joint,
4c8f1193a8de224b26c32c01,POI-81,Steakhouse,
4c8f1a6cc865952103180629,POI-6,Tea Room,
4c8f43d6daa93704592553b1,POI-54,Clothing Store,
4c8f463fd2aea0936ff2d469,POI-96,Karaoke Bar,
4c8f52d2f9c1199c46fbbe49,POI-55,Sporting Goods Shop,
4c8f5500d2aea0931956d569,POI-89,Arcade,
4c8f56951664b1f7db5ba72f,POI-18,Indian Restaurant,
4c8f57a54e95236aeafa82ca,POI-34,Mediterranean Restaurant,
4c8f68addaa93704f94054b1,POI-112,Gift Shop,
4c8f6aefd68c6dcbc8ec03a2,POI-28,Plaza,
4c8f75f4a8de224b02992f01,POI-42,Food Court,
4c8f7845d2aea093469cd669,POI-17,Chinese Restaurant,
4c8f9221b3bcb60cf6b56227,POI-74,Fast Food Restaurant,
4c8f9e764e95236ad19985ca,POI-69,Spa / Massage,
4c8fd244160ea093dd84d1fc,POI-141,Speakeasy,
4c903161590ab1f7b697e57d,POI-18,Indian Restaurant,
4c904191fbe58cfaadc420b9,POI-62,Jewelry Store,
4c9057ba5fdf6dcb411e3091,POI-37,Thai Restaurant,
4c907207352da1cd9ec311b2,POI-18,Indian Restaurant,
4c9085cd04a1b60c03fea73e,POI-57,Miscellaneous Shop,
4c90a0dd3b3e9c74f2ce32cb,POI-57,Miscellaneous Shop,
4c90a69c5fdf6dcbb61f3291,POI-70,Korean Restaurant,
4c90b0e5b641236a5ac47a79,POI-125,Other Nightlife,
4c90b161238c6dcb5549b955,POI-36,Asian Restaurant,
4c90b53d7f3b8cfaca1c961e,POI-63,Bakery,
4c90b72d1adc3704778c29d1,POI-40,Seafood Restaurant,
4c90b86651d9b1f76e137a46,POI-54,Clothing Store,
4c90bbdbae45224b617ee197,POI-37,Thai Restaurant,
4c90bbe1238c6dcbd8b0b955,POI-36,Asian Restaurant,
4c90bf2e2626a1cdad032c6b,POI-107,Pet Store,
4c90c5c57f3b8cfae9c6961e,POI-10,Coffee Shop,
4c90c73dae96a093ed969d46,POI-130,Food Truck,
4c90da34238c6dcb0ce2ba55,POI-74,Fast Food Restaurant,
4c90dd2d7088a14386e8ab43,POI-36,Asian Restaurant,
4c90ddb851d9b1f7b3857b46,POI-36,Asian Restaurant,
4c90e319ae45224b9704e397,POI-38,Middle Eastern Restaurant,
4c916a39b641236a1a858179,POI-26,Park,
4c917db7ae45224be495e897,POI-56,Cosmetics Shop,
4c919b617088a14375b4b243,POI-83,Fried Chicken Joint,
4c91a2831adc37049b0232d1,POI-24,Malaysian Restaurant,
4c91a8fe2626a1cd7a50346b,POI-17,Chinese Restaurant,
4c91cebf1adc3704873133d1,POI-92,Salon / Barbershop,
4c91d0637f3b8cfadbe99f1e,POI-28,Plaza,
4c91d652b641236a60cc8479,POI-117,Bike Shop,
4c91ddd657e5b60c9d14641c,POI-36,Asian Restaurant,
4c91f34457e5b60c0799641c,POI-56,Cosmetics Shop,
4c920242ae45224b0142ec97,POI-57,Miscellaneous Shop,
4c920c3a57e5b60ce26a651c,POI-42,Food Court,
4c920c8d7f3b8cfa9792a11e,POI-54,Clothing Store,
4c92169c4c19ef3b3f1a8ae1,POI-89,Arcade,
4c921d011adc3704138b35d1,POI-63,Bakery,
4c921d2dae96a093caeaa846,POI-10,Coffee Shop,
4c92256fae96a093a439a946,POI-17,Chinese Restaurant,
4c92d34bd84a6dcba0593887,POI-21,Lounge,
4c92d70bf600236a06d1c032,POI-96,Karaoke Bar,
4c92ead36cfea0936c22b68b,POI-112,Gift Shop,
4c92ed6af600236a038dc132,POI-36,Asian Restaurant,
4c92edf4d2e1a1434feace26,POI-139,Board Shop,
4c92eec3f600236ae497c132,POI-45,Indonesian Restaurant,
4c92ff99418ea1cdfd01aa85,POI-57,Miscellaneous Shop,
4c932f99418ea1cdff3cab85,POI-10,Coffee Shop,
4c933031418ea1cd9640ab85,POI-55,Sporting Goods Shop,
4c933b691897199cb7a6289e,POI-28,Plaza,
4c934a53332c37044c368f64,POI-70,Korean Restaurant,
4c93607b6cfea0938079b98b,POI-46,Japanese Restaurant,
4c936513f600236ab702c532,POI-56,Cosmetics Shop,
4c93698d418ea1cdad17ad85,POI-85,Furniture / Home Store,
4c93b29b38dd8cfacd19c262,POI-125,Other Nightlife,
4c9453e0f7cfa1cdff29b315,POI-56,Cosmetics Shop,
4c946cb494a0236a87ad8c12,POI-55,Sporting Goods Shop,
4c946ed758d4b60ceed12829,POI-10,Coffee Shop,
4c94825d38dd8cfa53bac962,POI-67,Gym,
4c949b1b72dd224bf4629b91,POI-17,Chinese Restaurant,
4c94a3dc58d4b60c30472a29,POI-36,Asian Restaurant,
4c94d76b03413704f8a075ef,POI-66,Grocery Store,
4c9549c382b56dcb0b95d7aa,POI-106,Candy Store,
4c95625df7cfa1cd9b46bd15,POI-98,Snack Place,
4c957b9c1582952195fa23a8,POI-63,Bakery,
4c9585ee38dd8cfa19ecd362,POI-20,Spanish Restaurant,
4c95afcb533aa093c4b1cb45,POI-57,Miscellaneous Shop,
4c95b19d58d4b60c14083529,POI-55,Sporting Goods Shop,
4c95de8bf6c8ef3bf1fb7ecf,POI-14,Pub,
4c95e5adf7cfa1cda193c115,POI-43,Vegetarian / Vegan Restaurant,
4c95eca882b56dcb8b18ddaa,POI-65,Women'S Store,
4c95f2c3f7cfa1cdeceac115,POI-36,Asian Restaurant,
4c95fcdef7cfa1cd4133c215,POI-65,Women'S Store,
4c96dc2638dd8cfa2245df62,POI-42,Food Court,
4c96df0015829521e3c62ca8,POI-80,Ice Cream Shop,
4c96df5f03413704c45488ef,POI-36,Asian Restaurant,
4c96e5b882b56dcb85a2e5aa,POI-36,Asian Restaurant,
4c96e897158295210a532da8,POI-42,Food Court,
4c96eb47533aa093c4fbd545,POI-123,Convenience Store,
4c96edbb58d4b60cb4513f29,POI-137,Juice Bar,
4c96ef24533aa0932e17d645,POI-10,Coffee Shop,
4c96f0a403413704a6cc88ef,POI-56,Cosmetics Shop,
4c96fb7d82b56dcb7f3be6aa,POI-113,General Travel,
4c97279c72dd224b4a14b291,POI-84,Boutique,
4c9728756b35a143d09733dc,POI-159,Liquor Store,
4c972a3a82b56dcbc158e7aa,POI-66,Grocery Store,
4c97348638dd8cfa507de162,POI-2,Bar,
4c9763dc6b35a143698835dc,POI-84,Boutique,
4c98072b4804a143c178e80e,POI-61,Shoe Store,
4c98077a07916dcb0f09e91b,POI-61,Shoe Store,
4c981e6905a1b1f7be3f8b53,POI-42,Food Court,
4c9839a04804a143471bea0e,POI-123,Convenience Store,
4c983fa72778224be4dba268,POI-36,Asian Restaurant,
4c9851422778224bd659a368,POI-22,Dessert Shop,
4c98549d4804a14358dbea0e,POI-36,Asian Restaurant,
4c985c2b05a1b1f768fc8c53,POI-36,Asian Restaurant,
4c988d83671db60cae01baf6,POI-41,Ramen /  Noodle House,
4c9893b5671db60c8633baf6,POI-69,Spa / Massage,
4c98b56d671db60c7b80bbf6,POI-2,Bar,
4c98b6037b9d37043e52e085,POI-55,Sporting Goods Shop,
4c9958fc9818ef3bed501bfa,POI-89,Arcade,
4c9964449c663704ef0450fd,POI-157,Smoke Shop,
4c9969c8a004a1cd89dd3f6e,POI-18,Indian Restaurant,
4c996c9978ffa093aa216475,POI-10,Coffee Shop,
4c998284b8e9224b8834463d,POI-40,Seafood Restaurant,
4c998a17a004a1cdc2dc406e,POI-133,Salad Place,
4c99906980958cfa00aa3bd4,POI-18,Indian Restaurant,
4c999a1e78ffa093f37b6575,POI-36,Asian Restaurant,
4c999a88292a6dcb58efc776,POI-36,Asian Restaurant,
4c99a989b8e9224b1345473d,POI-17,Chinese Restaurant,
4c99ab0d80958cfa9b603cd4,POI-54,Clothing Store,
4c99ae7d78ffa09330026675,POI-113,General Travel,
4c99b5e1b8e9224b9191473d,POI-69,Spa / Massage,
4c99bd60a004a1cd7230426e,POI-66,Grocery Store,
4c99c3d4a004a1cde753426e,POI-6,Tea Room,
4c99c7fc80958cfa5f0d3dd4,POI-6,Tea Room,
4c99ddc9292a6dcbf094c976,POI-121,Flea Market,
4c99ed81d4b1b1f7c76bcb35,POI-106,Candy Store,
4c99f37c78ffa0937fe46775,POI-36,Asian Restaurant,
4c99f47478ffa0935aee6775,POI-36,Asian Restaurant,
4c99f66b80958cfaae783ed4,POI-139,Board Shop,
4c99f6e3b8e9224b3769493d,POI-10,Coffee Shop,
4c9a1a87292a6dcb54e1cb76,POI-91,Food & Drink Shop,
4c9a2249a004a1cd268f456e,POI-17,Chinese Restaurant,
4c9a313e553cef3b4d9ed277,POI-77,Sushi Restaurant,
4c9a360f78fc236a688f3397,POI-35,Dim Sum Restaurant,
4c9aa4a6db10b60cb7a9946d,POI-87,Car Dealership,
4c9ad6a980958cfac1b946d4,POI-96,Karaoke Bar,
4c9ae2a7b8e9224baafb513d,POI-130,Food Truck,
4c9af267a004a1cdaeda4c6e,POI-57,Miscellaneous Shop,
4c9af63f80958cfaf49f47d4,POI-17,Chinese Restaurant,
4c9b138d775abfb7f80d5067,POI-91,Food & Drink Shop,
4c9b17bcdb10b60ca72c986d,POI-32,Pizza Place,
4c9b3ab4b8e9224b214e543d,POI-6,Tea Room,
4c9b42b3d4b1b1f7f9f5d635,POI-46,Japanese Restaurant,
4c9b4767db10b60ccc96996d,POI-11,Nightclub,
4c9b5e8cd4b1b1f7600dd835,POI-17,Chinese Restaurant,
4c9b6165292a6dcb18dfd676,POI-89,Arcade,
4c9b6e3eddd6236ad85038c9,POI-57,Miscellaneous Shop,
4c9c0eb05d12199ce46e4aca,POI-58,Accessories Store,
4c9c12ac9975a143b0512fcf,POI-10,Coffee Shop,
4c9c18710e9bb1f73b0fd15f,POI-127,Internet Cafe,
4c9c2ba08afca0937236eb15,POI-42,Food Court,
4c9c314b9c48236a4d274cee,POI-92,Salon / Barbershop,
4c9c32bb9975a143c95c30cf,POI-42,Food Court,
4c9c7c378afca0936260ed15,POI-17,Chinese Restaurant,
4c9c7f9f9c48236a71404eee,POI-39,Restaurant,
4c9c86888afca09376b1ed15,POI-123,Convenience Store,
4c9c8d680e9bb1f7d66ad45f,POI-14,Pub,
4c9c9e9b0e9bb1f7401bd55f,POI-14,Pub,
4c9ca93646978cfaaad88f7f,POI-84,Boutique,
4c9cbc7c8afca093bad9ef15,POI-2,Bar,
4c9cf8217c096dcb819ac6d1,POI-11,Nightclub,
4c9d68012fb1a143c88de040,POI-88,Sandwich Place,
4c9db2458afca093c680f915,POI-84,Boutique,
4c9db6067c096dcbbfebcdd1,POI-112,Gift Shop,
4c9dc2940e9bb1f74c6ee05f,POI-42,Food Court,
4c9decf303133704fb5863d5,POI-14,Pub,
4c9df52dca44236ab3932599,POI-10,Coffee Shop,
4c9e0971ca44236a41662699,POI-33,Italian Restaurant,
4c9e0af78afca0934e7ffc15,POI-102,Bbq Joint,
4c9e3212031337040c5c66d5,POI-14,Pub,
4c9e450b8afca0939c2bff15,POI-18,Indian Restaurant,
4c9e476454c8a1cd31298c4b,POI-14,Pub,
4c9eb4b7ca44236aa6c12d99,POI-92,Salon / Barbershop,
4c9ed2910e9bb1f71a6beb5f,POI-46,Japanese Restaurant,
4c9ed4c3d3c2b60c2487cfbc,POI-42,Food Court,
4c9edf6f19e4236a52455489,POI-88,Sandwich Place,
4c9f146ed3c2b60c8a7ed1bc,POI-40,Seafood Restaurant,
4c9f1b7bd3c2b60c4bb0d1bc,POI-37,Thai Restaurant,
4c9f1f3c0e9bb1f732c0ed5f,POI-65,Women'S Store,
4c9f4a4a0313370421bb70d5,POI-17,Chinese Restaurant,
4c9f50ff2fb1a1436e7ef240,POI-36,Asian Restaurant,
4c9f574319e4236aa4d65789,POI-5,Gaming Cafe,
4c9f5ec10e9bb1f71fadef5f,POI-74,Fast Food Restaurant,
4c9f5ff146978cfa4834aa7f,POI-10,Coffee Shop,
4c9ff404d3c2b60cce63d9bc,POI-10,Coffee Shop,
4ca00daf8afca093b4dc0f16,POI-130,Food Truck,
4ca024da19e4236a2f4a5f89,POI-46,Japanese Restaurant,
4ca05ca503133704130c7ad5,POI-55,Sporting Goods Shop,
4ca07db60e9bb1f717c2f85f,POI-38,Middle Eastern Restaurant,
4ca08b3f19e4236a55136289,POI-89,Arcade,
4ca08ea88afca093536d1316,POI-67,Gym,
4ca0c5a254c8a1cd228ba24b,POI-2,Bar,
4ca105852fb1a14318780141,POI-57,Miscellaneous Shop,
4ca1374a79d9b1f78cc6bd99,POI-83,Fried Chicken Joint,
4ca13e422fb1a14345960341,POI-84,Boutique,
4ca15244031337044bc382d5,POI-107,Pet Store,
4ca1734d542b224b00d70ea0,POI-10,Coffee Shop,
4ca17e4454c8a1cd39cea84b,POI-67,Gym,
4ca17e968afca09394f11b16,POI-89,Arcade,
4ca1873e542b224b46650fa0,POI-42,Food Court,
4ca18a6f3244b21a747a3c03,POI-42,Food Court,
4ca18dbb54c8a1cd153aa94b,POI-36,Asian Restaurant,
4ca1905779d9b1f76f9ac099,POI-17,Chinese Restaurant,
4ca19a8e19e4236a87736b89,POI-17,Chinese Restaurant,
4ca1a58519e4236a32b66b89,POI-74,Fast Food Restaurant,
4ca1a7add3c2b60c4361e7bc,POI-96,Karaoke Bar,
4ca1ac5154c8a1cd69f6a94b,POI-123,Convenience Store,
4ca1b0f646978cfa800abe7f,POI-89,Arcade,
4ca1d04979d9b1f7542bc299,POI-46,Japanese Restaurant,
4ca1d1cd03133704fa2d86d5,POI-42,Food Court,
4ca1d60619e4236a24fa6c89,POI-26,Park,
4ca1db9346978cfa0445bf7f,POI-62,Jewelry Store,
4ca1e24946978cfa098dbf7f,POI-46,Japanese Restaurant,
4ca1e575e44d6dcb22f40175,POI-18,Indian Restaurant,
4ca1eeb4031337049b5887d5,POI-10,Coffee Shop,
4ca237ceb0ff8cfa50f3ac5e,POI-57,Miscellaneous Shop,
4ca2b3c15720b1f77cc92bef,POI-94,Gas Station / Garage,
4ca2cb88d7c3370489a49b62,POI-61,Shoe Store,
4ca2ce697f84224b38b2bf58,POI-97,Donut Shop,
4ca2cfea554b236afa922148,POI-84,Boutique,
4ca2d1777f84224b1ec8bf58,POI-115,Soup Place,
4ca2d9e8d5a2a143e3824490,POI-42,Food Court,
4ca2dec61ee76dcb147cf4dd,POI-74,Fast Food Restaurant,
4ca2e102f88a95215210a549,POI-63,Bakery,
4ca2e813d7c33704c06d9c62,POI-42,Food Court,
4ca318555720b1f7406e2eef,POI-69,Spa / Massage,
4ca3200e750ca09348cc1567,POI-112,Gift Shop,
4ca327ffa73cb60ce2fb1578,POI-33,Italian Restaurant,
4ca3328cf832a1cd69389be5,POI-7,American Restaurant,
4ca363e6d5a2a14324e64890,POI-50,Movie Theater,
4ca3766c554b236a23fd2648,POI-2,Bar,
4ca3b96c1ee76dcb8da8fbdd,POI-66,Grocery Store,
4ca410aeb0ff8cfa30fcbc5e,POI-36,Asian Restaurant,
4ca447b77f84224bdafccb58,POI-17,Chinese Restaurant,
4ca4538ff832a1cdaafea4e5,POI-62,Jewelry Store,
4ca459eed7c337043572a862,POI-69,Spa / Massage,
4ca469fad5a2a143a44f5190,POI-98,Snack Place,
4ca46d171ee76dcbb15301de,POI-17,Chinese Restaurant,
4ca47343f832a1cd12dda5e5,POI-89,Arcade,
4ca48776554b236a9dc42f48,POI-36,Asian Restaurant,
4ca4a2af1ee76dcb435e03de,POI-74,Fast Food Restaurant,
4ca4acd9f832a1cda61aa8e5,POI-14,Pub,
4ca4b84fb0ff8cfa211cc25e,POI-60,Automotive Shop,
4ca4c39d7f84224b271ed058,POI-125,Other Nightlife,
4ca52a40931bb60c50bb87e2,POI-10,Coffee Shop,
4ca5306ba6e08cfa92236f94,POI-10,Coffee Shop,
4ca54d6414c33704cc46b53b,POI-42,Food Court,
4ca55be1931bb60cb29889e2,POI-46,Japanese Restaurant,
4ca561207334236a3b201658,POI-57,Miscellaneous Shop,
4ca5682914c337042e29b63b,POI-7,American Restaurant,
4ca5777144a8224bc25dfa3f,POI-19,French Restaurant,
4ca579c7d971b1f7593ef7e0,POI-115,Soup Place,
4ca57f2f97c8a1cd43aa67a5,POI-36,Asian Restaurant,
4ca5898b97c8a1cda9f367a5,POI-65,Women'S Store,
4ca58f5c44a8224ba508fb3f,POI-27,Art Gallery,
4ca593c797c8a1cdc83468a5,POI-22,Dessert Shop,
4ca5bc5597c8a1cd4b3969a5,POI-18,Indian Restaurant,
4ca5c124931bb60ce56a8ce2,POI-39,Restaurant,
4ca5dba5f47ea1434c9e5a21,POI-89,Arcade,
4ca5ea0ef47ea1439a325b21,POI-5,Gaming Cafe,
4ca62938a6e08cfa27e87794,POI-84,Boutique,
4ca6297597c8a1cdad9f6da5,POI-11,Nightclub,
4ca68edc76d3a0933aec026b,POI-39,Restaurant,
4ca69c2f14c33704acbcc13b,POI-90,Light Rail,
4ca69eed44a8224b0f7f0540,POI-92,Salon / Barbershop,
4ca6a617a6e08cfa0f267d94,POI-74,Fast Food Restaurant,
4ca6abe0931bb60c661896e2,POI-49,Multiplex,
4ca6b2e1a6e08cfa55af7d94,POI-73,Electronics Store,
4ca6d241d971b1f7105104e1,POI-17,Chinese Restaurant,
4ca6d91397c8a1cd42bf74a5,POI-37,Thai Restaurant,
4ca6dd69b0b8236abfd2a3e6,POI-84,Boutique,
4ca6e01214c337040f4bc43b,POI-89,Arcade,
4ca70606d971b1f78dd705e1,POI-1,Wine Bar,
4ca7098ff47ea1431f716621,POI-40,Seafood Restaurant,
4ca7099876d3a093ab4b076b,POI-7,American Restaurant,
4ca70cff14c337043898c53b,POI-36,Asian Restaurant,
4ca7120476d3a0932e8c076b,POI-46,Japanese Restaurant,
4ca71e3bd971b1f7ea9506e1,POI-40,Seafood Restaurant,
4ca7259f76d3a093b72f086b,POI-74,Fast Food Restaurant,
4ca7327db7106dcb993e65a5,POI-56,Cosmetics Shop,
4ca73352b7106dcb6f4765a5,POI-81,Steakhouse,
4ca737d4f47ea143470b6821,POI-39,Restaurant,
4ca7470876d3a093608c096b,POI-42,Food Court,
4ca7620d8a65bfb766f62c22,POI-37,Thai Restaurant,
4ca7dfadb0b8236a2e1eaee6,POI-17,Chinese Restaurant,
4ca7e2f5b7106dcb98fc6ca5,POI-35,Dim Sum Restaurant,
4ca80a44d971b1f774f010e1,POI-73,Electronics Store,
4ca81d1076d3a09350f7126b,POI-56,Cosmetics Shop,
4ca8202bb7106dcbd9c76fa5,POI-83,Fried Chicken Joint,
4ca82f4444a8224b246e1540,POI-49,Multiplex,
4ca836b1b0b8236ab089b1e6,POI-54,Clothing Store,
4ca83ea3a6e08cfaf1738d94,POI-92,Salon / Barbershop,
4ca8470df47ea14346ab7321,POI-92,Salon / Barbershop,
4ca84fb7b0b8236a4650b2e6,POI-53,Department Store,
4ca8582344a8224bd2b01640,POI-17,Chinese Restaurant,
4ca85c4bb7106dcb4eb571a5,POI-33,Italian Restaurant,
4ca85e7d14c337049647d33b,POI-36,Asian Restaurant,
4ca8646b14c337041376d33b,POI-17,Chinese Restaurant,
4ca86639f47ea143269f7421,POI-123,Convenience Store,
4ca86f7614c3370481d3d33b,POI-66,Grocery Store,
4ca87837a6e08cfab9458f94,POI-73,Electronics Store,
4ca8799414c33704bf2cd43b,POI-7,American Restaurant,
4ca87e4814c337048857d43b,POI-39,Restaurant,
4ca8c951f47ea143cbb87821,POI-40,Seafood Restaurant,
4ca935bfd971b1f74aba1ce1,POI-66,Grocery Store,
4ca945d544a8224bd5462040,POI-26,Park,
4ca94d8744a8224bb3892040,POI-11,Nightclub,
4ca95cb3d971b1f7dd121ee1,POI-41,Ramen /  Noodle House,
4ca9708c44a8224b91a92140,POI-60,Automotive Shop,
4ca9820a97c8a1cd53858fa5,POI-56,Cosmetics Shop,
4ca98d64b7106dcbb58e7da5,POI-10,Coffee Shop,
4ca9960bd971b1f7c2c41fe1,POI-94,Gas Station / Garage,
4ca9a9ac44a8224b43412340,POI-39,Restaurant,
4ca9ae4c76d3a0932faa216b,POI-107,Pet Store,
4ca9b06c97c8a1cdffcb90a5,POI-98,Snack Place,
4ca9b0a2b0b8236a4251bfe6,POI-123,Convenience Store,
4ca9cc10b7106dcb87af7fa5,POI-46,Japanese Restaurant,
4ca9dcb6f47ea143c51f8321,POI-67,Gym,
4ca9e50cd971b1f7d0e122e1,POI-22,Dessert Shop,
4caabef376d3a093f056266b,POI-56,Cosmetics Shop,
4caada9a14c33704da7be53b,POI-56,Cosmetics Shop,
4caaec64d971b1f7f84f26e1,POI-76,Deli / Bodega,
4caafc7414c33704504ae63b,POI-66,Grocery Store,
4cab05cd36fa6dcb0800d578,POI-17,Chinese Restaurant,
4cab079c36fa6dcb6d0fd578,POI-57,Miscellaneous Shop,
4cab09d244a8224b07072a40,POI-80,Ice Cream Shop,
4cab0da62f08236a0bb18261,POI-10,Coffee Shop,
4cab1b22a6e08cfa8e75a294,POI-26,Park,
4cab1cdb2776b60c41f4480d,POI-66,Grocery Store,
4cab25cf44a8224bad292b40,POI-57,Miscellaneous Shop,
4cab309814c337043e4ce83b,POI-17,Chinese Restaurant,
4cab33e536fa6dcb33cbd678,POI-53,Department Store,
4cab451097c8a1cd23bd99a5,POI-37,Thai Restaurant,
4cab4b2614c33704804fe93b,POI-10,Coffee Shop,
4cabf814a6e08cfa8277a794,POI-42,Food Court,
4cac0f30d971b1f7ec852de1,POI-72,Vietnamese Restaurant,
4cac1a0ca6e08cfa6088a894,POI-26,Park,
4cac1a1a2f08236a73338961,POI-36,Asian Restaurant,
4cac322497c8a1cdd6b29ea5,POI-68,Gym / Fitness Center,
4cac35d4a6e08cfa8a36a994,POI-4,Resort,
4cac3a8a76d3a09395c92f6b,POI-107,Pet Store,
4cac591697c8a1cdf7b09fa5,POI-42,Food Court,
4cac628476d3a0931bf0306b,POI-36,Asian Restaurant,
4cac6f3c2776b60cdd58510d,POI-68,Gym / Fitness Center,
4cac70762776b60c0366510d,POI-17,Chinese Restaurant,
4cac72f036fa6dcb557cde78,POI-38,Middle Eastern Restaurant,
4cac8fd8a6e08cfa724dac94,POI-21,Lounge,
4cacfbad76d3a093546a366b,POI-67,Gym,
4cad05d2f47ea143156f9621,POI-42,Food Court,
4cad2d84a6e08cfa3814b294,POI-60,Automotive Shop,
4cad43ad76d3a0933816396b,POI-42,Food Court,
4cad48478882199cc86b47d4,POI-42,Food Court,
4cad49668882199cd26c47d4,POI-66,Grocery Store,
4cad4a7d2776b60c1427590d,POI-33,Italian Restaurant,
4cad59c236fa6dcb17a8e678,POI-94,Gas Station / Garage,
4cad607a628cb1f717372b15,POI-42,Food Court,
4cad6fc5bf70236aefcbfff8,POI-57,Miscellaneous Shop,
4cad84d32a55224b53d66e69,POI-17,Chinese Restaurant,
4cad8e99632b3704f914686e,POI-135,Tanning Salon,
4cada4d8d1f8b60c9d3570c6,POI-10,Coffee Shop,
4cada4e7d1f8b60c013670c6,POI-39,Restaurant,
4cadb1210c1e6dcbd55477bf,POI-135,Tanning Salon,
4cadbc5f628cb1f7c6d22d15,POI-2,Bar,
4cadde848c48a093fb886f2c,POI-142,Video Store,
4cae0cac2303a14375bbebf0,POI-42,Food Court,
4cae5329562d224be55c0588,POI-10,Coffee Shop,
4cae5a06c5e6a1cdd760c4f6,POI-66,Grocery Store,
4cae7844db32f04d3a14b04d,POI-143,Motel,
4cae98d6ef1b3704e6222c00,POI-68,Gym / Fitness Center,
4cae9f3a562d224bc3db0788,POI-36,Asian Restaurant,
4caea3a175ebb60c5a34b6ad,POI-60,Automotive Shop,
4caeadc175ebb60cd67bb6ad,POI-17,Chinese Restaurant,
4caebba5cbab236a2bc49273,POI-67,Gym,
4caec691eb65b1f749895ecd,POI-57,Miscellaneous Shop,
4caeced939458cfa0c71f59f,POI-68,Gym / Fitness Center,
4caeefcbef1b370428312e00,POI-59,Men'S Store,
4caf0e5a1168a09313e81e23,POI-17,Chinese Restaurant,
4caf1098c5e6a1cd7e80c9f6,POI-15,Cocktail Bar,
4caf20c61463a143e6d591a9,POI-17,Chinese Restaurant,
4caf2298eb65b1f7e30f61cd,POI-123,Convenience Store,
4caf22be1168a09382a61f23,POI-96,Karaoke Bar,
4caf3ae44e88721e5b108c71,POI-74,Fast Food Restaurant,
4cafb678eb65b1f7471866cd,POI-90,Light Rail,
4cafd93f1463a143174198a9,POI-74,Fast Food Restaurant,
4cb02261b4b0a35d0de946ce,POI-117,Bike Shop,
4cb028b6cbab236a33279e73,POI-26,Park,
4cb03ca7eb65b1f7a4576acd,POI-92,Salon / Barbershop,
4cb043ebc5e6a1cd0794d3f6,POI-36,Asian Restaurant,
4cb046431463a14344669ba9,POI-56,Cosmetics Shop,
4cb046b975ebb60cda10c3ad,POI-54,Clothing Store,
4cb0535d562d224b303b1588,POI-37,Thai Restaurant,
4cb06013eb65b1f784506bcd,POI-39,Restaurant,
4cb0652d1168a093240c2a23,POI-4,Resort,
4cb069f91463a14368769ca9,POI-15,Cocktail Bar,
4cb06f90b4b0a35d690f49ce,POI-80,Ice Cream Shop,
4cb080de39458cfa803403a0,POI-112,Gift Shop,
4cb08e88eb65b1f7a9056dcd,POI-10,Coffee Shop,
4cb08fbe562d224bf35c1788,POI-11,Nightclub,
4cb08fc81463a143ebdd9da9,POI-10,Coffee Shop,
4cb0a71e1168a09345942c23,POI-17,Chinese Restaurant,
4cb12e28f2dbef3bf3d079e5,POI-11,Nightclub,
4cb12f5df2dbef3bccd179e5,POI-11,Nightclub,
4cb15d7b1168a09370fb3223,POI-56,Cosmetics Shop,
4cb167e51463a1438a89a5a9,POI-46,Japanese Restaurant,
4cb16c3cef1b370415874300,POI-84,Boutique,
4cb17fdeb4b0a35df57f52ce,POI-9,Rock Club,
4cb17ff4aef16dcb7919ba54,POI-56,Cosmetics Shop,
4cb198f3eb65b1f769ea75cd,POI-65,Women'S Store,
4cb198f6eb65b1f77dea75cd,POI-58,Accessories Store,
4cb1a274db32f04d73bdc94d,POI-33,Italian Restaurant,
4cb1a746eb65b1f7484776cd,POI-17,Chinese Restaurant,
4cb1ac5b1168a0936ff33423,POI-62,Jewelry Store,
4cb1cc19562d224b028e2188,POI-96,Karaoke Bar,
4cb1e29cf2dbef3be24f7ae5,POI-17,Chinese Restaurant,
4cb1e8bddb32f04d7de1cb4d,POI-11,Nightclub,
4cb1fbf83f0676b0f518fd0c,POI-7,American Restaurant,
4cb27ef31168a09307b73b23,POI-157,Smoke Shop,
4cb29570562d224b38f92788,POI-39,Restaurant,
4cb29f03ef1b370456b34c00,POI-36,Asian Restaurant,
4cb2a8fbaef16dcba80fc354,POI-42,Food Court,
4cb2af81dd619c74b52ce590,POI-6,Tea Room,
4cb2d644b4b0a35d16625cce,POI-98,Snack Place,
4cb2feb4562d224b66632a88,POI-67,Gym,
4cb313a8eb65b1f7a3e580cd,POI-39,Restaurant,
4cb325e61463a1439e53b2a9,POI-46,Japanese Restaurant,
4cb33090aef16dcb48aec654,POI-125,Other Nightlife,
4cb33d8cc939721ee283b69e,POI-123,Convenience Store,
4cb37f7daef16dcbbce0c854,POI-125,Other Nightlife,
4cb3a862eb65b1f7374085cd,POI-74,Fast Food Restaurant,
4cb3b9e8c939721e8b48b89e,POI-10,Coffee Shop,
4cb3d02aaef16dcbcd3acb54,POI-103,Mobile Phone Shop,
4cb3d02caef16dcbdd3acb54,POI-10,Coffee Shop,
4cb3f2b7c5e6a1cd23d7eff6,POI-84,Boutique,
4cb3f3551463a1430aa0b7a9,POI-37,Thai Restaurant,
4cb3fe46b4b0a35d1f3b64ce,POI-110,Yoga Studio,
4cb421c539458cfabd7a1ea0,POI-56,Cosmetics Shop,
4cb4262075ebb60c5045e0ad,POI-90,Light Rail,
4cb429ebc5e6a1cd39f6f0f6,POI-36,Asian Restaurant,
4cb42a6edb32f04d8982db4d,POI-102,Bbq Joint,
4cb42c29b4b0a35d151e65ce,POI-137,Juice Bar,
4cb42d61c5e6a1cd4008f1f6,POI-62,Jewelry Store,
4cb4389075ebb60c79abe0ad,POI-46,Japanese Restaurant,
4cb43c72eb65b1f7af5988cd,POI-41,Ramen /  Noodle House,
4cb43fd81463a143183fb9a9,POI-130,Food Truck,
4cb4748239458cfa88e620a0,POI-53,Department Store,
4cb4870007bab713a98050cc,POI-81,Steakhouse,
4cb514398db0a14365356016,POI-63,Bakery,
4cb51c1f9c7ba35d37678806,POI-60,Automotive Shop,
4cb5310f3ac9370486ccca0a,POI-89,Arcade,
4cb5351b3ac937049ce6ca0a,POI-39,Restaurant,
4cb53b281b0af04d1509c825,POI-36,Asian Restaurant,
4cb53ce3b315a0930a5d9376,POI-144,Portuguese Restaurant,
4cb54a63304576b02b00afc2,POI-22,Dessert Shop,
4cb557ffe262b60c920967e0,POI-126,Music Store,
4cb55f1b3ac937048fe8cb0a,POI-42,Food Court,
4cb56e829c7ba35d03638a06,POI-56,Cosmetics Shop,
4cb574b564998cfa1cfb0da2,POI-92,Salon / Barbershop,
4cb581771b0af04d2d8fc925,POI-42,Food Court,
4cb588d152edb1f747d367fe,POI-26,Park,
4cb59286b315a093624a9576,POI-17,Chinese Restaurant,
4cb594259c7ba35df43a8b06,POI-5,Gaming Cafe,
4cb59833b315a09376589576,POI-17,Chinese Restaurant,
4cb598a28db0a143ce4c6316,POI-39,Restaurant,
4cb5a2cf1b0af04d5465ca25,POI-46,Japanese Restaurant,
4cb5ac268db0a14346fc6316,POI-32,Pizza Place,
4cb5fa6264998cfae0f711a2,POI-2,Bar,
4cb61e8c55af224b6682977e,POI-18,Indian Restaurant,
4cb6412c58b6ef3b4609280c,POI-42,Food Court,
4cb64e673ac93704fbddd20a,POI-42,Food Court,
4cb668cd8db0a143e3fd6916,POI-53,Department Store,
4cb67a4864998cfa4df015a2,POI-22,Dessert Shop,
4cb67b7b56fca1cdbbef5618,POI-10,Coffee Shop,
4cb682139c7ba35de09d9206,POI-123,Convenience Store,
4cb690f056fca1cdb6755718,POI-42,Food Court,
4cb69313589f236a49c2383d,POI-17,Chinese Restaurant,
4cb6a75af6616dcb6dcae008,POI-49,Multiplex,
4cb6b4daf6616dcbb31de108,POI-56,Cosmetics Shop,
4cb6ce131b0af04d7e1ad325,POI-33,Italian Restaurant,
4cb6e8b41b0af04dd2bbd325,POI-36,Asian Restaurant,
4cb6f3a49c7ba35d1d469506,POI-17,Chinese Restaurant,
4cb6f3a4f6616dcbafc7e208,POI-10,Coffee Shop,
4cb6fc63589f236a5c4a3b3d,POI-10,Coffee Shop,
4cb6fee664998cfa319119a2,POI-10,Coffee Shop,
4cb703b63ac93704a018d80a,POI-36,Asian Restaurant,
4cb71e2b8db0a1434f456f16,POI-66,Grocery Store,
4cb7b9ac9552b60c655ec78b,POI-11,Nightclub,
4cb7d7514c60a09368bd34ca,POI-36,Asian Restaurant,
4cb7dcbb9552b60c0661c88b,POI-94,Gas Station / Garage,
4cb7e13b90c9a14390437bd6,POI-67,Gym,
4cb7e15a90c9a143a1457bd6,POI-123,Convenience Store,
4cb7e4cf4c60a0932e1735ca,POI-80,Ice Cream Shop,
4cb7e5c8035d236add1cc94e,POI-36,Asian Restaurant,
4cb7e7c34c60a0937d2a35ca,POI-6,Tea Room,
4cb7fb26c7228cfa6f7604ce,POI-74,Fast Food Restaurant,
4cb807f37148f04da2c9ccab,POI-42,Food Court,
4cb81a1cc7228cfad52e05ce,POI-22,Dessert Shop,
4cb82d454c60a09332b836ca,POI-39,Restaurant,
4cb832b59552b60c1664ca8b,POI-6,Tea Room,
4cb83a85a33bb1f7062d7ffd,POI-36,Asian Restaurant,
4cb83d4a4c60a093cb2c37ca,POI-36,Asian Restaurant,
4cb83e36f50e224be3dce4fb,POI-56,Cosmetics Shop,
4cb83f05bac93704a7deda7c,POI-102,Bbq Joint,
4cb8539ebac93704c4acdb7c,POI-55,Sporting Goods Shop,
4cb85e52f50e224bd0ffe5fb,POI-17,Chinese Restaurant,
4cb8643fa33bb1f7959b80fd,POI-2,Bar,
4cb86486bac937049455dc7c,POI-98,Snack Place,
4cb86aa57148f04d4c9acfab,POI-67,Gym,
4cb878057148f04dcd11d0ab,POI-4,Resort,
4cb88f93c7228cfa366809ce,POI-94,Gas Station / Garage,
4cb8edc186dd952147c1aae6,POI-62,Jewelry Store,
4cb8fecc9552b60cf9ccd08b,POI-113,General Travel,
4cb91b04bac937044359e27c,POI-137,Juice Bar,
4cb9284cc7228cfa7d2d0ece,POI-36,Asian Restaurant,
4cb9364fc7228cfa878f0ece,POI-24,Malaysian Restaurant,
4cb9469d558576b0a09d480e,POI-73,Electronics Store,
4cb947c090c9a143186e86d6,POI-10,Coffee Shop,
4cb94ed37148f04df9fbd5ab,POI-84,Boutique,
4cb9529ff50e224b4af7ecfb,POI-10,Coffee Shop,
4cb95335d78f468805bfb573,POI-69,Spa / Massage,
4cb95665dd41a35d2132e1a0,POI-42,Food Court,
4cb97bcd4352a1cd64ab8cf5,POI-61,Shoe Store,
4cb97e81f50e224b8dccedfb,POI-55,Sporting Goods Shop,
4cb9842043ec6dcb87899d31,POI-10,Coffee Shop,
4cb99274f50e224b3037eefb,POI-46,Japanese Restaurant,
4cb9998b4c60a093ac9b40ca,POI-40,Seafood Restaurant,
4cb9a92b0180721e04529561,POI-22,Dessert Shop,
4cb9ee2dbac93704db07e87c,POI-5,Gaming Cafe,
4cba63827148f04d5f7edcab,POI-36,Asian Restaurant,
4cba6f894495721ef77f507a,POI-22,Dessert Shop,
4cba7007f50e224bde0af4fb,POI-102,Bbq Joint,
4cba7486558576b0a253490e,POI-17,Chinese Restaurant,
4cba754fc7228cfa629817ce,POI-39,Restaurant,
4cba88c34c60a0937a0947ca,POI-37,Thai Restaurant,
4cba8b9843ec6dcb4a60a531,POI-17,Chinese Restaurant,
4cbaa0dc035d236abfafdb4e,POI-6,Tea Room,
4cbab2454495721e57d1517a,POI-56,Cosmetics Shop,
4cbac446dd41a35d904beaa0,POI-85,Furniture / Home Store,
4cbad4a34495721eb360527a,POI-10,Coffee Shop,
4cbad639a33bb1f766bf90fd,POI-40,Seafood Restaurant,
4cbadd394352a1cd586e95f5,POI-106,Candy Store,
4cbae2854495721e289c527a,POI-32,Pizza Place,
4cbae585bac93704fe7dee7c,POI-10,Coffee Shop,
4cbae7b5c7228cfa90291ace,POI-40,Seafood Restaurant,
4cbae96b9552b60cd8dadc8b,POI-70,Korean Restaurant,
4cbae9ab90c9a143209291d6,POI-57,Miscellaneous Shop,
4cbaea2ddd41a35dcbffeaa0,POI-10,Coffee Shop,
4cbaeab94352a1cd2eb295f5,POI-36,Asian Restaurant,
4cbaf18c035d236ac02fdd4e,POI-7,American Restaurant,
4cbb03bdbac937045534ef7c,POI-7,American Restaurant,
4cbb0d11d78f46889755c073,POI-4,Resort,
4cbb24eccdccb7131d8d6e79,POI-10,Coffee Shop,
4cbb2f9e90c9a1437e6693d6,POI-7,American Restaurant,
4cbba938bac9370494b1f37c,POI-36,Asian Restaurant,
4cbbcfef9552b60c2441e28b,POI-46,Japanese Restaurant,
4cbbd1b590c9a143af9897d6,POI-10,Coffee Shop,
4cbc0bbef50e224bb2e5fcfb,POI-36,Asian Restaurant,
4cbc11834c60a0934f424fca,POI-102,Bbq Joint,
4cbc19f74c60a093ec624fca,POI-36,Asian Restaurant,
4cbc1b5d4352a1cdbb3b9cf5,POI-26,Park,
4cbc1e4043ec6dcb15c4ae31,POI-81,Steakhouse,
4cbc24f390c9a143e51f99d6,POI-36,Asian Restaurant,
4cbc33bbbac937047278f67c,POI-66,Grocery Store,
4cbc4bdddd41a35df9c1f2a0,POI-42,Food Court,
4cbc4e3c76ad9c7405d0e7cb,POI-102,Bbq Joint,
4cbc5b79adcd5481d2e42da2,POI-22,Dessert Shop,
4cbc611b4352a1cd1de59df5,POI-75,Bowling Alley,
4cbc62a6c7228cfa427d23ce,POI-96,Karaoke Bar,
4cbc95aad78f4688e809c973,POI-17,Chinese Restaurant,
4cbd1aed035d236a6058e94e,POI-17,Chinese Restaurant,
4cbd26aa90c9a1432da29fd6,POI-18,Indian Restaurant,
4cbd630c4c60a0936e6156ca,POI-42,Food Court,
4cbd71cbadcd54817b9533a2,POI-56,Cosmetics Shop,
4cbd73449552b60ce1e5ea8b,POI-43,Vegetarian / Vegan Restaurant,
4cbd7b7fadcd548141c733a2,POI-92,Salon / Barbershop,
4cbd7f0aa33bb1f708509ffd,POI-135,Tanning Salon,
4cbd80149552b60ced2beb8b,POI-36,Asian Restaurant,
4cbd80709552b60ce32deb8b,POI-2,Bar,
4cbd8dce7148f04d4683edab,POI-63,Bakery,
4cbd92e87148f04db9a5edab,POI-2,Bar,
4cbd97ff4c60a0939a8657ca,POI-1,Wine Bar,
4cbdb9787148f04d7b9ceeab,POI-74,Fast Food Restaurant,
4cbe2bb0021ca143ecad530c,POI-113,General Travel,
4cbe3b939ca8548161a7af16,POI-60,Automotive Shop,
4cbe58bcc44f9c748139bbdf,POI-92,Salon / Barbershop,
4cbe5d647dc9a093dfce32f5,POI-103,Mobile Phone Shop,
4cbe6b6eacd48cfafc3a3d3f,POI-44,Burger Joint,
4cbe7969021ca143d7bf550c,POI-10,Coffee Shop,
4cbe7ae50adda35d605817e3,POI-42,Food Court,
4cbe853a7dc9a093429a33f5,POI-53,Department Store,
4cbe88d4a0c4f04de4e94f31,POI-101,Breakfast Spot,
4cbe929cb6c4224bc013ee94,POI-57,Miscellaneous Shop,
4cbea350021ca143f892560c,POI-10,Coffee Shop,
4cbea6388db3b60cf28d7378,POI-85,Furniture / Home Store,
4cbeae70020d4688d5d15d38,POI-85,Furniture / Home Store,
4cbec518ca4aa1cd8cee15b4,POI-10,Coffee Shop,
4cbed8dc9ca85481efd7b216,POI-17,Chinese Restaurant,
4cbefa4b020d4688769a5f38,POI-17,Chinese Restaurant,
4cbefffeb6c4224ba674f094,POI-84,Boutique,
4cbf02e19ca854813afab316,POI-21,Lounge,
4cbf9261021ca14327f15c0c,POI-10,Coffee Shop,
4cbfa816a0c4f04db78a5631,POI-84,Boutique,
4cbfb13100d837045eed455c,POI-85,Furniture / Home Store,
4cbfb4161c6c6dcb3fc4705e,POI-57,Miscellaneous Shop,
4cbfbfe19ca85481f896b816,POI-17,Chinese Restaurant,
4cbfc136acd48cfa52f9453f,POI-39,Restaurant,
4cbfc42da0c4f04dff225731,POI-53,Department Store,
4cbfd34a020d468809d46438,POI-56,Cosmetics Shop,
4cbfdcddacd48cfa2d8e463f,POI-80,Ice Cream Shop,
4cbff0829ca85481cb7bb916,POI-149,Nail Salon,
4cc00d0c9ca85481f7f1b916,POI-84,Boutique,
4cc01cf61c6c6dcb65e8725e,POI-89,Arcade,
4cc022b11c6c6dcb210f735e,POI-17,Chinese Restaurant,
4cc023eb9ca85481006cba16,POI-18,Indian Restaurant,
4cc025c1ca4aa1cd0e081eb4,POI-17,Chinese Restaurant,
4cc03e1100d83704471c495c,POI-57,Miscellaneous Shop,
4cc061af020d468867f76738,POI-91,Food & Drink Shop,
4cc0e7f456bda09380e9e835,POI-87,Car Dealership,
4cc11f02f4448cfa3dd55498,POI-17,Chinese Restaurant,
4cc12d6521a4f04d119c6255,POI-60,Automotive Shop,
4cc1304cf4448cfadc3c5598,POI-19,French Restaurant,
4cc13b6543646dcb5837448c,POI-117,Bike Shop,
4cc1639e43646dcb55fc448c,POI-46,Japanese Restaurant,
4cc173cce310224b37e82f6f,POI-2,Bar,
4cc1937d22ce4688a0503e47,POI-2,Bar,
4cc195a1d363721e61ef5ac9,POI-10,Coffee Shop,
4cc1ad8de310224b1284316f,POI-53,Department Store,
4cc1b4ed21a4f04df1bc6555,POI-123,Convenience Store,
4cc1cb3a38aaa09343260262,POI-36,Asian Restaurant,
4cc1d07ebde8f04d2e629a4b,POI-17,Chinese Restaurant,
4cc1e4ee01fb236abf7d9bba,POI-72,Vietnamese Restaurant,
4cc2293591413704f75db255,POI-18,Indian Restaurant,
4cc2306d01fb236a77859dba,POI-10,Coffee Shop,
4cc251b8bde8f04db4f39d4b,POI-43,Vegetarian / Vegan Restaurant,
4cc2528d91413704e0cbb355,POI-98,Snack Place,
4cc2580a80624688d613292f,POI-17,Chinese Restaurant,
4cc27d0fbde8f04dda1d9f4b,POI-24,Malaysian Restaurant,
4cc2812d06c25481e08a8a47,POI-54,Clothing Store,
4cc2868082388cfab45c6135,POI-68,Gym / Fitness Center,
4cc288d042d1b60cd1691113,POI-126,Music Store,
4cc28c7dbe40a35d2c7e724c,POI-117,Bike Shop,
4cc299bbbe40a35dd89d724c,POI-57,Miscellaneous Shop,
4cc29a7991413704909eb555,POI-80,Ice Cream Shop,
4cc29d41be40a35dbab3724c,POI-26,Park,
4cc2a798b2beb1f74c55114c,POI-17,Chinese Restaurant,
4cc2ad3f914137046410b655,POI-67,Gym,
4cc2be63b2beb1f73cbb114c,POI-22,Dessert Shop,
4cc2c641914137048993b655,POI-42,Food Court,
4cc2c67e38aaa0938c3f0862,POI-91,Food & Drink Shop,
4cc2d693f49676b0d69571d5,POI-17,Chinese Restaurant,
4cc2e74f91413704388eb755,POI-10,Coffee Shop,
4cc394094fcfbfb7a929be24,POI-53,Department Store,
4cc3aa7c38aaa093479a0e62,POI-54,Clothing Store,
4cc3aa9a914137043acebd55,POI-89,Arcade,
4cc3aee580624688a80a322f,POI-46,Japanese Restaurant,
4cc3bbb21e596dcbdff8cc67,POI-55,Sporting Goods Shop,
4cc3d76406c25481c4609347,POI-36,Asian Restaurant,
4cc3e497c844721e6339e601,POI-42,Food Court,
4cc3e84506c25481a5b99347,POI-68,Gym / Fitness Center,
4cc4092a82388cfa9b466c35,POI-36,Asian Restaurant,
4cc40d71914137042038c055,POI-102,Bbq Joint,
4cc410593d7fa1cd649da95f,POI-66,Grocery Store,
4cc4110538aaa0932ecb1062,POI-6,Tea Room,
4cc4184101fb236a35c6a9ba,POI-17,Chinese Restaurant,
4cc41ef782388cfa1ec16c35,POI-17,Chinese Restaurant,
4cc42587c844721eab76e701,POI-17,Chinese Restaurant,
4cc4283c3d7fa1cd901baa5f,POI-53,Department Store,
4cc42cb9be40a35de4d97c4c,POI-4,Resort,
4cc43111be40a35d57f37c4c,POI-98,Snack Place,
4cc4e516bde8f04d8351ae4b,POI-10,Coffee Shop,
4cc4f8121e596dcbb938d567,POI-60,Automotive Shop,
4cc4f8bd914137049b86c655,POI-36,Asian Restaurant,
4cc4f8df3d7fa1cd1038af5f,POI-74,Fast Food Restaurant,
4cc4fc33bde8f04de0ccae4b,POI-106,Candy Store,
4cc5002a42d1b60c99202113,POI-42,Food Court,
4cc501601e596dcbbf6bd567,POI-89,Arcade,
4cc5096942d1b60c7a512113,POI-10,Coffee Shop,
4cc510293d7fa1cd0db0af5f,POI-28,Plaza,
4cc51561806246888b523a2f,POI-36,Asian Restaurant,
4cc519e3b2beb1f75ce0204c,POI-88,Sandwich Place,
4cc53f9dd43ba143193a6cf8,POI-42,Food Court,
4cc5670bbe40a35d26fc834c,POI-92,Salon / Barbershop,
4cc574ac38aaa093ddb31862,POI-106,Candy Store,
4cc57754306e224bb202a36c,POI-6,Tea Room,
4cc58b1201fb236ae527b2ba,POI-14,Pub,
4cc5975591413704b442ca55,POI-31,Mexican Restaurant,
4cc5b3063ed5199c5d454b1e,POI-18,Indian Restaurant,
4cc6328906c254814b14a147,POI-66,Grocery Store,
4cc640a242d1b60c93752813,POI-48,Theater,
4cc6435dd43ba1433c0d73f8,POI-63,Bakery,
4cc647c19141370437ecce55,POI-81,Steakhouse,
4cc669f1b2beb1f70c68284c,POI-65,Women'S Store,
4cc66c0382388cfa86f07b35,POI-2,Bar,
4cc6b1723d7fa1cd4ba6b85f,POI-26,Park,
4cc6c05abe40a35d3dbb8b4c,POI-17,Chinese Restaurant,
4cc6c23206c254816bd1a347,POI-10,Coffee Shop,
4cc6c6ddbe40a35d87e68b4c,POI-7,American Restaurant,
4cc6d14682388cfad52b7e35,POI-37,Thai Restaurant,
4cc7206182388cfad6518035,POI-11,Nightclub,
4cc79ca6fa03224b2bb93fef,POI-42,Food Court,
4cc7b057caa5a1cdec4e99e7,POI-66,Grocery Store,
4cc7b45fd77af04da771aa99,POI-10,Coffee Shop,
4cc7b928ee718cfae5aab33d,POI-36,Asian Restaurant,
4cc7e7355b7aa143b1ed317d,POI-54,Clothing Store,
4cc7eade7be654818bbe2a23,POI-139,Board Shop,
4cc7fd513c40a35dc2eb712e,POI-26,Park,
4cc80032caa5a1cd2bbe9ae7,POI-112,Gift Shop,
4cc80d7da32bb1f7d3baaba8,POI-57,Miscellaneous Shop,
4cc8156273fd6dcb98df1986,POI-37,Thai Restaurant,
4cc81a9ff2d43704c7a4cc6c,POI-143,Motel,
4cc81ab53c40a35d47a1722e,POI-24,Malaysian Restaurant,
4cc81f9b5b7aa143d24f337d,POI-17,Chinese Restaurant,
4cc8256bbe8746880d9382af,POI-33,Italian Restaurant,
4cc82968fa03224b26a442ef,POI-26,Park,
4cc832513c40a35d2d45732e,POI-102,Bbq Joint,
4cc8fadb786e468821869109,POI-17,Chinese Restaurant,
4cc90238b3f5224b9266f220,POI-1,Wine Bar,
4cc9025fd338236a9a49a07c,POI-92,Salon / Barbershop,
4cc90945d147a093ffe1e4ae,POI-44,Burger Joint,
4cc90a55d063a14328700bb4,POI-26,Park,
4cc90e6cb127bfb73e04aa31,POI-91,Food & Drink Shop,
4cc9147abcb1b1f7a22d0d8a,POI-75,Bowling Alley,
4cc92845bcb1b1f78f8c0d8a,POI-7,American Restaurant,
4cc92e1ed063a1430e2f0cb4,POI-87,Car Dealership,
4cc92fc241e754816bf35a84,POI-56,Cosmetics Shop,
4cc94b7b786e468823019309,POI-67,Gym,
4cc94f5ad063a1432fcc0cb4,POI-46,Japanese Restaurant,
4cc955c941e75481f0a05b84,POI-73,Electronics Store,
4cc9560846b43704fe9d47e1,POI-102,Bbq Joint,
4cc95c79bcb1b1f79d820e8a,POI-40,Seafood Restaurant,
4cc95e99d338236a51fca17c,POI-17,Chinese Restaurant,
4cc9875dbcb1b1f795b30f8a,POI-36,Asian Restaurant,
4cc9aba446b43704b7214ae1,POI-53,Department Store,
4cc9abe2b3f5224b5040f620,POI-84,Boutique,
4cc9bf2ebcb1b1f7582a118a,POI-5,Gaming Cafe,
4cca1126b7d9a1438249fa36,POI-66,Grocery Store,
4cca250b82bfa35da02251c9,POI-94,Gas Station / Garage,
4cca2e9f177c3704fcbd1434,POI-65,Women'S Store,
4cca40ca7965b60c51b5848a,POI-66,Grocery Store,
4cca4f2f0a9ab1f71a031bf4,POI-10,Coffee Shop,
4cca6a07b7d9a1437bb6fc36,POI-98,Snack Place,
4cca70940a9ab1f715b91bf4,POI-68,Gym / Fitness Center,
4ccaab797965b60c98d6868a,POI-24,Malaysian Restaurant,
4ccab0a1177c3704f4bc1734,POI-66,Grocery Store,
4ccac3689b934688c57d5041,POI-102,Bbq Joint,
4ccac71fc4d06dcb72fd6403,POI-125,Other Nightlife,
4ccac873d7538cfa3241f578,POI-2,Bar,
4ccad01fb7d9a1433b44ff36,POI-23,Jazz Club,
4ccae130d7538cfa7310f678,POI-13,Diner,
4ccae8180a9ab1f72c991ef4,POI-153,Bed & Breakfast,
4ccaea51c4d06dcb2c286603,POI-18,Indian Restaurant,
4ccaed9497d0224b62db55b8,POI-28,Plaza,
4ccafc432dc437048168bc08,POI-17,Chinese Restaurant,
4ccb1fe1ee23a143e02d15a8,POI-15,Cocktail Bar,
4ccbaac8c9b8468832a4b7c3,POI-73,Electronics Store,
4ccbee2dba79a1cd279437cb,POI-18,Indian Restaurant,
4ccbf0c772106dcb6add9799,POI-17,Chinese Restaurant,
4ccbf7fc97d0224b11b05cb8,POI-135,Tanning Salon,
4ccbfc06ba79a1cd15df37cb,POI-46,Japanese Restaurant,
4ccbfc2f063a721e59368b9a,POI-69,Spa / Massage,
4ccc03e7063a721e95638b9a,POI-55,Sporting Goods Shop,
4ccc0899063a721ecc808b9a,POI-56,Cosmetics Shop,
4ccc0b1bc9b8468833c1b9c3,POI-40,Seafood Restaurant,
4ccc0c4fc9b846884bc9b9c3,POI-61,Shoe Store,
4ccc0d917c2ff04df64c967e,POI-36,Asian Restaurant,
4ccc1562063a721e5cd38b9a,POI-17,Chinese Restaurant,
4ccc1803063a721ec4e58b9a,POI-40,Seafood Restaurant,
4ccc2473ba79a1cd6cf038cb,POI-14,Pub,
4ccc263754f0b1f7f92014ca,POI-39,Restaurant,
4ccc33a6ba0a54816a843b59,POI-17,Chinese Restaurant,
4ccc3c75ba79a1cd17b039cb,POI-18,Indian Restaurant,
4cccd740ee23a1432d0f22a8,POI-35,Dim Sum Restaurant,
4ccce2742dc43704e2d7ca08,POI-92,Salon / Barbershop,
4ccceb27c9b846886d22c0c3,POI-36,Asian Restaurant,
4cccf1837c2ff04dfaa79c7e,POI-17,Chinese Restaurant,
4cccf812511b236a77edf4c9,POI-56,Cosmetics Shop,
4ccd0a6d54f0b1f777851aca,POI-54,Clothing Store,
4ccd0e63ba79a1cdaf6b3fcb,POI-87,Car Dealership,
4ccd0efe7c2ff04d415a9d7e,POI-4,Resort,
4ccd169672106dcb9ccea099,POI-57,Miscellaneous Shop,
4ccd29ad97d0224be4d764b8,POI-65,Women'S Store,
4ccd312cc0378cfa84028c48,POI-112,Gift Shop,
4ccd32b5c9b84688fcc6c1c3,POI-57,Miscellaneous Shop,
4ccd40fac0378cfaa1598c48,POI-17,Chinese Restaurant,
4ccd40fd54f0b1f77ba61bca,POI-63,Bakery,
4ccd442f063a721e02c8939a,POI-81,Steakhouse,
4ccd51c697d0224b029f65b8,POI-36,Asian Restaurant,
4ccd5c10566aa093c95327fd,POI-63,Bakery,
4ccd5f4d566aa093e06527fd,POI-100,Sports Bar,
4ccd6994ee23a14342ab25a8,POI-62,Jewelry Store,
4ccd7635c0378cfa429d8d48,POI-62,Jewelry Store,
4ccda84d7c2ff04d348ea07e,POI-123,Convenience Store,
4cce025872106dcbe991a699,POI-101,Breakfast Spot,
4cce12f12dc43704138dd208,POI-7,American Restaurant,
4cce51d0c9b846882130c8c3,POI-57,Miscellaneous Shop,
4cce52bbee23a143fc742ba8,POI-36,Asian Restaurant,
4cce554054f0b1f772dc21ca,POI-1,Wine Bar,
4cce5a19ee23a1431d992ba8,POI-88,Sandwich Place,
4cce5b34ba79a1cdb6a646cb,POI-42,Food Court,
4cce5bb597d0224b45816bb8,POI-99,Hookah Bar,
4cce5d4872106dcba4c5a899,POI-10,Coffee Shop,
4cce5d80566aa093e6022dfd,POI-102,Bbq Joint,
4cce686c72106dcb0ef9a899,POI-63,Bakery,
4cce96ae7c2ff04d3579a57e,POI-98,Snack Place,
4ccea210063a721ea11d9b9a,POI-60,Automotive Shop,
4ccea38aba0a5481bbdc4959,POI-70,Korean Restaurant,
4ccebb09b571b60ca5f2df65,POI-43,Vegetarian / Vegan Restaurant,
4ccebc3854f0b1f735d623ca,POI-92,Salon / Barbershop,
4ccedfd3c9b846889520cbc3,POI-7,American Restaurant,
4ccf2a439d87224beeaa4d3b,POI-50,Movie Theater,
4ccfbc919d87224b03e9503b,POI-135,Tanning Salon,
4ccfc9316200b1f72c41d028,POI-52,Arts & Crafts Store,
4ccfdcbc7f56a1437b00caa6,POI-117,Bike Shop,
4ccfee05f6378cfa9778b1d6,POI-77,Sushi Restaurant,
4ccfef04bcd7199c772c63ca,POI-41,Ramen /  Noodle House,
4ccff5bc2fd9b60c922c7eeb,POI-16,Australian Restaurant,
4cd00f23f6378cfa0182b2d6,POI-41,Ramen /  Noodle House,
4cd01015de0f6dcb76166863,POI-10,Coffee Shop,
4cd0103b9d87224b49c2523b,POI-98,Snack Place,
4cd01bd45845bfb7bfa5b10d,POI-77,Sushi Restaurant,
4cd02d63cc83952128090a98,POI-96,Karaoke Bar,
4cd02e88cc839521640a0a98,POI-96,Karaoke Bar,
4cd0ea641ac7a1cdac751c92,POI-42,Food Court,
4cd12dfc5b5ca35d800080f0,POI-128,Kids Store,
4cd13b372fd9b60cc69d85eb,POI-26,Park,
4cd14972f6378cfa4f48bad6,POI-36,Asian Restaurant,
4cd158896200b1f7c23dd928,POI-94,Gas Station / Garage,
4cd167367b68548136d0c6f8,POI-14,Pub,
4cd1a92d9d87224bec215c3b,POI-17,Chinese Restaurant,
4cd22f305b5ca35db41986f0,POI-73,Electronics Store,
4cd2358b3038236ab8abe40e,POI-73,Electronics Store,
4cd23e473be8a1cdec3804a0,POI-46,Japanese Restaurant,
4cd23f3a9fcab1f797cd4993,POI-36,Asian Restaurant,
4cd241353038236a68dee40e,POI-36,Asian Restaurant,
4cd2437702c9a1438f7ce513,POI-115,Soup Place,
4cd244c33a63a093efac12bf,POI-46,Japanese Restaurant,
4cd247960f5a8cfa2bbf25f6,POI-36,Asian Restaurant,
4cd2588990f23704b4778ae8,POI-123,Convenience Store,
4cd2765b25ee6dcb8c25440f,POI-37,Thai Restaurant,
4cd28ec94aa9f04d7dbb57cb,POI-61,Shoe Store,
4cd2972890f237044e9e8be8,POI-94,Gas Station / Garage,
4cd29f69158c5481dee1afe4,POI-67,Gym,
4cd2a3a94aa9f04d8b3458cb,POI-26,Park,
4cd2a4da2b52a093c4db1f39,POI-22,Dessert Shop,
4cd2a6f525ee6dcbce37450f,POI-84,Boutique,
4cd2ac5421d94688c4b7eb90,POI-2,Bar,
4cd2b7e2773ba143369dbce3,POI-2,Bar,
4cd2b9524aa9f04dd7c258cb,POI-38,Middle Eastern Restaurant,
4cd2d7a93e0c8cfa762b1a12,POI-102,Bbq Joint,
4cd2dbae2b52a093b5322139,POI-4,Resort,
4cd38c294944721e676beda6,POI-76,Deli / Bodega,
4cd390f3793d224b2fd54910,POI-62,Jewelry Store,
4cd39198a61c46887f5cb428,POI-112,Gift Shop,
4cd3987372a1a1cd922c6651,POI-17,Chinese Restaurant,
4cd398bb4944721e96a6eda6,POI-56,Cosmetics Shop,
4cd3990a72a1a1cd5d2f6651,POI-10,Coffee Shop,
4cd39afcbaf2f04d48e3afa3,POI-53,Department Store,
4cd3a5cb6be6a143f8e29502,POI-46,Japanese Restaurant,
4cd3a8fc2561a35d469f32dd,POI-36,Asian Restaurant,
4cd3ba0eecc3a09334f09b93,POI-92,Salon / Barbershop,
4cd3d1fb6be6a14361b09602,POI-7,American Restaurant,
4cd3d58b558a37045a68c3a6,POI-17,Chinese Restaurant,
4cd3ec1da61c4688d0ecb528,POI-74,Fast Food Restaurant,
4cd3f44104c2236a3418d0c7,POI-17,Chinese Restaurant,
4cd3fd546be6a1432fbf9702,POI-56,Cosmetics Shop,
4cd4001dbaf2f04d11c8b1a3,POI-81,Steakhouse,
4cd40ccebaf2f04da91bb2a3,POI-89,Arcade,
4cd40f16558a370407edc4a6,POI-65,Women'S Store,
4cd41ca0ecc3a0933e069e93,POI-116,Beer Garden,
4cd429978e5b6a31017a73ac,POI-17,Chinese Restaurant,
4cd437b3536654818a872bed,POI-11,Nightclub,
4cd43c7a9828b60cd906da84,POI-49,Multiplex,
4cd4e05afb595481bc2fdb50,POI-68,Gym / Fitness Center,
4cd4eeef67c7236a4c471077,POI-10,Coffee Shop,
4cd4ef2db2a4370497f37a44,POI-112,Gift Shop,
4cd5025dfb59548141e0db50,POI-92,Salon / Barbershop,
4cd50510886cb60c70ac8189,POI-42,Food Court,
4cd514b094848cfade0ee4b1,POI-54,Clothing Store,
4cd518ddaeb1224be17c20ff,POI-24,Malaysian Restaurant,
4cd5198d67c7236af5ff1077,POI-10,Coffee Shop,
4cd52e80fb595481d6a4dc50,POI-36,Asian Restaurant,
4cd52f60fb5954819fa8dc50,POI-36,Asian Restaurant,
4cd53333b2a43704e8537c44,POI-102,Bbq Joint,
4cd5374d886cb60cb5908289,POI-39,Restaurant,
4cd53a9bab19a093c6dc3deb,POI-10,Coffee Shop,
4cd53cd0886cb60c46ac8289,POI-145,Farmers Market,
4cd53ea9b2a437048d947c44,POI-22,Dessert Shop,
4cd560ad886cb60c1e808389,POI-17,Chinese Restaurant,
4cd565ebb2a43704ac9d7d44,POI-17,Chinese Restaurant,
4cd621427da9a35d0515eeb9,POI-84,Boutique,
4cd638b0122ba143c1bf31a1,POI-157,Smoke Shop,
4cd64c11fb595481c5a2e350,POI-10,Coffee Shop,
4cd65608a5b34688d1819350,POI-63,Bakery,
4cd65d64aeb1224be23728ff,POI-54,Clothing Store,
4cd670b1aeb1224bac8928ff,POI-57,Miscellaneous Shop,
4cd67182b97060fc2fd7f17b,POI-87,Car Dealership,
4cd677e5122ba143310733a1,POI-103,Mobile Phone Shop,
4cd67a7f886cb60c91298a89,POI-36,Asian Restaurant,
4cd68036886cb60caf418a89,POI-42,Food Court,
4cd691d8b2a437047b738544,POI-19,French Restaurant,
4cd6961c122ba143dc9933a1,POI-36,Asian Restaurant,
4cd6b38adfb4a1cd4763605c,POI-17,Chinese Restaurant,
4cd6b5f189eb6dcba0e0301e,POI-17,Chinese Restaurant,
4cd6c5c3dfb4a1cdc0be605c,POI-2,Bar,
4cd6d71f122ba143d20935a1,POI-10,Coffee Shop,
4cd747afab19a093eda749eb,POI-10,Coffee Shop,
4cd7593094848cfa649af2b1,POI-42,Food Court,
4cd781f9886cb60c16a68f89,POI-128,Kids Store,
4cd78732fb595481ecffe950,POI-46,Japanese Restaurant,
4cd788b976ab721e0aec786a,POI-58,Accessories Store,
4cd79b377bb06dcb9df89db2,POI-10,Coffee Shop,
4cd79d4da423a35df2bbe742,POI-63,Bakery,
4cd79d5eda85224bf46f48ca,POI-10,Coffee Shop,
4cd7c3b4145fa1cddcf202bd,POI-54,Clothing Store,
4cd7c653a423a35d3957e842,POI-56,Cosmetics Shop,
4cd7d08951fc8cfa8ee6e55d,POI-80,Ice Cream Shop,
4cd7d4f451fc8cfad0fae55d,POI-92,Salon / Barbershop,
4cd7dbef3ec4b1f7e36cbb3f,POI-2,Bar,
4cd7e8de3ec4b1f7e3aebb3f,POI-46,Japanese Restaurant,
4cd7ef595e1b721e527337d9,POI-17,Chinese Restaurant,
4cd7f52e5e1b721efa9437d9,POI-4,Resort,
4cd8242e53a7f04d25c76116,POI-17,Chinese Restaurant,
4cd825557bb06dcb3ad9a0b2,POI-74,Fast Food Restaurant,
4cd825a6145fa1cdeaf204bd,POI-44,Burger Joint,
4cd8ca4b5e1b721eb61c3cd9,POI-39,Restaurant,
4cd8d0121891236ad75b380b,POI-36,Asian Restaurant,
4cd8d2c115d8b60ca822680e,POI-74,Fast Food Restaurant,
4cd8d3075e1b721e56443cd9,POI-62,Jewelry Store,
4cd8dc3ba423a35d3914ee42,POI-84,Boutique,
4cd8ec9c1647a0938568e44c,POI-110,Yoga Studio,
4cd8f05d15d8b60c2fa3680e,POI-17,Chinese Restaurant,
4cd902b52a80548180e89e2c,POI-73,Electronics Store,
4cd9079015d8b60c53fd680e,POI-84,Boutique,
4cd912951891236a6c6a390b,POI-68,Gym / Fitness Center,
4cd912e5145fa1cdd48f09bd,POI-55,Sporting Goods Shop,
4cd916a95e1b721e21523dd9,POI-56,Cosmetics Shop,
4cd9253ca99d3704033309ce,POI-73,Electronics Store,
4cd92c9753a7f04d92b76616,POI-46,Japanese Restaurant,
4cd932361647a093977ce54c,POI-97,Donut Shop,
4cd939e07d454688dc7cefed,POI-125,Other Nightlife,
4cd9436da423a35d4fc9ef42,POI-55,Sporting Goods Shop,
4cd943de145fa1cdea740abd,POI-55,Sporting Goods Shop,
4cd94ce351fc8cfabb50ee5d,POI-34,Mediterranean Restaurant,
4cd9542815d8b60c30716a0e,POI-74,Fast Food Restaurant,
4cd96062a99d3704fdac0ace,POI-14,Pub,
4cd9793a2a805481a846a12c,POI-10,Coffee Shop,
4cd9f94d071ba0936df6b505,POI-36,Asian Restaurant,
4cd9fe133ac03704e1d4f927,POI-67,Gym,
4cda23ed3f6a8cfa0dbae2ea,POI-42,Food Court,
4cda29094006a1436010d0b2,POI-36,Asian Restaurant,
4cda3203fc973704d3f7c605,POI-42,Food Court,
4cda3bf599026dcbfcfc0481,POI-81,Steakhouse,
4cda4d026ad1a0934b71e556,POI-18,Indian Restaurant,
4cda5f935aeda1cd767fb611,POI-117,Bike Shop,
4cda807fcea2224b96c87f4c,POI-69,Spa / Massage,
4cda80e0a1bba35dc0e88ee5,POI-1,Wine Bar,
4cda82b7c409b60c460ecf1a,POI-40,Seafood Restaurant,
4cda83a46ad1a0933875e656,POI-24,Malaysian Restaurant,
4cda83d7a1bba35d47fa8ee5,POI-122,Skate Park,
4cda8c07cea2224b400f804c,POI-17,Chinese Restaurant,
4cda8c6f3f6a8cfab7ffe4ea,POI-17,Chinese Restaurant,
4cda92ce3f6a8cfa632fe5ea,POI-22,Dessert Shop,
4cdab163930af04d3c5b8697,POI-123,Convenience Store,
4cdab42fc409b60c315fd01a,POI-123,Convenience Store,
4cdac5ac52d88eec4cb6f828,POI-27,Art Gallery,
4cdb180e99026dcb36820a81,POI-36,Asian Restaurant,
4cdb25f73f6a8cfab125e9ea,POI-113,General Travel,
4cdb545dc409b60c626cd41a,POI-57,Miscellaneous Shop,
4cdb606d4006a1437d53d8b2,POI-73,Electronics Store,
4cdb7318930af04dea128b97,POI-135,Tanning Salon,
4cdb7c25d5495481b18c3cb2,POI-17,Chinese Restaurant,
4cdb807299026dcbd1850d81,POI-42,Food Court,
4cdb8482958f236a2f95ad03,POI-74,Fast Food Restaurant,
4cdba8264006a1433aded9b2,POI-60,Automotive Shop,
4cdbb7dda1bba35d3d3c96e5,POI-39,Restaurant,
4cdbba5e5aeda1cddd90be11,POI-57,Miscellaneous Shop,
4cdbbfd2fc97370492eed005,POI-98,Snack Place,
4cdbcd71d4ecb1f781a67b48,POI-46,Japanese Restaurant,
4cdbd43d3f6a8cfa9a68edea,POI-32,Pizza Place,
4cdbd837c409b60c0afad61a,POI-110,Yoga Studio,
4cdbe4e8df986ea870b7cc16,POI-17,Chinese Restaurant,
4cdc0175d5495481ac213fb2,POI-1,Wine Bar,
4cdc15912db58eec474a13a9,POI-2,Bar,
4cdcc5f3a1bba35d5e9d9ce5,POI-46,Japanese Restaurant,
4cdcc849958f236abedab403,POI-37,Thai Restaurant,
4cdccf5f22bd721e07a9fd47,POI-133,Salad Place,
4cdcd22cd4ecb1f732ea8148,POI-36,Asian Restaurant,
4cdcd715d6656a311c5bfe3e,POI-33,Italian Restaurant,
4cdce8ac5aeda1cd8698c511,POI-142,Video Store,
4cdcf47f958f236a61b5b503,POI-88,Sandwich Place,
4cdd032bd549548190ef44b2,POI-49,Multiplex,
4cdd03f3930af04d71b09397,POI-73,Electronics Store,
4cdd043b958f236a47f9b503,POI-53,Department Store,
4cdd0661930af04defba9397,POI-63,Bakery,
4cdd077cfc973704d741d905,POI-56,Cosmetics Shop,
4cdd0a43fc973704354fd905,POI-4,Resort,
4cdd1006d4ecb1f789078348,POI-10,Coffee Shop,
4cdd1df36ad1a093776cf556,POI-66,Grocery Store,
4cdd1e546ad1a0939a6ef556,POI-85,Furniture / Home Store,
4cdd2191d4ecb1f7075f8348,POI-17,Chinese Restaurant,
4cdd22da6ad1a0935e86f556,POI-27,Art Gallery,
4cdd23ecc409b60cbe80de1a,POI-70,Korean Restaurant,
4cdd241e958f236aac93b603,POI-74,Fast Food Restaurant,
4cdd2b5e930af04d346d9497,POI-65,Women'S Store,
4cdd303e958f236a9eddb603,POI-115,Soup Place,
4cdd37e4fc973704c150da05,POI-37,Thai Restaurant,
4cdd3983df986ea86525d416,POI-92,Salon / Barbershop,
4cdd4928a1bba35d954a9fe5,POI-22,Dessert Shop,
4cdd512099026dcbf6e31881,POI-11,Nightclub,
4cdd634922bd721e8fd10048,POI-37,Thai Restaurant,
4cdd70bc4006a143b262e5b2,POI-123,Convenience Store,
4cdde2db3644a093ffad489f,POI-36,Asian Restaurant,
4cdde5bfdb12548103512dce,POI-42,Food Court,
4cddf2b8df986ea877ead816,POI-120,Cupcake Shop,
4cde0dab78ddf04d14679898,POI-26,Park,
4cde2cec825e721edf056945,POI-17,Chinese Restaurant,
4cde329469136dcb3cbdd4e6,POI-10,Coffee Shop,
4cde32bf7e2e236ac6fe7d1b,POI-113,General Travel,
4cde36147e2e236a7d107e1b,POI-103,Mobile Phone Shop,
4cde45fac4f6a35d47fdc86c,POI-22,Dessert Shop,
4cde4c22f8a4a143cf50d6bc,POI-57,Miscellaneous Shop,
4cde520a41ed224bb34cd83c,POI-75,Bowling Alley,
4cde6a4e3644a09387f64b9f,POI-10,Coffee Shop,
4cde7616df986ea8c1eedb16,POI-10,Coffee Shop,
4cde79f170bba1cda88160c4,POI-81,Steakhouse,
4cde7bba94c3b60c0d9365ea,POI-134,Flower Shop,
4cde7ea4db1254816fff30ce,POI-36,Asian Restaurant,
4cde8b4794c3b60c49ef65ea,POI-84,Boutique,
4cde908ddf986ea80d85dc16,POI-92,Salon / Barbershop,
4cde9c2df8cdb1f79e1c8c12,POI-18,Indian Restaurant,
4cde9f47f8a4a143e658d8bc,POI-26,Park,
4cdea54f3644a093a34d4d9f,POI-96,Karaoke Bar,
4cdf2b83df986ea8f58be016,POI-10,Coffee Shop,
4cdf489494c3b60cd7036bea,POI-26,Park,
4cdf4b7470bba1cd350866c4,POI-61,Shoe Store,
4cdf503bf8a4a1436cbbddbc,POI-24,Malaysian Restaurant,
4cdf6409c4f6a35d8e50d06c,POI-46,Japanese Restaurant,
4cdf6e1370bba1cd8ffb66c4,POI-77,Sushi Restaurant,
4cdf7335825e721edf317145,POI-46,Japanese Restaurant,
4cdf8f6faba88cfa55364ad7,POI-110,Yoga Studio,
4cdf9072df986ea8b618e316,POI-60,Automotive Shop,
4cdfa39d94c3b60c05306dea,POI-54,Clothing Store,
4cdfac2778ddf04d6064a298,POI-113,General Travel,
4cdfb505f8cdb1f73b649312,POI-66,Grocery Store,
4cdfbe6d70bba1cdada168c4,POI-10,Coffee Shop,
4cdfcb8898ab6a31410661e1,POI-10,Coffee Shop,
4cdfcc1698ab6a31e20661e1,POI-10,Coffee Shop,
4cdfce1b78ddf04df7ffa298,POI-37,Thai Restaurant,
4cdfd2ec94c3b60cf60c6eea,POI-14,Pub,
4cdfd487825e721e23227345,POI-17,Chinese Restaurant,
4cdfd644df986ea8ab59e416,POI-36,Asian Restaurant,
4cdffc37f8cdb1f70aa79412,POI-102,Bbq Joint,
4ce014f3825e721e2c567445,POI-11,Nightclub,
4ce01f24567d2d43bba6a11c,POI-54,Clothing Store,
4ce0ce91aba88cfae8af51d7,POI-69,Spa / Massage,
4ce0cfd4f8a4a1439402e7bc,POI-36,Asian Restaurant,
4ce0da6641ed224ba548e73c,POI-74,Fast Food Restaurant,
4ce0debeaba88cfacffa51d7,POI-65,Women'S Store,
4ce0ea3adf986ea8cfeae916,POI-42,Food Court,
4ce0ec5878ddf04d0bd9a898,POI-10,Coffee Shop,
4ce1224370bba1cd2dd66fc4,POI-2,Bar,
4ce135d341ed224bb9ffe83c,POI-10,Coffee Shop,
4ce144d441ed224ba85ee93c,POI-10,Coffee Shop,
4ce1454aaba88cfa0b3954d7,POI-66,Grocery Store,
4ce155e8df986ea8a50eec16,POI-42,Food Court,
4ce17747ffcf370477fd2582,POI-96,Karaoke Bar,
4ce1eae478ddf04d6035ae98,POI-92,Salon / Barbershop,
4ce1f9d4c4f6a35db564de6c,POI-123,Convenience Store,
4ce2023369136dcb4b01ede6,POI-60,Automotive Shop,
4ce20ba3f8a4a1433d66eebc,POI-57,Miscellaneous Shop,
4ce22b557e2e236a0c5f941b,POI-36,Asian Restaurant,
4ce2534adb125481b08946ce,POI-92,Salon / Barbershop,
4ce2553a3644a0930abe619f,POI-96,Karaoke Bar,
4ce2659969136dcb1cedeee6,POI-10,Coffee Shop,
4ce2674ef8a4a1437a2df0bc,POI-17,Chinese Restaurant,
4ce26a88c4f6a35da868e06c,POI-55,Sporting Goods Shop,
4ce27061f8cdb1f721e6a112,POI-17,Chinese Restaurant,
4ce28fa7825e721ebbb28145,POI-22,Dessert Shop,
4ce2917270bba1cd9c9f77c4,POI-36,Asian Restaurant,
4ce29db77e2e236a34b5961b,POI-36,Asian Restaurant,
4ce29e5f41ed224be2abf03c,POI-14,Pub,
4ce2ae4500166ea80e134888,POI-10,Coffee Shop,
4ce2c522ffcf370419cb2d82,POI-17,Chinese Restaurant,
4ce32a1547d5a1435db2081d,POI-53,Department Store,
4ce35a49c46e6dcb3d60d515,POI-33,Italian Restaurant,
4ce361faa3c6721ebb4110cf,POI-36,Asian Restaurant,
4ce36671bebd370464e59fa0,POI-92,Salon / Barbershop,
4ce36a262407a1cda0134ed0,POI-46,Japanese Restaurant,
4ce38c87a3c6721e430c11cf,POI-62,Jewelry Store,
4ce3907fbebd3704c3c0a0a0,POI-10,Coffee Shop,
4ce391f9c36ba35d878b70f6,POI-113,General Travel,
4ce396c905f7a0931532a128,POI-85,Furniture / Home Store,
4ce39ba0c36ba35d5eb670f6,POI-112,Gift Shop,
4ce3a522c36ba35d95df70f6,POI-36,Asian Restaurant,
4ce3a5a9bebd37041e29a1a0,POI-72,Vietnamese Restaurant,
4ce3a5e522bef04d12b5d4f8,POI-56,Cosmetics Shop,
4ce3a625dc1960fc18b4574a,POI-42,Food Court,
4ce3ac48bebd37040d4ba1a0,POI-26,Park,
4ce3af0ca3c6721ed3a611cf,POI-17,Chinese Restaurant,
4ce3b3221594236a5d9cf849,POI-17,Chinese Restaurant,
4ce3b7e3a3c6721e45d011cf,POI-107,Pet Store,
4ce3c08dbddcb1f7331b7e89,POI-17,Chinese Restaurant,
4ce3c344c36ba35d5e7571f6,POI-17,Chinese Restaurant,
4ce3c9cbbddcb1f7da517e89,POI-40,Seafood Restaurant,
4ce3d26305f7a093715da228,POI-10,Coffee Shop,
4ce3d3e122bef04d5ba9d5f8,POI-2,Bar,
4ce3e2972f842d43beaeab1c,POI-46,Japanese Restaurant,
4ce3f1ceb8df54819a0db19b,POI-17,Chinese Restaurant,
4ce411ca2407a1cd639151d0,POI-40,Seafood Restaurant,
4ce48b8676388cfa54b92403,POI-73,Electronics Store,
4ce4bf23e860a14348f08ea1,POI-84,Boutique,
4ce4dbf176388cfa98852603,POI-42,Food Court,
4ce4ddb2e571a09394258787,POI-77,Sushi Restaurant,
4ce4e726637c6ea829eb5a42,POI-69,Spa / Massage,
4ce4f1614303f04db73296b8,POI-117,Bike Shop,
4ce52d4219efa09355dbc3f1,POI-56,Cosmetics Shop,
4ce5326a9bbf6ea8b0edc6af,POI-53,Department Store,
4ce540b67785a1cd7db218b9,POI-42,Food Court,
4ce56a565bf68cfa6ece3c17,POI-13,Diner,
4ce5ca69e888f04d9173326b,POI-123,Convenience Store,
4ce5ca9c9f776ea8d4314e22,POI-42,Food Court,
4ce5d295b9975481c0caec44,POI-44,Burger Joint,
4ce5e102595cb1f7cf2bb914,POI-17,Chinese Restaurant,
4ce5e809d99f721ef9faa073,POI-21,Lounge,
4ce5fd52e1eeb60c796894ae,POI-46,Japanese Restaurant,
4ce6059e948f224b92afe15d,POI-42,Food Court,
4ce60b8f678aa0936635daea,POI-36,Asian Restaurant,
4ce60e4df3bda143df4da9e4,POI-59,Men'S Store,
4ce62ba6948f224b3f70e25d,POI-92,Salon / Barbershop,
4ce631619f776ea8527e5022,POI-160,Laundry Service,
4ce6366b678aa09388ffdaea,POI-27,Art Gallery,
4ce63ff89f776ea8ebbc5022,POI-56,Cosmetics Shop,
4ce64f63b99754816e67ef44,POI-5,Gaming Cafe,
4ce653d4b9975481647cef44,POI-56,Cosmetics Shop,
4ce655c70f196dcb80a636ae,POI-17,Chinese Restaurant,
4ce6562b678aa0939f8bdbea,POI-4,Resort,
4ce65c68b99754816aa8ef44,POI-17,Chinese Restaurant,
4ce66134baa6a1cd27f0206c,POI-58,Accessories Store,
4ce661f2d99f721e2f75a373,POI-35,Dim Sum Restaurant,
4ce6638dd99f721eaa7ea373,POI-36,Asian Restaurant,
4ce667e4f3bda1433a36abe4,POI-56,Cosmetics Shop,
4ce66d4f678aa093c211dcea,POI-35,Dim Sum Restaurant,
4ce67150948f224b3fd1e35d,POI-46,Japanese Restaurant,
4ce673f6e1eeb60c3ad096ae,POI-4,Resort,
4ce678fef3bda1432bb3abe4,POI-81,Steakhouse,
4ce67fb7678aa093898adcea,POI-57,Miscellaneous Shop,
4ce6c22ffe90a35d2917380e,POI-10,Coffee Shop,
4ce71aa7678aa0930252e0ea,POI-49,Multiplex,
4ce74f866afd6a31574ed44d,POI-37,Thai Restaurant,
4ce75c2e678aa093b029e2ea,POI-17,Chinese Restaurant,
4ce7742de1eeb60c2b599dae,POI-74,Fast Food Restaurant,
4ce77455948f224b1d73ea5d,POI-66,Grocery Store,
4ce78721678aa093c315e3ea,POI-57,Miscellaneous Shop,
4ce789540f196dcb203a3fae,POI-62,Jewelry Store,
4ce78f320f196dcb045a3fae,POI-84,Boutique,
4ce798dbbaa6a1cdf7b3286c,POI-62,Jewelry Store,
4ce79c94948f224b973deb5d,POI-57,Miscellaneous Shop,
4ce7a0c8b9975481da86f744,POI-121,Flea Market,
4ce7a61a8ef78cfaddd6949b,POI-17,Chinese Restaurant,
4ce7ae80f3bda143cf27b4e4,POI-17,Chinese Restaurant,
4ce7b5488ef78cfa9d30959b,POI-43,Vegetarian / Vegan Restaurant,
4ce7c2a10f196dcb3b8d40ae,POI-42,Food Court,
4ce7c50b9f776ea819df5922,POI-34,Mediterranean Restaurant,
4ce7c56bd99f721e7f2bac73,POI-10,Coffee Shop,
4ce7ce74e1eeb60c4b3d9fae,POI-36,Asian Restaurant,
4ce7d0a4f8653704f51cacc4,POI-17,Chinese Restaurant,
4ce7e3358ef78cfa7b6d969b,POI-36,Asian Restaurant,
4ce7e3418ef78cfa986d969b,POI-18,Indian Restaurant,
4ce7e573e888f04db2e33e6b,POI-26,Park,
4ce82596fe90a35df4dc400e,POI-4,Resort,
4ce87f380f196dcb260e46ae,POI-4,Resort,
4ce88f3ce888f04dc950436b,POI-74,Fast Food Restaurant,
4ce89045f3bda14308a9bae4,POI-35,Dim Sum Restaurant,
4ce8957a8ef78cfa1bba9b9b,POI-70,Korean Restaurant,
4ce89a3cf8653704dd04b2c4,POI-56,Cosmetics Shop,
4ce89cc3678aa093f1ede9ea,POI-63,Bakery,
4ce8a10ef8653704de37b2c4,POI-157,Smoke Shop,
4ce8b6478f8b2d437d100e83,POI-24,Malaysian Restaurant,
4ce8b7358f8b2d4392110e83,POI-41,Ramen /  Noodle House,
4ce8b900948f224b5480f25d,POI-13,Diner,
4ce8bcd98f8b2d43ca170e83,POI-36,Asian Restaurant,
4ce8be888f8b2d4398190e83,POI-41,Ramen /  Noodle House,
4ce8c808f8653704ea3db3c4,POI-33,Italian Restaurant,
4ce8e172e888f04d0a2d456b,POI-4,Resort,
4ce8eff6f3bda143640abde4,POI-10,Coffee Shop,
4ce8fc7ad99f721e75d9b373,POI-17,Chinese Restaurant,
4ce8fd2df1c6236a521d63f0,POI-33,Italian Restaurant,
4ce90119f3bda1433b63bde4,POI-55,Sporting Goods Shop,
4ce914b6d99f721e4752b473,POI-37,Thai Restaurant,
4ce919c28ef78cfab3d09e9b,POI-17,Chinese Restaurant,
4ce9226a948f224b128ff45d,POI-92,Salon / Barbershop,
4ce929de8ef78cfa042d9f9b,POI-69,Spa / Massage,
4ce93af9678aa0936919edea,POI-36,Asian Restaurant,
4ce975e8b9975481da550245,POI-35,Dim Sum Restaurant,
4ce9c66c0f196dcb4d1d4eae,POI-91,Food & Drink Shop,
4ce9d498948f224bfd8af85d,POI-118,Wings Joint,
4ce9edbef8653704f61fbac4,POI-36,Asian Restaurant,
4ce9ee51e888f04d08c74a6b,POI-67,Gym,
4ce9f8b58ef78cfad53da49b,POI-36,Asian Restaurant,
4cea0684e1eeb60c673facae,POI-10,Coffee Shop,
4cea08b7e888f04d1f404b6b,POI-10,Coffee Shop,
4cea14bab997548192a60545,POI-35,Dim Sum Restaurant,
4cea1b38fe90a35d691c4c0e,POI-17,Chinese Restaurant,
4cea237e948f224b15f8f95d,POI-46,Japanese Restaurant,
4cea2928595cb1f7f07dd214,POI-92,Salon / Barbershop,
4cea312d0f196dcb8c5550ae,POI-10,Coffee Shop,
4cea3c05f8653704a995bbc4,POI-74,Fast Food Restaurant,
4cea3f65e1eeb60c602badae,POI-89,Arcade,
4cea404f595cb1f702dcd214,POI-17,Chinese Restaurant,
4cea4652d99f721e4a8fba73,POI-43,Vegetarian / Vegan Restaurant,
4cea5383baa6a1cd7f59386c,POI-74,Fast Food Restaurant,
4cea542b9f776ea898286822,POI-17,Chinese Restaurant,
4cea5fe5948f224ba40afb5d,POI-56,Cosmetics Shop,
4cea62f3e888f04df4ce4c6b,POI-111,Dumpling Restaurant,
4cea7e8cf3bda1433b2cc6e4,POI-40,Seafood Restaurant,
4cea9cfcf1c6236a24a76bf0,POI-125,Other Nightlife,
4ceab4030f196dcbc26e53ae,POI-11,Nightclub,
4ceabaf98ef78cfa5c8ba89b,POI-123,Convenience Store,
4ceb331ff3bda1434395cae4,POI-32,Pizza Place,
4ceb3810b4952d432e2564f5,POI-6,Tea Room,
4ceb42bbb99754811ad50b45,POI-10,Coffee Shop,
4ceb43d1fe90a35d665c520e,POI-36,Asian Restaurant,
4ceb4839e888f04d8dc2516b,POI-74,Fast Food Restaurant,
4ceb4d5b678aa093e226f8ea,POI-120,Cupcake Shop,
4ceb4f69f8653704912ac2c4,POI-67,Gym,
4ceb65350f196dcb4b9e57ae,POI-4,Resort,
4ceb6e0cfe90a35d0925530e,POI-17,Chinese Restaurant,
4ceb704ed99f721ecae3c073,POI-140,Frozen Yogurt,
4ceb76f9fe90a35ddf4b530e,POI-10,Coffee Shop,
4ceb78af0f196dcb82fa57ae,POI-10,Coffee Shop,
4cebabf6948f224b75e5015e,POI-21,Lounge,
4cebb01bf86537043a0dc4c4,POI-51,Indie Movie Theater,
4cebb067f8653704df0ec4c4,POI-7,American Restaurant,
4cebb30d9f776ea8aa3a6f22,POI-81,Steakhouse,
4cebb6e1e888f04de6b8536b,POI-57,Miscellaneous Shop,
4cebb7b7f1c6236a025d71f0,POI-2,Bar,
4cebd72c0f196dcb1d165aae,POI-74,Fast Food Restaurant,
4cec6d2862ef6dcb5153ec59,POI-67,Gym,
4cec8155d7268cfabac1bd4e,POI-87,Car Dealership,
4cec83018212548138145aa1,POI-60,Automotive Shop,
4cec83f682125481241a5aa1,POI-112,Gift Shop,
4cec86bbed62721eeeee50fd,POI-63,Bakery,
4cec8aa97b94370447972153,POI-42,Food Court,
4cec8aeeed62721eb30651fd,POI-54,Clothing Store,
4cec8c9413aea143dfe4619f,POI-10,Coffee Shop,
4cec97623b03f04d40ca2fdc,POI-92,Salon / Barbershop,
4cec98ab4cd4236a0993a363,POI-17,Chinese Restaurant,
4ceca99a4cd4236af9eba363,POI-46,Japanese Restaurant,
4cecaba0b80da0937fe51d00,POI-45,Indonesian Restaurant,
4cecb4cf3b03f04d605c30dc,POI-54,Clothing Store,
4cecbceed7268cfa6e19bf4e,POI-46,Japanese Restaurant,
4cecbe1662ef6dcb503eee59,POI-52,Arts & Crafts Store,
4cecc071f368b1f7423177f7,POI-18,Indian Restaurant,
4cecd6b613aea1430a6f639f,POI-123,Convenience Store,
4cece58e3b03f04d102b31dc,POI-10,Coffee Shop,
4cecf4be13aea143da09649f,POI-36,Asian Restaurant,
4cecfe0762ef6dcb4181ef59,POI-58,Accessories Store,
4cecfe3913aea143d243649f,POI-112,Gift Shop,
4ced0c05ed62721e4a7d53fd,POI-73,Electronics Store,
4ced1d22ed62721e5ee553fd,POI-42,Food Court,
4ced7234d7268cfa966cc34e,POI-10,Coffee Shop,
4cedba8f7db3224bedf5232e,POI-22,Dessert Shop,
4cede442d7268cfa53c1c64e,POI-67,Gym,
4cede690d7268cfa9ed0c64e,POI-42,Food Court,
4cedfcf47b943704f3042b53,POI-96,Karaoke Bar,
4cee105f13aea14340b66b9f,POI-5,Gaming Cafe,
4cee120428abb60cd3f2bb09,POI-21,Lounge,
4cee15257db3224bcc1e262e,POI-98,Snack Place,
4cee1dd20acea35dee0ee8ae,POI-77,Sushi Restaurant,
4cee3494d7268cfa3e81c84e,POI-36,Asian Restaurant,
4cee35110acea35d2674e8ae,POI-36,Asian Restaurant,
4cee44aad7268cfab8d3c84e,POI-107,Pet Store,
4cee4adb28abb60c96f2bc09,POI-17,Chinese Restaurant,
4cee58915de16ea83e47bb96,POI-142,Video Store,
4cee63533b03f04d45b739dc,POI-39,Restaurant,
4cee918c13aea143fd786e9f,POI-2,Bar,
4cef35d5b80da09331442b00,POI-39,Restaurant,
4cef3dd213aea1432114729f,POI-14,Pub,
4cef3fb63b03f04d06d43ddc,POI-81,Steakhouse,
4cef4c104cd4236a06e7b163,POI-67,Gym,
4cef4cfb13aea1438d6c729f,POI-67,Gym,
4cef64c75de16ea8743dc096,POI-62,Jewelry Store,
4cef7b6a8212548169b769a1,POI-59,Men'S Store,
4cef8bc962ef6dcbabcbfe59,POI-6,Tea Room,
4cef991a4cd4236a6a55b363,POI-10,Coffee Shop,
4cef998bf368b1f7295986f7,POI-17,Chinese Restaurant,
4cefa4abed62721e217461fd,POI-84,Boutique,
4cefb17962ef6dcbd3c2ff59,POI-46,Japanese Restaurant,
4cefb20d13aea1437dba749f,POI-39,Restaurant,
4cefce427db3224be2c12e2e,POI-14,Pub,
4cefd2f713aea143e69e759f,POI-57,Miscellaneous Shop,
4cf050b67e93f04d7e5b4669,POI-36,Asian Restaurant,
4cf08eefc9af6dcb99d9937f,POI-68,Gym / Fitness Center,
4cf09fe76c29236a17ec60a2,POI-46,Japanese Restaurant,
4cf0a93a8333224baecc058e,POI-10,Coffee Shop,
4cf0aad47bf3b60c1e395b7f,POI-26,Park,
4cf0b3ddc9af6dcb77ca947f,POI-4,Resort,
4cf0b9b66c29236a997761a2,POI-41,Ramen /  Noodle House,
4cf0c4631c158cfa9c70ccb5,POI-50,Movie Theater,
4cf0ca0a7e0da1cde5be8d97,POI-55,Sporting Goods Shop,
4cf0d0957bf3b60c43fa5b7f,POI-26,Park,
4cf0d2b488de3704475b6e2b,POI-10,Coffee Shop,
4cf0d5f894feb1f721b113ba,POI-92,Salon / Barbershop,
4cf0e2276c29236a253f62a2,POI-60,Automotive Shop,
4cf0f5cf7e93f04d43284a69,POI-102,Bbq Joint,
4cf0fa0b1c158cfab5adcdb5,POI-84,Boutique,
4cf100351d18a1437a3c50ec,POI-19,French Restaurant,
4cf105e9e942548146ac67c5,POI-36,Asian Restaurant,
4cf10912899c6ea85c16eec1,POI-2,Bar,
4cf10a196c29236ab82363a2,POI-22,Dessert Shop,
4cf13acde942548124f568c5,POI-26,Park,
4cf13b42c9af6dcbda17987f,POI-89,Arcade,
4cf18148899c6ea8d305f1c1,POI-84,Boutique,
4cf1a5fbe9425481d8b26bc5,POI-36,Asian Restaurant,
4cf1ab127e0da1cdaf209397,POI-42,Food Court,
4cf1b7eb88de37049d9a742b,POI-107,Pet Store,
4cf1b9438333224b8d450c8e,POI-137,Juice Bar,
4cf1c6f588de37045511752b,POI-17,Chinese Restaurant,
4cf1d6827e0da1cdd54d9497,POI-17,Chinese Restaurant,
4cf1e2b01c158cfad466d4b5,POI-18,Indian Restaurant,
4cf1e4b9e3b9a09325b14153,POI-21,Lounge,
4cf1e5987bf3b60cc7da627f,POI-17,Chinese Restaurant,
4cf1eefd899c6ea8efd4f3c1,POI-66,Grocery Store,
4cf1fc5ae3b9a09381424253,POI-56,Cosmetics Shop,
4cf1fcf26195721e974245c1,POI-161,Bagel Shop,
4cf2121f7e0da1cdb1b39597,POI-63,Bakery,
4cf21e137e93f04d07655169,POI-121,Flea Market,
4cf224fd7bf3b60cc833647f,POI-41,Ramen /  Noodle House,
4cf22c47e3b9a0932f294353,POI-36,Asian Restaurant,
4cf2317588de3704ebae772b,POI-102,Bbq Joint,
4cf232298333224b0d070f8e,POI-36,Asian Restaurant,
4cf23402c9af6dcb3ad89e7f,POI-88,Sandwich Place,
4cf236767bf3b60c0b85647f,POI-41,Ramen /  Noodle House,
4cf23d787e93f04d19f45169,POI-7,American Restaurant,
4cf2400f88de370477fb772b,POI-92,Salon / Barbershop,
4cf240648333224b244c0f8e,POI-17,Chinese Restaurant,
4cf24254899c6ea8bd75f5c1,POI-53,Department Store,
4cf2558a1d18a143456859ec,POI-5,Gaming Cafe,
4cf2a8e86c29236af5c66ca2,POI-117,Bike Shop,
4cf2ed5c94feb1f7de0f20ba,POI-68,Gym / Fitness Center,
4cf2f3b3e9425481582873c5,POI-10,Coffee Shop,
4cf3263a7e93f04de9fa5669,POI-42,Food Court,
4cf34e8a899c6ea84a08fbc1,POI-56,Cosmetics Shop,
4cf35d411c158cfa6a49ddb5,POI-84,Boutique,
4cf36654c9af6dcbdbe2a57f,POI-17,Chinese Restaurant,
4cf373257e0da1cd82da9c97,POI-56,Cosmetics Shop,
4cf381f7899c6ea84bd2fbc1,POI-17,Chinese Restaurant,
4cf3871fc9af6dcb677aa67f,POI-69,Spa / Massage,
4cf38fffe3b9a093863d4a53,POI-17,Chinese Restaurant,
4cf39c1fcc61a35df2f4209e,POI-46,Japanese Restaurant,
4cf3a0b26195721e9ec64dc1,POI-46,Japanese Restaurant,
4cf3a6fa6c29236a81ed71a2,POI-61,Shoe Store,
4cf3a72dc9af6dcb3b41a77f,POI-36,Asian Restaurant,
4cf3afb694feb1f704eb23ba,POI-62,Jewelry Store,
4cf3c0d8e9425481774577c5,POI-94,Gas Station / Garage,
4cf3f6586195721e10b74fc1,POI-92,Salon / Barbershop,
4cf3fe332eb25941a69cbca1,POI-80,Ice Cream Shop,
4cf43bd794feb1f705ed26ba,POI-157,Smoke Shop,
4cf468ac899c6ea8d5c100c2,POI-36,Asian Restaurant,
4cf4758288de3704ec2b852b,POI-41,Ramen /  Noodle House,
4cf48039899c6ea8f43a01c2,POI-123,Convenience Store,
4cf485df88de37041c85852b,POI-60,Automotive Shop,
4cf48c86e9425481bd977bc5,POI-58,Accessories Store,
4cf48f78899c6ea8678101c2,POI-22,Dessert Shop,
4cf49606cc61a35ddb5e269e,POI-73,Electronics Store,
4cf49a3a6195721e162853c1,POI-74,Fast Food Restaurant,
4cf4a4661c158cfae5cbe4b5,POI-83,Fried Chicken Joint,
4cf4ab1cc9af6dcbff50ad7f,POI-130,Food Truck,
4cf4acb06195721ebb7553c1,POI-84,Boutique,
4cf4ae187e0da1cda86aa397,POI-56,Cosmetics Shop,
4cf4b117c9af6dcbc56aad7f,POI-63,Bakery,
4cf4bf5be3b9a093b9715053,POI-77,Sushi Restaurant,
4cf4c16d99c6236a01654767,POI-84,Boutique,
4cf4c171cc61a35d2d0e279e,POI-80,Ice Cream Shop,
4cf4c4a088de3704fea6862b,POI-66,Grocery Store,
4cf4d1c87e0da1cdb2f9a397,POI-60,Automotive Shop,
4cf4d3dbe942548176bf7cc5,POI-89,Arcade,
4cf4da2a7e93f04d60655f69,POI-32,Pizza Place,
4cf4dda0e942548154ef7cc5,POI-46,Japanese Restaurant,
4cf4de546195721ef64354c1,POI-32,Pizza Place,
4cf4def5e942548122f67cc5,POI-46,Japanese Restaurant,
4cf4df7688de3704462b872b,POI-102,Bbq Joint,
4cf4e3da94feb1f7622c2aba,POI-30,Water Park,
4cf4e6117e0da1cd725da497,POI-88,Sandwich Place,
4cf4e621e3b9a093e81d5153,POI-39,Restaurant,
4cf4faa57bf3b60c8ee7727f,POI-11,Nightclub,
4cf4febd8333224b30b51d8e,POI-61,Shoe Store,
4cf501f86195721e221855c1,POI-37,Thai Restaurant,
4cf504a11c158cfacbdde6b5,POI-10,Coffee Shop,
4cf50784c9af6dcbe956af7f,POI-10,Coffee Shop,
4cf50b6799c6236a20ed4867,POI-125,Other Nightlife,
4cf516e5c9af6dcb14bfaf7f,POI-36,Asian Restaurant,
4cf54f9499c6236ac9644a67,POI-32,Pizza Place,
4cf553a594feb1f7bcb02cba,POI-32,Pizza Place,
4cf5b933eb096ea8fcbdc148,POI-10,Coffee Shop,
4cf5c3c11801a1433bbbe5d4,POI-36,Asian Restaurant,
4cf5c85e0a71224b0c931a93,POI-123,Convenience Store,
4cf5ccea0a71224b9cab1a93,POI-37,Thai Restaurant,
4cf5d55f1cfea093d58edc39,POI-46,Japanese Restaurant,
4cf5dd001cfea0936cb5dc39,POI-32,Pizza Place,
4cf5e3c6dc40a35d21114554,POI-60,Automotive Shop,
4cf5e678dc40a35d331e4554,POI-36,Asian Restaurant,
4cf5e97aeb096ea869b5c248,POI-67,Gym,
4cf5eb4581cd6dcb5871780d,POI-7,American Restaurant,
4cf5fec69d11b1f79c1cbeed,POI-36,Asian Restaurant,
4cf6093971538cfa86e1b22e,POI-55,Sporting Goods Shop,
4cf60ad82f0159418f8f59a2,POI-54,Clothing Store,
4cf60e48c28df04d58cdc815,POI-56,Cosmetics Shop,
4cf621f1c28df04df11ec915,POI-157,Smoke Shop,
4cf6221666585481068ac798,POI-36,Asian Restaurant,
4cf629f0eb096ea8e9c0c348,POI-2,Bar,
4cf6320164e3721ee6af1fc8,POI-16,Australian Restaurant,
4cf638a066585481f3fec798,POI-7,American Restaurant,
4cf63af655e13704bb16cbb6,POI-70,Korean Restaurant,
4cf63cc0e308236a72e6e4ac,POI-17,Chinese Restaurant,
4cf63e13dc40a35d80b14654,POI-65,Women'S Store,
4cf6482fc020b60c9c2c1f75,POI-74,Fast Food Restaurant,
4cf6495955e13704727dcbb6,POI-10,Coffee Shop,
4cf652da1cfea09310ebde39,POI-17,Chinese Restaurant,
4cf6539c6658548195abc898,POI-17,Chinese Restaurant,
4cf65a5455e1370479facbb6,POI-10,Coffee Shop,
4cf66190c28df04de59aca15,POI-32,Pizza Place,
4cf6808ee308236a078ae6ac,POI-66,Grocery Store,
4cf6ef5d1801a143eedbecd4,POI-19,French Restaurant,
4cf70a286658548167f1cc98,POI-36,Asian Restaurant,
4cf721a0c020b60caf292475,POI-46,Japanese Restaurant,
4cf721d4c020b60cdd2a2475,POI-73,Electronics Store,
4cf726b2dc40a35d65304c54,POI-41,Ramen /  Noodle House,
4cf730c764e3721ee1a725c8,POI-98,Snack Place,
4cf747a8b9792d43e6e85595,POI-53,Department Store,
4cf74b44c28df04de9cdcf15,POI-142,Video Store,
4cf7546a64e3721eb54526c8,POI-54,Clothing Store,
4cf755cec28df04db2f8cf15,POI-46,Japanese Restaurant,
4cf757609d11b1f71ea7c5ed,POI-92,Salon / Barbershop,
4cf758afc020b60c5a222575,POI-66,Grocery Store,
4cf75d6dd3a8a1cdeb7fd643,POI-67,Gym,
4cf77c9b9d11b1f75e44c6ed,POI-69,Spa / Massage,
4cf77ee466585481fa15cf98,POI-54,Clothing Store,
4cf7853e665854817736cf98,POI-46,Japanese Restaurant,
4cf789b0e308236abf13ecac,POI-17,Chinese Restaurant,
4cf7947271538cfa25f8bb2e,POI-84,Boutique,
4cf7952fdc40a35da8fb4d54,POI-81,Steakhouse,
4cf79be971538cfaeb30bc2e,POI-10,Coffee Shop,
4cf7a6cceb096ea865bccb48,POI-57,Miscellaneous Shop,
4cf7b07fdc40a35d03b34e54,POI-22,Dessert Shop,
4cf7bc4bc28df04d87dfd115,POI-36,Asian Restaurant,
4cf845487b44224ba33bce05,POI-153,Bed & Breakfast,
4cf84a9a4464b60ccba85ff8,POI-85,Furniture / Home Store,
4cf84c2a5698a093d0bd04fc,POI-94,Gas Station / Garage,
4cf86ef4e8e25481b195d762,POI-42,Food Court,
4cf87319d76da35db747c72c,POI-77,Sushi Restaurant,
4cf876f3a348f04d6554f85c,POI-17,Chinese Restaurant,
4cf8790f3875b1f79619943c,POI-46,Japanese Restaurant,
4cf87a597b44224b717dcf05,POI-7,American Restaurant,
4cf87dd9ce1da1cda662c8e1,POI-46,Japanese Restaurant,
4cf883ecee0ea1437a033d97,POI-80,Ice Cream Shop,
4cf88a50ce1da1cda3a3c8e1,POI-33,Italian Restaurant,
4cf8ad2e466b6ea8d2e4628b,POI-49,Multiplex,
4cf8b10c7b44224b917bd005,POI-63,Bakery,
4cf8b199ce1da1cde04dc9e1,POI-10,Coffee Shop,
4cf8c31b466b6ea89941638b,POI-148,African Restaurant,
4cf8c520d76da35debc9c82c,POI-73,Electronics Store,
4cf8c9bfee0ea1431e5c3e97,POI-36,Asian Restaurant,
4cf8ceac01568cfae23622e7,POI-42,Food Court,
4cf8ced94464b60caf5262f8,POI-46,Japanese Restaurant,
4cf8ceff466b6ea84b7b638b,POI-36,Asian Restaurant,
4cf8d064d76da35d7d02c92c,POI-61,Shoe Store,
4cf8d59fde096dcb2d978a79,POI-17,Chinese Restaurant,
4cf8d7715698a0931c7007fc,POI-83,Fried Chicken Joint,
4cf8ee3cde096dcb7f438b79,POI-112,Gift Shop,
4cf8f5e8d76da35d96efc92c,POI-82,Swiss Restaurant,
4cf9b1b97f2db1f7e60623d4,POI-60,Automotive Shop,
4cf9b9f5ee9cb60c1f2486ad,POI-113,General Travel,
4cf9cd9d7945224b75677ce7,POI-42,Food Court,
4cf9d1612d80a143b4c640d8,POI-74,Fast Food Restaurant,
4cf9d4e17f2db1f729fe23d4,POI-4,Resort,
4cf9d845feec6dcbc72b3c36,POI-46,Japanese Restaurant,
4cf9db87dccef04d0706b29c,POI-36,Asian Restaurant,
4cf9e167feec6dcb2b693c36,POI-92,Salon / Barbershop,
4cf9f251feec6dcbc1d03c36,POI-149,Nail Salon,
4cf9f9100df3236a5b31f1a9,POI-56,Cosmetics Shop,
4cf9fcfbc671721ebad9ba18,POI-6,Tea Room,
4cfa0149dccef04d57d1b29c,POI-65,Women'S Store,
4cfa0c39084f548146e87809,POI-89,Arcade,
4cfa0d03c6cca35df1fc8332,POI-17,Chinese Restaurant,
4cfa0dcb084f5481e2ef7809,POI-18,Indian Restaurant,
4cfa0f807945224bb2d87de7,POI-92,Salon / Barbershop,
4cfa2871dccef04d6d92b39c,POI-36,Asian Restaurant,
4cfa2b33c51fa1cd7812df2b,POI-4,Resort,
4cfa2b76c6cca35d75968432,POI-32,Pizza Place,
4cfa3083084f5481169d7909,POI-39,Restaurant,
4cfa3ed27f2db1f7413926d4,POI-24,Malaysian Restaurant,
4cfa3f2fee9cb60c570c89ad,POI-22,Dessert Shop,
4cfa4d6fc6cca35dd45c8532,POI-11,Nightclub,
4cfa4d757f2db1f7b89026d4,POI-98,Snack Place,
4cfa517bdccef04df17cb49c,POI-36,Asian Restaurant,
4cfa56deee9cb60cd49989ad,POI-89,Arcade,
4cfa5a98d8468cfa182bed6b,POI-11,Nightclub,
4cfa5e4b2d80a1432c2844d8,POI-96,Karaoke Bar,
4cfa6a23ee9cb60cc2148aad,POI-2,Bar,
4cfa73480df3236a76ddf3a9,POI-74,Fast Food Restaurant,
4cfa942941eca090fb95d550,POI-46,Japanese Restaurant,
4cfae6420df3236a30c4f6a9,POI-36,Asian Restaurant,
4cfaf73b2d80a143508248d8,POI-101,Breakfast Spot,
4cfb048f7f2db1f725482bd4,POI-17,Chinese Restaurant,
4cfb0a4ac51fa1cd38a4e42b,POI-157,Smoke Shop,
4cfb0c71feec6dcb18574436,POI-57,Miscellaneous Shop,
4cfb0e4c0df3236a69d3f7a9,POI-36,Asian Restaurant,
4cfb23ad7945224b33ab84e7,POI-10,Coffee Shop,
4cfb268634c1a093f1d0440e,POI-22,Dessert Shop,
4cfb29b3feec6dcb782c4536,POI-17,Chinese Restaurant,
4cfb2e362d80a1434f1c4ad8,POI-92,Salon / Barbershop,
4cfb351020fe370487e952f8,POI-32,Pizza Place,
4cfb388f7f2db1f776982cd4,POI-36,Asian Restaurant,
4cfb4381ee9cb60cdc7f8fad,POI-73,Electronics Store,
4cfb49a32d80a14383c04ad8,POI-84,Boutique,
4cfb5c40ee9cb60ce0f48fad,POI-39,Restaurant,
4cfb5f85ee9cb60c080490ad,POI-69,Spa / Massage,
4cfb650220fe37046dec53f8,POI-57,Miscellaneous Shop,
4cfb66bf2d80a14356554bd8,POI-46,Japanese Restaurant,
4cfb66dad7206ea8c3d83e69,POI-61,Shoe Store,
4cfb709ac671721e5b8fc318,POI-61,Shoe Store,
4cfb743e34c1a0932852460e,POI-17,Chinese Restaurant,
4cfb75f67f2db1f7bec12dd4,POI-17,Chinese Restaurant,
4cfb7d9cee9cb60c978e90ad,POI-42,Food Court,
4cfb807ad7206ea8a44d3f69,POI-17,Chinese Restaurant,
4cfb80a37945224ba97b86e7,POI-17,Chinese Restaurant,
4cfb8554c671721eacf0c318,POI-81,Steakhouse,
4cfb8712c6cca35d88e18c32,POI-46,Japanese Restaurant,
4cfb89ef34c1a09390b4460e,POI-66,Grocery Store,
4cfc3bb8c6cca35d16b59032,POI-40,Seafood Restaurant,
4cfc3dbb084f5481b7618509,POI-60,Automotive Shop,
4cfc5985feec6dcbeb074c36,POI-60,Automotive Shop,
4cfc5f16c51fa1cdebbdeb2b,POI-21,Lounge,
4cfc9b537945224b3a1d8ce7,POI-56,Cosmetics Shop,
4cfcafe7084f548187678709,POI-61,Shoe Store,
4cfcbdccd8468cfae0f7fb6b,POI-65,Women'S Store,
4cfcbf0d7f2db1f72b4134d4,POI-17,Chinese Restaurant,
4cfcc0f0d8468cfa4009fc6b,POI-56,Cosmetics Shop,
4cfcc4a47f2db1f7ca5c34d4,POI-17,Chinese Restaurant,
4cfcc51d084f5481e3c68709,POI-58,Accessories Store,
4cfcc80bd8468cfad732fc6b,POI-65,Women'S Store,
4cfcca4e7945224b61ec8ce7,POI-65,Women'S Store,
4cfccc2cd8468cfab74afc6b,POI-38,Middle Eastern Restaurant,
4cfccc5a0df3236a71a800aa,POI-40,Seafood Restaurant,
4cfcccb12d80a143311353d8,POI-17,Chinese Restaurant,
4cfcdbda2d80a143576f53d8,POI-14,Pub,
4cfd71a2084f54815f4a8b09,POI-36,Asian Restaurant,
4cfd93f1ee9cb60c25519bad,POI-64,New American Restaurant,
4cfdaea1d7206ea8418c4a69,POI-100,Sports Bar,
4cfdaf8f0df3236a537e05aa,POI-42,Food Court,
4cfdb83120fe3704504c61f8,POI-124,Hot Dog Joint,
4cfdc6af0df3236a8ef105aa,POI-33,Italian Restaurant,
4cfdd475c671721e8df4cf18,POI-62,Jewelry Store,
4cfdf04dc51fa1cd9dbaf32b,POI-69,Spa / Massage,
4cfdf779feec6dcb6e235536,POI-126,Music Store,
4cfdf7807945224b652693e7,POI-89,Arcade,
4cfe10e2ee9cb60c25aa9dad,POI-42,Food Court,
4cfe1270c51fa1cdf751f42b,POI-114,Video Game Store,
4cfe127f7f2db1f7de343bd4,POI-128,Kids Store,
4cfe14fbd8468cfac6c6036c,POI-46,Japanese Restaurant,
4cfe2007c6cca35d8a599a32,POI-56,Cosmetics Shop,
4cfe2117d8468cfa0a0f046c,POI-63,Bakery,
4cfe25d7c671721e8e73d118,POI-63,Bakery,
4cfe2cd70df3236ad3d207aa,POI-22,Dessert Shop,
4cfe37187f2db1f7f8053cd4,POI-58,Accessories Store,
4cfe59057f2db1f719d33cd4,POI-16,Australian Restaurant,
4cfe7d387f2db1f715993dd4,POI-74,Fast Food Restaurant,
4cfe847ec6cca35d1e979c32,POI-46,Japanese Restaurant,
4cfeb0b90df3236ae98f0aaa,POI-36,Asian Restaurant,
4cfeeb2e7c5637042e78a7f0,POI-24,Malaysian Restaurant,
4cfeec941ebe6dcb08987e91,POI-92,Salon / Barbershop,
4cff16b51fcef04d77b9c3b9,POI-42,Food Court,
4cff3ae1ffcea14369402691,POI-62,Jewelry Store,
4cff40dc2685a35d937bc290,POI-90,Light Rail,
4cff4240ba1da1cd5b5f8228,POI-80,Ice Cream Shop,
4cff4c30ba1da1cd8b878228,POI-17,Chinese Restaurant,
4cff5a046923721effe0be3b,POI-2,Bar,
4cff5fe7ffcea14386e92691,POI-83,Fried Chicken Joint,
4cff62d721ea6ea8aa623c9f,POI-115,Soup Place,
4cff65c42685a35dd715c390,POI-92,Salon / Barbershop,
4cff6ec2202e224b7307ae2a,POI-46,Japanese Restaurant,
4cff7709f7b38cfa8d5ac9c3,POI-10,Coffee Shop,
4cff77b521ea6ea858cc3c9f,POI-102,Bbq Joint,
4cff7e14f1605481e62f99ea,POI-36,Asian Restaurant,
4cff9b320457b1f741ca2c78,POI-84,Boutique,
4cffb6c0f16054816b729aea,POI-162,Rental Car Location,
4d0054921ebe6dcb31db8691,POI-17,Chinese Restaurant,
4d005954ffcea14314072d91,POI-10,Coffee Shop,
4d0059a36edfa093c0d00b15,POI-36,Asian Restaurant,
4d00612b21ea6ea866ca419f,POI-36,Asian Restaurant,
4d00633b6923721eeb95c43b,POI-133,Salad Place,
4d0065e81fcef04dcf91cab9,POI-22,Dessert Shop,
4d0070937c5637040769b0f0,POI-140,Frozen Yogurt,
4d00771421ea6ea8f534429f,POI-42,Food Court,
4d007ae1ffcea14356bd2d91,POI-74,Fast Food Restaurant,
4d007efeff4d60fc25217a85,POI-36,Asian Restaurant,
4d008c0375d3236a1530ebf7,POI-5,Gaming Cafe,
4d00957df7b38cfa8d19d0c3,POI-5,Gaming Cafe,
4d00a3846923721e57b2c53b,POI-92,Salon / Barbershop,
4d00a3c31fcef04d3ba0cbb9,POI-58,Accessories Store,
4d00afe20457b1f78b823278,POI-4,Resort,
4d00b06775d3236a12caebf7,POI-4,Resort,
4d00b4952685a35d2715ca90,POI-126,Music Store,
4d00b6cff7988eec4dbc5ce7,POI-126,Music Store,
4d00b94affcea14384e82e91,POI-74,Fast Food Restaurant,
4d00bb6c21ea6ea86b5b439f,POI-17,Chinese Restaurant,
4d00bdf5f160548154b69fea,POI-10,Coffee Shop,
4d00ccb44f56b60c49b3a337,POI-94,Gas Station / Garage,
4d00d091ffcea14330782f91,POI-17,Chinese Restaurant,
4d00d4f81fcef04d64a1ccb9,POI-63,Bakery,
4d011687f7b38cfa8020d3c3,POI-11,Nightclub,
4d0166d025b13704833bc176,POI-88,Sandwich Place,
4d0167bce0c5a1cd26e776ae,POI-153,Bed & Breakfast,
4d017b54527e236a4815c385,POI-101,Breakfast Spot,
4d0186946289f04dbe6298cc,POI-67,Gym,
4d01980802d0a35d70559a7e,POI-11,Nightclub,
4d01b5ee37caa1cd6c4ae047,POI-36,Asian Restaurant,
4d01b6936b0c236a21abaaa2,POI-17,Chinese Restaurant,
4d01bc52b82d721e8ad47434,POI-14,Pub,
4d01c1ee02d0a35da7439b7e,POI-128,Kids Store,
4d01c9df3c89b60cc865638f,POI-17,Chinese Restaurant,
4d01edb63fd4224bdd0db477,POI-102,Bbq Joint,
4d02067a5824548146b348ac,POI-4,Resort,
4d020d2d3be26dcbf12376e4,POI-46,Japanese Restaurant,
4d021b3edc18b1f7d33eea10,POI-14,Pub,
4d02232a18ff8cfa01d9c257,POI-100,Sports Bar,
4d02261702d0a35d82309d7e,POI-17,Chinese Restaurant,
4d0233a557e2a0931595d436,POI-70,Korean Restaurant,
4d023c1768e38eecdc2adfc4,POI-14,Pub,
4d02400c18ff8cfa98acc357,POI-46,Japanese Restaurant,
4d0240fe68e38eec3e31dfc4,POI-31,Mexican Restaurant,
4d02411a58245481330a4aac,POI-7,American Restaurant,
4d0247b068e38eecac3adfc4,POI-18,Indian Restaurant,
4d0249f457e2a093f621d536,POI-36,Asian Restaurant,
4d024ac568e38eec6f3edfc4,POI-72,Vietnamese Restaurant,
4d02577e37caa1cd55b9e347,POI-141,Speakeasy,
4d02e81730a58cfac62a95e7,POI-17,Chinese Restaurant,
4d0301f337036dcbc25907fb,POI-22,Dessert Shop,
4d030258347da1cd1d0d238f,POI-56,Cosmetics Shop,
4d0318b8a26854819204b0bd,POI-106,Candy Store,
4d0328b637036dcba15d08fb,POI-84,Boutique,
4d03299f9d33a1437690b278,POI-53,Department Store,
4d033ff530a58cfa827c97e7,POI-26,Park,
4d034fda8620224b8731a240,POI-163,Piano Bar,
4d035026347da1cde7c1248f,POI-46,Japanese Restaurant,
4d035a99dc45a093c0a4e3c6,POI-56,Cosmetics Shop,
4d035bc754d0236a6079e8d5,POI-17,Chinese Restaurant,
4d0364082f96f04d227b1754,POI-46,Japanese Restaurant,
4d036554e350b60ca9c87c42,POI-24,Malaysian Restaurant,
4d03703ce350b60c10077d42,POI-33,Italian Restaurant,
4d0374ecc2e53704ffc2b167,POI-36,Asian Restaurant,
4d038194dc45a093467de4c6,POI-96,Karaoke Bar,
4d03c4bc7d9ba35d15d26123,POI-17,Chinese Restaurant,
4d04342579fd6a311f427e83,POI-44,Burger Joint,
4d04498ee8d85941a0c22da6,POI-46,Japanese Restaurant,
4d044d2fe8d85941eec62da6,POI-19,French Restaurant,
4d046a7b30a58cfa67ae9fe7,POI-17,Chinese Restaurant,
4d0474af0e49721e4863717f,POI-10,Coffee Shop,
4d0499cc37036dcb03fe11fb,POI-83,Fried Chicken Joint,
4d049ea90e49721ee830727f,POI-62,Jewelry Store,
4d04a6da347da1cd20002d8f,POI-36,Asian Restaurant,
4d04a77e2f96f04d4c181f54,POI-74,Fast Food Restaurant,
4d04a8ac37036dcb624812fb,POI-7,American Restaurant,
4d04b363c2e537045c2fba67,POI-46,Japanese Restaurant,
4d04b9590e49721e35ad727f,POI-39,Restaurant,
4d04bad4dc45a09311c9ebc6,POI-17,Chinese Restaurant,
4d04bba0347da1cd64622d8f,POI-32,Pizza Place,
4d04bbc70e49721e20b9727f,POI-36,Asian Restaurant,
4d04cdb6e350b60c424a8542,POI-63,Bakery,
4d04ce8e347da1cde0bd2d8f,POI-58,Accessories Store,
4d04e2fddc45a0933d84ecc6,POI-7,American Restaurant,
4d0573aac2e537043971be67,POI-43,Vegetarian / Vegan Restaurant,
4d057fd10e49721ec3b0767f,POI-36,Asian Restaurant,
4d05a5ad347da1cdf222328f,POI-37,Thai Restaurant,
4d05b9917d9ba35d95b66c23,POI-122,Skate Park,
4d05bc01a2685481707ebebd,POI-37,Thai Restaurant,
4d05d6d78620224b103cb040,POI-73,Electronics Store,
4d05dbb828926ea8ceb772c2,POI-24,Malaysian Restaurant,
4d05de808620224bf459b040,POI-77,Sushi Restaurant,
4d05f6a1a2685481cf65bfbd,POI-113,General Travel,
4d05f83fc2e53704e201c167,POI-58,Accessories Store,
4d05ff2937036dcb378719fb,POI-46,Japanese Restaurant,
4d06043f347da1cd66b8338f,POI-36,Asian Restaurant,
4d0604ce9d33a14301e0c378,POI-46,Japanese Restaurant,
4d06079630a58cfa2182a8e7,POI-81,Steakhouse,
4d0607b07d9ba35d75026e23,POI-101,Breakfast Spot,
4d0611b98620224b9d41b140,POI-10,Coffee Shop,
4d06136fe8d8594131542fa6,POI-100,Sports Bar,
4d0617d2dc45a093fe3ff2c6,POI-80,Ice Cream Shop,
4d0619bd30a58cfa28f1a8e7,POI-40,Seafood Restaurant,
4d062203347da1cdde60348f,POI-57,Miscellaneous Shop,
4d06251fa26854819b57c0bd,POI-32,Pizza Place,
4d06d5cddc45a093ddfaf5c6,POI-61,Shoe Store,
4d06d871dc45a0938709f6c6,POI-73,Electronics Store,
4d06da277d9ba35d1e677223,POI-73,Electronics Store,
4d06f92254d0236a3f0afcd5,POI-92,Salon / Barbershop,
4d0700779d33a143fe9bc978,POI-18,Indian Restaurant,
4d0701cc54d0236abc33fcd5,POI-85,Furniture / Home Store,
4d071025a268548183fcc4bd,POI-73,Electronics Store,
4d0713c630a58cfa69a5aee7,POI-63,Bakery,
4d0725a62f96f04dfa642b54,POI-63,Bakery,
4d0748bbc2e53704c947c867,POI-158,Train,
4d07593a347da1cd32733a8f,POI-32,Pizza Place,
4d075aaa26adb1f72e41e170,POI-37,Thai Restaurant,
4d076278347da1cd0fa63a8f,POI-74,Fast Food Restaurant,
4d079ab5e350b60cba579342,POI-40,Seafood Restaurant,
4d07a3f228926ea8bd727bc2,POI-36,Asian Restaurant,
4d08275205216dcb1d8419b6,POI-10,Coffee Shop,
4d08421f43b36ea880332cef,POI-17,Chinese Restaurant,
4d0845fe00e6b1f78fd60cd7,POI-36,Asian Restaurant,
4d084f77611ff04d62851afb,POI-56,Cosmetics Shop,
4d084fe14adb3704bc3ffc54,POI-56,Cosmetics Shop,
4d08784684ec224b0bda2962,POI-164,Indie Theater,
4d087a5b790fa09322b3c373,POI-106,Candy Store,
4d088e74143cb60cbcdf7ba6,POI-69,Spa / Massage,
4d08a326143cb60c2f417ca6,POI-65,Women'S Store,
4d08a3bc4adb370471d5fd54,POI-39,Restaurant,
4d08a6ca43b36ea81dec2def,POI-39,Restaurant,
4d08ad7e9232236a4c1abf53,POI-17,Chinese Restaurant,
4d08b0d04adb37049825fe54,POI-59,Men'S Store,
4d08cb53790fa0933146c573,POI-14,Pub,
4d09858c8ea0a1432f18e173,POI-17,Chinese Restaurant,
4d098eb4454c6dcb65203a8e,POI-114,Video Game Store,
4d0999f4d4018cfae9424328,POI-22,Dessert Shop,
4d09a5beacd4a1cddf0f7e93,POI-36,Asian Restaurant,
4d09aa0dd4018cfa069c4328,POI-88,Sandwich Place,
4d09c860e023224b89b75cd2,POI-18,Indian Restaurant,
4d0a023d4abf721e5191c65e,POI-6,Tea Room,
4d0a0b3c454c6dcb047f3c8e,POI-27,Art Gallery,
4d0a0ba0e023224b4be05dd2,POI-42,Food Court,
4d0a101b86b0236afa50b706,POI-121,Flea Market,
4d0a12398ea0a14378f4e373,POI-17,Chinese Restaurant,
4d0a184533d6b60c3c949885,POI-4,Resort,
4d0ab501f608721eb3ca370f,POI-10,Coffee Shop,
4d0ac5d66aa05481d16ce6aa,POI-63,Bakery,
4d0acc3c5f86f04d638ec8a0,POI-69,Spa / Massage,
4d0ad90f5c276a31a7ba9300,POI-102,Bbq Joint,
4d0adbcc984a6ea8aa858e64,POI-114,Video Game Store,
4d0aed8cf2c1236afdeffe56,POI-65,Women'S Store,
4d0aee83f608721e1928390f,POI-10,Coffee Shop,
4d0b0ce446bab60c1ead2590,POI-75,Bowling Alley,
4d0b13a746bab60c63ca2590,POI-67,Gym,
4d0b1b926aa05481632ee8aa,POI-18,Indian Restaurant,
4d0b1c196aa05481ab30e8aa,POI-73,Electronics Store,
4d0b2c2bd8d78cfaa1441bbe,POI-11,Nightclub,
4d0b3255f608721ef25e3a0f,POI-89,Arcade,
4d0b43959a4437049b76b867,POI-96,Karaoke Bar,
4d0b52a1d8d78cfa61151cbe,POI-115,Soup Place,
4d0b52cf6c51a143f075a935,POI-46,Japanese Restaurant,
4d0b5371984a6ea81bc39064,POI-11,Nightclub,
4d0b57386d26a093a47d772d,POI-17,Chinese Restaurant,
4d0b69e09a4437048f71b967,POI-22,Dessert Shop,
4d0b74cc6c51a143bb60aa35,POI-36,Asian Restaurant,
4d0b81379a4437046f15ba67,POI-22,Dessert Shop,
4d0c0f1b95c1a1cd6609fafe,POI-39,Restaurant,
4d0c1de3d515236aae7d054b,POI-28,Plaza,
4d0c2e2c257d6dcbd61c9467,POI-56,Cosmetics Shop,
4d0c41f41f6bf04dae9f7631,POI-56,Cosmetics Shop,
4d0c65debe6d6ea8ee06ffb4,POI-84,Boutique,
4d0c72597d28721edef9f220,POI-84,Boutique,
4d0c823e7d28721ebb44f320,POI-27,Art Gallery,
4d0c86a3e0b98cfae5bbd593,POI-70,Korean Restaurant,
4d0c87e41f6bf04d13fe7731,POI-119,Record Shop,
4d0c8810e0b98cfa4fc3d593,POI-69,Spa / Massage,
4d0c892f903d37049002be55,POI-53,Department Store,
4d0c926b5c46a093e83509b4,POI-91,Food & Drink Shop,
4d0c9858903d37049055be55,POI-35,Dim Sum Restaurant,
4d0c9c383bbaa143c91a37da,POI-36,Asian Restaurant,
4d0ca67b8010548171b61996,POI-40,Seafood Restaurant,
4d0cb4757d28721eba4af420,POI-7,American Restaurant,
4d0cb6c71f6bf04df0ec7831,POI-46,Japanese Restaurant,
4d0cca2deea9b60c825a5a3f,POI-2,Bar,
4d0ccbc0257d6dcb6cd39767,POI-114,Video Game Store,
4d0cd1cc7d28721e1119f520,POI-2,Bar,
4d0cd595903d37043f04c055,POI-31,Mexican Restaurant,
4d0cd60a7d28721e9d3df520,POI-11,Nightclub,
4d0d661c3905b1f7223f9a4b,POI-123,Convenience Store,
4d0d85aff393224b8e1a1dee,POI-36,Asian Restaurant,
4d0d8fd98010548104801f96,POI-46,Japanese Restaurant,
4d0d91ce95c1a1cdb73903ff,POI-17,Chinese Restaurant,
4d0daa9feea9b60cebf35f3f,POI-21,Lounge,
4d0db89c95c1a1cda51004ff,POI-39,Restaurant,
4d0dbfb9eea9b60c185e603f,POI-4,Resort,
4d0dc36895c1a1cd784404ff,POI-134,Flower Shop,
4d0ddfe95c46a093eae910b4,POI-36,Asian Restaurant,
4d0def0a257d6dcb1d559f67,POI-44,Burger Joint,
4d0df436be6d6ea8e8e507b5,POI-37,Thai Restaurant,
4d0df475eea9b60ce44d613f,POI-17,Chinese Restaurant,
4d0dfdc5bdbfa35de1b86c72,POI-56,Cosmetics Shop,
4d0e093e95c1a1cd1c8705ff,POI-10,Coffee Shop,
4d0e09a2e0b98cfa0581df93,POI-116,Beer Garden,
4d0e0ee95c46a0936fc311b4,POI-60,Automotive Shop,
4d0e466abdbfa35db6226e72,POI-94,Gas Station / Garage,
4d0ec9e062a5548142689c49,POI-56,Cosmetics Shop,
4d0ede58ba378cfa0c226e93,POI-134,Flower Shop,
4d0f0e62cf09a1438745230f,POI-113,General Travel,
4d0f0e6738bb6ea88abebcaa,POI-56,Cosmetics Shop,
4d0f1dbdba378cfab8456f93,POI-10,Coffee Shop,
4d0f1f47b765224b5911e332,POI-56,Cosmetics Shop,
4d0f2c1cd21db60ce0b22218,POI-66,Grocery Store,
4d0f34eea3d9721e2fc3cdfd,POI-36,Asian Restaurant,
4d0f397a38bb6ea89868bdaa,POI-130,Food Truck,
4d0f410ecf09a143be2d240f,POI-46,Japanese Restaurant,
4d0f462dcf09a143d04c240f,POI-85,Furniture / Home Store,
4d0f4a397177b1f7bf894a22,POI-17,Chinese Restaurant,
4d0f4fc5d21db60c9b652318,POI-14,Pub,
4d0f92efba378cfa71007293,POI-36,Asian Restaurant,
4d0f94aab765224b318ce532,POI-11,Nightclub,
4d0fa9f759606dcbf81c703e,POI-36,Asian Restaurant,
4d102934cf09a143535d2a0f,POI-37,Thai Restaurant,
4d1029b97177b1f733ea4f22,POI-46,Japanese Restaurant,
4d102fd15584f04d68745616,POI-56,Cosmetics Shop,
4d10390eba378cfa31807693,POI-10,Coffee Shop,
4d1039e759606dcb0905743e,POI-57,Miscellaneous Shop,
4d104de559606dcbef7a743e,POI-92,Salon / Barbershop,
4d105aaae2365481e44b77ea,POI-123,Convenience Store,
4d105c8a9302a35d5fac7a6e,POI-40,Seafood Restaurant,
4d105e12a3d9721e8facd4fd,POI-2,Bar,
4d105eeae2365481136077ea,POI-106,Candy Store,
4d106ae2e2365481eb9977ea,POI-22,Dessert Shop,
4d106ccf7177b1f7c7495122,POI-123,Convenience Store,
4d10786a9302a35d72327b6e,POI-80,Ice Cream Shop,
4d107ee271e8a1cd00f180bd,POI-62,Jewelry Store,
4d1085f771e8a1cdd71581bd,POI-57,Miscellaneous Shop,
4d109ce7c3dc3704ca243a74,POI-118,Wings Joint,
4d10a09938bb6ea8ff6ec5aa,POI-42,Food Court,
4d10aed2d467236a5d7dc54a,POI-6,Tea Room,
4d10d05a5584f04d8c085a16,POI-74,Fast Food Restaurant,
4d1149bf396ba09370e5ccb2,POI-90,Light Rail,
4d116df41483b1f712e48e3e,POI-17,Chinese Restaurant,
4d116dff85db54815bc7c021,POI-26,Park,
4d117662f6f3721e32a694e9,POI-28,Plaza,
4d11807f0c786ea80450d1ab,POI-17,Chinese Restaurant,
4d118f423e33b60caa3837af,POI-37,Thai Restaurant,
4d1190c8ed943704b7bd1862,POI-42,Food Court,
4d1191b00c786ea8a5bad1ab,POI-73,Electronics Store,
4d11a1743e33b60ca69f37af,POI-89,Arcade,
4d11abbaf29360fc006844b7,POI-26,Park,
4d11d237c5556dcb29d9cb90,POI-18,Indian Restaurant,
4d11dfdced943704ea9b1a62,POI-92,Salon / Barbershop,
4d11e21c396ba093f292d0b2,POI-17,Chinese Restaurant,
4d11e354f6f3721e441497e9,POI-17,Chinese Restaurant,
4d11e931c5556dcbdd7ecc90,POI-17,Chinese Restaurant,
4d11eea02e58370455e7dfd1,POI-2,Bar,
4d1210271f95236a5e433b06,POI-11,Nightclub,
4d122cf112916dcbf8ded38a,POI-56,Cosmetics Shop,
4d12814bd0fda093845aac57,POI-42,Food Court,
4d12a036058fa35dd662289f,POI-17,Chinese Restaurant,
4d12cdb3d0fda0937dd2ae57,POI-83,Fried Chicken Joint,
4d12cdc32e5837046f50e7d1,POI-92,Salon / Barbershop,
4d12daabffa36ea8c72bfcda,POI-134,Flower Shop,
4d12e1a280f6721ead281beb,POI-98,Snack Place,
4d12f9a52e583704e599e8d1,POI-57,Miscellaneous Shop,
4d1307060ad2f04ddaa0b054,POI-67,Gym,
4d1329cd2e58370488cce9d1,POI-2,Bar,
4d1331fa9844b60c84d7c0d4,POI-33,Italian Restaurant,
4d13406b9844b60c0b40c1d4,POI-36,Asian Restaurant,
4d134392058fa35d08ce2c9f,POI-7,American Restaurant,
4d134a522e583704a7d4ead1,POI-4,Resort,
4d136aa5ffa1224b324da0ad,POI-14,Pub,
4d13e2e8816af04db55e37c2,POI-39,Restaurant,
4d13ea9b73fc2d4344a4b26c,POI-36,Asian Restaurant,
4d13ff6f85fc6dcb34db934e,POI-103,Mobile Phone Shop,
4d140ac4816af04dbce138c2,POI-4,Resort,
4d1436071356a0937e46c782,POI-113,General Travel,
4d14360d1356a093aa46c782,POI-69,Spa / Massage,
4d145079cc216ea882195bd3,POI-56,Cosmetics Shop,
4d1455bb6d1037043b9620bd,POI-74,Fast Food Restaurant,
4d1459306c8b54815741d6cc,POI-46,Japanese Restaurant,
4d1461696c8b54814d75d6cc,POI-92,Salon / Barbershop,
4d1470f6e190721ee6580721,POI-92,Salon / Barbershop,
4d1480c6401db60c76b7d8a4,POI-41,Ramen /  Noodle House,
4d148ecae190721e38340821,POI-74,Fast Food Restaurant,
4d149ead25cda1434ea562d6,POI-42,Food Court,
4d14d877816af04d52383fc2,POI-5,Gaming Cafe,
4d1552d6401db60ca23fdfa4,POI-36,Asian Restaurant,
4d15673e8312236a50cf51ba,POI-28,Plaza,
4d1574b885fc6dcbc14ea04e,POI-92,Salon / Barbershop,
4d159e10816af04d849644c2,POI-35,Dim Sum Restaurant,
4d15a52ecc216ea89dc964d3,POI-113,General Travel,
4d15b8f96d103704c0d32bbd,POI-17,Chinese Restaurant,
4d15b9a1e190721e49c81021,POI-4,Resort,
4d15c2cb81cea35d159bdcec,POI-57,Miscellaneous Shop,
4d15c9ce401db60c5421e2a4,POI-44,Burger Joint,
4d15e06385fc6dcb791da34e,POI-40,Seafood Restaurant,
4d15e25685fc6dcb342ba34e,POI-45,Indonesian Restaurant,
4d160161cc216ea8bbe066d3,POI-123,Convenience Store,
4d161cfb6d103704aa6c2ebd,POI-125,Other Nightlife,
4d1697236d103704281031bd,POI-36,Asian Restaurant,
4d16973ae190721e497f1521,POI-65,Women'S Store,
4d169c23bb488cfac8e5a6d4,POI-26,Park,
4d16d4f781cea35d6faee2ec,POI-130,Food Truck,
4d16dcdd6c8b5481e7ade6cc,POI-22,Dessert Shop,
4d16dea3cc216ea8209f6bd3,POI-73,Electronics Store,
4d16e2adbb64224bc8d5bc65,POI-61,Shoe Store,
4d16e4d4e190721e65731721,POI-84,Boutique,
4d16ecb1e190721edda41721,POI-56,Cosmetics Shop,
4d16f3771356a093e3e0d882,POI-7,American Restaurant,
4d16fdbcb870a09055a2f658,POI-89,Arcade,
4d17068f85fc6dcb2b62aa4e,POI-80,Ice Cream Shop,
4d17145c6d1037044b7834bd,POI-52,Arts & Crafts Store,
4d171c3dbb64224bb729be65,POI-62,Jewelry Store,
4d172bdb25cda143eafb74d6,POI-40,Seafood Restaurant,
4d1745e66c8b54817835e9cc,POI-85,Furniture / Home Store,
4d1748448312236a38dd5cba,POI-96,Karaoke Bar,
4d17558ecc216ea820796ed3,POI-38,Middle Eastern Restaurant,
4d175f171356a0932278db82,POI-18,Indian Restaurant,
4d177dff25cda143ae6077d6,POI-14,Pub,
4d17e7d0816af04d459952c2,POI-67,Gym,
4d181d14bb64224bf947c565,POI-33,Italian Restaurant,
4d18315c1356a0932f52e182,POI-92,Salon / Barbershop,
4d1831691356a0938152e182,POI-112,Gift Shop,
4d184d32cc216ea8593b75d3,POI-112,Gift Shop,
4d1862076d10370427723ebd,POI-37,Thai Restaurant,
4d186981302da1cde18ec293,POI-91,Food & Drink Shop,
4d187ded1356a0931215e382,POI-77,Sushi Restaurant,
4d18972025cda143cdf17fd6,POI-17,Chinese Restaurant,
4d18cc3fb15cb1f7cde0bd21,POI-4,Resort,
4d1945f9b15cb1f794acc121,POI-13,Diner,
4d1983accc216ea8161e7ed3,POI-67,Gym,
4d1988ab6c8b5481a97ef9cc,POI-56,Cosmetics Shop,
4d198b2ebb488cfa8602bed4,POI-73,Electronics Store,
4d198fa3302da1cdff3acb93,POI-62,Jewelry Store,
4d19b4c9cc216ea879337fd3,POI-74,Fast Food Restaurant,
4d19bfd4816af04d248a5fc2,POI-63,Bakery,
4d19d75f25cda1433f228ad6,POI-17,Chinese Restaurant,
4d19e62981cea35d855df8ec,POI-80,Ice Cream Shop,
4d19e6aab15cb1f7e706c621,POI-42,Food Court,
4d1a39a11356a09390e7ef82,POI-36,Asian Restaurant,
4d1ab96531af236ac9770c17,POI-165,Arepa Restaurant,
4d1ab9de70d76ea8147b4973,POI-46,Japanese Restaurant,
4d1ac7976526a35db2850a16,POI-41,Ramen /  Noodle House,
4d1acf9b31af236aed240d17,POI-42,Food Court,
4d1af87053248cfafe37bd96,POI-77,Sushi Restaurant,
4d1afc2a2a52b60cedc8f3ff,POI-92,Salon / Barbershop,
4d1afcb12a52b60c82ccf3ff,POI-92,Salon / Barbershop,
4d1b004b83c5a1cd783d284e,POI-63,Bakery,
4d1b0be6dd363704ca93601a,POI-43,Vegetarian / Vegan Restaurant,
4d1b1bf453248cfa1b4ebe96,POI-36,Asian Restaurant,
4d1b25935acb721e13e70bb2,POI-92,Salon / Barbershop,
4d1b3ae3c5f5b1f7251dda36,POI-58,Accessories Store,
4d1b3b766526a35d92cc0d16,POI-70,Korean Restaurant,
4d1b3c59c5f5b1f72829da36,POI-42,Food Court,
4d1b49ad11fca093a1e19cce,POI-38,Middle Eastern Restaurant,
4d1c04f4fd7bb60c5dcf9ae1,POI-30,Water Park,
4d1c1673c68aa1cd3a0fa0e2,POI-36,Asian Restaurant,
4d1c25ea09546dcba1bacf38,POI-10,Coffee Shop,
4d1c2dbdc50e6ea879b2d0b8,POI-54,Clothing Store,
4d1c425a1cb9a1435042ad2b,POI-84,Boutique,
4d1c7feb1356224b89c60fbe,POI-46,Japanese Restaurant,
4d1c80637e10a35d10b2ff82,POI-17,Chinese Restaurant,
4d1ca0fb09546dcb4dd7d338,POI-84,Boutique,
4d1cc4f532982c0fae2fc8c8,POI-17,Chinese Restaurant,
4d1ceee1e56f6ea8982c571d,POI-123,Convenience Store,
4d1d31c88629224b8e13f786,POI-117,Bike Shop,
4d1d72f1e56f6ea88cef5b1d,POI-10,Coffee Shop,
4d1d76655acaa35d783fae35,POI-84,Boutique,
4d1d854cb69c6dcb21415495,POI-102,Bbq Joint,
4d1d964cdd6a236a38fc1e38,POI-41,Ramen /  Noodle House,
4d1d9bfd16cfb60c42d04061,POI-36,Asian Restaurant,
4d1db676e56f6ea877d45d1d,POI-70,Korean Restaurant,
4d1dd3df5acaa35d820db135,POI-32,Pizza Place,
4d1e00a186e154811645a53a,POI-14,Pub,
4d1e05ce2d5f8eec1cbd78cc,POI-10,Coffee Shop,
4d1e05ee0901721e97f97da5,POI-36,Asian Restaurant,
4d1e0d92756e8cfa91835554,POI-22,Dessert Shop,
4d1ea67c5acaa35d0783b935,POI-92,Salon / Barbershop,
4d1eadd06e8c37045cd6e99f,POI-84,Boutique,
4d1eb3ed16cfb60c807e4b61,POI-17,Chinese Restaurant,
4d1eb449756e8cfa81e95c54,POI-85,Furniture / Home Store,
4d1ec50a5acaa35d97d4ba35,POI-70,Korean Restaurant,
4d1ed91db69c6dcb8c726295,POI-84,Boutique,
4d1ee4ef86e15481272dae3a,POI-44,Burger Joint,
4d1efaa6f7a9a143ed70209f,POI-6,Tea Room,
4d1f20306e8c37049100ee9f,POI-17,Chinese Restaurant,
4d1f26475acaa35d6ec6bd35,POI-123,Convenience Store,
4d1f2e996e8c37048274ee9f,POI-57,Miscellaneous Shop,
4d1fef5a2eb1f04d6c15ecc1,POI-128,Kids Store,
4d1fefa3bdd7a093428ae9ce,POI-66,Grocery Store,
4d202a7a86e1548143e0b73a,POI-22,Dessert Shop,
4d203c6ff7a9a1432c422b9f,POI-106,Candy Store,
4d204340756e8cfabccb6a54,POI-26,Park,
4d205d90d7b0b1f77034149f,POI-42,Food Court,
4d205e1c6e8c370480c8f89f,POI-17,Chinese Restaurant,
4d2061e88629224bf2901287,POI-84,Boutique,
4d2064165c4ca1cd12e2a03d,POI-36,Asian Restaurant,
4d206a20e56f6ea891ea741d,POI-66,Grocery Store,
4d20afbb0901721edc9994a5,POI-162,Rental Car Location,
4d20b3d8bdd7a093ea8defce,POI-18,Indian Restaurant,
4d211335f7a9a143e7ff329f,POI-67,Gym,
4d211a84f7a9a143a44a339f,POI-88,Sandwich Place,
4d2137b086e15481dd84c03a,POI-36,Asian Restaurant,
4d213b968629224b67c81987,POI-66,Grocery Store,
4d215dd7b69c6dcb29be7895,POI-42,Food Court,
4d216d8216cfb60c606e6161,POI-54,Clothing Store,
4d2170fb5acaa35de83dd035,POI-92,Salon / Barbershop,
4d217b39b69c6dcb49b37995,POI-135,Tanning Salon,
4d21904016cfb60cd3626261,POI-36,Asian Restaurant,
4d219a5c8629224b8a7e1c87,POI-113,General Travel,
4d21bb4c8629224bee7a1d87,POI-42,Food Court,
4d21c1faf7a9a1438df2389f,POI-55,Sporting Goods Shop,
4d21c9fce56f6ea895f57f1d,POI-13,Diner,
4d21d86f8629224b08841e87,POI-113,General Travel,
4d221559756e8cfad1917b54,POI-38,Middle Eastern Restaurant,
4d228f1ef7a9a1439b9e409f,POI-36,Asian Restaurant,
4d22a885dd6a236a20c14938,POI-123,Convenience Store,
4d22adbef7a9a14325ab419f,POI-41,Ramen /  Noodle House,
4d22cf795acaa35d9c54db35,POI-54,Clothing Store,
4d22e9ef8629224b101b2787,POI-91,Food & Drink Shop,
4d22f53cbdd7a093e57901cf,POI-85,Furniture / Home Store,
4d22f54ab69c6dcb2ec48695,POI-10,Coffee Shop,
4d230f11b69c6dcbdfac8795,POI-33,Italian Restaurant,
4d231a172eb1f04df45405c2,POI-21,Lounge,
4d23265a6e8c3704781712a0,POI-107,Pet Store,
4d23b5fd8882a35dff630e38,POI-79,Food,
4d23cce68882a35db0500f38,POI-101,Breakfast Spot,
4d23edce75526dcb54b505a9,POI-133,Salad Place,
4d23f75a14f2b1f776b16abe,POI-46,Japanese Restaurant,
4d23fca12ac6f04d5ac33145,POI-46,Japanese Restaurant,
4d2401d6e704b60cd7935da9,POI-17,Chinese Restaurant,
4d2404138882a35d6b191138,POI-24,Malaysian Restaurant,
4d24168d53e4a093c6b68477,POI-17,Chinese Restaurant,
4d2423300e998cfadf7b213f,POI-84,Boutique,
4d244ec2e704b60cd6965fa9,POI-145,Farmers Market,
4d24597d836f5481a13642f7,POI-91,Food & Drink Shop,
4d24633cfdfb236ab8547867,POI-81,Steakhouse,
4d24652a75526dcbf97109a9,POI-6,Tea Room,
4d2468970e998cfaafb8233f,POI-10,Coffee Shop,
4d24773df39ca14334e675b8,POI-17,Chinese Restaurant,
4d247b3be704b60c622e61a9,POI-2,Bar,
4d250c08903c8cfa38c0ca25,POI-89,Arcade,
4d2529bfc0772c0f45219d88,POI-103,Mobile Phone Shop,
4d2534e1b9796dcbd9caa639,POI-4,Resort,
4d2556133574a143e3724dd1,POI-39,Restaurant,
4d256545c2b36ea8cea125d4,POI-85,Furniture / Home Store,
4d2578b55886a093045ff352,POI-2,Bar,
4d258c963574a14378074fd1,POI-54,Clothing Store,
4d259227903c8cfa5c60cf25,POI-10,Coffee Shop,
4d259bbbbcc1224b2235921b,POI-157,Smoke Shop,
4d25a354bcc1224b8f6f921b,POI-17,Chinese Restaurant,
4d25abc1d713b1f72dfce053,POI-17,Chinese Restaurant,
4d25b22138d0236a2ec0edb6,POI-36,Asian Restaurant,
4d25b848903c8cfacfbbd025,POI-137,Juice Bar,
4d25cde1903c8cfa0da6d125,POI-10,Coffee Shop,
4d265ed1068e8cfa3103b04c,POI-10,Coffee Shop,
4d266bd2849f37041fed5e41,POI-10,Coffee Shop,
4d26942e8292236af90808bb,POI-67,Gym,
4d2698703c7954813733bd9b,POI-67,Gym,
4d26bda755a8b60cec88bdc0,POI-139,Board Shop,
4d26de9b77a2a1cdb24753b7,POI-34,Mediterranean Restaurant,
4d270182f7a9224b0111e79f,POI-125,Other Nightlife,
4d271ec4fb8e59414d084c54,POI-81,Steakhouse,
4d27421a8292236a23020ebb,POI-57,Miscellaneous Shop,
4d276423849f37045ead6841,POI-94,Gas Station / Garage,
4d27b91bf7a9224b441aee9f,POI-123,Convenience Store,
4d27e060849f3704620b6e41,POI-24,Malaysian Restaurant,
4d280afa342d6dcb1c72f4ca,POI-36,Asian Restaurant,
4d28101455a8b60c4406cac0,POI-7,American Restaurant,
4d28186b8292236a063d16bb,POI-58,Accessories Store,
4d282cda888af04d1257c3af,POI-36,Asian Restaurant,
4d2839f4915fa093d3e7fa09,POI-134,Flower Shop,
4d285484849f3704ea927241,POI-17,Chinese Restaurant,
4d285f9e8292236a329b18bb,POI-123,Convenience Store,
4d286b413c795481f8edcd9b,POI-44,Burger Joint,
4d2874c2849f370425ea7341,POI-121,Flea Market,
4d287751ebacb1f7294ff14f,POI-24,Malaysian Restaurant,
4d288fb5ebacb1f75749f24f,POI-11,Nightclub,
4d2890ceec272d43b2e6354c,POI-17,Chinese Restaurant,
4d28d083342d6dcb4c87fcca,POI-28,Plaza,
4d28e6963c7954818bbad29b,POI-10,Coffee Shop,
4d292ff1915fa0939f44040a,POI-65,Women'S Store,
4d293aab849f3704f8ab7c41,POI-53,Department Store,
4d293b4eebacb1f7242df94f,POI-17,Chinese Restaurant,
4d294741915fa093eb31050a,POI-43,Vegetarian / Vegan Restaurant,
4d2952603c7954818403d79b,POI-42,Food Court,
4d29532db818a35d49179e8a,POI-66,Grocery Store,
4d296b3e6e27a143a9dc2424,POI-39,Restaurant,
4d29705cf7a9224b54dbfe9f,POI-22,Dessert Shop,
4d297d34888af04d72dbcfaf,POI-39,Restaurant,
4d298dba8292236a7a2224bb,POI-28,Plaza,
4d29a7a2342d6dcbe93a05cb,POI-44,Burger Joint,
4d29a8066e27a14303ec2624,POI-42,Food Court,
4d29b211ebacb1f7a21ffd4f,POI-40,Seafood Restaurant,
4d29ca65915fa093a651090a,POI-26,Park,
4d29d61d342d6dcbbbdc06cb,POI-17,Chinese Restaurant,
4d2a4c1055a8b60cb743dec0,POI-10,Coffee Shop,
4d2a5027888af04d7fc0d6af,POI-46,Japanese Restaurant,
4d2a54f6342d6dcba4c70bcb,POI-17,Chinese Restaurant,
4d2a8475f7a9224b871808a0,POI-128,Kids Store,
4d2a8ba5342d6dcb61e20dcb,POI-130,Food Truck,
4d2a8bed3c7954817768e19b,POI-10,Coffee Shop,
4d2aebd6342d6dcb7ef510cb,POI-2,Bar,
4d2b421355a8b60c2444e6c0,POI-53,Department Store,
4d2b9e966e27a143356d3924,POI-18,Indian Restaurant,
4d2bdcd98292236afddc37bb,POI-36,Asian Restaurant,
4d2be2dc068e8cfada4fe74c,POI-8,Gastropub,
4d2be88e068e8cfaed80e74c,POI-13,Diner,
4d2bf4b6342d6dcb21fe1acb,POI-36,Asian Restaurant,
4d2c11dff7a9224bc5f714a0,POI-42,Food Court,
4d2c1a75b818a35d3a7ab58a,POI-74,Fast Food Restaurant,
4d2c2a2a77a2a1cdcd0183b7,POI-74,Fast Food Restaurant,
4d2c2c43888af04d2bf5e5af,POI-83,Fried Chicken Joint,
4d2c4700342d6dcb98a71dcb,POI-40,Seafood Restaurant,
4d2c55fa55a8b60cfe04efc0,POI-85,Furniture / Home Store,
4d2c5a86f7a9224b314f17a0,POI-28,Plaza,
4d2c66196e27a143abbc4024,POI-68,Gym / Fitness Center,
4d2cc97aad25224b0e04fa8f,POI-26,Park,
4d2d04e5f728b60c395097fd,POI-56,Cosmetics Shop,
4d2d192eaa5c6ea89a95aa04,POI-42,Food Court,
4d2d2ed2a40da35d79fe8f77,POI-36,Asian Restaurant,
4d2d317aa40da35d15149077,POI-17,Chinese Restaurant,
4d2d35b9aa5c6ea8a080ab04,POI-102,Bbq Joint,
4d2d4418ad25224bca57fe8f,POI-67,Gym,
4d2d495c679e6dcb5104ae95,POI-44,Burger Joint,
4d2d5e4388e23704c52339c7,POI-27,Art Gallery,
4d2d813388e2370406363ac7,POI-55,Sporting Goods Shop,
4d2d8c6b79bc721ed204ecee,POI-121,Flea Market,
4d2d8fe06e1eb1f772bc0d5f,POI-19,French Restaurant,
4d2d8fe0f728b60caa839bfd,POI-41,Ramen /  Noodle House,
4d2d94a6853ff04dc7e6c9da,POI-69,Spa / Massage,
4d2da389ad25224b143f0190,POI-22,Dessert Shop,
4d2dafd3679e6dcb5a91b195,POI-1,Wine Bar,
4d2db90dad25224b4a110290,POI-40,Seafood Restaurant,
4d2e70394377224bd0ce0e38,POI-36,Asian Restaurant,
4d2e7c875055a35de97193ca,POI-63,Bakery,
4d2e934f940137047541e7da,POI-56,Cosmetics Shop,
4d2e9487b97cb1f732cb9048,POI-39,Restaurant,
4d2ec42a49bb721ecc878195,POI-91,Food & Drink Shop,
4d2ed6875d4ca1cd8b881b1b,POI-7,American Restaurant,
4d2edcd05055a35d6e4296ca,POI-36,Asian Restaurant,
4d2eec4c73e5a09391ac55cf,POI-96,Karaoke Bar,
4d2eed1a5d4ca1cd77551c1b,POI-22,Dessert Shop,
4d2eedb573e5a09308ba55cf,POI-22,Dessert Shop,
4d2ef31690cb236af2e66878,POI-21,Lounge,
4d2efb2b940137040bcdeada,POI-17,Chinese Restaurant,
4d2f0317940137048d27ebda,POI-54,Clothing Store,
4d2f0d81940137043f9cebda,POI-18,Indian Restaurant,
4d2f84f17791224b5474c842,POI-10,Coffee Shop,
4d2f985ca241f04dcaaaac27,POI-91,Food & Drink Shop,
4d2f9cb4f986a093182af566,POI-67,Gym,
4d2f9f91f9daa1cdfaa15e50,POI-28,Plaza,
4d2fab1f5acfa35d6924f2cb,POI-7,American Restaurant,
4d2fc1ae10e9b1f7c3dfb4f1,POI-107,Pet Store,
4d2fd6c6789a8cfa654829c6,POI-88,Sandwich Place,
4d2fd958a62d721e140e957d,POI-22,Dessert Shop,
4d2fdb6196fe6ea878041044,POI-130,Food Truck,
4d2fde56a241f04d6c4faf27,POI-35,Dim Sum Restaurant,
4d2feb6d96fe6ea8b7871044,POI-10,Coffee Shop,
4d2fece6f986a0935806f866,POI-137,Juice Bar,
4d2ff0e0789a8cfaea382ac6,POI-36,Asian Restaurant,
4d2ff98ed902236acb114fe4,POI-56,Cosmetics Shop,
4d3000f182fd54813236afa8,POI-62,Jewelry Store,
4d3008475f806dcb771015ac,POI-17,Chinese Restaurant,
4d30282c10e9b1f74516b8f1,POI-27,Art Gallery,
4d3029cb96fe6ea80e4e1244,POI-57,Miscellaneous Shop,
4d302bcaa241f04d33a2b127,POI-17,Chinese Restaurant,
4d303026789a8cfa36512cc6,POI-38,Middle Eastern Restaurant,
4d303302a241f04de7e5b127,POI-10,Coffee Shop,
4d30455ad902236aab8d51e4,POI-40,Seafood Restaurant,
4d3049b6789a8cfa2d742dc6,POI-17,Chinese Restaurant,
4d304a9810e9b1f76374b9f1,POI-43,Vegetarian / Vegan Restaurant,
4d304ac3f986a093720afb66,POI-46,Japanese Restaurant,
4d304db77791224bd3b1cf42,POI-37,Thai Restaurant,
4d304ef44db13704aef1f95d,POI-66,Grocery Store,
4d307b6ad902236ae3d353e4,POI-125,Other Nightlife,
4d307c71d902236a31de53e4,POI-26,Park,
4d3083eff9daa1cd9af16650,POI-123,Convenience Store,
4d30fb422e56236afa0c0eb4,POI-10,Coffee Shop,
4d30fe4eeefa8cfa6c6426b3,POI-10,Coffee Shop,
4d3102862c76a1431eb660c7,POI-36,Asian Restaurant,
4d310e7dc75a6ea85bb700ae,POI-39,Restaurant,
4d31200d2e56236a20b80fb4,POI-72,Vietnamese Restaurant,
4d3129d0f8c9224bfa7aa4d2,POI-36,Asian Restaurant,
4d3130e62c76a1432afd62c7,POI-54,Clothing Store,
4d313303b60937045c53e9df,POI-54,Clothing Store,
4d3135028250f04d619ae7e0,POI-36,Asian Restaurant,
4d313e875c2db60c3e73b66c,POI-2,Bar,
4d31446f8c42a1cd201cdd5d,POI-74,Fast Food Restaurant,
4d314b3b5017a093e50e3e9b,POI-74,Fast Food Restaurant,
4d3154e62c76a1436d7564c7,POI-17,Chinese Restaurant,
4d3164272e56236afc3412b4,POI-28,Plaza,
4d31670ef8c9224b2ca9a6d2,POI-134,Flower Shop,
4d316e5d98336dcb941d18f0,POI-67,Gym,
4d316e88b609370471a0ebdf,POI-17,Chinese Restaurant,
4d316ed8c6cba35d9904177a,POI-17,Chinese Restaurant,
4d317018f8c9224b43f2a6d2,POI-57,Miscellaneous Shop,
4d318450eefa8cfa691d2cb3,POI-8,Gastropub,
4d3185665017a0931af63f9b,POI-36,Asian Restaurant,
4d319312329e548132e5a71d,POI-36,Asian Restaurant,
4d3197cb72a8b1f79a7495d0,POI-61,Shoe Store,
4d31a34f2e56236a9e7914b4,POI-36,Asian Restaurant,
4d31abbbc75a6ea88d7106ae,POI-2,Bar,
4d31b40ac75a6ea892c506ae,POI-33,Italian Restaurant,
4d31bfcf2c76a14372e168c7,POI-14,Pub,
4d31d503c75a6ea89b1b08ae,POI-113,General Travel,
4d323d27b609370494e8f4df,POI-101,Breakfast Spot,
4d32645f72a8b1f7f3179ed0,POI-63,Bakery,
4d326a285c2db60c540ec26c,POI-17,Chinese Restaurant,
4d32872d2c76a1430a3472c7,POI-128,Kids Store,
4d328e882e56236a674e1eb4,POI-61,Shoe Store,
4d3290c2329e54814a29b21d,POI-10,Coffee Shop,
4d329e145c2db60c5118c46c,POI-4,Resort,
4d32b5fdb60937048735fadf,POI-127,Internet Cafe,
4d32b81eb60937044848fadf,POI-73,Electronics Store,
4d32bbf498336dcb64f226f0,POI-61,Shoe Store,
4d32bd048250f04d07b6f6e0,POI-17,Chinese Restaurant,
4d32bd31b60937040a75fadf,POI-16,Australian Restaurant,
4d32bf8298336dcb031127f0,POI-22,Dessert Shop,
4d32c2ff2e56236ad30620b4,POI-73,Electronics Store,
4d32c569b609370439bffadf,POI-115,Soup Place,
4d32c67e98336dcbd54f27f0,POI-74,Fast Food Restaurant,
4d32ccc272a8b1f725e8a1d0,POI-17,Chinese Restaurant,
4d32d68b98336dcb29e627f0,POI-40,Seafood Restaurant,
4d32e6c66c7c721e0084b456,POI-102,Bbq Joint,
4d32e8938250f04d281ef8e0,POI-92,Salon / Barbershop,
4d32f1c28c42a1cda486ed5d,POI-18,Indian Restaurant,
4d332a6c72a8b1f74e1fa5d0,POI-11,Nightclub,
4d3385598c42a1cd9bd4f25d,POI-10,Coffee Shop,
4d339e706c7c721ec332bb56,POI-123,Convenience Store,
4d33a07398336dcb260630f0,POI-21,Lounge,
4d33b9c0f8c9224b912dbdd2,POI-67,Gym,
4d33c9a1c6cba35d15052e7a,POI-66,Grocery Store,
4d33ccdef8c9224b29cabdd2,POI-39,Restaurant,
4d33ced8c6cba35dce302e7a,POI-84,Boutique,
4d33e1f6f8c9224b5274bed2,POI-10,Coffee Shop,
4d33f057c75a6ea8846e1bae,POI-68,Gym / Fitness Center,
4d33fd1aeefa8cfa7c6f46b3,POI-36,Asian Restaurant,
4d340dfd6c7c721e4dacbe56,POI-115,Soup Place,
4d3411a75c2db60cfd7dd06c,POI-69,Spa / Massage,
4d341e3898336dcb9a5934f0,POI-77,Sushi Restaurant,
4d34318498336dcb1b1935f0,POI-17,Chinese Restaurant,
4d3437ce2c76a143dfa382c7,POI-17,Chinese Restaurant,
4d3441d0f8c9224bd574c1d2,POI-92,Salon / Barbershop,
4d34cf21b609370437c60ee0,POI-96,Karaoke Bar,
4d34d826c75a6ea8951f23ae,POI-10,Coffee Shop,
4d34f8a6329e54815015c71d,POI-68,Gym / Fitness Center,
4d350bb998336dcb2fe03df0,POI-132,Filipino Restaurant,
4d350f398c42a1cd4287005e,POI-17,Chinese Restaurant,
4d35127bf8c9224b00fec8d2,POI-46,Japanese Restaurant,
4d351e8372a8b1f760ccb6d0,POI-36,Asian Restaurant,
4d352859eefa8cfaef0352b3,POI-39,Restaurant,
4d35442cf8c9224b2380cad2,POI-42,Food Court,
4d354823280e2c0f5fbd59bc,POI-46,Japanese Restaurant,
4d356d472c76a14331658ec7,POI-43,Vegetarian / Vegan Restaurant,
4d3571d4b6093704dcc114e0,POI-10,Coffee Shop,
4d357413eefa8cfa0d7954b3,POI-62,Jewelry Store,
4d3577ba72a8b1f7ed78b9d0,POI-36,Asian Restaurant,
4d357f2d72a8b1f760c1b9d0,POI-57,Miscellaneous Shop,
4d3586972e56236a444938b4,POI-17,Chinese Restaurant,
4d35893d8c42a1cda758045e,POI-17,Chinese Restaurant,
4d358c3c8c42a1cdff76045e,POI-67,Gym,
4d358d03c6cba35dac4f3d7a,POI-40,Seafood Restaurant,
4d358e7572a8b1f7235cbad0,POI-59,Men'S Store,
4d3593262e56236af1cc38b4,POI-65,Women'S Store,
4d35937662a22d4348a6049b,POI-39,Restaurant,
4d3593c672a8b1f72495bad0,POI-40,Seafood Restaurant,
4d359e1e2c76a143037d90c7,POI-36,Asian Restaurant,
4d35c3f8f8c9224b97ffced2,POI-17,Chinese Restaurant,
4d36316248098cfac1394417,POI-25,Zoo,
4d3656cfcf67a143704cb228,POI-92,Salon / Barbershop,
4d365fe89601236a7192c887,POI-36,Asian Restaurant,
4d3663311b39224b21179b87,POI-36,Asian Restaurant,
4d366bceeba45481561907f5,POI-17,Chinese Restaurant,
4d366d8bb5936dcb8881f2b8,POI-39,Restaurant,
4d366f0b48098cfadcc24617,POI-17,Chinese Restaurant,
4d36708026e0a1cd5cf3699e,POI-17,Chinese Restaurant,
4d3673153612a09308577f5d,POI-76,Deli / Bodega,
4d3673cd48098cfac9ef4617,POI-17,Chinese Restaurant,
4d36760048cdb1f7eab5f337,POI-61,Shoe Store,
4d36823f48098cfa3a6e4717,POI-67,Gym,
4d368552cf67a14340f2b328,POI-56,Cosmetics Shop,
4d3688a9edbd3704765b6be3,POI-22,Dessert Shop,
4d369303600a721e424ab255,POI-10,Coffee Shop,
4d36a6bda740b60c60930066,POI-98,Snack Place,
4d36c068d8caa1cdd33270d6,POI-22,Dessert Shop,
4d36c7a64f36a14332c53c27,POI-46,Japanese Restaurant,
4d36c9b3a740b60c5da40166,POI-158,Train,
4d36cc8ba740b60cfdbe0166,POI-56,Cosmetics Shop,
4d36d39c1931224bdce10ecb,POI-10,Coffee Shop,
4d36da741931224b3a270fcb,POI-40,Seafood Restaurant,
4d36dda6036c54816b9e4789,POI-10,Coffee Shop,
4d36e52ad8caa1cdfb9771d6,POI-38,Middle Eastern Restaurant,
4d36ee7e4f36a143ac823e27,POI-10,Coffee Shop,
4d36fbf938f2370429c42ab0,POI-18,Indian Restaurant,
4d377d443d958cfa164ba971,POI-42,Food Court,
4d377e2fb9e5224bbc514b90,POI-10,Coffee Shop,
4d3795267ebf721ef08268fb,POI-48,Theater,
4d37b79b9784a093f0f6d9e8,POI-158,Train,
4d37b7b37ebf721e9dbf69fb,POI-17,Chinese Restaurant,
4d37b874159937042a4ab291,POI-39,Restaurant,
4d37c7d06eef54813cf03a48,POI-36,Asian Restaurant,
4d37cd199784a0930ea9dae8,POI-66,Grocery Store,
4d37cdd3b9e5224b25444e90,POI-166,Paella Restaurant,
4d37f18bd60c6dcbf7f372bc,POI-18,Indian Restaurant,
4d37f559b9e5224b0d6f4f90,POI-26,Park,
4d3826c2fe80a1cde411829f,POI-130,Food Truck,
4d382c21b9e5224bd1465190,POI-122,Skate Park,
4d382c9ef1b06ea81c451355,POI-98,Snack Place,
4d383bb80f81b60cca003e3a,POI-36,Asian Restaurant,
4d383d14d60c6dcb7ae575bc,POI-36,Asian Restaurant,
4d383dfaf1b06ea8fcfa1355,POI-102,Bbq Joint,
4d383e55b274b1f7ffd4e6a3,POI-37,Thai Restaurant,
4d3866fcb9e5224b41a45390,POI-11,Nightclub,
4d38c705928c224b64ec5c1a,POI-121,Flea Market,
4d38e077928c224b8d0e5e1a,POI-102,Bbq Joint,
4d38f0464215f04d88d9cdf8,POI-92,Salon / Barbershop,
4d38f406a558a1cdfdb5cd43,POI-87,Car Dealership,
4d38f9374215f04de230cef8,POI-92,Salon / Barbershop,
4d38fd37473037044da06ea5,POI-10,Coffee Shop,
4d38feb7be018eecc7e0a4c9,POI-6,Tea Room,
4d390575bb0d721e39c759e3,POI-158,Train,
4d390f34acf1b60c97188718,POI-1,Wine Bar,
4d3913bab5abb1f75c13e498,POI-33,Italian Restaurant,
4d3920734215f04d3d8ccff8,POI-66,Grocery Store,
4d39453581258cfa7e4a995f,POI-13,Diner,
4d394900fa736ea829120b8a,POI-28,Plaza,
4d394a77bf6d5481c3f4c1e1,POI-121,Flea Market,
4d394fe734ee3704c2366b9b,POI-4,Resort,
4d39659b81258cfa0f659a5f,POI-36,Asian Restaurant,
4d3979fc325ff04d7c901245,POI-109,Eastern European Restaurant,
4d397a51687ca35d18b47fc4,POI-67,Gym,
4d397bd2325ff04d38a31245,POI-67,Gym,
4d397c18979ea14341c885fc,POI-2,Bar,
4d397ec8687ca35d4de47fc4,POI-69,Spa / Massage,
4d39826c325ff04d67ea1245,POI-46,Japanese Restaurant,
4d398291fa736ea82d0c0d8a,POI-46,Japanese Restaurant,
4d39891f0333a09364b94b34,POI-54,Clothing Store,
4d3996a5325ff04df1ca1345,POI-17,Chinese Restaurant,
4d39a6b949cb236a3832b247,POI-18,Indian Restaurant,
4d39eb66beb7b1f71e27e471,POI-74,Fast Food Restaurant,
4d3a334b97e0a1cdbd9f6b3e,POI-42,Food Court,
4d3a4cc6f1446a3130c04f94,POI-42,Food Court,
4d3a64921fc36dcb8d0566f5,POI-56,Cosmetics Shop,
4d3a6a996de7721e5898ee49,POI-56,Cosmetics Shop,
4d3a974a1fc36dcbee1668f5,POI-92,Salon / Barbershop,
4d3a9f9c0333a093ba7f5634,POI-57,Miscellaneous Shop,
4d3aa0a7325ff04d011a1e45,POI-123,Convenience Store,
4d3aa59fcc48224b203f3f4f,POI-61,Shoe Store,
4d3aa5e481258cfa8591a85f,POI-54,Clothing Store,
4d3aab216de7721e91daf049,POI-30,Water Park,
4d3aadf0bf6d5481b567cfe1,POI-36,Asian Restaurant,
4d3aaf48687ca35d901c8cc4,POI-39,Restaurant,
4d3ab1c997e0a1cd9088703e,POI-17,Chinese Restaurant,
4d3ab6ddbf6d548105b5cfe1,POI-92,Salon / Barbershop,
4d3aba81687ca35da1838cc4,POI-10,Coffee Shop,
4d3ac0ab97e0a1cdc712713e,POI-84,Boutique,
4d3ac2cdcc48224be73e404f,POI-33,Italian Restaurant,
4d3ac4b6fa736ea8774d198a,POI-70,Korean Restaurant,
4d3ac66581258cfa05dda95f,POI-40,Seafood Restaurant,
4d3acc001fc36dcbe4296af5,POI-17,Chinese Restaurant,
4d3ad414bf6d548140ced0e1,POI-46,Japanese Restaurant,
4d3adda349cb236a9336be47,POI-54,Clothing Store,
4d3ae3f1979ea143086895fc,POI-74,Fast Food Restaurant,
4d3aeb4d6de7721eea4cf349,POI-36,Asian Restaurant,
4d3aebef81258cfacf8dab5f,POI-39,Restaurant,
4d3b09b31fc36dcbb7ff6cf5,POI-10,Coffee Shop,
4d3b2b800333a09334f45b34,POI-5,Gaming Cafe,
4d3b8bde14aa8cfa0f75a05e,POI-98,Snack Place,
4d3ba207d2c8f04dc0765a72,POI-92,Salon / Barbershop,
4d3ba8e184d46ea8b233f75c,POI-42,Food Court,
4d3bb102d2c8f04d43195b72,POI-17,Chinese Restaurant,
4d3bc4573ec9a35d7fab4281,POI-61,Shoe Store,
4d3bca6f3ec9a35d6ee94281,POI-67,Gym,
4d3bcb83d625224b32798bfa,POI-10,Coffee Shop,
4d3bcb9a63052d436cd2abc5,POI-66,Grocery Store,
4d3bcc3684d46ea84f92f85c,POI-92,Salon / Barbershop,
4d3bd0a6fb4c5481e22acf14,POI-65,Women'S Store,
4d3be9c26b3d236a73855c64,POI-26,Park,
4d3becd614aa8cfa30a9a45e,POI-80,Ice Cream Shop,
4d3bf0d16e0aa1cd2c9bde2c,POI-89,Arcade,
4d3bf35ad625224b41d58cfa,POI-38,Middle Eastern Restaurant,
4d3c09f33ec9a35d3d084581,POI-39,Restaurant,
4d3c0d8b14aa8cfad3d2a55e,POI-52,Arts & Crafts Store,
4d3c1159557d6dcb1b2e3744,POI-36,Asian Restaurant,
4d3c166bd625224bbcf98dfa,POI-4,Resort,
4d3c19d66b3d236a81125e64,POI-74,Fast Food Restaurant,
4d3c1a88557d6dcb51873744,POI-56,Cosmetics Shop,
4d3c213e84d46ea8ec53fb5c,POI-56,Cosmetics Shop,
4d3c21a044f5a0938102cabb,POI-17,Chinese Restaurant,
4d3c239805b8721e8ab08937,POI-54,Clothing Store,
4d3c2d7e14aa8cfa510da75e,POI-54,Clothing Store,
4d3c3b5d6e252c0ffd82e13b,POI-119,Record Shop,
4d3c4b6605b8721e4d098b37,POI-57,Miscellaneous Shop,
4d3cd82dd2c8f04d2e656572,POI-130,Food Truck,
4d3ce5b18edf37041b00b5a5,POI-42,Food Court,
4d3d1eaad625224b882a97fa,POI-96,Karaoke Bar,
4d3d2e2d84d46ea8f757045d,POI-92,Salon / Barbershop,
4d3d4c406b3d236aff486864,POI-40,Seafood Restaurant,
4d3d4dbb3ec9a35d64005081,POI-36,Asian Restaurant,
4d3d4f1cfb4c548182bcdb14,POI-66,Grocery Store,
4d3d562e557d6dcb4f4c4344,POI-98,Snack Place,
4d3d592505b8721e6f059437,POI-55,Sporting Goods Shop,
4d3d5942457cb60cb904f7a4,POI-10,Coffee Shop,
4d3d5d9084d46ea89ba6055d,POI-17,Chinese Restaurant,
4d3d5deffb4c54819736dc14,POI-36,Asian Restaurant,
4d3d65f28edf37045b39b9a5,POI-37,Thai Restaurant,
4d3d7470a2e4b1f729f6f125,POI-123,Convenience Store,
4d3d864e1a53ba7a73ff3217,POI-22,Dessert Shop,
4d3d882f44f5a09353e0d5bb,POI-94,Gas Station / Garage,
4d3d8a591a53ba7a38023317,POI-1,Wine Bar,
4d3d96ead625224bfc339bfa,POI-5,Gaming Cafe,
4d3e0ca2d625224bdd489ffa,POI-36,Asian Restaurant,
4d3e302105b8721ec4e19b37,POI-17,Chinese Restaurant,
4d3e3606af8ca143927b13f7,POI-53,Department Store,
4d3e398c05b8721e953b9c37,POI-18,Indian Restaurant,
4d3e3998fb4c54813a3ae414,POI-10,Coffee Shop,
4d3e542b05b8721e161f9d37,POI-56,Cosmetics Shop,
4d3e5ecd44f5a0931959ddbb,POI-36,Asian Restaurant,
4d3e68af8edf3704e1a1c3a5,POI-92,Salon / Barbershop,
4d3e6f1e6b3d236a66ad7264,POI-84,Boutique,
4d3e857b84d46ea820fa0f5d,POI-120,Cupcake Shop,
4d3e86b88edf3704069ac4a5,POI-27,Art Gallery,
4d3e962214aa8cfaeb9abe5e,POI-102,Bbq Joint,
4d3e97df6e0aa1cdb50cf62c,POI-49,Multiplex,
4d3e9ae8a2e4b1f76442fc25,POI-11,Nightclub,
4d3ea5f03ec9a35d23fb5b81,POI-36,Asian Restaurant,
4d3ec425d2c8f04d79b77572,POI-10,Coffee Shop,
4d3ec57a8edf3704bfedc6a5,POI-17,Chinese Restaurant,
4d3eda6a8edf3704e2eec7a5,POI-96,Karaoke Bar,
4d3edc85d625224be0aca6fa,POI-10,Coffee Shop,
4d3ef98784d46ea80a2c145d,POI-34,Mediterranean Restaurant,
4d3f65c5cb84b60c02d67cab,POI-18,Indian Restaurant,
4d3f7183c5eaa1cd1d759850,POI-36,Asian Restaurant,
4d3f872689616dcbd152fbb4,POI-42,Food Court,
4d3f88d5c5eaa1cd016c9950,POI-17,Chinese Restaurant,
4d3f8a08de17a093f957f06b,POI-42,Food Court,
4d3f90f689616dcba9bdfbb4,POI-17,Chinese Restaurant,
4d3f95f1255d8cfa9c255d05,POI-53,Department Store,
4d3fa0c8de17a0934d22f16b,POI-27,Art Gallery,
4d3fb3bc467754815b4551f4,POI-92,Salon / Barbershop,
4d3fc9ac89616dcb08cffdb4,POI-130,Food Truck,
4d3fff137a516ea85298b682,POI-36,Asian Restaurant,
4d404b8cc5eaa1cd6346a050,POI-66,Grocery Store,
4d404d0746775481e69356f4,POI-4,Resort,
4d40742caae1b1f7991b87f5,POI-81,Steakhouse,
4d40bf9fadb6236aa94a8b40,POI-56,Cosmetics Shop,
4d40debe1bd2a14366e1f77c,POI-60,Automotive Shop,
4d40f14ebd53f04d9a2d4915,POI-56,Cosmetics Shop,
4d40f317915a3704fff91a7f,POI-74,Fast Food Restaurant,
4d40f5edbd53f04d33574915,POI-18,Indian Restaurant,
4d40ff0500e8a35d526800fb,POI-102,Bbq Joint,
4d40ff1dc5eaa1cdb5fca650,POI-10,Coffee Shop,
4d41002f4acd236a0117f6a9,POI-137,Juice Bar,
4d410839cb84b60c43ab8bab,POI-36,Asian Restaurant,
4d410eba46775481b6a55df4,POI-34,Mediterranean Restaurant,
4d412785aae1b1f773978df5,POI-57,Miscellaneous Shop,
4d416088c5eaa1cdae0faa50,POI-57,Miscellaneous Shop,
4d41634f7a516ea86f59c382,POI-33,Italian Restaurant,
4d4171ffc5eaa1cd25c9aa50,POI-36,Asian Restaurant,
4d417672bd53f04d8c9b4d15,POI-40,Seafood Restaurant,
4d41ac35c5eaa1cd9d27ad50,POI-107,Pet Store,
4d41cbdb9fa82c0f9a8ab08a,POI-81,Steakhouse,
4d41e8b733268cfad91a5301,POI-73,Electronics Store,
4d4210bbc95b721e6d15662b,POI-17,Chinese Restaurant,
4d4223b5c95b721e4cec662b,POI-39,Restaurant,
4d42295afe6ab60c5e904939,POI-123,Convenience Store,
4d42432d33268cfaf63a5701,POI-32,Pizza Place,
4d424885607b6dcb78fc0ac6,POI-43,Vegetarian / Vegan Restaurant,
4d425480c95b721e9ec1682b,POI-41,Ramen /  Noodle House,
4d425b15e6b788bf59384cf4,POI-42,Food Court,
4d426020e6b788bfe45a4cf4,POI-42,Food Court,
4d426480b0c35481ef83dff1,POI-18,Indian Restaurant,
4d4295beb6e73704df728609,POI-56,Cosmetics Shop,
4d42a40285c1721e8cc0e092,POI-40,Seafood Restaurant,
4d42b4f432d5236a0225baa5,POI-74,Fast Food Restaurant,
4d42bc73946af04dcba90677,POI-24,Malaysian Restaurant,
4d42bfc0946af04d29d10677,POI-43,Vegetarian / Vegan Restaurant,
4d42c0b265ea6ea815e9ac79,POI-65,Women'S Store,
4d42ed87715fa143a71f66c0,POI-14,Pub,
4d42f74d65ea6ea8fd4baf79,POI-1,Wine Bar,
4d4387f014aa8cfac7015c3d,POI-57,Miscellaneous Shop,
4d43a90d4e5d3704186ce293,POI-13,Diner,
4d43aea47e2e54819bae588f,POI-36,Asian Restaurant,
4d43b05214aa8cfaf7f95d3d,POI-58,Accessories Store,
4d43dc43befe236af6adeee2,POI-36,Asian Restaurant,
4d43dda11ed56dcbd39da854,POI-112,Gift Shop,
4d44021cbf61a1cd700804ac,POI-17,Chinese Restaurant,
4d44098f1b62b1f7704feee2,POI-46,Japanese Restaurant,
4d440b171ed56dcbf787aa54,POI-61,Shoe Store,
4d440d08c3e5f04d2a2c9620,POI-7,American Restaurant,
4d440fdc4e5d370402d0e693,POI-16,Australian Restaurant,
4d4412f57e2e548127635c8f,POI-84,Boutique,
4d441659c3e5f04d9f8e9620,POI-22,Dessert Shop,
4d441ae50349224b3a6af64e,POI-36,Asian Restaurant,
4d441bbc0349224b9d73f64e,POI-36,Asian Restaurant,
4d44bacec3e5f04daec49d20,POI-91,Food & Drink Shop,
4d44c4bf1928a35d1aa2bc70,POI-17,Chinese Restaurant,
4d44d38a14aa8cfa9bb46b3d,POI-67,Gym,
4d44d742bf61a1cdf4810dac,POI-10,Coffee Shop,
4d44e38dbefe236a2911fae2,POI-68,Gym / Fitness Center,
4d4501750349224bffa3004f,POI-81,Steakhouse,
4d4510be3616b60c3252ebc2,POI-46,Japanese Restaurant,
4d45198f1911a0934258dfd8,POI-36,Asian Restaurant,
4d4520ea7e2e548158e6678f,POI-133,Salad Place,
4d4527d43616b60c8f1aecc2,POI-65,Women'S Store,
4d4541061911a093c49de0d8,POI-39,Restaurant,
4d455c521928a35d0d77c270,POI-10,Coffee Shop,
4d456f7914aa8cfaa13d723d,POI-30,Water Park,
4d457ee1e198721ef475c68b,POI-96,Karaoke Bar,
4d4607aa14aa8cfa96de783d,POI-53,Department Store,
4d4616081ed56dcb6748c254,POI-101,Breakfast Spot,
4d4616a47e2e548130dc708f,POI-56,Cosmetics Shop,
4d462a9c1911a093d64ae9d8,POI-60,Automotive Shop,
4d462f580349224b33de0b4f,POI-84,Boutique,
4d46332cbbb1a1430ba65a72,POI-49,Multiplex,
4d46345a2e326ea8528af5a6,POI-68,Gym / Fitness Center,
4d463ba414aa8cfa88ef7a3d,POI-69,Spa / Massage,
4d4649fd0bcd2c0f3b702ca1,POI-57,Miscellaneous Shop,
4d4651bb0bcd2c0f0bb32ca1,POI-42,Food Court,
4d4656894e5d3704fbc70094,POI-63,Bakery,
4d465cec4e5d370442ff0094,POI-36,Asian Restaurant,
4d465e68befe236ae51208e3,POI-43,Vegetarian / Vegan Restaurant,
4d4662571ed56dcb9f1bc554,POI-120,Cupcake Shop,
4d466717bf61a1cd946a1cac,POI-39,Restaurant,
4d4670141b62b1f7fbad06e3,POI-73,Electronics Store,
4d46737f3616b60c80d0f7c2,POI-74,Fast Food Restaurant,
4d4683f11b62b1f73a4407e3,POI-98,Snack Place,
4d468c79bf61a1cd15891dac,POI-98,Snack Place,
4d46973cc3e5f04d1e32af20,POI-37,Thai Restaurant,
4d4699904e5d3704a71b0394,POI-56,Cosmetics Shop,
4d469abf1b62b1f73e0908e3,POI-63,Bakery,
4d46a4ede198721e1ee7d08b,POI-17,Chinese Restaurant,
4d46b4ab1b62b1f7362009e3,POI-17,Chinese Restaurant,
4d46bf69f5cf60fc5098c966,POI-46,Japanese Restaurant,
4d46e1aa4e5d370416ad0694,POI-11,Nightclub,
4d46fbedbf61a1cd886722ac,POI-2,Bar,
4d475d686db7236adbfac997,POI-88,Sandwich Place,
4d47747ac3e5a35d62b8934f,POI-36,Asian Restaurant,
4d479125c3e5a35dfbda944f,POI-57,Miscellaneous Shop,
4d479b4c564e224b2365d3cd,POI-80,Ice Cream Shop,
4d479e384e7a6ea8c1536d32,POI-56,Cosmetics Shop,
4d47a8936db7236a6713cd97,POI-92,Salon / Barbershop,
4d47d92fea3f370423e4230a,POI-134,Flower Shop,
4d47da07c3e5a35dd68b974f,POI-158,Train,
4d47e3af847e6dcb176398c4,POI-17,Chinese Restaurant,
4d47f04111618cfa9db0ce23,POI-22,Dessert Shop,
4d47f7242165721e1717c2d7,POI-84,Boutique,
4d47f8684e7a6ea891b57032,POI-36,Asian Restaurant,
4d47fee0ea3f370464b0250a,POI-33,Italian Restaurant,
4d481cc70bfd548124283a00,POI-86,Market,
4d48207656eab60c2fe13e86,POI-121,Flea Market,
4d4821814e7a6ea8ab897232,POI-17,Chinese Restaurant,
4d48230f564e224bcef1d8cd,POI-91,Food & Drink Shop,
4d48383a753aa093d776cde0,POI-125,Other Nightlife,
4d485bda11618cfa19c4d323,POI-10,Coffee Shop,
4d489863f53c8cfa0fb70d47,POI-66,Grocery Store,
4d48a8919526b60c6b2d70ee,POI-56,Cosmetics Shop,
4d48eda45129a35dd64434ac,POI-100,Sports Bar,
4d490983183f224b28f2d9a8,POI-66,Grocery Store,
4d490a145129a35dbb6335ac,POI-18,Indian Restaurant,
4d491313183f224bdb4edaa8,POI-4,Resort,
4d4914b448a06dcb94006ba2,POI-102,Bbq Joint,
4d492bcaa0ef5481406beff6,POI-17,Chinese Restaurant,
4d492edd183f224b6552dba8,POI-17,Chinese Restaurant,
4d492f165241236a4ece7204,POI-10,Coffee Shop,
4d493891b73fb1f77437a532,POI-17,Chinese Restaurant,
4d494a7048a06dcbab5d6da2,POI-2,Bar,
4d494ebcb73fb1f7d62fa632,POI-17,Chinese Restaurant,
4d495a0c5241236a11aa7404,POI-4,Resort,
4d4a2f70a0ef5481cceaf9f6,POI-21,Lounge,
4d4a76874509721ee14e2eb0,POI-32,Pizza Place,
4d4a9c5f48a06dcbfe6f7ca2,POI-55,Sporting Goods Shop,
4d4aab889544a0938f9734e7,POI-49,Multiplex,
4d4b64bd7a45721e359eb954,POI-17,Chinese Restaurant,
4d4b71b22220b1f7e6b42ad2,POI-26,Park,
4d4b9689b496b60ca0c0c600,POI-8,Gastropub,
4d4b97cfc87b548137a2c588,POI-55,Sporting Goods Shop,
4d4baf94b4b0a35daae513b4,POI-158,Train,
4d4bc2a4b4b0a35dd19014b4,POI-123,Convenience Store,
4d4bca5761e0224b7ef4a9e8,POI-53,Department Store,
4d4bdcd0855b5481c46fe18f,POI-39,Restaurant,
4d4be209a22c224b34edf393,POI-46,Japanese Restaurant,
4d4be37ce1ec6dcbcb3dd275,POI-17,Chinese Restaurant,
4d4be7b37aa6a35d2d0dd170,POI-40,Seafood Restaurant,
4d4be85a9f79f04df97c1e2b,POI-89,Arcade,
4d4c0357855b54815f24e38f,POI-66,Grocery Store,
4d4c091f32a3236a79e806ea,POI-15,Cocktail Bar,
4d4c293be1ec6dcb19e2d575,POI-11,Nightclub,
4d4c69a9fe85a1cd22119dbf,POI-98,Snack Place,
4d4cd29080cb6dcbfb7f0801,POI-17,Chinese Restaurant,
4d4cd4a072eba14341fe3b12,POI-77,Sushi Restaurant,
4d4ce3649ee137044a1f7d8b,POI-63,Bakery,
4d4d00f3b887a1cd7524b7a0,POI-37,Thai Restaurant,
4d4d0f9f13d88cfa606704da,POI-27,Art Gallery,
4d4d116cf8292d43506969d6,POI-6,Tea Room,
4d4d122c869cf04d016cd9ae,POI-22,Dessert Shop,
4d4d201a9aaab60c41b53429,POI-54,Clothing Store,
4d4d2c7fd6f3224b6af798a6,POI-36,Asian Restaurant,
4d4d3c5ad6f3224b0aa199a6,POI-36,Asian Restaurant,
4d4d4721869cf04de981dbae,POI-67,Gym,
4d4d4a51a7f86ea8bfe734de,POI-18,Indian Restaurant,
4d4d5cddfe7fb1f7d04b5b42,POI-125,Other Nightlife,
4d4d63a09ee137043b11838b,POI-2,Bar,
4d4d64231a2d721e33a4961d,POI-26,Park,
4d4dbcd4b887a1cd2367bfa0,POI-11,Nightclub,
4d4dc2b74aa3a09303b446ae,POI-26,Park,
4d4dfc4b1a2d721e5ea89d1d,POI-67,Gym,
4d4dfc7a80cb6dcb35791701,POI-57,Miscellaneous Shop,
4d4e11779ee1a35dcd3e2ddf,POI-25,Zoo,
4d4e18949a2a6ea84d1a1f6f,POI-17,Chinese Restaurant,
4d4e1dc8a0b0a093578a4a83,POI-28,Plaza,
4d4e37b44a38b60cead2e766,POI-57,Miscellaneous Shop,
4d4e3833db1b37041d130b1f,POI-115,Soup Place,
4d4e7ccadeabf04d6f01c324,POI-46,Japanese Restaurant,
4d4e82f2a8fba143c1bc441a,POI-130,Food Truck,
4d4e83568975a35dbf770fa8,POI-32,Pizza Place,
4d4e9c8a122b5481c214874f,POI-84,Boutique,
4d4ea1c594398cfadf119ec8,POI-24,Malaysian Restaurant,
4d4ea7494f67224bfaef6450,POI-43,Vegetarian / Vegan Restaurant,
4d4ec4c5db1b37043917111f,POI-35,Dim Sum Restaurant,
4d4f66db747f6dcbd401aad4,POI-27,Art Gallery,
4d4f81e8c5ff6ea8836c9107,POI-6,Tea Room,
4d4f89a6c305b60cdc297d1e,POI-102,Bbq Joint,
4d4f9a617ee1a35d241d7d34,POI-92,Salon / Barbershop,
4d4fa417747f6dcba983acd4,POI-26,Park,
4d4fa924dcce224b3707d01b,POI-69,Spa / Massage,
4d4fb5eb7ee1a35d830b7e34,POI-36,Asian Restaurant,
4d4fc568747f6dcbfec1add4,POI-69,Spa / Massage,
4d4fd7d59d493704adb3ba39,POI-69,Spa / Massage,
4d4fee0dc5ff6ea865539507,POI-74,Fast Food Restaurant,
4d4ff5ff9d493704db36bc39,POI-69,Spa / Massage,
4d509f7f4015b1f7875968cf,POI-39,Restaurant,
4d50a7969d493704aa66c439,POI-68,Gym / Fitness Center,
4d50bc893626a0935aac1dbd,POI-41,Ramen /  Noodle House,
4d50d1313626a0939c681ebd,POI-32,Pizza Place,
4d50d8cbbd6ff04d6110ec0c,POI-32,Pizza Place,
4d510db9e0275481b998a6b6,POI-133,Salad Place,
4d512328d7eaa143c3576f0f,POI-85,Furniture / Home Store,
4d512604d7eaa1431e786f0f,POI-42,Food Court,
4d512c637ee1a35d1fb28c34,POI-70,Korean Restaurant,
4d5135d49b27721e0e44b546,POI-74,Fast Food Restaurant,
4d5150b0d7eaa143fb91710f,POI-41,Ramen /  Noodle House,
4d516b067ee1a35d307e8f34,POI-11,Nightclub,
4d517b3071548cfaedd11b9a,POI-127,Internet Cafe,
4d51ea227ee1a35dd5c29434,POI-153,Bed & Breakfast,
4d520f9abd6ff04de051f80c,POI-48,Theater,
4d5219a0dcce224bbe2de91b,POI-36,Asian Restaurant,
4d521d0b71548cfad256239a,POI-36,Asian Restaurant,
4d5233d1e0275481f175b2b6,POI-42,Food Court,
4d52356d71548cfac655249a,POI-41,Ramen /  Noodle House,
4d5236109d493704f5c1d539,POI-62,Jewelry Store,
4d524db671548cfaaf44259a,POI-96,Karaoke Bar,
4d52538c71548cfa8a7b259a,POI-49,Multiplex,
4d527486747f6dcb8292ccd4,POI-42,Food Court,
4d5277b74015b1f7c5a67acf,POI-17,Chinese Restaurant,
4d52789bc305b60c256d9a1e,POI-22,Dessert Shop,
4d5278ad9ffc236a0f562da7,POI-126,Music Store,
4d527e2a7ee1a35dcc5f9a34,POI-13,Diner,
4d5293ddc305b60c89a99b1e,POI-22,Dessert Shop,
4d532bd7d3dc236a31f24a67,POI-18,Indian Restaurant,
4d53409ebbbf37043bdc3278,POI-53,Department Store,
4d5357998652224bdd3bcfd7,POI-56,Cosmetics Shop,
4d5359ab8652224b6051cfd7,POI-17,Chinese Restaurant,
4d536d6edcb1a1434b29b3bf,POI-91,Food & Drink Shop,
4d5373898652224bea53d0d7,POI-22,Dessert Shop,
4d53753b5c9d236a282bf3ce,POI-33,Italian Restaurant,
4d537d62dcb1a143fed6b3bf,POI-55,Sporting Goods Shop,
4d53a77f2f638cfa68f9646a,POI-102,Bbq Joint,
4d53bde2bbbf37041f0b3878,POI-36,Asian Restaurant,
4d53c388dcb1a143be87b6bf,POI-21,Lounge,
4d53cda9dcb1a143ca02b7bf,POI-57,Miscellaneous Shop,
4d53cf6e2f638cfa8fa8666a,POI-113,General Travel,
4d53d0255b3f6dcb3aa3d7cc,POI-42,Food Court,
4d53d1f7bbbf370445fa3878,POI-2,Bar,
4d53da1f08a7b1f71b853692,POI-37,Thai Restaurant,
4d53efa3bbbf37042a883a78,POI-96,Karaoke Bar,
4d549089b4deb1f7b3f7fa79,POI-107,Pet Store,
4d54b09696ed548112bb0070,POI-5,Gaming Cafe,
4d54c84a96ed5481c8b00170,POI-58,Accessories Store,
4d54c875611aa35dbaad2d39,POI-36,Asian Restaurant,
4d54d8cb611aa35d09542e39,POI-130,Food Truck,
4d54ed1232eb6a317abfe293,POI-36,Asian Restaurant,
4d54f4e9cff7721e3037a4f5,POI-56,Cosmetics Shop,
4d54f732b4deb1f79826ff79,POI-112,Gift Shop,
4d54fb6216a6b60caaa345f8,POI-56,Cosmetics Shop,
4d550a31e7f1a1cd4b9ff5a4,POI-24,Malaysian Restaurant,
4d5512a4ba5b224be4000a14,POI-56,Cosmetics Shop,
4d5513b5e7f1a1cdbcfdf5a4,POI-36,Asian Restaurant,
4d5522d8fb65236a21aef5b3,POI-34,Mediterranean Restaurant,
4d553f9548ea6ea8bdded2a3,POI-57,Miscellaneous Shop,
4d554aaf611aa35d5e203339,POI-6,Tea Room,
4d55798596ed5481594a0970,POI-17,Chinese Restaurant,
4d55de39a05c3704c266be87,POI-10,Coffee Shop,
4d55f10148ea6ea81dfcdaa3,POI-95,German Restaurant,
4d56035148ea6ea8dbf1dba3,POI-46,Japanese Restaurant,
4d56177eb4deb1f75fd90c7a,POI-81,Steakhouse,
4d56212ca747b60c38f9242b,POI-53,Department Store,
4d5623bdcf1b3704425eba3f,POI-36,Asian Restaurant,
4d5648f6fb65236a8dc203b4,POI-7,American Restaurant,
4d564ecae7f1a1cd2c0305a5,POI-37,Thai Restaurant,
4d565768cff7721eb287b4f5,POI-111,Dumpling Restaurant,
4d5661b9611aa35dfc504039,POI-90,Light Rail,
4d5667a2c6edf04d6009d0a2,POI-26,Park,
4d566d3b9e508cfa1a490d9b,POI-96,Karaoke Bar,
4d567d9a143ca093b6cdbbfc,POI-56,Cosmetics Shop,
4d568628a747b60ce95b292b,POI-17,Chinese Restaurant,
4d5687fdcf1b3704bf4ebf3f,POI-10,Coffee Shop,
4d568a26fb65236aceba06b4,POI-106,Candy Store,
4d568c54cff7721ec0f6b6f5,POI-36,Asian Restaurant,
4d56e8c6ba5b224b11f42014,POI-67,Gym,
4d570eeefb65236aaac60db4,POI-10,Coffee Shop,
4d573892cf1b370413d7c93f,POI-36,Asian Restaurant,
4d573c44cff7721e6242c0f5,POI-36,Asian Restaurant,
4d5755861270236ab3af8859,POI-36,Asian Restaurant,
4d577cd47db05941e1b7076b,POI-42,Food Court,
4d577cdbafe4b60cd1834561,POI-36,Asian Restaurant,
4d577efe1270236aaed48a59,POI-66,Grocery Store,
4d5785348147f04d6abf9754,POI-10,Coffee Shop,
4d5789afde8f6dcbab4b0091,POI-18,Indian Restaurant,
4d57a7af36d1721ee89cedb1,POI-55,Sporting Goods Shop,
4d57acb87c0b370420b6d808,POI-34,Mediterranean Restaurant,
4d57b31ad1a08cfaeb6706ba,POI-58,Accessories Store,
4d57c062577aa093539d49b9,POI-17,Chinese Restaurant,
4d57c4f636d1721ebbd9eeb1,POI-38,Middle Eastern Restaurant,
4d57d19d1270236a26658e59,POI-36,Asian Restaurant,
4d58bc313281b1f7b468b32f,POI-36,Asian Restaurant,
4d58be1e4d9a721eb6b1390e,POI-10,Coffee Shop,
4d58c399c88da1cd59bc3268,POI-17,Chinese Restaurant,
4d58c97c296d5481faf651b1,POI-17,Chinese Restaurant,
4d58e5384d9a721eb6213b0e,POI-117,Bike Shop,
4d5908cf4d9a721e836e3c0e,POI-77,Sushi Restaurant,
4d590b7ce092a35d165afb0b,POI-46,Japanese Restaurant,
4d590bac7e223704830cac73,POI-7,American Restaurant,
4d5911b023e0a093f5554049,POI-17,Chinese Restaurant,
4d591a9523e0a093b8bc4049,POI-109,Eastern European Restaurant,
4d59202b7e2237043116ad73,POI-96,Karaoke Bar,
4d59242835966dcb68b65028,POI-13,Diner,
4d5925048492a14312772327,POI-115,Soup Place,
4d596c4f296d5481f4e858b1,POI-36,Asian Restaurant,
4d59dd0dc88da1cd33f13e68,POI-54,Clothing Store,
4d5a01648492a1430c5b2e27,POI-91,Food & Drink Shop,
4d5a212b4d9a721e1493480e,POI-11,Nightclub,
4d5a30aa7e2237045f2fba73,POI-26,Park,
4d5a377323e0a0932fe24c49,POI-39,Restaurant,
4d5a47557e223704e311bb73,POI-56,Cosmetics Shop,
4d5a525de092a35d2c57090c,POI-53,Department Store,
4d5a66c224466ea8a13c819f,POI-17,Chinese Restaurant,
4d5a6c03e092a35d456e0a0c,POI-110,Yoga Studio,
4d5a6c93f8ff236ac4afd54a,POI-36,Asian Restaurant,
4d5a835e1d6cf04dabaf42fe,POI-61,Shoe Store,
4d5aa95efe7c224b985a85b5,POI-2,Bar,
4d5abc9423e0a093478c5249,POI-157,Smoke Shop,
4d5ac032f8ff236aaf85d94a,POI-18,Indian Restaurant,
4d5b09f523486ea826e6e7e0,POI-68,Gym / Fitness Center,
4d5b49af342f6dcb56da8ce7,POI-70,Korean Restaurant,
4d5b5ea4b77a8cfa2e4dd018,POI-2,Bar,
4d5b86996b2e3704607082ee,POI-77,Sushi Restaurant,
4d5b8a9b8e8588bf06c3fc19,POI-55,Sporting Goods Shop,
4d5b8ac07103236a6de7730c,POI-60,Automotive Shop,
4d5ba5019895b1f70d5cdc0f,POI-62,Jewelry Store,
4d5baf922a31a1cd7d563ff1,POI-41,Ramen /  Noodle House,
4d5bb5c2935e60fce4b730c0,POI-16,Australian Restaurant,
4d5bb601e7f7548189181297,POI-17,Chinese Restaurant,
4d5bbb6d1ef2f04d3ff2eccd,POI-36,Asian Restaurant,
4d5bc3e6b9b2a1435a946d8c,POI-122,Skate Park,
4d5bcee9775f8cfae7faade0,POI-22,Dessert Shop,
4d5bd744590b224bb34d9a6d,POI-116,Beer Garden,
4d5c1c889c31b60c1752b1ee,POI-114,Video Game Store,
4d5c97f75d15370448ae74e7,POI-26,Park,
4d5ca8ba6f6d6ea8aca467ec,POI-10,Coffee Shop,
4d5ccdca9ac9a0938f807494,POI-137,Juice Bar,
4d5cee15e7f75481e3331f97,POI-36,Asian Restaurant,
4d5cfeec524fa35db5584f35,POI-83,Fried Chicken Joint,
4d5d0c2ffb186dcb2107079b,POI-10,Coffee Shop,
4d5d1084524fa35da71b5035,POI-24,Malaysian Restaurant,
4d5d1d0d9ac9a093c5907794,POI-53,Department Store,
4d5dfaeb5b276dcb0c18f4c5,POI-17,Chinese Restaurant,
4d5e06151ee8721ec4aa8d21,POI-41,Ramen /  Noodle House,
4d5e1f185c39b1f7acffe749,POI-84,Boutique,
4d5e24761939a35ddda205ee,POI-57,Miscellaneous Shop,
4d5e354c5b276dcb93c4f6c5,POI-83,Fried Chicken Joint,
4d5e50d15c39b1f702e9e949,POI-37,Thai Restaurant,
4d5e534be4fe54812046669e,POI-34,Mediterranean Restaurant,
4d5e75cc9f67f04d03a860fb,POI-18,Indian Restaurant,
4d5f57c1922960fcd45e638b,POI-16,Australian Restaurant,
4d5f57e5b6b9a1cde83a6e51,POI-17,Chinese Restaurant,
4d5f6d62149637049aa5d794,POI-117,Bike Shop,
4d5f710a29ef236a261f9959,POI-57,Miscellaneous Shop,
4d5f867bef378cfa47f370a6,POI-69,Spa / Massage,
4d5fa9d629ef236a00719b59,POI-46,Japanese Restaurant,
4d5fab361ee8721e7921a121,POI-10,Coffee Shop,
4d5fabbe196ba09365761056,POI-37,Thai Restaurant,
4d5fc8e41939a35dc25f19ee,POI-10,Coffee Shop,
4d6005ae149637043074df94,POI-14,Pub,
4d6065eb1ee8721ea566aa21,POI-10,Coffee Shop,
4d607570b19fa14386c4f5c8,POI-56,Cosmetics Shop,
4d60881114963704cfd3e694,POI-92,Salon / Barbershop,
4d608cbc1939a35d2f6023ee,POI-39,Restaurant,
4d609304e4fe54813d23829e,POI-62,Jewelry Store,
4d60a9d6b6b9a1cdf9ba7e51,POI-17,Chinese Restaurant,
4d60af4fef378cfa997881a6,POI-113,General Travel,
4d60bfa5b19fa143b3e4f9c8,POI-18,Indian Restaurant,
4d60ceeb5b276dcb59531bc6,POI-54,Clothing Store,
4d60e316ef378cfa64e383a6,POI-106,Candy Store,
4d60eb20196ba0935ad61f56,POI-68,Gym / Fitness Center,
4d60ed635c39b1f72b1c0a4a,POI-109,Eastern European Restaurant,
4d60edf529ef236a2643ab59,POI-10,Coffee Shop,
4d60f382b19fa1433531fcc8,POI-91,Food & Drink Shop,
4d611df6d7206ea872b7fcf1,POI-55,Sporting Goods Shop,
4d6134e29be02c0f253aee74,POI-53,Department Store,
4d61e259d7206ea83e8305f2,POI-10,Coffee Shop,
4d61e729b19fa143176e08c9,POI-2,Bar,
4d61f61229ef236a4e08b759,POI-36,Asian Restaurant,
4d61fd57d7206ea8148e06f2,POI-17,Chinese Restaurant,
4d6224b3b6b9a1cd4e328f51,POI-46,Japanese Restaurant,
4d624d6c5b276dcbddad2dc6,POI-2,Bar,
4d625fe6865a224b392ec185,POI-63,Bakery,
4d6262b6338bb60c988d3ebd,POI-17,Chinese Restaurant,
4d626ad79f67f04d31e48efb,POI-37,Thai Restaurant,
4d626ec4ef378cfa180597a6,POI-26,Park,
4d62869c1939a35d9f3239ee,POI-36,Asian Restaurant,
4d63128157616dcb46bca3f3,POI-106,Candy Store,
4d633730625f6dcbe35d685e,POI-46,Japanese Restaurant,
4d634c83d6b26ea8111e4e7a,POI-136,Thrift / Vintage Store,
4d636bce79deb1f7833f1a11,POI-85,Furniture / Home Store,
4d63b181a45b54814c44042d,POI-17,Chinese Restaurant,
4d6483ad3384a0938c099d3c,POI-17,Chinese Restaurant,
4d649001897a224bb76022cf,POI-35,Dim Sum Restaurant,
4d6495c2cf2bb60c02669dbc,POI-60,Automotive Shop,
4d649aa7b470a143ede71bfe,POI-73,Electronics Store,
4d649da836a96dcb02df51f4,POI-46,Japanese Restaurant,
4d64b3411d6b2d435d3d4e17,POI-36,Asian Restaurant,
4d64c311072a6ea81093f54d,POI-123,Convenience Store,
4d64c9a67f84f04d6589f9b4,POI-10,Coffee Shop,
4d64f18b36a96dcbe68955f4,POI-18,Indian Restaurant,
4d64f4fe3384a0932a75a13c,POI-67,Gym,
4d650643072a6ea80156f84d,POI-53,Department Store,
4d65acfe83865481ef9ef053,POI-17,Chinese Restaurant,
4d65c5c0153ba093aef5e2f8,POI-44,Burger Joint,
4d65c66f05a7f04dd6f6ab8f,POI-145,Farmers Market,
4d65f6086d86224b72f68d81,POI-113,General Travel,
4d65fbfc153ba0936607e5f8,POI-74,Fast Food Restaurant,
4d661dbd1658721eb154c404,POI-137,Juice Bar,
4d6635ba05a7f04d0bf1af8f,POI-42,Food Court,
4d66410c05a7f04d9163b08f,POI-83,Fried Chicken Joint,
4d665214c8dbec4a63acedcc,POI-17,Chinese Restaurant,
4d66537913a6236a080e9868,POI-61,Shoe Store,
4d66744cc2ccb60c9d3170ac,POI-63,Bakery,
4d671096f23f37040e6ac333,POI-96,Karaoke Bar,
4d6714172433a1439f9647e0,POI-153,Bed & Breakfast,
4d672ea96d6a236a8c6b2e2a,POI-17,Chinese Restaurant,
4d67457d052ea1cdc19e9849,POI-6,Tea Room,
4d6753d2052ea1cd92299949,POI-96,Karaoke Bar,
4d675ee1581554812109e355,POI-77,Sushi Restaurant,
4d67650258155481ff42e355,POI-153,Bed & Breakfast,
4d6786468f70a09305a51335,POI-92,Salon / Barbershop,
4d679a0ccba6a35de964cec1,POI-17,Chinese Restaurant,
4d67b3d6c406f04d4365f14c,POI-96,Karaoke Bar,
4d67fbeca800721e871a16b8,POI-14,Pub,
4d6845290a25b60c2a641590,POI-141,Speakeasy,
4d686248342b8cfa3390b92c,POI-92,Salon / Barbershop,
4d68767b0a25b60c3e311890,POI-36,Asian Restaurant,
4d6879c682cba0938180ced8,POI-56,Cosmetics Shop,
4d6886324c4637045f5195b3,POI-10,Coffee Shop,
4d688cc082cba093ee7bcfd8,POI-17,Chinese Restaurant,
4d68b35c4c463704a0cf97b3,POI-27,Art Gallery,
4d68c196fd7ea35de7789c4a,POI-2,Bar,
4d68caba6297721eb163c0b5,POI-121,Flea Market,
4d68cfabd4c288bfb3a57765,POI-42,Food Court,
4d691046fd7ea35d644da04a,POI-67,Gym,
4d69111b67a8f04d1da808be,POI-42,Food Court,
4d6912a72acd6ea8844535c0,POI-102,Bbq Joint,
4d6922371b63a1cd57873b2d,POI-10,Coffee Shop,
4d69f48482cba09364c2e1d8,POI-52,Arts & Crafts Store,
4d69ffff9bd6a143b2e567df,POI-22,Dessert Shop,
4d6a24636297721ec9bed1b5,POI-10,Coffee Shop,
4d6a3d6d0a25b60cd90b2f90,POI-37,Thai Restaurant,
4d6a5a38c1655481271ff781,POI-10,Coffee Shop,
4d6a67574c463704a6baafb3,POI-125,Other Nightlife,
4d6aead38fe6a1432a12eea3,POI-113,General Travel,
4d6b05549f4b6dcbcf8c6b28,POI-39,Restaurant,
4d6b1965790d37046fc4e390,POI-36,Asian Restaurant,
4d6b1fb4dc858cfacb436e73,POI-45,Indonesian Restaurant,
4d6b286f2ea9b1f7c2cdcd28,POI-39,Restaurant,
4d6b2aba6107f04d26072c7a,POI-17,Chinese Restaurant,
4d6b2b20994f224b0b7d11eb,POI-36,Asian Restaurant,
4d6b7d168fe6a143aaebf4a3,POI-87,Car Dealership,
4d6b7e7c2eaba35d7bdd360d,POI-36,Asian Restaurant,
4d6b875f35c9a09375f144c7,POI-22,Dessert Shop,
4d6b8c2603a6a090bde3ab64,POI-125,Other Nightlife,
4d6c38c9d257f04d51dfb749,POI-39,Restaurant,
4d6c3ae4b236a143340d44c4,POI-18,Indian Restaurant,
4d6c57f9b236a1434e2b46c4,POI-17,Chinese Restaurant,
4d6c7b14d257f04d5eb7bb49,POI-42,Food Court,
4d6c801c129a6ea8f9dee555,POI-17,Chinese Restaurant,
4d6c88aca3916dcb5ae08c1e,POI-59,Men'S Store,
4d6ca1ca7585b1f73ddb10d5,POI-69,Spa / Massage,
4d6cb6f0423d5481b70be4b1,POI-69,Spa / Massage,
4d6cb98921acf04d1dda453a,POI-66,Grocery Store,
4d6cbdefcb7a8cfa71155479,POI-121,Flea Market,
4d6cc725cb7a8cfab68e5479,POI-26,Park,
4d6cd65fd5d93704dfecc6f9,POI-2,Bar,
4d6cdea7e7ab224b102775f7,POI-41,Ramen /  Noodle House,
4d6ce20ae7ab224bbe5a75f7,POI-55,Sporting Goods Shop,
4d6ce421cb7a8cfa60505679,POI-42,Food Court,
4d6ceb5e1dfca35d977c40e0,POI-10,Coffee Shop,
4d6d057321acf04dc9134a3a,POI-46,Japanese Restaurant,
4d6d0a5521acf04d9b5d4a3a,POI-94,Gas Station / Garage,
4d6d3065cb0eb1f751d1a8a0,POI-18,Indian Restaurant,
4d6dc213792bb60c465d59be,POI-58,Accessories Store,
4d6dc2d130d5b1f788d7bd42,POI-102,Bbq Joint,
4d6dc8ba6458721edab02420,POI-56,Cosmetics Shop,
4d6ddbbb2427224bb06bc54d,POI-98,Snack Place,
4d6dde828df154810b047723,POI-10,Coffee Shop,
4d6dfe92fbb8a1cd10826d0f,POI-5,Gaming Cafe,
4d6e0191fbb8a1cdd4a36d0f,POI-53,Department Store,
4d6e05ec619a236a09076d8f,POI-67,Gym,
4d6e0621792bb60c1aa55cbe,POI-67,Gym,
4d6e2caf792bb60c308e5ebe,POI-46,Japanese Restaurant,
4d6ea870134ea1436ade931a,POI-63,Bakery,
4d6f0d4e3a6cf04d7ef85a79,POI-113,General Travel,
4d6f15879aac224bdb8528ed,POI-92,Salon / Barbershop,
4d6f21b80187236ab71d98ba,POI-81,Steakhouse,
4d6f5a0e516b8cfac8375010,POI-39,Restaurant,
4d6f5beb9aac224beed22bed,POI-69,Spa / Massage,
4d6f6e013a6cf04df9695f79,POI-10,Coffee Shop,
4d6f89b9516b8cfa2af75210,POI-66,Grocery Store,
4d6f98687e16a35df12496f9,POI-26,Park,
4d6fa6bf7e16a35dd71297f9,POI-91,Food & Drink Shop,
4d701ec2a045721e8b512fb8,POI-36,Asian Restaurant,
4d7034ee7e16a35d9c979ff9,POI-6,Tea Room,
4d7057aec7f8224ba1fbaefb,POI-10,Coffee Shop,
4d705e8a766da143bb644dad,POI-130,Food Truck,
4d70682942b0721ee31a7d67,POI-36,Asian Restaurant,
4d70721b419da35d713006d8,POI-68,Gym / Fitness Center,
4d70739268276ea81b598890,POI-73,Electronics Store,
4d70abc67760a1cda4c1b2a9,POI-4,Resort,
4d70b74095acb1f721bf09b9,POI-69,Spa / Massage,
4d70cab77760a1cdc641b4a9,POI-39,Restaurant,
4d70d0fcb48c236ab588d357,POI-39,Restaurant,
4d70df159afdb60c1e183952,POI-43,Vegetarian / Vegan Restaurant,
4d70f2ae95acb1f7004f0db9,POI-127,Internet Cafe,
4d717eda946b6dcb23152b7a,POI-26,Park,
4d71b321ec0754816f3b7ebf,POI-57,Miscellaneous Shop,
4d71c0e7f7c38cfad7569b3d,POI-92,Salon / Barbershop,
4d71c2988e12b1f79a213105,POI-50,Movie Theater,
4d71c497bce5721e1629c415,POI-17,Chinese Restaurant,
4d71e3b4ff6ba35d6119668a,POI-46,Japanese Restaurant,
4d7211d995bc8eec85bf62f9,POI-28,Plaza,
4d72141cbce5721ed570c815,POI-85,Furniture / Home Store,
4d7215a75838a09385a405db,POI-17,Chinese Restaurant,
4d721703d976236aaef30079,POI-2,Bar,
4d721f20ff6ba35ddb2b698a,POI-7,American Restaurant,
4d723485d145a1cd20edb0f3,POI-36,Asian Restaurant,
4d724562d976236a89b90379,POI-14,Pub,
4d7269a0ec07548160ba88bf,POI-96,Karaoke Bar,
4d72fe06f7c38cfad4a2b03d,POI-66,Grocery Store,
4d731e2bec075481d58893bf,POI-18,Indian Restaurant,
4d73239dbce5721e2cd4d815,POI-67,Gym,
4d735f313815f04d80f09a67,POI-45,Indonesian Restaurant,
4d736d30ff6ba35d726b7c8a,POI-17,Chinese Restaurant,
4d736d49946b6dcbfe154c7a,POI-36,Asian Restaurant,
4d73739b0d0ca143c50eb983,POI-40,Seafood Restaurant,
4d7378d75838a0939fa419db,POI-26,Park,
4d7378d8ec075481709d97bf,POI-17,Chinese Restaurant,
4d739ebcd976236af80e1779,POI-56,Cosmetics Shop,
4d73d9c34ab5224bddc7d297,POI-5,Gaming Cafe,
4d743db9d6f06dcbfb971208,POI-10,Coffee Shop,
4d7450f5d238a1cde05ad50e,POI-39,Restaurant,
4d745d70d6f06dcb286c1408,POI-42,Food Court,
4d74638dd0c7370477a2ef17,POI-17,Chinese Restaurant,
4d74a79eed838cfa1adf106b,POI-74,Fast Food Restaurant,
4d74bb97fe1b721e4607b11f,POI-10,Coffee Shop,
4d74dbd39b28224b490bdb0f,POI-101,Breakfast Spot,
4d758d28b8e28cfa00f8f966,POI-127,Internet Cafe,
4d75c52d2140721eb25ac83d,POI-98,Snack Place,
4d75de1ff86fa1cdc90d7aa8,POI-15,Cocktail Bar,
4d75de95f5e4b1f73d01fc86,POI-80,Ice Cream Shop,
4d760c28f86fa1cda8fa7ba8,POI-46,Japanese Restaurant,
4d7613e448b7f04da5d4eff5,POI-40,Seafood Restaurant,
4d761aca74eca09368e2b6a8,POI-4,Resort,
4d762b0d74eca09361d3b7a8,POI-36,Asian Restaurant,
4d762d84d94ea35dc00ab1af,POI-37,Thai Restaurant,
4d763a50497fa143e01ddb25,POI-57,Miscellaneous Shop,
4d765f6c1d7ab1f754088afb,POI-17,Chinese Restaurant,
4d76ffd479cf6dcbb4ef3bef,POI-41,Ramen /  Noodle House,
4d770e8cfec160fc69ba56be,POI-88,Sandwich Place,
4d7718ec396f37048efca238,POI-39,Restaurant,
4d7722ed8963f04dca13e837,POI-17,Chinese Restaurant,
4d7742a08963f04d298ce937,POI-24,Malaysian Restaurant,
4d7754643915721e7386fe82,POI-69,Spa / Massage,
4d7757049ee9a35d2de1b0f8,POI-26,Park,
4d77582fbc888cfa68f2e773,POI-116,Beer Garden,
4d776d24fbbc224b3e230432,POI-14,Pub,
4d7770c00bae236ae8556914,POI-37,Thai Restaurant,
4d77865bbc888cfa6a17eb73,POI-77,Sushi Restaurant,
4d7789ba78d5a09300108172,POI-54,Clothing Store,
4d7793a22b4b6ea8ecbe43fe,POI-17,Chinese Restaurant,
4d7799fd7484b60ce7df3ed9,POI-1,Wine Bar,
4d7809f0f2c054813f96b2a1,POI-42,Food Court,
4d785cb910936dcba85d4589,POI-92,Salon / Barbershop,
4d786a140ddba35dc4a44076,POI-63,Bakery,
4d78bb84930ef04df8c3ba4f,POI-106,Candy Store,
4d78be6571a68cfa7a000a86,POI-84,Boutique,
4d78ef95ece5a1cd771f9da4,POI-53,Department Store,
4d790d2310936dcbc32c5189,POI-10,Coffee Shop,
4d7985e97418a143f2eabc5b,POI-10,Coffee Shop,
4d79a1c7542ab1f740f58041,POI-74,Fast Food Restaurant,
4d79b3d8f87b236a9506351f,POI-69,Spa / Massage,
4d79b82f0ceba1cdfc8fb658,POI-17,Chinese Restaurant,
4d79d07c15958cfabc1a1525,POI-56,Cosmetics Shop,
4d79dc9470de5481f8b8c199,POI-5,Gaming Cafe,
4d7a13fac307a35d90914e31,POI-32,Pizza Place,
4d7a37dcf29ab60c7f1cf90a,POI-80,Ice Cream Shop,
4d7a38b970de54811c57c799,POI-2,Bar,
4d7acc4e952d8cfa5ae92d1d,POI-109,Eastern European Restaurant,
4d7ae7b0c7fca143ab5926a2,POI-63,Bakery,
4d7b00013bc1b60c34a847e9,POI-10,Coffee Shop,
4d7b3af034f7721e08ccae25,POI-102,Bbq Joint,
4d7b40e47498a1cd4deb66fc,POI-120,Cupcake Shop,
4d7b43fbea35236ab8814223,POI-55,Sporting Goods Shop,
4d7b4d44136bf04d5f7f498d,POI-26,Park,
4d7b526986cfa143b30cb2a0,POI-2,Bar,
4d7b5a3ef260a0938c8d25ba,POI-36,Asian Restaurant,
4d7b5cc75a396dcb33995dfb,POI-75,Bowling Alley,
4d7bbd897498a1cd1d0d70fc,POI-2,Bar,
4d7c59a8e04d6ea8f760fad5,POI-46,Japanese Restaurant,
4d7c5c328f89224b607aa326,POI-43,Vegetarian / Vegan Restaurant,
4d7c7dc286cfa1436b3ccba0,POI-30,Water Park,
4d7c7efcf260a0934ddc3bba,POI-68,Gym / Fitness Center,
4d7c94316152b60c65aa9426,POI-137,Juice Bar,
4d7cb028136bf04db274638d,POI-22,Dessert Shop,
4d7cb83eda568cfa9c3c6bff,POI-17,Chinese Restaurant,
4d7cc0d479c4b1f7d38b00f3,POI-108,Scandinavian Restaurant,
4d7cd3ccea35236a78ad5f23,POI-13,Diner,
4d7cd6f6e04d6ea8800702d6,POI-124,Hot Dog Joint,
4d7cdb57f260a093e37441ba,POI-33,Italian Restaurant,
4d7d8ea22ff9b60c3c579d47,POI-158,Train,
4d7da1004219a1cd75d354d3,POI-36,Asian Restaurant,
4d7dbeee95c1a143e431c4f2,POI-10,Coffee Shop,
4d7dc174942988bf03a2b488,POI-11,Nightclub,
4d7ddf363e50b1f7db8fc0d3,POI-61,Shoe Store,
4d7dea3d564b8cfa692fe764,POI-112,Gift Shop,
4d7e0733e7e1721e2b8cd80b,POI-13,Diner,
4d7e4ae04219a1cdf51a60d3,POI-153,Bed & Breakfast,
4d7ea64595c1a1436ec1d5f2,POI-74,Fast Food Restaurant,
4d7ef415ebc154815663eba6,POI-24,Malaysian Restaurant,
4d7f05c9dd4a6ea86e937325,POI-74,Fast Food Restaurant,
4d7f1110564b8cfa61fffd64,POI-89,Arcade,
4d7f21189df3f04d544dd094,POI-25,Zoo,
4d7f30d8564b8cfa4df1ff64,POI-92,Salon / Barbershop,
4d7f4fc84219a1cd52ad71d3,POI-22,Dessert Shop,
4d7f501edd4a6ea8cee87725,POI-46,Japanese Restaurant,
4d7f5253942988bf5c3abf88,POI-36,Asian Restaurant,
4d7f52e7e7e1721e68abef0b,POI-13,Diner,
4d7f5dda3633a093455a8e9d,POI-54,Clothing Store,
4d7f680d4219a1cd18ab73d3,POI-97,Donut Shop,
4d7f9d4df635236a6de87c16,POI-10,Coffee Shop,
4d800615dbc5f04d7ba6f0b6,POI-41,Ramen /  Noodle House,
4d800c3ea4e237044e68adcc,POI-10,Coffee Shop,
4d8012da6bd8b60cc6f4427c,POI-46,Japanese Restaurant,
4d80193a8edaa14315a0e839,POI-60,Automotive Shop,
4d80362b551ea1cd05a716c5,POI-36,Asian Restaurant,
4d807495577eb1f7e889a8d3,POI-69,Spa / Massage,
4d8083ace6d7721ea52f19c7,POI-133,Salad Place,
4d808a4c577eb1f7cbbba9d3,POI-84,Boutique,
4d8096678edaa143193df139,POI-10,Coffee Shop,
4d8098696bd8b60c9f844b7c,POI-102,Bbq Joint,
4d809f63a4e2370457d4b7cc,POI-36,Asian Restaurant,
4d80af9fdbc5f04d34f4fbb6,POI-70,Korean Restaurant,
4d80b3c8551ea1cd6de11ec5,POI-122,Skate Park,
4d80b78e70d18cfa0013a294,POI-36,Asian Restaurant,
4d80c72ea4e237046161bbcc,POI-123,Convenience Store,
4d816cddbede54817d55ffd0,POI-98,Snack Place,
4d81945f2ad9a1431e1e7628,POI-44,Burger Joint,
4d8195e17252a1cdeebc9d5d,POI-17,Chinese Restaurant,
4d81b528baf9a35d1dbf9b21,POI-45,Indonesian Restaurant,
4d81c53bbaf9a35da1b39c21,POI-28,Plaza,
4d81e2eb6476a09399171753,POI-123,Convenience Store,
4d81ed830d5b8cfaaf8d4828,POI-59,Men'S Store,
4d823815baf9a35dff9aa521,POI-10,Coffee Shop,
4d82ba8df1e56ea8ef4d538a,POI-101,Breakfast Spot,
4d82cc81509137042ed65b5b,POI-18,Indian Restaurant,
4d82d445d5fab60c9ea3c09b,POI-60,Automotive Shop,
4d82eaeed5fab60c0136c29b,POI-10,Coffee Shop,
4d82ebdf40a7a35d6d10ecbd,POI-80,Ice Cream Shop,
4d82f8b599b78cfa7dd8961f,POI-98,Snack Place,
4d8317af5e70224b1586f008,POI-53,Department Store,
4d831b4040a7a35d691befbd,POI-50,Movie Theater,
4d8347af99b78cfa3b889c1f,POI-40,Seafood Restaurant,
4d834ea65e70224b3a5cf408,POI-70,Korean Restaurant,
4d8361885ad3a093ee3eb9fd,POI-26,Park,
4d836d0540a7a35df472f5bd,POI-167,Whisky Bar,
4d83729f5091370475cb685b,POI-37,Thai Restaurant,
4d8372ee9324236a4067a40e,POI-126,Music Store,
4d83c672f9f3a1cdb6e3a764,POI-116,Beer Garden,
4d842c469324236a41d0b40e,POI-69,Spa / Massage,
4d842d297e8ef04de5a206be,POI-85,Furniture / Home Store,
4d84435b81fdb1f7530df9bf,POI-68,Gym / Fitness Center,
4d8444f8f1e56ea8502a728a,POI-46,Japanese Restaurant,
4d8455e4d5fab60c76cddf9b,POI-63,Bakery,
4d846d5461676dcb9c1372e4,POI-84,Boutique,
4d84783361676dcbafd572e4,POI-4,Resort,
4d847833f9f3a1cd8a32b664,POI-4,Resort,
4d847febf1e56ea89ce8758a,POI-10,Coffee Shop,
4d84821d8de9721ed92e3251,POI-57,Miscellaneous Shop,
4d848e8ce83fa1434b7a65a1,POI-17,Chinese Restaurant,
4d848f8361676dcbd18674e4,POI-115,Soup Place,
4d84967299b78cfa7c35ba1f,POI-46,Japanese Restaurant,
4d8497847e8ef04d6fd80dbe,POI-70,Korean Restaurant,
4d849a525e70224ba7900f09,POI-39,Restaurant,
4d84a70a02eb5481e06932f5,POI-99,Hookah Bar,
4d84a8df99b78cfab3e6bb1f,POI-112,Gift Shop,
4d84c35361676dcba47c79e4,POI-130,Food Truck,
4d84df8640a7a35de66f14be,POI-36,Asian Restaurant,
4d84e47f8de9721e50cd3a51,POI-34,Mediterranean Restaurant,
4d84f0b002eb5481c95f39f5,POI-61,Shoe Store,
4d858d4cd5fab60c30affa9b,POI-41,Ramen /  Noodle House,
4d859bee5e70224bc7c62609,POI-55,Sporting Goods Shop,
4d85a38ee83fa14300897fa1,POI-90,Light Rail,
4d85ae28f1e56ea8e6718f8a,POI-39,Restaurant,
4d85b8ff5e70224bd2a92809,POI-36,Asian Restaurant,
4d85bd4102eb5481264c4af5,POI-54,Clothing Store,
4d85ca3f5e70224b5bb62909,POI-103,Mobile Phone Shop,
4d85d9605ad3a093093bedfd,POI-36,Asian Restaurant,
4d85e1385ad3a09393beedfd,POI-65,Women'S Store,
4d85e1e89324236af5ded70e,POI-75,Bowling Alley,
4d85eafe7e8ef04d88092abe,POI-26,Park,
4d85ecca5ad3a093a786eefd,POI-134,Flower Shop,
4d85edb261676dcbf96194e4,POI-26,Park,
4d85f4d25ad3a0935e19effd,POI-33,Italian Restaurant,
4d8613330b8edcb3e57598dc,POI-6,Tea Room,
4d8618ad0b8edcb35ea298dc,POI-22,Dessert Shop,
4d8621380b8edcb32ce798dc,POI-36,Asian Restaurant,
4d86243899b78cfa37bcdd1f,POI-42,Food Court,
4d86307cf9f3a1cdfda3da64,POI-4,Resort,
4d86c16240a7a35de0bd3bbe,POI-92,Salon / Barbershop,
4d86d2a27e8ef04d0a593cbe,POI-44,Burger Joint,
4d86d8b461676dcb61b2a8e4,POI-10,Coffee Shop,
4d86da295e70224b1dd93e09,POI-43,Vegetarian / Vegan Restaurant,
4d86db008de9721efcf56251,POI-53,Department Store,
4d86df8e99b78cfac1afed1f,POI-10,Coffee Shop,
4d86edd3fb95d7ce9770e263,POI-22,Dessert Shop,
4d86f23202eb5481ed6161f5,POI-112,Gift Shop,
4d86fc177d552d43f677cceb,POI-113,General Travel,
4d86ff4c5e70224bad0f4109,POI-36,Asian Restaurant,
4d870da07e8ef04dc1d23fbe,POI-22,Dessert Shop,
4d870e8e9324236a5291ee0e,POI-73,Electronics Store,
4d8728a57e8ef04d4e6841be,POI-66,Grocery Store,
4d873875509137042707bb5b,POI-63,Bakery,
4d8757a3f9f3a1cd19bff064,POI-36,Asian Restaurant,
4d875de511da6a3110d3d162,POI-73,Electronics Store,
4d878c2881fdb1f7b3f03ac0,POI-11,Nightclub,
4d87f4d96daeb60c136a32e0,POI-4,Resort,
4d8825e526a36ea81219c7ad,POI-10,Coffee Shop,
4d88299ce60c2c0fbbf8b03a,POI-42,Food Court,
4d882acb76e1236af2feeb42,POI-89,Arcade,
4d8839f65ecdf04da015928a,POI-69,Spa / Massage,
4d8853b05ecdf04de89f938a,POI-36,Asian Restaurant,
4d885df499c2a1cdc67c65d7,POI-36,Asian Restaurant,
4d8863b7bc848cfa406eab2b,POI-10,Coffee Shop,
4d886fd27d4c548123053f71,POI-4,Resort,
4d8876aed85f37045758d1db,POI-18,Indian Restaurant,
4d88783b6daeb60ce7df3ae0,POI-84,Boutique,
4d888a84401a224b89a97918,POI-22,Dessert Shop,
4d889ddfb799a35de1ff8463,POI-32,Pizza Place,
4d88bcb576e1236a6b75f642,POI-96,Karaoke Bar,
4d88d13d7d4c5481b9284771,POI-96,Karaoke Bar,
4d88d1fa7d4c5481e8394771,POI-110,Yoga Studio,
4d8975794757721e55e0a269,POI-39,Restaurant,
4d897bcef607a093ebc3eb86,POI-17,Chinese Restaurant,
4d897da4d85f37049ee1e8db,POI-17,Chinese Restaurant,
4d8986c46daeb60ce85f51e0,POI-10,Coffee Shop,
4d89cb514757721e596aa869,POI-57,Miscellaneous Shop,
4d89f12cb799a35d8934a063,POI-10,Coffee Shop,
4d89f7435ecdf04dcb48b48a,POI-65,Women'S Store,
4d8a01361508a14375661a1e,POI-50,Movie Theater,
4d8a2eff5ecdf04d6378b98a,POI-18,Indian Restaurant,
4d8ab5266ce6a35dfa106742,POI-27,Art Gallery,
4d8abc89d85f3704308b05dc,POI-10,Coffee Shop,
4d8acf4226a36ea8cfe3fcad,POI-54,Clothing Store,
4d8ad71af607a0934ffe0787,POI-36,Asian Restaurant,
4d8ae1526ce6a35dfc066a42,POI-69,Spa / Massage,
4d8af2c176e1236a7cd42443,POI-92,Salon / Barbershop,
4d8b0352f607a093d1c70a87,POI-92,Salon / Barbershop,
4d8b0c12f607a0930c530b87,POI-92,Salon / Barbershop,
4d8b10fb5ecdf04d6548cb8a,POI-17,Chinese Restaurant,
4d8b1c2ebc848cfa8e4fe82b,POI-89,Arcade,
4d8b2cd126a36ea8daf502ae,POI-67,Gym,
4d8b2deb7139b1f7b55ad9d4,POI-10,Coffee Shop,
4d8b434c99c2a1cdc83fa1d7,POI-36,Asian Restaurant,
4d8c1df00731f04df2129a01,POI-94,Gas Station / Garage,
4d8c3412599b5481856023b2,POI-38,Middle Eastern Restaurant,
4d8c3f3cb3593704e85eb451,POI-94,Gas Station / Garage,
4d8c41b6ac798cfacabb27e4,POI-17,Chinese Restaurant,
4d8c696f8969a35d54544c8c,POI-98,Snack Place,
4d8c6be83753548143d15056,POI-56,Cosmetics Shop,
4d8c84ccd00a6ea8e4b88b4f,POI-69,Spa / Massage,
4d8c9933c479a35d6a8a1997,POI-36,Asian Restaurant,
4d8c9c7dc1b1721ebc890446,POI-2,Bar,
4d8cb8deaccf2d436fd6a1d6,POI-94,Gas Station / Garage,
4d8d41d93bfef04d4b527d86,POI-66,Grocery Store,
4d8d591d1716a143f58917f7,POI-10,Coffee Shop,
4d8d69312d86d7ce3e1176cb,POI-18,Indian Restaurant,
4d8d6954c1b1721ed3e21846,POI-17,Chinese Restaurant,
4d8d6f79d00a6ea8e8b6a24f,POI-107,Pet Store,
4d8d7351ca75b60ca57ce9a8,POI-18,Indian Restaurant,
4d8d9a01d4ec8cfae3065e89,POI-16,Australian Restaurant,
4d8db0f6c479a35dfdd43397,POI-69,Spa / Massage,
4d8dbcf612d52c0f0d865d34,POI-40,Seafood Restaurant,
4d8dbd61c1b1721ec1241f46,POI-37,Thai Restaurant,
4d8dbf31fa943704ee5df0c5,POI-57,Miscellaneous Shop,
4d8dd2f5c1b1721e1ad72046,POI-98,Snack Place,
4d8dd900fa94370422a4f2c5,POI-35,Dim Sum Restaurant,
4d8ddb27d4ec8cfa36756389,POI-120,Cupcake Shop,
4d8e015a3bfef04d4f748d86,POI-10,Coffee Shop,
4d8e0243d4ec8cfa399e6789,POI-68,Gym / Fitness Center,
4d8e0956c3d04eb95623cfc9,POI-17,Chinese Restaurant,
4d8e1fa9fa943704bf56fac5,POI-96,Karaoke Bar,
4d8e233d5091a1cdc46b8801,POI-50,Movie Theater,
4d8e8bc15091a1cd1b0f9301,POI-42,Food Court,
4d8e8c741d06b1f7ac204c3b,POI-53,Department Store,
4d8e94ba1716a143f7d936f7,POI-90,Light Rail,
4d8ea4bf1d06b1f760874e3b,POI-58,Accessories Store,
4d8ea6cec479a35d8cf04b97,POI-107,Pet Store,
4d8ec70dfa94370444100cc6,POI-92,Salon / Barbershop,
4d8ecbe23bfef04d669da186,POI-46,Japanese Restaurant,
4d8edc3e788c5481018843fd,POI-2,Bar,
4d8eedb1cb9b224b95259041,POI-39,Restaurant,
4d8ef8015234a0903991bfbd,POI-81,Steakhouse,
4d8efe471d06b1f783b5553b,POI-36,Asian Restaurant,
4d8f0c6bd265236a15191817,POI-73,Electronics Store,
4d8f14483bfef04d84aea686,POI-32,Pizza Place,
4d8f18511716a143cb4542f7,POI-37,Thai Restaurant,
4d8f211bcb9b224b6db69341,POI-54,Clothing Store,
4d8f220cd265236ab4a51917,POI-17,Chinese Restaurant,
4d8f29c9788c548153f948fd,POI-90,Light Rail,
4d8ff494cb9b224bb6c3a641,POI-92,Salon / Barbershop,
4d8ff739d4ec8cfa22de9889,POI-61,Shoe Store,
4d901b88d00a6ea8e7c5dd4f,POI-80,Ice Cream Shop,
4d904b15fa9437049a1e2ec6,POI-63,Bakery,
4d9059a25091a1cd0104b901,POI-117,Bike Shop,
4d908f19fa943704a33434c6,POI-84,Boutique,
4d90a6cbc1b1721ef8086046,POI-26,Park,
4d912dd63dd4a09352927518,POI-63,Bakery,
4d9132a19acaa14359d6e2f0,POI-10,Coffee Shop,
4d9139c9f5388cfab5d0b03d,POI-63,Bakery,
4d915b75dfa82d43c3378bd2,POI-7,American Restaurant,
4d916a7e270e6ea8d29153ff,POI-42,Food Court,
4d9186609d0f721e1ac31873,POI-36,Asian Restaurant,
4d9192153dd4a09308167d18,POI-161,Bagel Shop,
4d91b15d5f33b1f7e698727e,POI-137,Juice Bar,
4d91be705f33b1f7ba98737e,POI-42,Food Court,
4d91c2eb3dd4a093507a8018,POI-26,Park,
4d91c768270e6ea8ce155aff,POI-22,Dessert Shop,
4d91d3379acaa14363e7eff0,POI-56,Cosmetics Shop,
4d91dfb6270e6ea858755cff,POI-92,Salon / Barbershop,
4d924eb57ac3a35d1058be25,POI-57,Miscellaneous Shop,
4d92ac0b922c6ea8d3a65579,POI-41,Ramen /  Noodle House,
4d92ca1c14228cfa414d547b,POI-63,Bakery,
4d92f2d1b3273704d90e8d25,POI-63,Bakery,
4d92fa3f922c6ea83cf65a79,POI-18,Indian Restaurant,
4d93087bf9ad6a319af0f604,POI-102,Bbq Joint,
4d930ad0f10ea09396801f1e,POI-36,Asian Restaurant,
4d930f8bb053b60c0e6685cb,POI-57,Miscellaneous Shop,
4d931ab3b3273704aa7b9025,POI-102,Bbq Joint,
4d9322f77b5ea14300bdc0b8,POI-59,Men'S Store,
4d932b407ac3a35de602d025,POI-10,Coffee Shop,
4d932f7214228cfae1f25c7b,POI-11,Nightclub,
4d933914d176a1cdd43934f0,POI-27,Art Gallery,
4d93426f7b5ea143760cc4b8,POI-52,Arts & Crafts Store,
4d935b21fa1ef04dcfcf6ac7,POI-98,Snack Place,
4d9405054f78f04ded14f0b9,POI-17,Chinese Restaurant,
4d941826af673704f1117409,POI-17,Chinese Restaurant,
4d9430ec1231b60c34a674a1,POI-46,Japanese Restaurant,
4d9445b2078ef04dfd772678,POI-112,Gift Shop,
4d94569498c88cfa58671949,POI-68,Gym / Fitness Center,
4d9457521646a35d9e8e33a3,POI-18,Indian Restaurant,
4d9475af74c8236a7e34bdfc,POI-26,Park,
4d947c471646a35d861b37a3,POI-19,French Restaurant,
4d9495dc078ef04d80c62d78,POI-125,Other Nightlife,
4d94f682bee841bdfec87f3e,POI-91,Food & Drink Shop,
4d94f6b7bee841bd3fca7f3e,POI-91,Food & Drink Shop,
4d94f6c1bee841bdafca7f3e,POI-91,Food & Drink Shop,
4d94f6c9bee841bd1fcb7f3e,POI-91,Food & Drink Shop,
4d94f6cbbee841bd6fcb7f3e,POI-123,Convenience Store,
4d94f6d9bee841bd34cc7f3e,POI-91,Food & Drink Shop,
4d94f6f0bee841bd01cd7f3e,POI-91,Food & Drink Shop,
4d953a32744f370473559c57,POI-26,Park,
4d95464297d06ea8413ae80a,POI-54,Clothing Store,
4d9554afe07ea35d6476a502,POI-65,Women'S Store,
4d955f77647d8cfabdb39e3d,POI-17,Chinese Restaurant,
4d9564352bd6f04d2ece1d50,POI-57,Miscellaneous Shop,
4d95772b97d06ea842daeb0a,POI-134,Flower Shop,
4d9589bf9079b1f7eb8ee309,POI-33,Italian Restaurant,
4d95948d2bd6f04d05432150,POI-10,Coffee Shop,
4d95a8640caaa1430d7462b3,POI-84,Boutique,
4d95aaceaf3d236a9621f6c6,POI-57,Miscellaneous Shop,
4d95b292b188721e9ad5e336,POI-10,Coffee Shop,
4d95bed6e07ea35dc6aaad02,POI-36,Asian Restaurant,
4d95c271942ba093359c418c,POI-40,Seafood Restaurant,
4d95c6d5942ba0932216428c,POI-125,Other Nightlife,
4d95d46161a3a1cd3c158c42,POI-36,Asian Restaurant,
4d95d606942ba093b3b7438c,POI-14,Pub,
4d95db7661a3a1cdb2d68c42,POI-57,Miscellaneous Shop,
4d95dc93c19fb60ca1b86f65,POI-63,Bakery,
4d95eb290caaa1430da569b3,POI-2,Bar,
4d95fda30caaa143f5ce6bb3,POI-91,Food & Drink Shop,
4d965ef0af3d236ab8cc08c7,POI-57,Miscellaneous Shop,
4d967bfe61a3a1cd8eb59d42,POI-53,Department Store,
4d969196c19fb60c62018265,POI-7,American Restaurant,
4d96a68fe07ea35d140bc602,POI-98,Snack Place,
4d96ade1e07ea35dd6b7c602,POI-56,Cosmetics Shop,
4d96ae51942ba093871d5a8c,POI-69,Spa / Massage,
4d96b27c61a3a1cdb51ca342,POI-4,Resort,
4d96b467c19fb60c612b8565,POI-22,Dessert Shop,
4d96b7bf0caaa14332bd7fb3,POI-42,Food Court,
4d96cdaf61a3a1cde362a542,POI-10,Coffee Shop,
4d96d64a61a3a1cd7711a642,POI-17,Chinese Restaurant,
4d96dac89079b1f75e5e040a,POI-84,Boutique,
4d96f420647d8cfade45c73d,POI-5,Gaming Cafe,
4d96f4a8e07ea35d0c7dcc02,POI-90,Light Rail,
4d9702e561a3a1cda49ea942,POI-10,Coffee Shop,
4d970ab6744f3704b19dc957,POI-87,Car Dealership,
4d9711880caaa14363ae87b3,POI-25,Zoo,
4d97120a942ba093e442628c,POI-39,Restaurant,
4d97150fdaec224bb25c263e,POI-10,Coffee Shop,
4d971a412bd6f04da15d4650,POI-53,Department Store,
4d971b5c647d8cfa460ccb3d,POI-103,Mobile Phone Shop,
4d971d510caaa143c8e588b3,POI-124,Hot Dog Joint,
4d9723f09079b1f78db20a0a,POI-65,Women'S Store,
4d972a890caaa14310558ab3,POI-102,Bbq Joint,
4d974a2697d06ea8cda9170b,POI-26,Park,
4d976f76744f3704162dd557,POI-10,Coffee Shop,
4d97ef3ce07ea35d4616e702,POI-66,Grocery Store,
4d980a539079b1f7332f230a,POI-36,Asian Restaurant,
4d980c909079b1f75560230a,POI-101,Breakfast Spot,
4d98106c942ba093a52e7d8c,POI-7,American Restaurant,
4d981571b188721e5a952037,POI-52,Arts & Crafts Store,
4d9816459079b1f7832d240a,POI-57,Miscellaneous Shop,
4d9818579079b1f7b557240a,POI-17,Chinese Restaurant,
4d9822c0c19fb60ca73ca865,POI-26,Park,
4d98368fc19fb60c1fa5a965,POI-27,Art Gallery,
4d983c76b188721e05802337,POI-54,Clothing Store,
4d984b86647d8cfa6c7ceb3d,POI-92,Salon / Barbershop,
4d98587d0caaa143a40daab3,POI-121,Flea Market,
4d98607a744f3704d921ed57,POI-10,Coffee Shop,
4d9872cd9aec594145387c64,POI-134,Flower Shop,
4d98769caf3d236a5b633cc7,POI-52,Arts & Crafts Store,
4d9917999079b1f7009d3b0a,POI-48,Theater,
4d994ae2744f370401560458,POI-36,Asian Restaurant,
4d99562a744f370404390558,POI-60,Automotive Shop,
4d9958df647d8cfa3acf053e,POI-46,Japanese Restaurant,
4d99662ca2c65481205c0754,POI-10,Coffee Shop,
4d997d81a2c654810cf70854,POI-10,Coffee Shop,
4d99ad8f2bd6f04d1e118350,POI-50,Movie Theater,
4d99addf942ba0932f14a08c,POI-83,Fried Chicken Joint,
4d99bc8fe07ea35d77fa0e03,POI-4,Resort,
4d9a5e5c1a29a1cddf136f02,POI-42,Food Court,
4d9a7a4973df8cfaadb5e0ec,POI-60,Automotive Shop,
4d9a7c0ab4fa37045e60870d,POI-50,Movie Theater,
4d9a7ebf78f46ea8157df1fb,POI-58,Accessories Store,
4d9a8dd8674ca1437e95be43,POI-88,Sandwich Place,
4d9aa6f77668f04dc5b7c093,POI-56,Cosmetics Shop,
4d9aa8e59298b1f753624638,POI-117,Bike Shop,
4d9ab0ff674ca143de5cc143,POI-22,Dessert Shop,
4d9ae0be422ea1cdf0fbee4c,POI-92,Salon / Barbershop,
4d9afa90b4fa37047543910d,POI-46,Japanese Restaurant,
4d9afe837668f04d3ff9c693,POI-57,Miscellaneous Shop,
4d9b0106b4fa370490e9910d,POI-13,Diner,
4d9b09833f785481a76bd6d1,POI-123,Convenience Store,
4d9bd5789186370495eb2bf9,POI-74,Fast Food Restaurant,
4d9be06b2e6d8cfa23e43017,POI-55,Sporting Goods Shop,
4d9be7812e6d8cfabf623117,POI-123,Convenience Store,
4d9be97f91863704ad5b2df9,POI-102,Bbq Joint,
4d9bf70391863704354f2ef9,POI-10,Coffee Shop,
4d9bfdf4c18aa35d3f9279ff,POI-66,Grocery Store,
4d9c017dc18aa35d67cf79ff,POI-66,Grocery Store,
4d9c206e54028cfac2f8025b,POI-36,Asian Restaurant,
4d9c330f5424b60c9d61749e,POI-98,Snack Place,
4d9c35925c17a35d90a16a60,POI-69,Spa / Massage,
4d9c4f6a15c5a090e809bcee,POI-84,Boutique,
4d9c5d44ef8f3704707a01ae,POI-33,Italian Restaurant,
4d9d5c187958f04de28414fa,POI-123,Convenience Store,
4d9d5e4b7509b1f7c1bb3fa0,POI-33,Italian Restaurant,
4d9d917183f36ea8aa2cba94,POI-106,Candy Store,
4d9d934848b6224b2fd2269f,POI-123,Convenience Store,
4d9db3767958f04d67541bfa,POI-18,Indian Restaurant,
4d9de4e788296a314f0227af,POI-42,Food Court,
4d9e28a54811a1cde71ee7ed,POI-17,Chinese Restaurant,
4d9e61e936818cfa2c2ff300,POI-53,Department Store,
4d9e85a991af6ea8b3a586e8,POI-36,Asian Restaurant,
4d9e86032052f04d00eeb794,POI-88,Sandwich Place,
4d9e88e3640b54819a71cd2d,POI-154,Optical Shop,
4d9e9aa8ded9a093416cf306,POI-57,Miscellaneous Shop,
4d9ebb4becb12c0fa6305b89,POI-26,Park,
4d9ec4248ef3a1436f6b8310,POI-65,Women'S Store,
4d9eccc42052f04d14d1bc94,POI-69,Spa / Massage,
4d9ed8002052f04d1e82bd94,POI-62,Jewelry Store,
4d9ef0208ef3a143d4cc8610,POI-137,Juice Bar,
4d9ef1d747ad370473e044e5,POI-36,Asian Restaurant,
4d9ef36d7f1b721eda59920f,POI-157,Smoke Shop,
4d9f1d0291af6ea8603592e8,POI-99,Hookah Bar,
4d9f25eca77d816ec347fb08,POI-8,Gastropub,
4d9fb57d865d5481fc8f3c13,POI-18,Indian Restaurant,
4d9fcbd5a77d816e71870b09,POI-89,Arcade,
4d9fd486e8a6721e2d2d2ba5,POI-75,Bowling Alley,
4d9fd880a77d816e629b0c09,POI-85,Furniture / Home Store,
4d9fe1625970b1f71d674e1e,POI-54,Clothing Store,
4da005fd784f3704f89090af,POI-56,Cosmetics Shop,
4da018095970b1f7d46c521e,POI-98,Snack Place,
4da0301a58c2224b659b4c79,POI-67,Gym,
4da035e5bcc4a093cbe60ac9,POI-165,Arepa Restaurant,
4da043353edff04d7e853c99,POI-17,Chinese Restaurant,
4da05012c41ca143b40945a3,POI-14,Pub,
4da05aa52305a35dac78caaf,POI-154,Optical Shop,
4da097273edff04d649e4499,POI-123,Convenience Store,
4da0f9e6b3e7236a1e420079,POI-27,Art Gallery,
4da12909d686b60c2535a028,POI-28,Plaza,
4da151949aa4721e40f1f819,POI-18,Indian Restaurant,
4da167aa7ccc816e5461527b,POI-66,Grocery Store,
4da17c73c6e96ea856a4c15d,POI-80,Ice Cream Shop,
4da17dd6c6e96ea849bbc15d,POI-54,Clothing Store,
4da184e963b5a35db4fce919,POI-22,Dessert Shop,
4da196cb2939b1f750e5f756,POI-17,Chinese Restaurant,
4da1a54bbf22a143c1f69ff8,POI-89,Arcade,
4da1b67063b5a35d85c9ed19,POI-17,Chinese Restaurant,
4da1c1cbb521224b0fc8faed,POI-54,Clothing Store,
4da1c8bf540ea1cd509c6ede,POI-145,Farmers Market,
4da1edb663b5a35dc3e6f219,POI-94,Gas Station / Garage,
4da23c44e8ff2c0ff5a4a6cd,POI-35,Dim Sum Restaurant,
4da28f1c9935a09317b5b76f,POI-24,Malaysian Restaurant,
4da29a71b1c937043554e8a1,POI-54,Clothing Store,
4da29c22540ea1cdf13b80de,POI-6,Tea Room,
4da29f877aee54816a8fd9fe,POI-89,Arcade,
4da2c4f022a5f04d4d711655,POI-74,Fast Food Restaurant,
4da2c673b1c93704443aeba1,POI-73,Electronics Store,
4da2e03c7aee54812497ddfe,POI-110,Yoga Studio,
4da2e0887aee5481d19cddfe,POI-123,Convenience Store,
4da2edef540ea1cd13c585de,POI-40,Seafood Restaurant,
4da3098c2538d7ce6c243e5c,POI-42,Food Court,
4da3ad3e0f578cfab0d4be18,POI-17,Chinese Restaurant,
4da3d25ab1c93704411903a2,POI-39,Restaurant,
4da3e4400f578cfaee12c318,POI-117,Bike Shop,
4da3e8882939b1f7a9d72757,POI-22,Dessert Shop,
4da3f5977ccc816e71b9877b,POI-161,Bagel Shop,
4da411269935a093526fd56f,POI-35,Dim Sum Restaurant,
4da424639935a09385a0d66f,POI-33,Italian Restaurant,
4da427a4bf22a1430ed8d6f8,POI-97,Donut Shop,
4da4437a540ea1cdd128a1de,POI-69,Spa / Massage,
4da44772b3e7236a2fc54279,POI-98,Snack Place,
4da44ebe63b5a35d7e35231a,POI-15,Cocktail Bar,
4da45c709935a093bc81db6f,POI-14,Pub,
4da4894e63b5a35de0b0281a,POI-2,Bar,
4da5195f4b22546389c81980,POI-17,Chinese Restaurant,
4da520d14b22546389c89c44,POI-10,Coffee Shop,
4da52546cda109f02fb7e77b,POI-22,Dessert Shop,
4da528b543a1de92fac49344,POI-117,Bike Shop,
4da52b9e93a003e248d465cc,POI-36,Asian Restaurant,
4da537a71e726e4969585115,POI-40,Seafood Restaurant,
4da53e016a23904516c78f30,POI-41,Ramen /  Noodle House,
4da5454e4df024212d451551,POI-159,Liquor Store,
4da561020cb6d75e29f69197,POI-123,Convenience Store,
4da571effa8cf9bcc87e2f21,POI-158,Train,
4da5906693a01f42fac8753c,POI-65,Women'S Store,
4da59f1a0437667c9b2f7887,POI-17,Chinese Restaurant,
4da5a0f1a86e226c26bad02f,POI-53,Department Store,
4da65badfa8c94f8b84e0285,POI-69,Spa / Massage,
4da671ccfa8c94f8b84fce27,POI-10,Coffee Shop,
4da672c6fa8c94f8b84fe10f,POI-110,Yoga Studio,
4da67574f7b192b4866dc50d,POI-17,Chinese Restaurant,
4da67f6c5da3e8486b85a222,POI-17,Chinese Restaurant,
4da6ba5a6e81162ae783eb3f,POI-55,Sporting Goods Shop,
4da6d4026a230db30eca61c3,POI-17,Chinese Restaurant,
4da6d50fcda1480291c1e6a4,POI-10,Coffee Shop,
4da6dbc96a230db30ecb07df,POI-74,Fast Food Restaurant,
4da6ef594df0260c3e9c6e2d,POI-107,Pet Store,
4da6f74893a04785b90afce9,POI-22,Dessert Shop,
4da6fce66e81162ae789a4b0,POI-18,Indian Restaurant,
4da6ff0d0cb66f658710c706,POI-11,Nightclub,
4da727924df0260c3ea1c398,POI-17,Chinese Restaurant,
4da741e2f7b15dc952f67544,POI-10,Coffee Shop,
4da7abd604376c33687689d9,POI-10,Coffee Shop,
4da7d08443a12d0c2642cbaf,POI-36,Asian Restaurant,
4da7d5fc04376c33687a21db,POI-84,Boutique,
4da80c896e81162ae79efc71,POI-61,Shoe Store,
4da81067fa8c4175d0aff3de,POI-123,Convenience Store,
4da8259081541df437b577d4,POI-92,Salon / Barbershop,
4da82ec5f7b12d2d9a04ab4e,POI-102,Bbq Joint,
4da831874df0af29b7074e24,POI-48,Theater,
4da83b186e81162ae7a2171a,POI-65,Women'S Store,
4da83b5b04376c3368825d95,POI-39,Restaurant,
4da840436a2364c7a34f7316,POI-98,Snack Place,
4da8404a4b22e9f40dfff46f,POI-17,Chinese Restaurant,
4da84b8293a021ab13c5d3e3,POI-46,Japanese Restaurant,
4da854cb0cb65e9aae654189,POI-14,Pub,
4da8ceb3cda1652a2b64a45f,POI-123,Convenience Store,
4da90fde5da3ba8a4768f872,POI-41,Ramen /  Noodle House,
4da923121e72c1ab9bd4e445,POI-42,Food Court,
4da926f0cda1652a2b6d5a51,POI-83,Fried Chicken Joint,
4da941db4b22f071ea9ad6ae,POI-110,Yoga Studio,
4da94ba70437dccbd7e748c9,POI-57,Miscellaneous Shop,
4da96012f7b145b36ff56e72,POI-40,Seafood Restaurant,
4da960aa6e81162ae7bb553b,POI-92,Salon / Barbershop,
4da964e793a04642f064f7cb,POI-92,Salon / Barbershop,
4da968e00cb6a89c62547b48,POI-80,Ice Cream Shop,
4da9725543a1128196dd0ae5,POI-39,Restaurant,
4da97289f7b145b36ff6e64b,POI-43,Vegetarian / Vegan Restaurant,
4da987defa8cc764971b4c35,POI-79,Food,
4da9895a6a2303012ef657c4,POI-36,Asian Restaurant,
4da98a8bcda1652a2b758857,POI-64,New American Restaurant,
4da99729f7b145b36ffa5b7f,POI-55,Sporting Goods Shop,
4da9a41ba86e771ea70f788e,POI-102,Bbq Joint,
4da9c5c41e72c1ab9be3d561,POI-17,Chinese Restaurant,
4daa6373a86e771ea723bf9e,POI-27,Art Gallery,
4daa6aec93a04642f0802477,POI-154,Optical Shop,
4daa8e2193a04642f082f019,POI-92,Salon / Barbershop,
4daa97734b22f071eabc149b,POI-137,Juice Bar,
4daaa37e43a1128196fd4fcf,POI-98,Snack Place,
4daaa4e48154abafc2b1c175,POI-33,Italian Restaurant,
4daaa91ca86e771ea728f139,POI-67,Gym,
4daab61bfa8cc764973b52bf,POI-92,Salon / Barbershop,
4daabca95da3ba8a47918503,POI-109,Eastern European Restaurant,
4daac6cfcda1652a2b943b71,POI-17,Chinese Restaurant,
4daae97fcda1652a2b96ee2e,POI-17,Chinese Restaurant,
4daae9cf93a04642f0897410,POI-42,Food Court,
4dab20c54df01c19b198d80f,POI-17,Chinese Restaurant,
4dabc7d11e72c1ab9c11c778,POI-36,Asian Restaurant,
4dabd07e5da3ba8a47a978d7,POI-17,Chinese Restaurant,
4dabf39a0437dccbd82881cd,POI-18,Indian Restaurant,
4dac076f6e81162ae7f8a5f3,POI-10,Coffee Shop,
4dac16404b22f071eada9cb9,POI-22,Dessert Shop,
4dac27450437dccbd82c6eec,POI-41,Ramen /  Noodle House,
4dac2a0843a11281971f3a9d,POI-17,Chinese Restaurant,
4dac31070cb6a89c62918a4b,POI-40,Seafood Restaurant,
4dad004d4b22ee6dec11f4ed,POI-10,Coffee Shop,
4dad11e293a0faeb8dbbe34d,POI-24,Malaysian Restaurant,
4dad3cf24b2271d46ba20254,POI-92,Salon / Barbershop,
4dad63c1cda1aece4a5793f1,POI-17,Chinese Restaurant,
4dae410b43a1f97d9187ce8f,POI-157,Smoke Shop,
4dae4a77a86e29d01a41d7ac,POI-74,Fast Food Restaurant,
4dae50eef7b17488f48f9aed,POI-10,Coffee Shop,
4dae589293a0096fba9eb558,POI-133,Salad Place,
4dae90f66a23e6c9348c7526,POI-15,Cocktail Bar,
4daea93c93a0096fbaa3e30f,POI-33,Italian Restaurant,
4daebbaecda1ea0bb04370d3,POI-67,Gym,
4daebedefa8cf04fbe058513,POI-56,Cosmetics Shop,
4daec19da86e29d01a49c3f4,POI-108,Scandinavian Restaurant,
4daecc35f7b17488f4982cc9,POI-67,Gym,
4daedb2b6e81e2dffdd0748d,POI-57,Miscellaneous Shop,
4daee4a05da3cca6f0b258b9,POI-107,Pet Store,
4daf7feb4b22d9b3bcc392c0,POI-42,Food Court,
4daf80ca0cb6ead7fdd0fd74,POI-41,Ramen /  Noodle House,
4daf915e4b22d9b3bcc52e30,POI-106,Candy Store,
4dafc2a993a037b7b0767b9d,POI-43,Vegetarian / Vegan Restaurant,
4dafc49a43a1e3d9e64e5fd9,POI-69,Spa / Massage,
4dafc55ea86e9639ef54309f,POI-19,French Restaurant,
4dafd8d65da3f2f3d2aed4ef,POI-17,Chinese Restaurant,
4db02a1993a06157683cac60,POI-116,Beer Garden,
4db03d7cf7b1bd003ac61438,POI-56,Cosmetics Shop,
4db0eb8e1e729fcc5648eb3a,POI-43,Vegetarian / Vegan Restaurant,
4db0eba9cda14b702a3c044c,POI-79,Food,
4db0f44cfa8ca4b3e9ee04f4,POI-39,Restaurant,
4db13b930cb6442b2ec525f9,POI-56,Cosmetics Shop,
4db13e518154905aadbc0a7b,POI-51,Indie Movie Theater,
4db13eb10437a93f7f8405b7,POI-74,Fast Food Restaurant,
4db151870437a93f7f855af5,POI-17,Chinese Restaurant,
4db152ce1e729fcc564ef9d7,POI-42,Food Court,
4db158e78154905aadbdc9c2,POI-42,Food Court,
4db15cf56e81a2637ee96788,POI-28,Plaza,
4db16295a86e63d21169719c,POI-7,American Restaurant,
4db16d366e81a2637eeac0cc,POI-42,Food Court,
4db16ecb43a1bea42bcab2af,POI-26,Park,
4db1752f4df03036e8ce4572,POI-112,Gift Shop,
4db175b6fa8ca4b3e9f7535c,POI-22,Dessert Shop,
4db18049f7b1bd003add9d50,POI-65,Women'S Store,
4db18cf14df03036e8d0911f,POI-41,Ramen /  Noodle House,
4db1a2035da32cf2df60580b,POI-167,Whisky Bar,
4db1cb6893a06157685da876,POI-26,Park,
4db1d8ee6e81a2637ef537f3,POI-26,Park,
4db2468d5da3944066b4be35,POI-113,General Travel,
4db24d601e7229bb763856c3,POI-10,Coffee Shop,
4db259425da3944066b659af,POI-44,Burger Joint,
4db25adba86e58921bf4a8dc,POI-137,Juice Bar,
4db26e845da3944066b80313,POI-46,Japanese Restaurant,
4db26fbd8154eb510dea25b9,POI-69,Spa / Massage,
4db2741f0cb609fc092198e0,POI-14,Pub,
4db27c50f7b12ee8facb1852,POI-36,Asian Restaurant,
4db286b87abac948e8f830f0,POI-75,Bowling Alley,
4db28fea93a073feb21e09e4,POI-52,Arts & Crafts Store,
4db2ad9793a017099db215dc,POI-123,Convenience Store,
4db2b258f7b121c29f25b1e6,POI-62,Jewelry Store,
4db2b7d30cb6729b6a6ff420,POI-17,Chinese Restaurant,
4db2ba7cf7b121c29f265246,POI-70,Korean Restaurant,
4db2bc5e43a1369cb59199bb,POI-81,Steakhouse,
4db2bd541e7248d1357c2573,POI-10,Coffee Shop,
4db2c1450437fa536a031044,POI-84,Boutique,
4db2ca4b0437fa536a03a3e6,POI-92,Salon / Barbershop,
4db2e3c24b226b343d6b797f,POI-13,Diner,
4db2f25a5da3a76f441d68e8,POI-102,Bbq Joint,
4db32229fa8c350240c68d90,POI-32,Pizza Place,
4db3958e93a017099dc829ac,POI-41,Ramen /  Noodle House,
4db3c16aa86e8d270777efc1,POI-57,Miscellaneous Shop,
4db3c7fc0437fa536a1d9dc1,POI-46,Japanese Restaurant,
4db3ddd00cb6729b6a890f73,POI-41,Ramen /  Noodle House,
4db3f1eefa8c350240da0f66,POI-13,Diner,
4db3f73e81543d71da3be192,POI-7,American Restaurant,
4db405cf6e8179a91374f62b,POI-36,Asian Restaurant,
4db4089a4df05e5aaad77186,POI-37,Thai Restaurant,
4db408de6e8179a913752b52,POI-46,Japanese Restaurant,
4db40eb3a86e8d27077d075e,POI-115,Soup Place,
4db412bf1e7248d13599ce1c,POI-10,Coffee Shop,
4db418c36a23c31a03100258,POI-17,Chinese Restaurant,
4db419976e8179a913765b0e,POI-74,Fast Food Restaurant,
4db422101e7248d1359aeeab,POI-58,Accessories Store,
4db435d95da3a76f44396e32,POI-10,Coffee Shop,
4db4c595fc607e0aa2375512,POI-123,Convenience Store,
4db4fd701e7248d135ac5318,POI-33,Italian Restaurant,
4db501906a23c31a032266bd,POI-46,Japanese Restaurant,
4db50330cda1c57c8266dce3,POI-56,Cosmetics Shop,
4db52de1fa8c350240f4165e,POI-126,Music Store,
4db540af6e8179a9138b6879,POI-130,Food Truck,
4db54d2b93a017099de82db8,POI-98,Snack Place,
4db563f05da3a76f444fd884,POI-35,Dim Sum Restaurant,
4db567b281543d71da56e543,POI-40,Seafood Restaurant,
4db5cddecda1c57c8276a1d1,POI-10,Coffee Shop,
4db61ce843a1369cb5df6fcb,POI-88,Sandwich Place,
4db64b9bf7b121c29f705c32,POI-10,Coffee Shop,
4db654ae93a017099dfe906d,POI-109,Eastern European Restaurant,
4db65f936e8179a913a29cb8,POI-93,Tapas Restaurant,
4db66146f7b121c29f71ce2a,POI-76,Deli / Bodega,
4db694b41e7248d135cb24ba,POI-90,Light Rail,
4db6b5ee93a017099e053443,POI-92,Salon / Barbershop,
4db6c9e26a23c31a03459732,POI-130,Food Truck,
4db6d2e15da3a76f446dc820,POI-92,Salon / Barbershop,
4db6f134a86e8d2707b5b22d,POI-37,Thai Restaurant,
4db77d4e8154d78113c2d782,POI-44,Burger Joint,
4db7aa1a0cb6cc307a645f0d,POI-92,Salon / Barbershop,
4db7f8e51e7206c23cfd595a,POI-79,Food,
4db800fe5da3b5fa68b597ae,POI-44,Burger Joint,
4db8052004376df9976ab376,POI-34,Mediterranean Restaurant,
4db80d2b43a1a75c1f699771,POI-36,Asian Restaurant,
4db8eb4a0437609120f74416,POI-13,Diner,
4db90ede43a1e5b1e2c19374,POI-26,Park,
4db94fff41599a0121e4cbbf,POI-19,French Restaurant,
4db9710fffcbbc7fb76c2f84,POI-33,Italian Restaurant,
4dba071ea86ede8c0f9184e3,POI-117,Bike Shop,
4dba99ad0437ffd207a768f1,POI-57,Miscellaneous Shop,
4dba9eb781548ee14d7d9d7e,POI-26,Park,
4dbad071a86ede8c0fa3342e,POI-44,Burger Joint,
4dbad51793a08f9274946817,POI-167,Whisky Bar,
4dbadd87f7b1ab37dd3585cc,POI-10,Coffee Shop,
4dbae507fa8cee727321e7b0,POI-19,French Restaurant,
4dbb7f5df7b1ab37dd474bc9,POI-106,Candy Store,
4dbb96e1f7b1ab37dd499558,POI-37,Thai Restaurant,
4dbb9b1b815439392f92b858,POI-98,Snack Place,
4dbb9c16a86e0e98a1cf6569,POI-5,Gaming Cafe,
4dbba382cda109aa6c876c2c,POI-85,Furniture / Home Store,
4dbba7814b222080d37e4351,POI-139,Board Shop,
4dbbb7604b222080d37f8c8c,POI-42,Food Court,
4dbbc2395da3ff58ec39e93c,POI-83,Fried Chicken Joint,
4dbbc9c493a08f9274ad53f6,POI-60,Automotive Shop,
4dbbd16343a1d8504b7a4309,POI-84,Boutique,
4dbbf3a26e810768bf50d8b2,POI-61,Shoe Store,
4dbc08990cb691071c97d36c,POI-40,Seafood Restaurant,
4dbc0c28fa8cee727341393c,POI-10,Coffee Shop,
4dbc0f724df044e524d956b9,POI-60,Automotive Shop,
4dbc2fc16e810768bf5735fc,POI-96,Karaoke Bar,
4dbc38270cb691071c9d01c6,POI-153,Bed & Breakfast,
4dbcce004b222080d39c356c,POI-84,Boutique,
4dbcd5cc93a08f9274c928f8,POI-17,Chinese Restaurant,
4dbcde336e810768bf6a9e8e,POI-134,Flower Shop,
4dbce3e2a86e0e98a1efcab1,POI-83,Fried Chicken Joint,
4dbcebcb0437955ec040f598,POI-105,Gourmet Shop,
4dbcf673fa8cee72735c1f37,POI-56,Cosmetics Shop,
4dbd121b6a23e294ba3e1896,POI-42,Food Court,
4dbd2bb8cda109aa6cad3cfe,POI-123,Convenience Store,
4dbd2d1543a1d8504b9f2951,POI-65,Women'S Store,
4dbd2fe6f7b1ab37dd70acd4,POI-36,Asian Restaurant,
4dbd32e14df044e524f65f6f,POI-17,Chinese Restaurant,
4dbd47d1815439392fad2753,POI-98,Snack Place,
4dbd4a0ba86e0e98a1f75790,POI-36,Asian Restaurant,
4dbd5a98815439392fae40b8,POI-36,Asian Restaurant,
4dbd790343a1d8504ba5d5bc,POI-10,Coffee Shop,
4dbd86d2fa8cee727368a3e6,POI-5,Gaming Cafe,
4dbe17226a23e294ba5526d5,POI-59,Men'S Store,
4dbe222fa86e0e98a20b5e76,POI-73,Electronics Store,
4dbe2cee6a23a3c4739facff,POI-40,Seafood Restaurant,
4dbe6d6b6a23a3c473a466ed,POI-22,Dessert Shop,
4dbec85e0cb691071cd75e6f,POI-2,Bar,
4dbecea00437955ec06de017,POI-26,Park,
4dbf48b01e72dd48b1ef8781,POI-63,Bakery,
4dbf7d6cf7b115b875cbeefc,POI-73,Electronics Store,
4dbf8b77a86e2f4250adca6d,POI-42,Food Court,
4dbf9753cda12687c837f32b,POI-74,Fast Food Restaurant,
4dbfde041e72dd48b1fad45b,POI-96,Karaoke Bar,
4dbfe98b4b2221ec2d6414ab,POI-10,Coffee Shop,
4dbfee3af7b115b875d43a33,POI-123,Convenience Store,
4dbff4896e8124d25dc12525,POI-128,Kids Store,
4dc09ff97d8bf48713b07f3c,POI-98,Snack Place,
4dc0ad678877c00d6ac7c6f6,POI-10,Coffee Shop,
4dc0b9d7c65b268b41cbfc8d,POI-142,Video Store,
4dc0d009d4c07bbdf7677a2e,POI-69,Spa / Massage,
4dc0dc3afa764d03e9f1ab20,POI-26,Park,
4dc0e08ec65b268b41cf2131,POI-10,Coffee Shop,
4dc10607e4cda3b87f18343a,POI-66,Grocery Store,
4dc1063222713750ba734ade,POI-92,Salon / Barbershop,
4dc160a4d22da015334db3f7,POI-79,Food,
4dc236cbb0fb490416ab2d93,POI-168,Comedy Club,
4dc238557d8b686fa478e26d,POI-22,Dessert Shop,
4dc24ba4e4cda23545507313,POI-10,Coffee Shop,
4dc25c6645ddd5b5b6aa6125,POI-17,Chinese Restaurant,
4dc25e82e4cda2354551ee61,POI-92,Salon / Barbershop,
4dc29164c65b4274e88bf2e4,POI-63,Bakery,
4dc2c56352b1c1fb37f04d94,POI-11,Nightclub,
4dc3411618387d1bd5057b30,POI-79,Food,
4dc3563b887717c87feef1b1,POI-17,Chinese Restaurant,
4dc36a7e45dd2645523e048b,POI-62,Jewelry Store,
4dc36e6218387d1bd50a251c,POI-56,Cosmetics Shop,
4dc39aa9d164eb9c9fc0bf79,POI-69,Spa / Massage,
4dc3d1ced22dafda2f7aa292,POI-62,Jewelry Store,
4dc3e8bd52b1e8f9f7ac690f,POI-42,Food Court,
4dc41421d164eb9c9fcbaa45,POI-56,Cosmetics Shop,
4dc49e2cb0fb5556ccdc825a,POI-101,Breakfast Spot,
4dc4d7d118387d1bd52eb5ad,POI-30,Water Park,
4dc4fef6d22dafda2f99609b,POI-65,Women'S Store,
4dc5084fb0fb5556cce614a2,POI-128,Kids Store,
4dc5138f18387d1bd533b6ce,POI-123,Convenience Store,
4dc51efb2271f2705124119f,POI-17,Chinese Restaurant,
4dc5271218387d1bd5356709,POI-4,Resort,
4dc527ce18387d1bd5357822,POI-2,Bar,
4dc53622887717c8801c7901,POI-17,Chinese Restaurant,
4dc53c32fa76d685cdda5d13,POI-10,Coffee Shop,
4dc55d37d4c0ad9c0f855aeb,POI-53,Department Store,
4dc62753fa76d685cdf43d10,POI-6,Tea Room,
4dc6282645dd264552842e71,POI-17,Chinese Restaurant,
4dc64b94fa76d685cdf729e8,POI-110,Yoga Studio,
4dc64fc018387d1bd554f9dc,POI-70,Korean Restaurant,
4dc6537118387d1bd55543ac,POI-117,Bike Shop,
4dc65786ae608779d1523e49,POI-92,Salon / Barbershop,
4dc65fca45dd264552887d57,POI-120,Cupcake Shop,
4dc67e67c65b89d3ca88c7c8,POI-36,Asian Restaurant,
4dc6836918387d1bd5592b14,POI-36,Asian Restaurant,
4dc6874c52b1e8f9f7eeda3f,POI-84,Boutique,
4dc69e8952b1e8f9f7f0d9fe,POI-123,Convenience Store,
4dc6a833887717c880413576,POI-17,Chinese Restaurant,
4dc7351e45dd2645529d1756,POI-27,Art Gallery,
4dc743811f6ef43b8a43394e,POI-153,Bed & Breakfast,
4dc75f05ae608779d16ad096,POI-65,Women'S Store,
4dc7720c7d8b14fb465b6457,POI-130,Food Truck,
4dc780347d8b14fb465c6d35,POI-83,Fried Chicken Joint,
4dc78b8a2271f270515fba75,POI-69,Spa / Massage,
4dc7ac2de4cd169dc681a574,POI-96,Karaoke Bar,
4dc7bb7eb0fb5556cd26c531,POI-96,Karaoke Bar,
4dc7c0cfc65b89d3caa55b9f,POI-15,Cocktail Bar,
4dc7e0f9ae608779d1748111,POI-22,Dessert Shop,
4dc80b2918387d1bd57d9e9a,POI-17,Chinese Restaurant,
4dc8841845dd9aa940aa2f32,POI-112,Gift Shop,
4dc8def2b0fbf26798bea97f,POI-10,Coffee Shop,
4dc8f525d164033c57352f66,POI-42,Food Court,
4dc920b552b1b9daeb581447,POI-46,Japanese Restaurant,
4dc9335ed4c0bf6841a1563b,POI-10,Coffee Shop,
4dc93b2c8877c89dc0822c3f,POI-2,Bar,
4dc9ef54183817362fd7e7be,POI-10,Coffee Shop,
4dca2030c65bebb82f32263d,POI-60,Automotive Shop,
4dca29a7d22da18f4e5d9be6,POI-22,Dessert Shop,
4dca3726c65bebb82f33de4e,POI-89,Arcade,
4dca75e3e4cde9e42f85fce2,POI-54,Clothing Store,
4dca776a52b1c2222a82bf17,POI-39,Restaurant,
4dca8919887769ff3d5086e4,POI-85,Furniture / Home Store,
4dcb606fd22d7ffe9d2d75a9,POI-36,Asian Restaurant,
4dcbcaa0d4c0dfa030d78481,POI-123,Convenience Store,
4dcbde7752b17cba4fb15b3b,POI-120,Cupcake Shop,
4dcc6a991838a9a8d8002071,POI-9,Rock Club,
4dcc79c0b0fbaf77b9a1770e,POI-10,Coffee Shop,
4dcca5a0183899ddfaa5efdc,POI-36,Asian Restaurant,
4dccaabcd22deadedd274ae5,POI-2,Bar,
4dcd058e1f6eb122705630c2,POI-15,Cocktail Bar,
4dcd0e6b52b1f8915b72f726,POI-10,Coffee Shop,
4dcd6b18ae603b786d15a073,POI-10,Coffee Shop,
4dcddeea7d8b975f18c14e81,POI-101,Breakfast Spot,
4dcde847183899ddfac597ee,POI-92,Salon / Barbershop,
4dcdfc86183899ddfac7bf05,POI-42,Food Court,
4dce0365d22deadedd489b6f,POI-13,Diner,
4dce094f7d8b975f18c59529,POI-70,Korean Restaurant,
4dce0f43e4cd130e165e7baa,POI-63,Bakery,
4dce106b8877851243ef4dfd,POI-112,Gift Shop,
4dce14a0183899ddfac9fb54,POI-6,Tea Room,
4dce2359d4c065592f77d34b,POI-61,Shoe Store,
4dce24c245ddbe15f8821f2e,POI-52,Arts & Crafts Store,
4dce530cc65bdac7135debdd,POI-98,Snack Place,
4dce542b183899ddfacf25bd,POI-84,Boutique,
4dce690052b1f8915b950ada,POI-58,Accessories Store,
4dce81b845ddbe15f889e593,POI-2,Bar,
4dce8b1f45ddbe15f88ae27e,POI-21,Lounge,
4dceb79d8877851243fec254,POI-39,Restaurant,
4dcf31c6e4cd130e167b90a8,POI-30,Water Park,
4dcf4432922e8ac424871076,POI-59,Men'S Store,
4dcf502bd4c065592f965736,POI-92,Salon / Barbershop,
4dcf5723d4c065592f96f85a,POI-70,Korean Restaurant,
4dcf708ed164679b8d19f4a6,POI-36,Asian Restaurant,
4dcf9ab5e4cd130e16849847,POI-28,Plaza,
4dcfa1c345ddbe15f8a70226,POI-46,Japanese Restaurant,
4dcfa6e6887785124416202c,POI-17,Chinese Restaurant,
4dcfb0f222718eed7a57af42,POI-42,Food Court,
4dcfd767b0fb25f6e36648c6,POI-89,Arcade,
4dcfe1d2c65bdac71384ef66,POI-66,Grocery Store,
4dd0667ed4c065592faf6b0f,POI-42,Food Court,
4dd07875fa7664b7c6da52bb,POI-36,Asian Restaurant,
4dd07c26183899ddfb06c366,POI-123,Convenience Store,
4dd093d71f6eb12270af6738,POI-25,Zoo,
4dd09576d22deadedd870565,POI-5,Gaming Cafe,
4dd09581d4c065592fb374fe,POI-24,Malaysian Restaurant,
4dd0a7e3c65bdac71397df57,POI-36,Asian Restaurant,
4dd0b15788778512442e5cbe,POI-10,Coffee Shop,
4dd0b91e88778512442eee57,POI-17,Chinese Restaurant,
4dd0cfbcae603b786d683b08,POI-102,Bbq Joint,
4dd0d53d45ddbe15f8c2637f,POI-18,Indian Restaurant,
4dd0e052c65bdac7139bf516,POI-39,Restaurant,
4dd0ede4d164679b8d3a7c1d,POI-68,Gym / Fitness Center,
4dd0f9d922718eed7a74a09f,POI-32,Pizza Place,
4dd10628b0fb25f6e380d7a5,POI-43,Vegetarian / Vegan Restaurant,
4dd11f3ab0fb25f6e3835d9d,POI-79,Food,
4dd129b6c65bdac713a25701,POI-40,Seafood Restaurant,
4dd15c3981302fe12fb267c5,POI-46,Japanese Restaurant,
4dd1ca62c65b9d071f8e64f8,POI-43,Vegetarian / Vegan Restaurant,
4dd1cffffa767fb707859015,POI-10,Coffee Shop,
4dd1e506c65b9d071f90a833,POI-123,Convenience Store,
4dd203e01838a7519651b764,POI-52,Arts & Crafts Store,
4dd215f28877261f70f4177c,POI-36,Asian Restaurant,
4dd228bcd4c0febf0fdf062c,POI-46,Japanese Restaurant,
4dd22b2cd4c0febf0fdf36ae,POI-25,Zoo,
4dd24080ae60fb3f53bbec12,POI-58,Accessories Store,
4dd24b1fd22d67839c579f27,POI-90,Light Rail,
4dd24fca1838a75196576cc6,POI-22,Dessert Shop,
4dd25e7be4cd7f7178c6db01,POI-17,Chinese Restaurant,
4dd2620c45dd9197faf3b891,POI-80,Ice Cream Shop,
4dd263daae60fb3f53bf0bb4,POI-46,Japanese Restaurant,
4dd270e7c65b9d071f9bc935,POI-63,Bakery,
4dd272ecd22d67839c5b84c4,POI-33,Italian Restaurant,
4dd32e1f18381e5587c61092,POI-136,Thrift / Vintage Store,
4dd33f9852b1f20e680c4a61,POI-42,Food Court,
4dd36ae5d1643acaa1e11ada,POI-92,Salon / Barbershop,
4dd377feae6009a512217063,POI-58,Accessories Store,
4dd378cd1f6e5374d6daa3ee,POI-56,Cosmetics Shop,
4dd3a175fa76c0bf02497261,POI-10,Coffee Shop,
4dd3ab7ce4cd61541483e4d6,POI-102,Bbq Joint,
4dd3ae23d22dc96be80b5936,POI-57,Miscellaneous Shop,
4dd4969e813009ae10078ccd,POI-50,Movie Theater,
4dd4ddd81f6ec4e0bb835b26,POI-92,Salon / Barbershop,
4dd4f3411f6ec4e0bb84e81d,POI-61,Shoe Store,
4dd4fb9f1f6ec4e0bb85a36a,POI-22,Dessert Shop,
4dd4fcbae4cd1c4babc5df78,POI-40,Seafood Restaurant,
4dd5d3067d8b322663c9a05a,POI-113,General Travel,
4dd61140fa76ad96d1031fef,POI-10,Coffee Shop,
4dd6294745ddced82066c1a3,POI-4,Resort,
4dd63deeb0fb8af380676dee,POI-84,Boutique,
4dd65775d1647fcf3e2e63c2,POI-66,Grocery Store,
4dd65a8352b1a5c64430bca1,POI-73,Electronics Store,
4dd67c3b8877f1150fd147a1,POI-18,Indian Restaurant,
4dd72a1bd1647fcf3e44d2f7,POI-79,Food,
4dd73e15c65bee535aae5622,POI-79,Food,
4dd74bbed1647fcf3e47f598,POI-85,Furniture / Home Store,
4dd778168877f1150fea7b82,POI-42,Food Court,
4dd7883dae60680f1508e898,POI-107,Pet Store,
4dd7888f8877f1150febb8e8,POI-27,Art Gallery,
4dd7954d2271c5d36d3e4d4b,POI-96,Karaoke Bar,
4dd79873b0fb8af380897bed,POI-69,Spa / Massage,
4dd7a57bd4c05d5096edf2cb,POI-112,Gift Shop,
4dd7b5fdd22d38ef42ee4622,POI-26,Park,
4dd7bbb3d22d38ef42eed67f,POI-42,Food Court,
4dd7c67252b1a5c644543e5c,POI-17,Chinese Restaurant,
4dd7c704d22d38ef42f004d1,POI-74,Fast Food Restaurant,
4dd7d069d22d38ef42f10946,POI-26,Park,
4dd8a2991838b8561d069c17,POI-66,Grocery Store,
4dd8f9b3ae60680f152c6534,POI-60,Automotive Shop,
4dd8facab0fb8af380abe75c,POI-42,Food Court,
4dd913828877f11510113687,POI-19,French Restaurant,
4dd914088877f115101142ca,POI-101,Breakfast Spot,
4dd9191452b1a5c64474ad96,POI-11,Nightclub,
4dd929881f6ee146834c9b25,POI-123,Convenience Store,
4dd9d015922ef477d2b5be9c,POI-80,Ice Cream Shop,
4dd9dd9ad4c05d509724ca4c,POI-132,Filipino Restaurant,
4dd9e64d8877f115102570ad,POI-98,Snack Place,
4dd9e8b1e4cd37c893e7cc6c,POI-42,Food Court,
4dd9ee81fa76ad96d1612b53,POI-79,Food,
4dd9f4c42271c5d36d781a7f,POI-69,Spa / Massage,
4dda3e6bae60680f1548f298,POI-123,Convenience Store,
4dda41c4d1647fcf3e8cb748,POI-42,Food Court,
4dda5136e4cd37c893ef83b0,POI-42,Food Court,
4ddb3313183802d53741007c,POI-39,Restaurant,
4ddb47d152b18c36c298fa53,POI-79,Food,
4ddb537cb0fb0a912c24b6c6,POI-2,Bar,
4ddb663d22719ef54b48c1a0,POI-17,Chinese Restaurant,
4ddb70eb45ddf752bfc14713,POI-54,Clothing Store,
4ddb808422719ef54b4a6d0c,POI-26,Park,
4ddb8eec52b1cb916cc68b9a,POI-92,Salon / Barbershop,
4ddb9ef87d8b771c0b024e2f,POI-39,Restaurant,
4ddbb70a18388dd6923784e1,POI-10,Coffee Shop,
4ddbbd7cd4c009d3c58f17e3,POI-115,Soup Place,
4ddbcf5b18388dd69239ef90,POI-123,Convenience Store,
4ddc5721d4c082f960c5565c,POI-63,Bakery,
4ddc8b9d1f6e54b34d8d558b,POI-42,Food Court,
4ddc99d67d8b3654d504d690,POI-69,Spa / Massage,
4ddcb221887775ea9c46dc14,POI-50,Movie Theater,
4ddcd5c3887775ea9c49387a,POI-37,Thai Restaurant,
4ddcd990d4c082f960cf1f5a,POI-157,Smoke Shop,
4ddce4887d8b3654d50a1d13,POI-67,Gym,
4ddcec02ae60d6fc1596e3e6,POI-80,Ice Cream Shop,
4ddceda5d164236dd37dd885,POI-17,Chinese Restaurant,
4dddd8d7d4c01aeee8f10732,POI-32,Pizza Place,
4dddeab2ae60c6eb2a4f2c55,POI-164,Indie Theater,
4dde21d7227106a58b840613,POI-54,Clothing Store,
4dde371988779c82bebe9bab,POI-2,Bar,
4dde3ac252b155583dfc63b1,POI-6,Tea Room,
4dde4611d22d28453ebb5a1d,POI-39,Restaurant,
4dde757b52b155583e023633,POI-167,Whisky Bar,
4ddef9e3e4cde756db29af3b,POI-123,Convenience Store,
4ddf47e2227140b904fdd256,POI-92,Salon / Barbershop,
4ddf4a1b1f6ed1828c51563a,POI-43,Vegetarian / Vegan Restaurant,
4ddf51dfc65bb5e319cf36c7,POI-59,Men'S Store,
4ddf5dc652b16128c61707da,POI-36,Asian Restaurant,
4ddf81c3b0fbefa198c62769,POI-74,Fast Food Restaurant,
4ddf99e9c65bb5e319d4ff18,POI-22,Dessert Shop,
4ddfb0a4185035f3a44e4870,POI-71,Climbing Gym,
4ddfb4a9227140b905070988,POI-90,Light Rail,
4ddfc39952b16128c6205fef,POI-36,Asian Restaurant,
4ddfda3fc65bb5e319dc2d0a,POI-39,Restaurant,
4de07d1bd22d2a795570a413,POI-73,Electronics Store,
4de07e3b45dd3eae8770b286,POI-10,Coffee Shop,
4de082487d8b84d5dc6efb36,POI-130,Food Truck,
4de094318877aab7fe4eb060,POI-57,Miscellaneous Shop,
4de0b90cfa76425c542012ea,POI-10,Coffee Shop,
4de0b99a52b1c1b3ce39cd42,POI-69,Spa / Massage,
4de0c430fa76425c5420efe4,POI-20,Spanish Restaurant,
4de0cf67b0fbe2cfa60f3684,POI-40,Seafood Restaurant,
4de0d300d164e323c7b57733,POI-74,Fast Food Restaurant,
4de0dbacb0fbe2cfa610439b,POI-2,Bar,
4de0e3c652b1c1b3ce3d488e,POI-112,Gift Shop,
4de0e7f1d164e323c7b752bf,POI-81,Steakhouse,
4de0ea85d22d2a7955799045,POI-37,Thai Restaurant,
4de0efecc65bcc724f4b468a,POI-46,Japanese Restaurant,
4de0f51aae605835c45fb2cd,POI-50,Movie Theater,
4de0f7f21fc7a5f7032c961a,POI-68,Gym / Fitness Center,
4de0f81b7d8b84d5dc78dc05,POI-17,Chinese Restaurant,
4de0f9b3d4c040523eb14778,POI-37,Thai Restaurant,
4de110d6d22d2a79557d8761,POI-10,Coffee Shop,
4de19f6c8877bcb68631a954,POI-79,Food,
4de1b325fa7651589eee2ed6,POI-48,Theater,
4de201237d8b2547eaf9fd4a,POI-10,Coffee Shop,
4de2037518385df2b019bed3,POI-70,Korean Restaurant,
4de2146e1f6e3190cd0783c7,POI-79,Food,
4de221fa1f6e3190cd08818c,POI-40,Seafood Restaurant,
4de2269a7d8b2547eafcb6d7,POI-10,Coffee Shop,
4de22f1bd164df8574f4897e,POI-2,Bar,
4de2322718385df2b01d6aa7,POI-77,Sushi Restaurant,
4de244758877bcb6863f9e55,POI-54,Clothing Store,
4de314b77d8b2547eb1463a4,POI-10,Coffee Shop,
4de34888fa7651589f138de9,POI-18,Indian Restaurant,
4de359fe2271bfb844b11dde,POI-65,Women'S Store,
4de374fb52b1d38d2985d8b9,POI-94,Gas Station / Garage,
4de394f2c65b7a3e213511d0,POI-123,Convenience Store,
4de447a5ae60e7f3ac1bb39d,POI-157,Smoke Shop,
4de4771d1f6e3190cd3ff7dd,POI-126,Music Store,
4de47ddfd22d2a4ecdf6840f,POI-161,Bagel Shop,
4de484827d8b2547eb350405,POI-153,Bed & Breakfast,
4de49327cc3fa786ac86ad84,POI-55,Sporting Goods Shop,
4de4cf89fa7651589f35e8e7,POI-40,Seafood Restaurant,
4de4dc22d22d2a4ecdfdf1eb,POI-90,Light Rail,
4de4e253d4c0704405a4ff3a,POI-65,Women'S Store,
4de51455fa7651589f3d026e,POI-125,Other Nightlife,
4de5242fb3ad5eaa5aafb0cb,POI-11,Nightclub,
4de5d31c091a6f222ebea026,POI-42,Food Court,
4de5f3287d8b53987c5515ab,POI-79,Food,
4de607601f6e9d90c7e87bbc,POI-112,Gift Shop,
4de62c6dae607cf3446dd9ec,POI-39,Restaurant,
4de65bfcfa764cf4bedd39de,POI-10,Coffee Shop,
4de679fcd22d7fddb9d834c5,POI-123,Convenience Store,
4de7012cae60db140a8b98d2,POI-10,Coffee Shop,
4de7038a45dd88e964154509,POI-60,Automotive Shop,
4de72e8f2271b9ccf4d74cd4,POI-42,Food Court,
4de73137d16418878ff8bf50,POI-13,Diner,
4de75d58d16418878ffbc961,POI-33,Italian Restaurant,
4de76840c65b4e07dafe956f,POI-167,Whisky Bar,
4de7740b45dda9e8a32b8cc8,POI-36,Asian Restaurant,
4de774aed16418878ffdd627,POI-37,Thai Restaurant,
4de785a7d4c0086a950ba5c5,POI-69,Spa / Massage,
4de786a4d22dc38f1ee271d3,POI-6,Tea Room,
4de7990e1f6ed9a35ef3c903,POI-17,Chinese Restaurant,
4de84ea088774aa92c9cd148,POI-111,Dumpling Restaurant,
4de85deeae60293318ef9aa1,POI-77,Sushi Restaurant,
4de873eae4cd157353f73594,POI-37,Thai Restaurant,
4de87564ae60293318f18026,POI-63,Bakery,
4de87f17e4cd157353f80e28,POI-83,Fried Chicken Joint,
4de88ac57d8b02ee9f186988,POI-106,Candy Store,
4de89f3f1f6e9b53771108f1,POI-57,Miscellaneous Shop,
4de8a0a1ae60293318f4a87a,POI-76,Deli / Bodega,
4de8bdf745dde4a28d566dca,POI-65,Women'S Store,
4de8fc43d4c0faa5643cb125,POI-37,Thai Restaurant,
4de9a72cb0fb8293f7c0b156,POI-63,Bakery,
4de9bd5aae60e9892346f0c4,POI-92,Salon / Barbershop,
4de9bf13d22da22d4ec22dff,POI-54,Clothing Store,
4de9dd29c65be8091d96ce89,POI-41,Ramen /  Noodle House,
4de9e6dbd22da22d4ec58efb,POI-59,Men'S Store,
4de9e800fa76cc1b8ad728f1,POI-107,Pet Store,
4de9f730b0fb8293f7c7b10f,POI-26,Park,
4dea1c2ad4c00071b81975a1,POI-26,Park,
4dea25dfb0fb8293f7cbe05d,POI-36,Asian Restaurant,
4dea28221f6e3ddebdc39614,POI-43,Vegetarian / Vegan Restaurant,
4dea3b96ae60e98923524d34,POI-32,Pizza Place,
4dea3f3c18386283a3df3eab,POI-84,Boutique,
4dea50131f6e3ddebdc8120b,POI-1,Wine Bar,
4deb274e45dd3993a89fa205,POI-46,Japanese Restaurant,
4deb4e54d4c00071b839f075,POI-32,Pizza Place,
4deb675d22713dd973ac8b94,POI-17,Chinese Restaurant,
4deb682fb0fb8293f7edbbcd,POI-17,Chinese Restaurant,
4deb728eb0fb8293f7eea018,POI-24,Malaysian Restaurant,
4deb7e41ae60e9892373b990,POI-25,Zoo,
4debdb95ae60e989237ddff0,POI-108,Scandinavian Restaurant,
4dec2245fa76cc1b8b11ada5,POI-10,Coffee Shop,
4dec4589fa76cc1b8b14c0f0,POI-112,Gift Shop,
4dec696cd22da22d4f0626ce,POI-54,Clothing Store,
4dec9ccce4cdc079f4ba13de,POI-110,Yoga Studio,
4decb36aae60e9892390daa7,POI-42,Food Court,
4decc6b2fa76cc1b8b1f1093,POI-53,Department Store,
4decc846c65be8091de038c3,POI-42,Food Court,
4ded11c481dcf0ee5fe0e073,POI-71,Climbing Gym,
4ded9c77ae6052cbed0b6920,POI-41,Ramen /  Noodle House,
4deda7cfb0fb43a756e252f5,POI-41,Ramen /  Noodle House,
4deda9cad164f9a5c67ed8f7,POI-35,Dim Sum Restaurant,
4dedac29ae6052cbed0c9c59,POI-79,Food,
4dedbbd8ae6052cbed0d9086,POI-61,Shoe Store,
4dedcb2b7d8bb216742ca9bf,POI-85,Furniture / Home Store,
4dedce3b18385379de4d178b,POI-92,Salon / Barbershop,
4deddcac52b13dda25ea56bc,POI-113,General Travel,
4dedde0b2271e7b44628191f,POI-37,Thai Restaurant,
4dede03d18385379de4e691f,POI-43,Vegetarian / Vegan Restaurant,
4dedf6c97d8bb216742fb253,POI-46,Japanese Restaurant,
4dee06da2271e7b4462b33f6,POI-67,Gym,
4dee3c588877aa0c3cb11b86,POI-15,Cocktail Bar,
4deeda6c52b1d9bad3b2792f,POI-6,Tea Room,
4deee5dc183822e7cf2cf264,POI-69,Spa / Massage,
4def0a731f6e6d354177be57,POI-92,Salon / Barbershop,
4def44f8d4c0e9e23b791f76,POI-63,Bakery,
4def8b86227170314ba5b0aa,POI-42,Food Court,
4df03f15d4c04d0392c541ec,POI-42,Food Court,
4df0488b227193bb466abcac,POI-69,Spa / Massage,
4df05ad6d22d433687173d02,POI-11,Nightclub,
4df0607188775c5de126e394,POI-92,Salon / Barbershop,
4df0a2ec227193bb466beadd,POI-53,Department Store,
4df0a67bd16486e86e50d8ca,POI-54,Clothing Store,
4df0a9a9227193bb466c0954,POI-40,Seafood Restaurant,
4df0b388e4cdfec0ed2e79e8,POI-10,Coffee Shop,
4df0b7b5d16486e86e512d2b,POI-85,Furniture / Home Store,
4df0c03ab0fbfee72f3ff6da,POI-41,Ramen /  Noodle House,
4df0dd01227193bb466d1d31,POI-17,Chinese Restaurant,
4df191afd1649c8a28db039c,POI-41,Ramen /  Noodle House,
4df19b771f6e818dadf8ec15,POI-17,Chinese Restaurant,
4df1b2f918386ecb4e290396,POI-70,Korean Restaurant,
4df1c0e17d8b18e17227b766,POI-17,Chinese Restaurant,
4df1fd1ed4c01ff6b2e5cbe4,POI-92,Salon / Barbershop,
4df20817d4c01ff6b2e60583,POI-17,Chinese Restaurant,
4df2cc87fa76abc3d86ae92a,POI-22,Dessert Shop,
4df2cfb5b61cbd3ec019233c,POI-10,Coffee Shop,
4df2dc4d52b100c2d7f8dfef,POI-107,Pet Store,
4df3015dd1649c8a28e1baa8,POI-30,Water Park,
4df32880483bdb5e13734a9a,POI-75,Bowling Alley,
4df35a5ca809141629a21332,POI-22,Dessert Shop,
4df3619862e1288ed3039cf6,POI-67,Gym,
4df36c6088772e1f81539ae2,POI-81,Steakhouse,
4df41896c65bf55ee52e53f8,POI-121,Flea Market,
4df42c571f6e818dae038cb8,POI-17,Chinese Restaurant,
4df4508de4cda09e6da66439,POI-63,Bakery,
4df48728aeb7170aa2f4d08c,POI-22,Dessert Shop,
4df4a208fa76abc3d870e0c7,POI-39,Restaurant,
4df4a265b0fb807158c656a3,POI-18,Indian Restaurant,
4df4a6377d8b18e17232fe73,POI-18,Indian Restaurant,
4df4ce83aeb7170aa2f58abb,POI-19,French Restaurant,
4df58ca3d1649c8a28ea1bf6,POI-60,Automotive Shop,
4df5946288772e1f815ae861,POI-6,Tea Room,
4df598041f6e818dae07ddff,POI-25,Zoo,
4df59fa118386ecb4e37e56e,POI-79,Food,
4df5bd896284fefe8fc9db8c,POI-46,Japanese Restaurant,
4df5e029aeb7170aa2f8b97e,POI-36,Asian Restaurant,
4df5f671814d67cb4ba8aecd,POI-2,Bar,
4df5fe0288772e1f815bc1c5,POI-10,Coffee Shop,
4df6108014954f21cf369150,POI-96,Karaoke Bar,
4df64e591fc7b84e0ea888f4,POI-123,Convenience Store,
4df6d6697d8b5f396ac4789f,POI-160,Laundry Service,
4df7000318a8a7a743019848,POI-92,Salon / Barbershop,
4df72eaaaeb7da11e1a80982,POI-26,Park,
4df73298887712d325cf4968,POI-5,Gaming Cafe,
4df741991f6e94c2c77ef6da,POI-79,Food,
4df74d9562845f605bb661d0,POI-38,Middle Eastern Restaurant,
4df75a08d4c070d4df103eaa,POI-7,American Restaurant,
4df804a7aeb70af3f275a45e,POI-91,Food & Drink Shop,
4df81518fa76e4d6e21591ce,POI-62,Jewelry Store,
4df871677d8bc475406fe78f,POI-4,Resort,
4df8827e1fc7d46dcf4d4fd0,POI-40,Seafood Restaurant,
4df885d318385456c7f4e6b0,POI-80,Ice Cream Shop,
4df890d762847bdf4fec829d,POI-10,Coffee Shop,
4df8d37ae4cd2129701b3ce8,POI-57,Miscellaneous Shop,
4df9997ca809fe77422258c4,POI-32,Pizza Place,
4df9dec1a809fe774222ec04,POI-79,Food,
4df9f6e6d164bbe546156385,POI-18,Indian Restaurant,
4dfa0cc5aeb785aedbf07fa8,POI-21,Lounge,
4dfa18938877b30c3986bc37,POI-74,Fast Food Restaurant,
4dfa2e1eb61c7e9df14e656e,POI-11,Nightclub,
4dfa73b1b0fb0401c7f85ec5,POI-10,Coffee Shop,
4dfa824614959516a9652b37,POI-11,Nightclub,
4dfac83a18a8fc7fb43e0395,POI-56,Cosmetics Shop,
4dfad0cec65b729732b28a35,POI-39,Restaurant,
4dfad1ca88775f8b52f7564d,POI-42,Food Court,
4dfad301e4cd567936074666,POI-79,Food,
4dfae80faeb7e41abbddfaef,POI-46,Japanese Restaurant,
4dfaf617b0fb73bb4d7867e3,POI-57,Miscellaneous Shop,
4dfb00c7b0fb73bb4d78800c,POI-60,Automotive Shop,
4dfb104115201aaf4d91444b,POI-66,Grocery Store,
4dfb2c6218386e743d970f7f,POI-70,Korean Restaurant,
4dfb4da3fa7641d78dd774b7,POI-39,Restaurant,
4dfb7512d22d56d1ebaf2ca0,POI-2,Bar,
4dfbeaad7d8b30508013101f,POI-79,Food,
4dfc27e08877e9c474920721,POI-54,Clothing Store,
4dfc38f818a8eee4fe3bffd5,POI-10,Coffee Shop,
4dfc54d7b61c84188eec8101,POI-57,Miscellaneous Shop,
4dfc8564a809d61e2fc00bb6,POI-17,Chinese Restaurant,
4dfc887c227185f38b9501ef,POI-10,Coffee Shop,
4dfc9c0e149599f28fcb28b1,POI-18,Indian Restaurant,
4dfd68da62846d918b97df23,POI-10,Coffee Shop,
4dfd775a183853f2cb54a033,POI-52,Arts & Crafts Store,
4dfd7df37d8b30508018b5b9,POI-37,Thai Restaurant,
4dfd9705fa76c83b6e80e6a1,POI-10,Coffee Shop,
4dfdb7d0e4cdbe059c3d8ad9,POI-77,Sushi Restaurant,
4dfdc982d22d879302f9e00c,POI-10,Coffee Shop,
4dfdd43e8877e9c474978273,POI-70,Korean Restaurant,
4dfdd9f3d4c001cca3713a0a,POI-17,Chinese Restaurant,
4dfde99c227185f38b99c381,POI-10,Coffee Shop,
4dfdf0cf1f6e05048d8af294,POI-40,Seafood Restaurant,
4dfdf5c4483b96a3aaaaf686,POI-79,Food,
4dfe02d2aeb7594e86254b5f,POI-84,Boutique,
4dfe103c227185f38b9a372f,POI-130,Food Truck,
4dfe105e149599f28fd01bcd,POI-130,Food Truck,
4dfed09c18a8d4e888adccdc,POI-65,Women'S Store,
4dfed3d86284215560072b7a,POI-106,Candy Store,
4dfee3d1c65b1046896138d2,POI-48,Theater,
4dff07bca809baedbd903d4c,POI-45,Indonesian Restaurant,
4dff0fa962e1651eb9d9b75f,POI-66,Grocery Store,
4dff1cffc65b10468961b081,POI-112,Gift Shop,
4dff29c9628421556007ea00,POI-46,Japanese Restaurant,
4dff33901f6e4f313a76505f,POI-113,General Travel,
4dff37c1d4c00c69c14b9f22,POI-57,Miscellaneous Shop,
4dff3958d22d48be81280a87,POI-10,Coffee Shop,
4dff8e5f1f6e4f313a779565,POI-49,Multiplex,
4dff999f18388670a23c5ecf,POI-10,Coffee Shop,
4dffd843aeb7fa1f7b05b213,POI-158,Train,
4e0015db62844b4c4eb77527,POI-69,Spa / Massage,
4e001fa1d1648b616749a5b1,POI-36,Asian Restaurant,
4e0023ce183886b857478719,POI-88,Sandwich Place,
4e0091e122717718d39d94f5,POI-17,Chinese Restaurant,
4e009a0462843b639cf8c873,POI-44,Burger Joint,
4e00b2bb1838cb6a1acb70d3,POI-13,Diner,
4e00b3e71838cb6a1acb74ce,POI-42,Food Court,
4e00e83bd1647696f121c246,POI-143,Motel,
4e0168e3e4cd338f2d482d52,POI-89,Arcade,
4e016d441838cb6a1ace194f,POI-133,Salad Place,
4e017906b61c900450053729,POI-35,Dim Sum Restaurant,
4e01b5b7483bd352f7222405,POI-39,Restaurant,
4e01b83252b1ac66aacaef5c,POI-60,Automotive Shop,
4e01e5851495692a4bba371d,POI-10,Coffee Shop,
4e01e90362843b639cfce431,POI-17,Chinese Restaurant,
4e01f48362e12fb0893bec28,POI-65,Women'S Store,
4e01fbbb45dd1e4999df80e4,POI-136,Thrift / Vintage Store,
4e0206ffae609fa8ede43a8e,POI-96,Karaoke Bar,
4e02837d6284217c7f0fec42,POI-61,Shoe Store,
4e02dbb7b0fb88a1209bacc3,POI-1,Wine Bar,
4e02e792483bb38cf0f14637,POI-22,Dessert Shop,
4e02fbb1483bb38cf0f16e11,POI-106,Candy Store,
4e03278dc65b8061424d53b3,POI-46,Japanese Restaurant,
4e0332b552b10583352d9b4f,POI-85,Furniture / Home Store,
4e0336cf52b10583352daa41,POI-80,Ice Cream Shop,
4e033835ae6099b226e1f328,POI-10,Coffee Shop,
4e03af4ac65b59b611d849f6,POI-152,Fish Market,
4e041882483b6f89f47cf831,POI-35,Dim Sum Restaurant,
4e041cd7b61c7592ae6e8772,POI-32,Pizza Place,
4e041d1de4cd92cb899c8b86,POI-46,Japanese Restaurant,
4e043004b0fb3e6ecac3954c,POI-6,Tea Room,
4e04782362842f8f4742402e,POI-8,Gastropub,
4e047b37aeb7c869c3fd6158,POI-20,Spanish Restaurant,
4e0489a762842f8f47427f83,POI-36,Asian Restaurant,
4e053b50d1640223a48ebe01,POI-10,Coffee Shop,
4e056b977d8b2a01804def0c,POI-10,Coffee Shop,
4e057a9b1838eb15aef49eb9,POI-35,Dim Sum Restaurant,
4e058f00a809495e618cf45c,POI-79,Food,
4e05996a62e100e581640074,POI-77,Sushi Restaurant,
4e059b1e6284d9ee92c9a7b2,POI-66,Grocery Store,
4e05b24fa809495e618d97d1,POI-81,Steakhouse,
4e05ba55c65b5bf27784b43d,POI-130,Food Truck,
4e05c0f66284d9ee92ca5908,POI-115,Soup Place,
4e05c1b414959022c88b8356,POI-79,Food,
4e05c202d4c03ae0b9beee6a,POI-22,Dessert Shop,
4e05d86bd22d6585329b8e6e,POI-102,Bbq Joint,
4e0632d0d1640223a494f611,POI-36,Asian Restaurant,
4e06a71052b165b7d7a9efe9,POI-67,Gym,
4e06cb41d4c03ae0b9c661fa,POI-36,Asian Restaurant,
4e06cf60aeb74c39910cc2ee,POI-123,Convenience Store,
4e0706a5d1640223a49a4355,POI-10,Coffee Shop,
4e070953d1640223a49a4ef2,POI-42,Food Court,
4e0718fdb0fbba5eee19dd48,POI-39,Restaurant,
4e071980ae60a90eabc6e103,POI-46,Japanese Restaurant,
4e07231a483b98d4170e8157,POI-70,Korean Restaurant,
4e080ba0ae60a90eabccf75d,POI-67,Gym,
4e08158d2271dfa46bb34362,POI-17,Chinese Restaurant,
4e0833581f6e211033918b3e,POI-79,Food,
4e084baca809495e619ddfff,POI-22,Dessert Shop,
4e084c8a1838eb15af06c5f7,POI-51,Indie Movie Theater,
4e08556ca809495e619e0875,POI-119,Record Shop,
4e0869bcc65b5bf2779576ea,POI-1,Wine Bar,
4e086a911838eb15af076292,POI-37,Thai Restaurant,
4e086b5a6284d9ee92db03a7,POI-36,Asian Restaurant,
4e0874426284d9ee92db3c73,POI-20,Spanish Restaurant,
4e0882767d8b2a018060d644,POI-43,Vegetarian / Vegan Restaurant,
4e0942771f6e211033984cc7,POI-67,Gym,
4e094e06d22d658532b18dc3,POI-115,Soup Place,
4e095935d1640223a4a8dbc4,POI-45,Indonesian Restaurant,
4e0959c6d4c03ae0b9d5ea5a,POI-26,Park,
4e095e09aeb74c39911c767c,POI-18,Indian Restaurant,
4e0968847d8b2a018067077d,POI-157,Smoke Shop,
4e096dc845ddb2875c572a86,POI-120,Cupcake Shop,
4e099190483b98d4171dda19,POI-158,Train,
4e099cd26284d9ee92e31746,POI-92,Salon / Barbershop,
4e09adf545ddb2875c58b527,POI-46,Japanese Restaurant,
4e09d08a1f6e2110339c48be,POI-2,Bar,
4e09f054a809495e61a9666e,POI-110,Yoga Studio,
4e0a8274a8090eb6d631636f,POI-10,Coffee Shop,
4e0a9c1b62e1c76af9ed0cec,POI-6,Tea Room,
4e0aaa8a1f6e56a681051520,POI-53,Department Store,
4e0ab9121838eeb16cbd0b5f,POI-18,Indian Restaurant,
4e0ae765aeb7a4da430787d9,POI-46,Japanese Restaurant,
4e0b0dd818a86d2caa771024,POI-1,Wine Bar,
4e0bfb861838d77f46f53a81,POI-46,Japanese Restaurant,
4e0c18041838fa426ac54376,POI-68,Gym / Fitness Center,
4e0c216b227100f4dfded7be,POI-137,Juice Bar,
4e0c302dc65bd1c17b6bd385,POI-36,Asian Restaurant,
4e0c4571aeb7af850d6719d7,POI-65,Women'S Store,
4e0c4c961f6e9300e4e4f35b,POI-15,Cocktail Bar,
4e0c71f06284f2bbda592421,POI-36,Asian Restaurant,
4e0c944b1838fa426ac95aa1,POI-4,Resort,
4e0d5b1f1f6e9964ea187eaa,POI-79,Food,
4e0d7b5a7d8bb178a89f79c3,POI-120,Cupcake Shop,
4e0d8a0b45ddc2c6d16e922b,POI-42,Food Court,
4e0dad87a8099e152600c402,POI-41,Ramen /  Noodle House,
4e0db195d22d8582bdb72867,POI-2,Bar,
4e0db6deb61c3fe477fb974e,POI-36,Asian Restaurant,
4e0dbf64a8099e152601747e,POI-84,Boutique,
4e0dd4b4aeb7a5b33ee35166,POI-14,Pub,
4e0de29814956c6284f454c6,POI-2,Bar,
4e0dec9922711665f60f47e4,POI-143,Motel,
4e0e9179d164fff335ad3b8e,POI-17,Chinese Restaurant,
4e0ec20ba8099e15260c6ca2,POI-53,Department Store,
4e0ecebfb61c3fe47807804b,POI-27,Art Gallery,
4e0edc0caeb7a5b33eee3137,POI-36,Asian Restaurant,
4e0eeb0622711665f6197134,POI-61,Shoe Store,
4e0f08ddb0fb59de67dc145e,POI-75,Bowling Alley,
4e0f0d0f14956c6285001825,POI-79,Food,
4e0f11fcd164fff335b1349a,POI-13,Diner,
4e0f208cb61c3fe4780a30f9,POI-37,Thai Restaurant,
4e0f215ca8099e15260f6c25,POI-33,Italian Restaurant,
4e0ffcbe922ec672352e544d,POI-73,Electronics Store,
4e1010f8fa769d21e9e18354,POI-62,Jewelry Store,
4e101421c65b4a49f301381f,POI-36,Asian Restaurant,
4e10376e8877ac23b65629cb,POI-39,Restaurant,
4e103cdf8877ac23b6564f25,POI-92,Salon / Barbershop,
4e103d1db61c637b97a265cb,POI-85,Furniture / Home Store,
4e1055b1483bee47ff2828f1,POI-36,Asian Restaurant,
4e10571faeb74afe60b331c6,POI-61,Shoe Store,
4e105e2a1838f8ad81517b9c,POI-25,Zoo,
4e113f921f6e671dd9e69f2a,POI-10,Coffee Shop,
4e11411daeb74afe60bc165b,POI-7,American Restaurant,
4e1184e9e4cdef074b744c0f,POI-27,Art Gallery,
4e11bf4e7d8b4d5613dd0135,POI-53,Department Store,
4e11eda581dcc5457256958d,POI-68,Gym / Fitness Center,
4e129a211520b1481f939f03,POI-42,Food Court,
4e129b7ea809291902c168b5,POI-10,Coffee Shop,
4e129cc31838f8ad8166afd6,POI-42,Food Court,
4e12dfb722713f7d7bdd52d6,POI-141,Speakeasy,
4e12e80dd4c07597ff8d28d3,POI-22,Dessert Shop,
4e12e8e58877ac23b66d7c52,POI-10,Coffee Shop,
4e12eb4a45dde6c62de03810,POI-22,Dessert Shop,
4e130402ae602afe96ca7ca7,POI-153,Bed & Breakfast,
4e1305581495c8d31bd44525,POI-79,Food,
4e1383d4c65bedaeefb55048,POI-123,Convenience Store,
4e13d6ed8130fea02876adbe,POI-2,Bar,
4e143162b3ad51e832e996ae,POI-54,Clothing Store,
4e143818b3ad51e832e9993c,POI-54,Clothing Store,
4e1473bc227146630abc7fce,POI-27,Art Gallery,
4e14fd47fa764fb14ae3b14d,POI-150,Molecular Gastronomy Restaurant,
4e1544deb0fb1946c7928ade,POI-25,Zoo,
4e1546b4aeb733245ece15d3,POI-46,Japanese Restaurant,
4e1591cad4c0e3d78b2dbcda,POI-36,Asian Restaurant,
4e15bd4dfa764fb14ae9c1f6,POI-45,Indonesian Restaurant,
4e15ce8145ddafda4c0008ae,POI-96,Karaoke Bar,
4e1696e58877d38dc907b22e,POI-10,Coffee Shop,
4e169e8c6284b506cfdbb609,POI-66,Grocery Store,
4e16dfec52b1091958e96f77,POI-17,Chinese Restaurant,
4e16fa28d4c0c7a8fbb6b56a,POI-127,Internet Cafe,
4e1708a218a8ecee9e8394e8,POI-17,Chinese Restaurant,
4e17bceed22d5122587ceceb,POI-79,Food,
4e17c4da6284ea7246f24791,POI-10,Coffee Shop,
4e17c6eca8097d08b2311747,POI-43,Vegetarian / Vegan Restaurant,
4e17f1ced1648b83482de5f7,POI-22,Dessert Shop,
4e18045218a8166f7387a203,POI-17,Chinese Restaurant,
4e18170552b123a586d34670,POI-106,Candy Store,
4e18293cb61c8f9ada486a2b,POI-79,Food,
4e184215aeb7eb0120c8e989,POI-13,Diner,
4e184c542271b0e971fa475e,POI-79,Food,
4e1857c5483b5cfa49c91b74,POI-44,Burger Joint,
4e192b84d22d5122588afaf3,POI-42,Food Court,
4e192ba114957dc705df2d16,POI-17,Chinese Restaurant,
4e192d5fd1648b83483a2a41,POI-36,Asian Restaurant,
4e1934a545dd120c1216dc45,POI-123,Convenience Store,
4e19567f18a8166f73957300,POI-89,Arcade,
4e1984c5483b5cfa49d4ea57,POI-54,Clothing Store,
4e198f6c483b5cfa49d53a7d,POI-36,Asian Restaurant,
4e1990c2b61c8f9ada56958b,POI-18,Indian Restaurant,
4e199490b61c8f9ada56b5e6,POI-22,Dessert Shop,
4e1995a6c65b6bfb59198069,POI-39,Restaurant,
4e19acd6e4cd49a7e3f5197b,POI-5,Gaming Cafe,
4e1a0796e4cd49a7e3f90485,POI-10,Coffee Shop,
4e1abceb183880768f579802,POI-10,Coffee Shop,
4e1ad4beb61c8f9ada62554b,POI-77,Sushi Restaurant,
4e1b038e18a8832e326d06d5,POI-94,Gas Station / Garage,
4e1bef8162e11cdc743dda78,POI-22,Dessert Shop,
4e1bf60b62e11cdc743e0680,POI-27,Art Gallery,
4e1bf7c218a8c65001f7937d,POI-79,Food,
4e1c14d2483bf2b0dbb5e730,POI-92,Salon / Barbershop,
4e1d5e2b1838f4ab743d7f5b,POI-123,Convenience Store,
4e1d7774c65b6cd0da9a9780,POI-40,Seafood Restaurant,
4e1ddedefa7653a9b2e74da1,POI-143,Motel,
4e1e24b21850d3ab304e3a2b,POI-92,Salon / Barbershop,
4e1e75c61838e9f93a425c91,POI-18,Indian Restaurant,
4e1ea0467d8ba0907ae606e4,POI-115,Soup Place,
4e1eba7f62840ee807435baf,POI-120,Cupcake Shop,
4e1ece22b0fbe764a4a7dd93,POI-69,Spa / Massage,
4e1ee11562e19e27e24dcdd1,POI-41,Ramen /  Noodle House,
4e1ef7b4483b6e56e835103e,POI-85,Furniture / Home Store,
4e1fa22ffa761d67106a223b,POI-14,Pub,
4e1fba80d4c0d32590ddc3b7,POI-17,Chinese Restaurant,
4e1fc423b0fbdf9ba798ec42,POI-33,Italian Restaurant,
4e1fd0d81495f18f033df061,POI-133,Salad Place,
4e1fd4f5483b041af1dc651a,POI-33,Italian Restaurant,
4e1fde3f1f6effe84f60fcd4,POI-70,Korean Restaurant,
4e201a06a80968cf3e3119c8,POI-92,Salon / Barbershop,
4e2025e81838712abe631d34,POI-88,Sandwich Place,
4e2100c5ae6015b212a1f78a,POI-75,Bowling Alley,
4e2121e2cc3fee7eee21d929,POI-80,Ice Cream Shop,
4e21289981dc35f05c536c18,POI-113,General Travel,
4e213491d22d0a3f59f6091b,POI-56,Cosmetics Shop,
4e21475efa761d67107ab4bc,POI-59,Men'S Store,
4e215f5be4cdf68591848ae7,POI-91,Food & Drink Shop,
4e216774d22d0a3f59f77ef7,POI-36,Asian Restaurant,
4e216e7de4cdf685918501b1,POI-74,Fast Food Restaurant,
4e21753218a88345f04b8305,POI-80,Ice Cream Shop,
4e2175431838712abe71b6df,POI-79,Food,
4e217d001f6effe84f7144fd,POI-116,Beer Garden,
4e217d4a483b041af1ed0f84,POI-46,Japanese Restaurant,
4e218f6562e1964dbb67f206,POI-89,Arcade,
4e219714483b041af1ee1788,POI-79,Food,
4e21a7f71838712abe73e87d,POI-74,Fast Food Restaurant,
4e22414945dd950bb02e7af6,POI-79,Food,
4e225c9ed22d0a3f5a027cd9,POI-79,Food,
4e22770ffa761d671087a219,POI-41,Ramen /  Noodle House,
4e2277f0aeb70263953b3671,POI-123,Convenience Store,
4e22b28b15207ed86eb6181d,POI-98,Snack Place,
4e22b6e3d164740632136c0e,POI-69,Spa / Massage,
4e22b767a80968cf3e4cd2c3,POI-56,Cosmetics Shop,
4e22c0451838712abe800885,POI-17,Chinese Restaurant,
4e22cdb2a80968cf3e4d7b38,POI-42,Food Court,
4e22d3b788774a43b777d6af,POI-17,Chinese Restaurant,
4e22d6cae4cdf6859193682b,POI-17,Chinese Restaurant,
4e236e20d22d0a3f5a0c8e21,POI-153,Bed & Breakfast,
4e23bfb9d4c0d3259105a49d,POI-79,Food,
4e23c2ca1495f18f036537c2,POI-6,Tea Room,
4e23de1315207ed86eb6864c,POI-84,Boutique,
4e2435d545dd950bb0406b0b,POI-79,Food,
4e24360f22717a5245e60b03,POI-89,Arcade,
4e2566eec65b85350b61acd0,POI-92,Salon / Barbershop,
4e256c2045dd3b8cf8f871fa,POI-115,Soup Place,
4e265fa7628436bf4d67d688,POI-36,Asian Restaurant,
4e2660c98877d0ffee808d0e,POI-10,Coffee Shop,
4e266223483b329ccb3ad0db,POI-36,Asian Restaurant,
4e267ac7aeb766362533ffc0,POI-6,Tea Room,
4e267fad1520b50b9df68b83,POI-56,Cosmetics Shop,
4e268f6a52b1977e8b437f34,POI-92,Salon / Barbershop,
4e26a1d062e14d5da1502bd6,POI-67,Gym,
4e26ac8f8877d0ffee828ebb,POI-17,Chinese Restaurant,
4e26b6a962e14d5da150d0f6,POI-113,General Travel,
4e26bc6ec65bb6120fce1b0b,POI-46,Japanese Restaurant,
4e277bb162e17c330194fefc,POI-80,Ice Cream Shop,
4e27926418a83a136229bb0a,POI-98,Snack Place,
4e27ec62aeb75df8caa6b099,POI-2,Bar,
4e27f093483baa86515057b7,POI-13,Diner,
4e27f564483baa8651507821,POI-25,Zoo,
4e27ff8f6284ab5e8ad0e1d3,POI-46,Japanese Restaurant,
4e28ddd0ae60078b2fd042ac,POI-79,Food,
4e293a4d2271752a459c6fc1,POI-42,Food Court,
4e295b308877f9158a7def2e,POI-92,Salon / Barbershop,
4e296ab0aeb75df8cab5acbe,POI-10,Coffee Shop,
4e296c8518384dd0a0ea88ba,POI-84,Boutique,
4e2970072271752a459e5990,POI-83,Fried Chicken Joint,
4e29f299aeb745b1fab31e91,POI-36,Asian Restaurant,
4e2a3e78ae605c533a2b3541,POI-22,Dessert Shop,
4e2a4b2ae4cd3bc166891b86,POI-84,Boutique,
4e2a7090b61cd0108369dba8,POI-92,Salon / Barbershop,
4e2a899452b1b8f198577b7d,POI-22,Dessert Shop,
4e2a8f50ae605c533a2dfcac,POI-17,Chinese Restaurant,
4e2a8fe5a809f1b164062159,POI-26,Park,
4e2a96b7fa76bbf847cfc9d4,POI-84,Boutique,
4e2a9ad7c65bcaf40025534a,POI-46,Japanese Restaurant,
4e2aacbaa809f1b16407118b,POI-40,Seafood Restaurant,
4e2ab472fa76bbf847d0cd19,POI-41,Ramen /  Noodle House,
4e2ad2e6d164223a697a98a4,POI-4,Resort,
4e2b72bed22d3f83c88fdebe,POI-63,Bakery,
4e2b985e483bb05f05a0ef1a,POI-39,Restaurant,
4e2b9ccea809f1b164128156,POI-17,Chinese Restaurant,
4e2bb24362e144b5d3afe6a9,POI-79,Food,
4e2bd128c65bcaf40033187f,POI-69,Spa / Massage,
4e2bda6352b1b8f19865fdd8,POI-79,Food,
4e2be597227197a112de9705,POI-22,Dessert Shop,
4e2bfc468877b69d49e5d1c6,POI-18,Indian Restaurant,
4e2c0d26ae605c533a3dfa97,POI-10,Coffee Shop,
4e2c13f418a80bb0585fe8ca,POI-98,Snack Place,
4e2c39c4a809f1b16417a6b8,POI-36,Asian Restaurant,
4e2c522b18a80bb05862b2c9,POI-11,Nightclub,
4e2cacc018a80bb058675b2f,POI-50,Movie Theater,
4e2cd2c918a80bb058690923,POI-10,Coffee Shop,
4e2cfb4145dd3272c8233615,POI-8,Gastropub,
4e2d3b8ffa76bbf847eb4a06,POI-77,Sushi Restaurant,
4e2d409da809f1b1642216d4,POI-79,Food,
4e2d4896d164223a69943183,POI-79,Food,
4e2d60ac483bb05f05b1a4f3,POI-6,Tea Room,
4e2d697c18a80bb0586dfe4b,POI-17,Chinese Restaurant,
4e2e2bed6284021061e74f12,POI-123,Convenience Store,
4e2e3d5d1495329632f8d49d,POI-17,Chinese Restaurant,
4e2e555f18a8ea95b09ab9c6,POI-92,Salon / Barbershop,
4e2e56a11495329632f9928b,POI-10,Coffee Shop,
4e2e5b2ba8092ca5c374ece0,POI-79,Food,
4e2e628eb0fbdc2b64f6ad32,POI-79,Food,
4e2e894b81dca4453d607a0d,POI-10,Coffee Shop,
4e2f6b3b45ddcf0f5c831156,POI-10,Coffee Shop,
4e2f77b0ae60231c032df34c,POI-149,Nail Salon,
4e2fb4ded1646b407b90c8f7,POI-26,Park,
4e2fc0b68877341a5155a144,POI-10,Coffee Shop,
4e2ff899d22daa76ed9b24ab,POI-41,Ramen /  Noodle House,
4e303523d1646b407b958328,POI-123,Convenience Store,
4e30366c45ddcf0f5c8a5f58,POI-123,Convenience Store,
4e304b0e1f6ed9df9028a1e6,POI-11,Nightclub,
4e30de8a18a89cd37782aed8,POI-123,Convenience Store,
4e30febc1f6ea4a3c52196bb,POI-153,Bed & Breakfast,
4e311132aeb7d41efd912a70,POI-2,Bar,
4e3114b345ddbe0f665c1789,POI-67,Gym,
4e31163e62e1b4089fc45b3a,POI-84,Boutique,
4e3127f61850f331be89397b,POI-54,Clothing Store,
4e31474a88775a302cf399a3,POI-54,Clothing Store,
4e314de018380c94aca91a6d,POI-112,Gift Shop,
4e314fb1e4cde9495fd06f21,POI-113,General Travel,
4e31513c18380c94aca942b2,POI-79,Food,
4e315d36d22da369813491ea,POI-84,Boutique,
4e320606a8097f47f49a22c5,POI-63,Bakery,
4e321766814d60c5e3bc415f,POI-59,Men'S Store,
4e322cb418a846d7ed053225,POI-112,Gift Shop,
4e323d4d45ddcff0a752ed89,POI-18,Indian Restaurant,
4e32435245ddcff0a7532211,POI-68,Gym / Fitness Center,
4e3259916284e269994633c4,POI-39,Restaurant,
4e3270cc18a846d7ed077678,POI-92,Salon / Barbershop,
4e3285571838be8b94caace3,POI-54,Clothing Store,
4e329624e4cd6025018d7454,POI-74,Fast Food Restaurant,
4e32979988776e6696f94f8f,POI-13,Diner,
4e32bf6d1495d5790be8f263,POI-17,Chinese Restaurant,
4e32c1401838be8b94cd724a,POI-19,French Restaurant,
4e33053162e1733d7a9d198d,POI-5,Gaming Cafe,
4e338c221495fa2def553854,POI-92,Salon / Barbershop,
4e338f0688772aabd8ae6863,POI-121,Flea Market,
4e33a8e7c65bdb4c7a00261f,POI-69,Spa / Massage,
4e33aca118a8efdb175c41c3,POI-92,Salon / Barbershop,
4e33e25452b11c74622737de,POI-37,Thai Restaurant,
4e33e43b1495fa2def580d24,POI-43,Vegetarian / Vegan Restaurant,
4e33f203ae60795fcfdb4426,POI-6,Tea Room,
4e34030d88772aabd8b25bee,POI-36,Asian Restaurant,
4e340b92e4cdf7a42cace026,POI-84,Boutique,
4e340d2ee4cdf7a42cacf3a6,POI-84,Boutique,
4e342e3618a8efdb17618953,POI-127,Internet Cafe,
4e34ab1be4cd9aba7cbd097e,POI-25,Zoo,
4e34e6f9d1649e45e3cc5e39,POI-42,Food Court,
4e3512a2483bf3839a2b2159,POI-69,Spa / Massage,
4e35138fd22d86185a687d33,POI-96,Karaoke Bar,
4e351b03483bf3839a2b6012,POI-123,Convenience Store,
4e352680d22d86185a6908bf,POI-117,Bike Shop,
4e3527c3ae60d86c3abc9d28,POI-22,Dessert Shop,
4e354d08b61cddd1cd3b954c,POI-7,American Restaurant,
4e362f36b0fb59390ea72a5a,POI-10,Coffee Shop,
4e365ce618a82fdd65801365,POI-42,Food Court,
4e366feeae60d86c3ac990e2,POI-153,Bed & Breakfast,
4e368287c65b2313e2981926,POI-110,Yoga Studio,
4e3689c3483bf3839a399381,POI-79,Food,
4e369b58e4cd9aba7cd0140b,POI-18,Indian Restaurant,
4e37722362e1a8e9cc462c7b,POI-110,Yoga Studio,
4e3787418877541e90e690ad,POI-75,Bowling Alley,
4e378edafa7606f143fc916d,POI-79,Food,
4e37d5f6149579ccbaf131ae,POI-63,Bakery,
4e37dd64483bda3eb114c515,POI-117,Bike Shop,
4e37e04e52b1aec57ffd8ca4,POI-70,Korean Restaurant,
4e37f55fb0fbcceaf0e5b4c3,POI-46,Japanese Restaurant,
4e38c4d2c65bab738fc9c846,POI-63,Bakery,
4e38cdc4fa763bfcc3683e44,POI-22,Dessert Shop,
4e38f624aeb72d065963a025,POI-52,Arts & Crafts Store,
4e38fa38b0fb2f7ee8627f79,POI-32,Pizza Place,
4e3916c5b0fb2f7ee863396b,POI-6,Tea Room,
4e3a34041838961afefd6f5e,POI-39,Restaurant,
4e3a4d1b1495c19cfbc2093c,POI-10,Coffee Shop,
4e3a5535b61c8493db5377c8,POI-57,Miscellaneous Shop,
4e3a839d7d8b90abc32754c1,POI-46,Japanese Restaurant,
4e3a875e62e10c0843d70577,POI-17,Chinese Restaurant,
4e3a878d88772c3bf122e619,POI-36,Asian Restaurant,
4e3a8a8988772c3bf1230bd3,POI-13,Diner,
4e3a8abbc65b8a6b56ae3a18,POI-39,Restaurant,
4e3ae78d922eb314f58fd3e2,POI-98,Snack Place,
4e3b503d52b1a04afefc54ee,POI-10,Coffee Shop,
4e3b9bcfb0fb875af8491c5f,POI-79,Food,
4e3bd21baeb73139a16255ff,POI-61,Shoe Store,
4e3bddc262e19d6109582bad,POI-79,Food,
4e3c9400ae604542365a4055,POI-60,Automotive Shop,
4e3c96a252b1a04aff0d4d37,POI-66,Grocery Store,
4e3ca5aa1838cb1b82e63253,POI-160,Laundry Service,
4e3cc881d22d102e8539ac3b,POI-53,Department Store,
4e3ccaadb61cb577be6f4785,POI-58,Accessories Store,
4e3ce56b2271d21e86ef6f18,POI-79,Food,
4e3ce762d22d102e853aeff1,POI-22,Dessert Shop,
4e3cfbdfd4c058f9dbff2a26,POI-50,Movie Theater,
4e3d0826fa76455375b274b8,POI-68,Gym / Fitness Center,
4e3d0c85c65b4ec275dd1ab6,POI-26,Park,
4e3d27ecb61cb577be72fe4d,POI-18,Indian Restaurant,
4e3d389a62e19d61096ae75e,POI-37,Thai Restaurant,
4e3d6fb7e4cdab9b9342adcf,POI-106,Candy Store,
4e3dbb561838cb1b82f525ad,POI-37,Thai Restaurant,
4e3e115a7d8b0e9610733850,POI-39,Restaurant,
4e3e404162e19d610979f362,POI-90,Light Rail,
4e3e40bed4c058f9dc10bc87,POI-42,Food Court,
4e3e45a0483b04e17aa1b187,POI-45,Indonesian Restaurant,
4e3e4a83c65b4ec275ee710b,POI-79,Food,
4e3e4f11b0fb875af86e31b4,POI-10,Coffee Shop,
4e3e6d727d8b0e961076ba46,POI-10,Coffee Shop,
4e3e7700e4cdab9b9350b1a9,POI-10,Coffee Shop,
4e3e8f4618a83d5b28530c9f,POI-6,Tea Room,
4e3ea0541f6e844231f492da,POI-65,Women'S Store,
4e3f27131495bf24a5f206ed,POI-113,General Travel,
4e3f4fb9d4c058f9dc1e8291,POI-130,Food Truck,
4e3f618f2271d21e87101ecc,POI-102,Bbq Joint,
4e3f82bbd22d102e855cf347,POI-70,Korean Restaurant,
4e3fcc75d4c058f9dc22bf50,POI-18,Indian Restaurant,
4e3fd4921495bf24a5f8ae62,POI-39,Restaurant,
4e3fe4b4d4c058f9dc240966,POI-79,Food,
4e3ff538e4cdab9b9363183c,POI-79,Food,
4e40975852b17005f5c1b56b,POI-24,Malaysian Restaurant,
4e40ae3c7d8be0ba11be2f80,POI-79,Food,
4e40b8287d8be0ba11be8a0b,POI-36,Asian Restaurant,
4e40bf602271a89dd0868e35,POI-63,Bakery,
4e40dca718a875a006a5b8b4,POI-154,Optical Shop,
4e4131a0d4c0b124a8eae8db,POI-46,Japanese Restaurant,
4e417ec518a875a006acebde,POI-123,Convenience Store,
4e420dd5d4c0557c35b366f7,POI-39,Restaurant,
4e4246ac62843d3dc35bf10b,POI-6,Tea Room,
4e429de5d1645b30b56c9f3a,POI-123,Convenience Store,
4e43505a45dd60ca5ce12715,POI-10,Coffee Shop,
4e436e7518a8bafc6287fdc1,POI-79,Food,
4e4391e9fa76eeb2dab8a569,POI-116,Beer Garden,
4e43bee5d4c02cf15f58ef77,POI-79,Food,
4e43bf2045dd60ca5ce4ef0e,POI-17,Chinese Restaurant,
4e43cdb11495455b10c4f795,POI-113,General Travel,
4e43d2f6628485fd4c580083,POI-145,Farmers Market,
4e4505b8fa76eeb2daca580a,POI-36,Asian Restaurant,
4e450a2e483b132669dd26af,POI-2,Bar,
4e45116c483b132669dd810e,POI-40,Seafood Restaurant,
4e452386b61cac6fc75dd880,POI-69,Spa / Massage,
4e452fafae605a14b7efaadc,POI-113,General Travel,
4e4531dbb61cac6fc75ea66c,POI-10,Coffee Shop,
4e455267227128e1e8bb67bc,POI-75,Bowling Alley,
4e458c90e4cd9d94fb15fe51,POI-123,Convenience Store,
4e46086962e148603b6dbc39,POI-101,Breakfast Spot,
4e460904b0fb93df2704d912,POI-37,Thai Restaurant,
4e460c5645dd2955e5930c29,POI-5,Gaming Cafe,
4e4618b8b0fb93df2705746b,POI-83,Fried Chicken Joint,
4e4620f57d8b91a0658b3c4a,POI-55,Sporting Goods Shop,
4e4627cc887781a619a70f74,POI-42,Food Court,
4e46297814959d51c15fb063,POI-60,Automotive Shop,
4e46325262e148603b6f4d8d,POI-22,Dessert Shop,
4e464a22c65bd6ffbe8f59da,POI-32,Pizza Place,
4e4659d745dd2955e595d785,POI-32,Pizza Place,
4e46685b887781a619a97c3e,POI-41,Ramen /  Noodle House,
4e466f5f483b03d090df5753,POI-26,Park,
4e468baf45dd2955e598697e,POI-96,Karaoke Bar,
4e46e095183849317e7cfb58,POI-11,Nightclub,
4e46e178aeb70e74f49aec4c,POI-153,Bed & Breakfast,
4e471c15d164155c0def94f9,POI-42,Food Court,
4e47465d183849317e8344cd,POI-63,Bakery,
4e4751ff62e148603b7fc43d,POI-17,Chinese Restaurant,
4e475316227128e1e8d84fcd,POI-85,Furniture / Home Store,
4e476e72ae60fa72330201b3,POI-33,Italian Restaurant,
4e476fbd483b03d090ee7c0e,POI-22,Dessert Shop,
4e4778db62845e1d3ca0654f,POI-22,Dessert Shop,
4e47e550a809fb2fa3fe2dff,POI-17,Chinese Restaurant,
4e4898fdfa76a07fde769f79,POI-40,Seafood Restaurant,
4e48b1941f6e29f10dc3cedc,POI-79,Food,
4e490bd2887781a619cbb5c6,POI-97,Donut Shop,
4e4916f862845e1d3cb34b29,POI-80,Ice Cream Shop,
4e49c58ec65bab1251661a54,POI-66,Grocery Store,
4e49e8ef62e13240b6f830ff,POI-44,Burger Joint,
4e49eee78877bebe84884e20,POI-33,Italian Restaurant,
4e49fffcd164a7c8b6a15d79,POI-2,Bar,
4e4a6251a80997a2dbf10101,POI-33,Italian Restaurant,
4e4b200fb61c745d8aec7d36,POI-10,Coffee Shop,
4e4b45651f6e2a789a861aac,POI-120,Cupcake Shop,
4e4b4e13fa7671a85ce8a55a,POI-4,Resort,
4e4b6ed81838fe3c818798d9,POI-6,Tea Room,
4e4b70d8ae600cc1e31709d6,POI-17,Chinese Restaurant,
4e4b79d618a808fd10fddb6b,POI-68,Gym / Fitness Center,
4e4b8692aeb72792c33a8dea,POI-121,Flea Market,
4e4b948ed4c0ae552d836d1e,POI-92,Salon / Barbershop,
4e4b9e08b61c745d8af1646b,POI-10,Coffee Shop,
4e4babf9aeb72792c33c34c0,POI-67,Gym,
4e4bc8316284a0b024b70a10,POI-50,Movie Theater,
4e4ca01dfa769ce595b38328,POI-42,Food Court,
4e4ce11ad22d10a6c5d0812a,POI-60,Automotive Shop,
4e4ce2deb0fb57f6f22355cf,POI-98,Snack Place,
4e4d0ebd1f6e4ff50fdc8475,POI-62,Jewelry Store,
4e4d13b7b0fb57f6f225c43c,POI-22,Dessert Shop,
4e4d7284d4c019a18a3b8bc3,POI-123,Convenience Store,
4e4db00645ddff0031a82ad7,POI-113,General Travel,
4e4ddd9145ddff0031aa9662,POI-107,Pet Store,
4e4de49bd22daf51d260e573,POI-19,French Restaurant,
4e4e36cc18383eb2af0f1988,POI-46,Japanese Restaurant,
4e4e4444e4cdc76dc99f83c5,POI-39,Restaurant,
4e4e46b0c65bb313ba7493d6,POI-88,Sandwich Place,
4e4e540b483bb77048fef635,POI-40,Seafood Restaurant,
4e4e54cbfa7626401e991e60,POI-80,Ice Cream Shop,
4e4e5f557d8bd425e47fa897,POI-26,Park,
4e4e7f32fa7626401e9b9f82,POI-113,General Travel,
4e4ebe99aeb70f1284968c5c,POI-26,Park,
4e4f1b0662844166698a806d,POI-67,Gym,
4e4f48a745ddff0031be79ff,POI-92,Salon / Barbershop,
4e4f4b26d4c0b6da5d7c97d6,POI-67,Gym,
4e4f4f4545ddff0031bec3af,POI-84,Boutique,
4e4f82e1e4cdc76dc9b1c7da,POI-37,Thai Restaurant,
4e4f8a2e18383eb2af226ede,POI-22,Dessert Shop,
4e4fb5f4ae6051db8dcf3a65,POI-13,Diner,
4e503f19d4c0b6da5d8a9cca,POI-10,Coffee Shop,
4e50b14b7d8bd425e4a25b09,POI-61,Shoe Store,
4e50bd66d164978659dd27d9,POI-85,Furniture / Home Store,
4e50da15ae6051db8de0452b,POI-118,Wings Joint,
4e50e19e8877402b06d7f605,POI-38,Middle Eastern Restaurant,
4e5103dee4cdc76dc9c6b3af,POI-137,Juice Bar,
4e5116fa1f6eae4d253086cd,POI-123,Convenience Store,
4e5219f63151e600e9152213,POI-153,Bed & Breakfast,
4e52350bb0fbfe59e9d33f7b,POI-6,Tea Room,
4e5238da7d8b864c4516e782,POI-113,General Travel,
4e5238e945ddae62fc7df986,POI-56,Cosmetics Shop,
4e5337b3d4c05e0079efca31,POI-67,Gym,
4e534e08a8097c30ee7dc091,POI-69,Spa / Massage,
4e53534062e14e02e8b144f3,POI-90,Light Rail,
4e53925422711d4da5bd0624,POI-169,Cajun / Creole Restaurant,
4e5479f7aeb7b18559d29a64,POI-156,Ferry,
4e54d870a8093d27ccaa2bf4,POI-79,Food,
4e54e71c483b764fba269237,POI-17,Chinese Restaurant,
4e54f04ee4cd76151a43080d,POI-14,Pub,
4e54fa91fa761d3de842ec53,POI-123,Convenience Store,
4e551621aeb7b18559d95e1d,POI-21,Lounge,
4e551a7ea8093d27ccadea73,POI-153,Bed & Breakfast,
4e55dd80d22d9b4ff4ba3080,POI-83,Fried Chicken Joint,
4e55e9cd227140cf12ee7b1a,POI-10,Coffee Shop,
4e5621d6d4c05894a7c310f6,POI-15,Cocktail Bar,
4e562e09c65be3cea4620633,POI-45,Indonesian Restaurant,
4e5638ad1495eb38e204a446,POI-80,Ice Cream Shop,
4e563bfad22dd2065dc40f60,POI-1,Wine Bar,
4e564482e4cd6917b14f600f,POI-62,Jewelry Store,
4e576fadfa76435f0bce697b,POI-52,Arts & Crafts Store,
4e578f2a62e126c911a03a88,POI-89,Arcade,
4e579d6cd4c0fccb89ab81db,POI-70,Korean Restaurant,
4e57a48eb9935d203cfb374e,POI-14,Pub,
4e57a4bcd4c0fccb89abf1bd,POI-54,Clothing Store,
4e57c5bd3151bb7383add900,POI-18,Indian Restaurant,
4e584a8afa76435f0bdc36b1,POI-79,Food,
4e584dc014954ed283384a02,POI-28,Plaza,
4e587d68b9935d203d0a1092,POI-120,Cupcake Shop,
4e5892e8b3ad589d1a2555be,POI-26,Park,
4e589589b993732579dc754f,POI-57,Miscellaneous Shop,
4e589c5652b1b78b819138e5,POI-10,Coffee Shop,
4e58ad9618388cd5cb98b370,POI-10,Coffee Shop,
4e58aedf1f6e804280bae0b3,POI-4,Resort,
4e58b54dae6099fc00bd3fbd,POI-123,Convenience Store,
4e58b8e9b0fbdca309f34480,POI-84,Boutique,
4e58cb8eae6099fc00be2c6e,POI-22,Dessert Shop,
4e58cf22b61c4aaa3df4412d,POI-120,Cupcake Shop,
4e58dc4745dd7055928defcf,POI-83,Fried Chicken Joint,
4e58e4c745dd7055928e5fa5,POI-17,Chinese Restaurant,
4e58edfc8877c8a76ddda7f2,POI-79,Food,
4e58fee7c65bcd7cbe2d8024,POI-102,Bbq Joint,
4e59225b8877c8a76de110e8,POI-21,Lounge,
4e599796b0fbdca30a00d2a1,POI-57,Miscellaneous Shop,
4e59e33eb993732579f02136,POI-4,Resort,
4e59e39f2271886714fa5d2c,POI-54,Clothing Store,
4e59fb5a1495a891128690ce,POI-56,Cosmetics Shop,
4e5a08e6d22dfba6f47c2ef3,POI-6,Tea Room,
4e5a4a2218388cd5cbae526a,POI-53,Department Store,
4e5b3523b61c4aaa3e140b83,POI-61,Shoe Store,
4e5b556f45dd705592aec7a0,POI-89,Arcade,
4e5b609a483b865169f752ba,POI-63,Bakery,
4e5b6c837d8b966a15e1f4b6,POI-17,Chinese Restaurant,
4e5b72e88877c8a76dfec718,POI-17,Chinese Restaurant,
4e5b8350b99373257a043ed3,POI-65,Women'S Store,
4e5b84d9b99373257a0456c2,POI-36,Asian Restaurant,
4e5c37562271b7fb29627cf8,POI-77,Sushi Restaurant,
4e5c4616aeb7a6ca53df555b,POI-113,General Travel,
4e5ca450d22dcfc934169247,POI-113,General Travel,
4e5ca5ffb99390f45bffdaa2,POI-112,Gift Shop,
4e5cb2cab0fb4a6489abd611,POI-79,Food,
4e5cbbdeb61cd44cf3f811d0,POI-57,Miscellaneous Shop,
4e5d1bd5a8092f639680168c,POI-123,Convenience Store,
4e5d86f018a8463c4d9906a1,POI-42,Food Court,
4e5dc587d1640a5975c19b9d,POI-22,Dessert Shop,
4e5dc98f483bbc5f69654aa2,POI-17,Chinese Restaurant,
4e5dcae714954da39fe7766f,POI-7,American Restaurant,
4e5dda0e18a8c46e082d9114,POI-66,Grocery Store,
4e5e0f7da809fd79d292a7f9,POI-17,Chinese Restaurant,
4e5e1aefe4cdfc603ed5c7c3,POI-70,Korean Restaurant,
4e5e21da45dd21543f4f97aa,POI-40,Seafood Restaurant,
4e5e260fae60a1cb36d96ba3,POI-52,Arts & Crafts Store,
4e5e277aaeb78833bb87d24f,POI-84,Boutique,
4e5e297018a8c46e083126aa,POI-84,Boutique,
4e5e314752b1425a376d607d,POI-7,American Restaurant,
4e5f1058fa768fe5f2d08de3,POI-61,Shoe Store,
4e5f146a52b1425a377a8e68,POI-83,Fried Chicken Joint,
4e5f36b8d4c08cf7f5982b58,POI-21,Lounge,
4e5f5b14a8090ec216537e7b,POI-73,Electronics Store,
4e5f6127ae60c16e99408de5,POI-63,Bakery,
4e5f6fc61838f72552834fca,POI-39,Restaurant,
4e5f729bd4c08cf7f59ad6b6,POI-17,Chinese Restaurant,
4e5f7734fa768fe5f2d50e97,POI-46,Japanese Restaurant,
4e5f9152483b8637b3ce6541,POI-40,Seafood Restaurant,
4e6016112271573ad695a542,POI-90,Light Rail,
4e606073d22d509a38b9697c,POI-79,Food,
4e607d6dd22d509a38c4203f,POI-91,Food & Drink Shop,
4e6081e81495676d54e3eefa,POI-13,Diner,
4e6083f0b0fb188e8cd9b94c,POI-54,Clothing Store,
4e60a4c8aeb73603141d1eb1,POI-46,Japanese Restaurant,
4e60a974c65b2dc89ed47c8f,POI-84,Boutique,
4e60afe51838ad3d0e00983f,POI-116,Beer Garden,
4e60cfeb2271573ad6e127a0,POI-79,Food,
4e60d1da1f6ef7d079fa5bfe,POI-59,Men'S Store,
4e60de36b61cd78087db2fc6,POI-10,Coffee Shop,
4e60f9f81838ad3d0e234db5,POI-14,Pub,
4e61c66bb993678bb61ba5ed,POI-52,Arts & Crafts Store,
4e61dce27d8b85408966f06f,POI-63,Bakery,
4e61e5e7d164ddd5e588a36f,POI-91,Food & Drink Shop,
4e61ef4b1838ad3d0e90d881,POI-6,Tea Room,
4e61fe8c8877954de7fe4d49,POI-2,Bar,
4e620870b0fb188e8d822f28,POI-96,Karaoke Bar,
4e620b241495676d558dfcc8,POI-40,Seafood Restaurant,
4e620e322271573ad76e7ccf,POI-36,Asian Restaurant,
4e621a61483bd9a97429c77e,POI-79,Food,
4e622a6ffa76cd64ce1a1a45,POI-6,Tea Room,
4e622d62aeb7360314ca23df,POI-54,Clothing Store,
4e624282b993678bb653871d,POI-62,Jewelry Store,
4e62688dd164ddd5e5c24520,POI-153,Bed & Breakfast,
4e62d0511495676d55eb7164,POI-10,Coffee Shop,
4e62fe1e7d8b854089ead465,POI-69,Spa / Massage,
4e62fe49e4cdf1e2bf8e8645,POI-79,Food,
4e630270b993678bb6bf0930,POI-5,Gaming Cafe,
4e63175445ddda3529de812c,POI-40,Seafood Restaurant,
4e63187c52b1260c136cbca5,POI-17,Chinese Restaurant,
4e631eace4cdf1e2bf9b04df,POI-37,Thai Restaurant,
4e632216b993678bb6cc71a6,POI-37,Thai Restaurant,
4e63539e52b1260c13816b18,POI-102,Bbq Joint,
4e63aab6b0fb188e8e38d305,POI-123,Convenience Store,
4e642b82d22d509a3a60b5e4,POI-63,Bakery,
4e64505be4cdf1e2c01c308e,POI-63,Bakery,
4e646667aeb7360315c420c5,POI-83,Fried Chicken Joint,
4e64cb7f1838ad3d0fcf00e5,POI-56,Cosmetics Shop,
4e64e468d164ddd5e6ccafae,POI-11,Nightclub,
4e659f40fa76cd64cf959375,POI-10,Coffee Shop,
4e65a90752b1260c147e88cc,POI-24,Malaysian Restaurant,
4e65b4ec62e13e3bd00701c7,POI-80,Ice Cream Shop,
4e65fe5145ddda352b11cc16,POI-79,Food,
4e65feebb993678bb822b453,POI-60,Automotive Shop,
4e663672483bd9a975ea3d3b,POI-17,Chinese Restaurant,
4e66d017d4c0d52245d7404c,POI-153,Bed & Breakfast,
4e66f0d914952e0a12afb576,POI-92,Salon / Barbershop,
4e66f43d52b1ca65dbf6175a,POI-42,Food Court,
4e66f59518507d271044e728,POI-69,Spa / Massage,
4e671f70aeb7e985aa999cad,POI-89,Arcade,
4e6724a9d22d12d83aa1cb07,POI-28,Plaza,
4e67658618a8bf057192e80d,POI-65,Women'S Store,
4e6857f9d22df5c11f48b140,POI-22,Dessert Shop,
4e685c5bd22df5c11f4a473b,POI-58,Accessories Store,
4e688a8cae60186280874fcd,POI-39,Restaurant,
4e6898992271685ed97fda11,POI-157,Smoke Shop,
4e6973cc18381ea1bd7a58c7,POI-96,Karaoke Bar,
4e698cb7b61cc3728d360d55,POI-84,Boutique,
4e69fcd87d8b143eb6e37be2,POI-77,Sushi Restaurant,
4e6a133d227162c38e420d34,POI-130,Food Truck,
4e6a522dc65b5bef2856c283,POI-153,Bed & Breakfast,
4e6ab67f45ddadf2d09a8097,POI-36,Asian Restaurant,
4e6ac2fcd164c37bf4bc1538,POI-54,Clothing Store,
4e6aea4518381ea1be1faefa,POI-89,Arcade,
4e6aebc652b1c1206009c4b9,POI-46,Japanese Restaurant,
4e6af7e8d22d0e4cf649d29e,POI-112,Gift Shop,
4e6b0d2c7d8b143eb762a3b2,POI-6,Tea Room,
4e6b398d18a83989eccddddb,POI-40,Seafood Restaurant,
4e6b703362e1cd1d55223b85,POI-93,Tapas Restaurant,
4e6c46e0b993061ea8bbd67e,POI-63,Bakery,
4e6c504d18381712d9d1ec8d,POI-69,Spa / Massage,
4e6c5b9eb61c739ba88550e2,POI-123,Convenience Store,
4e6c6fde7d8b2c711b46ffc7,POI-42,Food Court,
4e6c9976ae603c15efb095aa,POI-40,Seafood Restaurant,
4e6ca596b993061ea8e39772,POI-58,Accessories Store,
4e6ca6ea1f6e84ca4c7634d7,POI-69,Spa / Massage,
4e6dca6c7d8bbfa9aee9b660,POI-42,Food Court,
4e6dceb2c65b18875f823280,POI-73,Electronics Store,
4e6dde597d8bbfa9aef0d284,POI-54,Clothing Store,
4e6ded5b483bf1052145ca70,POI-73,Electronics Store,
4e6def26d4c0af8b793e7215,POI-84,Boutique,
4e6e086652b1d151b7d6ac25,POI-53,Department Store,
4e6e967c1495941d56957878,POI-10,Coffee Shop,
4e6f0107b9933190ed4ce682,POI-42,Food Court,
4e6f1b25e4cdd991620cd0bb,POI-92,Salon / Barbershop,
4e6f971788779c905e0720eb,POI-79,Food,
4e70294a2271c7e78baec7bb,POI-6,Tea Room,
4e702f48fa76e1a41f650907,POI-36,Asian Restaurant,
4e70572aa8098087a00ec69e,POI-57,Miscellaneous Shop,
4e7071d962e14d9f138b12a1,POI-40,Seafood Restaurant,
4e707abdc65b340cde69477a,POI-5,Gaming Cafe,
4e70b673e4cd5c86941acae7,POI-22,Dessert Shop,
4e70e71763655ef4f2e07667,POI-88,Sandwich Place,
4e7193767d8b53db1bd95384,POI-61,Shoe Store,
4e71de1f1495e4ca140a22f0,POI-10,Coffee Shop,
4e71e45052b16b24918f1920,POI-66,Grocery Store,
4e71fa6e1838677343343fe9,POI-46,Japanese Restaurant,
4e72cee1b993272e51d1b829,POI-2,Bar,
4e72de08d4c0c01bf7f02b96,POI-113,General Travel,
4e72e60fd16472c036ed4270,POI-13,Diner,
4e72f934b61c804a2dc2c02d,POI-124,Hot Dog Joint,
4e73004bd4c0c01bf7fce523,POI-84,Boutique,
4e730dabb993272e51ec08f5,POI-83,Fried Chicken Joint,
4e7313e1d22d2fd3142049f8,POI-79,Food,
4e7317cad22d2fd31421ba11,POI-17,Chinese Restaurant,
4e73292cb61c804a2dd541da,POI-7,American Restaurant,
4e732cfcd4c0c01bf80dc5d8,POI-10,Coffee Shop,
4e7332f6a8095a7c422bbdb2,POI-36,Asian Restaurant,
4e733f8e7d8b051837d9585d,POI-56,Cosmetics Shop,
4e740889a809582dd54f674b,POI-52,Arts & Crafts Store,
4e741c8baeb780be09a0321f,POI-88,Sandwich Place,
4e74266288775d593d625ebd,POI-92,Salon / Barbershop,
4e7432d3e4cd325436bff58d,POI-102,Bbq Joint,
4e74442e483b0cf5ec378899,POI-124,Hot Dog Joint,
4e746a4bae60c32850a764f0,POI-57,Miscellaneous Shop,
4e747ebea809582dd57e3001,POI-46,Japanese Restaurant,
4e7484631f6e072f133ccd77,POI-32,Pizza Place,
4e748a54b61c22c637c2aa15,POI-40,Seafood Restaurant,
4e74a1b3a809582dd58de183,POI-60,Automotive Shop,
4e74a44c45ddd4323f5b8297,POI-35,Dim Sum Restaurant,
4e74a4e9b0fb968032d16120,POI-5,Gaming Cafe,
4e74a7d352b1c8e51913fe5c,POI-2,Bar,
4e74b99dd1643f93b1958d8f,POI-5,Gaming Cafe,
4e74c099fa76059700aeb491,POI-22,Dessert Shop,
4e74d634d1643f93b1a4bec6,POI-11,Nightclub,
4e75739f45ddd4323fc275b7,POI-18,Indian Restaurant,
4e7575f02271ffa4e6f520df,POI-22,Dessert Shop,
4e758dae62e1263516796bf1,POI-121,Flea Market,
4e7597b2fa76059701159c31,POI-79,Food,
4e75c272b993a71aa3ff3805,POI-17,Chinese Restaurant,
4e75ce47a809582dd618cf87,POI-36,Asian Restaurant,
4e75db7fa809582dd61dd684,POI-70,Korean Restaurant,
4e75e49c315188bfdc8104fb,POI-39,Restaurant,
4e763593a809582dd64879e5,POI-79,Food,
4e769d1c483b0cf5ed470c5c,POI-4,Resort,
4e769d57e4cd325437d839eb,POI-39,Restaurant,
4e76dd3c1838f9188a776084,POI-123,Convenience Store,
4e77255b52b1c8e51a2def6a,POI-28,Plaza,
4e7740d0c65bb91db52498ff,POI-36,Asian Restaurant,
4e776a17d22d80eb3410b739,POI-11,Nightclub,
4e78087c887738167d3360df,POI-17,Chinese Restaurant,
4e781ba2483bc8fe83a1616a,POI-70,Korean Restaurant,
4e782b2b22714e6e5ed96ff1,POI-69,Spa / Massage,
4e782ec918387f865983d65b,POI-50,Movie Theater,
4e7872dbb61ce1c89883803a,POI-22,Dessert Shop,
4e788eb58998834aa41d81d3,POI-2,Bar,
4e78916b52b19ee4c82aa750,POI-79,Food,
4e7893e162e1b76aa3b919c2,POI-123,Convenience Store,
4e78fb878998834aa46a0465,POI-1,Wine Bar,
4e7944e5b9937f472d421e52,POI-79,Food,
4e79619ad1642a6eceff9f50,POI-79,Food,
4e7962f752b1fc6a4adf2719,POI-79,Food,
4e79634e62e1645552cf2dc0,POI-50,Movie Theater,
4e79834ab9937f472d62600c,POI-17,Chinese Restaurant,
4e798e051495dbb16c03403e,POI-13,Diner,
4e79c5cad1646ceca69dd66f,POI-53,Department Store,
4e79d24188774859c5407fa5,POI-65,Women'S Store,
4e79e095e4cdb158f21c9299,POI-69,Spa / Massage,
4e79ef30fa7600c1001a952d,POI-66,Grocery Store,
4e7aa2f252b115db423aedda,POI-10,Coffee Shop,
4e7ab8ad2271de22d50e9937,POI-72,Vietnamese Restaurant,
4e7b0a92a809d757abdf8356,POI-22,Dessert Shop,
4e7b15b0e4cd59f42b03a3f2,POI-69,Spa / Massage,
4e7b23bedab41c8304bbd0f1,POI-77,Sushi Restaurant,
4e7b3459483b73b2d11fcae5,POI-6,Tea Room,
4e7b35cab8f7c102861e0407,POI-10,Coffee Shop,
4e7b3672d22dd36168f6cb56,POI-157,Smoke Shop,
4e7b396b2c5bd0b5f114b919,POI-157,Smoke Shop,
4e7b51d852b1ac55f1bf0794,POI-73,Electronics Store,
4e7b541945ddafd280d579c1,POI-123,Convenience Store,
4e7b5f8ad164401b7fed1995,POI-15,Cocktail Bar,
4e7bd3c4149507aff79013e1,POI-79,Food,
4e7c145ce4cd969b3502b844,POI-50,Movie Theater,
4e7c1b221f6eb36f195d41e8,POI-41,Ramen /  Noodle House,
4e7c338eb61c26ee6b766c0c,POI-81,Steakhouse,
4e7c5579b8f75b2042b5e808,POI-75,Bowling Alley,
4e7c651ac65b80e2dcc334fe,POI-43,Vegetarian / Vegan Restaurant,
4e7c74992c5bcd4c41f5cc53,POI-18,Indian Restaurant,
4e7c7eaeb61c4e5b030978bc,POI-79,Food,
4e7c8fa1149595a17e60542c,POI-10,Coffee Shop,
4e7ca0419a52dd7e0c98edcf,POI-74,Fast Food Restaurant,
4e7d45c6490179d78c965e7f,POI-57,Miscellaneous Shop,
4e7d62b629c2e87745fb30f6,POI-46,Japanese Restaurant,
4e7d7e5277c87cf312e2cb75,POI-69,Spa / Massage,
4e7d9ed74690924320d8e180,POI-57,Miscellaneous Shop,
4e7dbbf3cc21a7bde7f2bcd2,POI-17,Chinese Restaurant,
4e7dc1295c5ce2d538e1f4f3,POI-36,Asian Restaurant,
4e7dc3da55031c8db887b267,POI-65,Women'S Store,
4e7dcc9777c837d97a7afdf4,POI-28,Plaza,
4e7dd2f530f8ebd5cbedd386,POI-57,Miscellaneous Shop,
4e7dead361af6aae15651f00,POI-18,Indian Restaurant,
4e7e067c5c5cd809cf3f268f,POI-18,Indian Restaurant,
4e7e30aef5b94e799fc07334,POI-18,Indian Restaurant,
4e7e890dd3e34c75b3604240,POI-41,Ramen /  Noodle House,
4e7ea19b6da1103ad24d20f3,POI-42,Food Court,
4e7ed03a9adf979a3f0d3421,POI-128,Kids Store,
4e7f249ee5faece64a87d455,POI-123,Convenience Store,
4e7f44899adf50130f25081a,POI-21,Lounge,
4e7f93a04690e16a7d7a8743,POI-79,Food,
4e7fdfa39a52a0fcc3a2132a,POI-123,Convenience Store,
4e800e576da1ef1165e6247c,POI-39,Restaurant,
4e802ca59adf2271f9c680fc,POI-56,Cosmetics Shop,
4e809c674690828a619a29dd,POI-123,Convenience Store,
4e80a06a8b81aa6f2bd7fc7e,POI-123,Convenience Store,
4e8107e28b8199ebc2949835,POI-10,Coffee Shop,
4e813e2a823119cb9943f4ea,POI-125,Other Nightlife,
4e814e6fbe7b40a05cf62147,POI-69,Spa / Massage,
4e814f922c5b771b71c287d3,POI-22,Dessert Shop,
4e81785ccc21e645426479d2,POI-46,Japanese Restaurant,
4e81837c6c25a21e35a83b3e,POI-10,Coffee Shop,
4e81a38b9adf8adb8a52b4ec,POI-22,Dessert Shop,
4e81a99a82316360ab2184c8,POI-32,Pizza Place,
4e81be2f6da161a7689e300d,POI-67,Gym,
4e81c0c2469082117eafd5a9,POI-73,Electronics Store,
4e81c2686da161a768a02bc5,POI-45,Indonesian Restaurant,
4e81de5cbe7bb221bfdde80c,POI-17,Chinese Restaurant,
4e82a37cd3e3ec516cc691f0,POI-77,Sushi Restaurant,
4e82a3ede5fa7e8f39bd760f,POI-46,Japanese Restaurant,
4e82ad48722e7c18eb287270,POI-22,Dessert Shop,
4e82b14e61af29e4de2ae7a1,POI-41,Ramen /  Noodle House,
4e82b15d5c5c24f1455058c6,POI-120,Cupcake Shop,
4e82ee8ab634192147e6ecc9,POI-22,Dessert Shop,
4e82f6a2b634192147ea7b8a,POI-60,Automotive Shop,
4e83050e722e93408a9be3cf,POI-121,Flea Market,
4e830bf66da182add7ec4a22,POI-17,Chinese Restaurant,
4e831b05823190810b7c6f68,POI-77,Sushi Restaurant,
4e839e2bd66aafbe15b92dfb,POI-56,Cosmetics Shop,
4e83aaa8b634c48ffd0bd452,POI-79,Food,
4e83f13e30f8d26f86dfa34f,POI-22,Dessert Shop,
4e8404eab803e0a28c413cc5,POI-22,Dessert Shop,
4e842d8fbe7bb62141d034aa,POI-98,Snack Place,
4e843d55f790d5a6f983d7e7,POI-22,Dessert Shop,
4e84588902d5a4f920a9c01e,POI-37,Thai Restaurant,
4e855785d3e3125eeb858ad3,POI-6,Tea Room,
4e856ccef5b9d67fa9af9d87,POI-63,Bakery,
4e8586c2f790bd830b32a77c,POI-58,Accessories Store,
4e859730775b58971b8dfb5c,POI-27,Art Gallery,
4e859c18f790bd830b391006,POI-17,Chinese Restaurant,
4e85b763d3e374b83e9c4008,POI-84,Boutique,
4e85d0d6b803a5a794b09dbf,POI-80,Ice Cream Shop,
4e861fea5c5c4cf482e6523f,POI-79,Food,
4e862d2d7ee62475b6195f67,POI-10,Coffee Shop,
4e8695bd823103dc6cd01bd5,POI-76,Deli / Bodega,
4e86bc57be7b7b8f1ec8a884,POI-92,Salon / Barbershop,
4e86d224b634c41f44a9b39a,POI-56,Cosmetics Shop,
4e86d86d93ad25309dd5a0c6,POI-60,Automotive Shop,
4e86e4bb8b81f99428401033,POI-84,Boutique,
4e86fd4f550375e44c97452b,POI-10,Coffee Shop,
4e87d902d22d3d670b1b2e95,POI-69,Spa / Massage,
4e87f9ac8231bf8c8587c61c,POI-85,Furniture / Home Store,
4e88020302d55c50959c186e,POI-61,Shoe Store,
4e88028bb803b85449572ff5,POI-90,Light Rail,
4e8827c802d572671be484c0,POI-10,Coffee Shop,
4e884708e5fabb64abbfa568,POI-84,Boutique,
4e8849a793ad99da59b0b97c,POI-40,Seafood Restaurant,
4e8886d24690839ce049e3a0,POI-10,Coffee Shop,
4e88a36055032d530cca6756,POI-10,Coffee Shop,
4e8935c15c5cf273ffcb04fb,POI-66,Grocery Store,
4e89360c8231f78e66f4a2c5,POI-46,Japanese Restaurant,
4e89480be5fa6721525ebb1e,POI-34,Mediterranean Restaurant,
4e8966ea4901d5d804695512,POI-41,Ramen /  Noodle House,
4e89923c77c82b82c5b91782,POI-81,Steakhouse,
4e899fece5fa170427e5039c,POI-79,Food,
4e89b57b9adf3c00aeda52b3,POI-43,Vegetarian / Vegan Restaurant,
4e89b705d22de2dd5ffdcc23,POI-59,Men'S Store,
4e8a73e36d867a8259aca473,POI-39,Restaurant,
4e8a9bc5d22dbf0a918f96f0,POI-159,Liquor Store,
4e8a9f89d22dbf0a9190a80a,POI-39,Restaurant,
4e8ad37acc215b03682d6e88,POI-10,Coffee Shop,
4e8ae2b961afcc24d9832095,POI-26,Park,
4e8ae9f57ee6dd016f493e25,POI-79,Food,
4e8aee665c5cfad11a8c8b9f,POI-37,Thai Restaurant,
4e8bd304d3e303e9db49a2a5,POI-17,Chinese Restaurant,
4e8bd6f8f5b91e22554ce4a8,POI-10,Coffee Shop,
4e8c0beff790db5ec38c3b51,POI-85,Furniture / Home Store,
4e8c1ab1cc2112f675489a76,POI-92,Salon / Barbershop,
4e8c4b4029c22b68ab264a9b,POI-22,Dessert Shop,
4e8c918677c8b66013fd0385,POI-10,Coffee Shop,
4e8d46a1775bde318a724194,POI-13,Diner,
4e8d4f75b63445c4a51ed614,POI-57,Miscellaneous Shop,
4e8d501dd22d2a85bd9fc620,POI-123,Convenience Store,
4e8d626529c2f388124a6506,POI-49,Multiplex,
4e8d6d7061af7424da973a15,POI-106,Candy Store,
4e8d7a8f49016b5c6ab4ec91,POI-77,Sushi Restaurant,
4e8da07eb8f71a700b33a94f,POI-31,Mexican Restaurant,
4e8dbffddab404822e2c5f6e,POI-32,Pizza Place,
4e8e5d5c82315acfeb4a43dd,POI-123,Convenience Store,
4e8e636677c843122ca2d206,POI-97,Donut Shop,
4e8e74e030f8fd4d523bc421,POI-36,Asian Restaurant,
4e8ea14577c843122cb6b598,POI-18,Indian Restaurant,
4e8ea556be7bad367c6f9249,POI-96,Karaoke Bar,
4e8edbba6c2548359463dd27,POI-98,Snack Place,
4e8ef118f7900fe5946290cd,POI-54,Clothing Store,
4e8eff499a5297144cd49985,POI-103,Mobile Phone Shop,
4e8f0512cc21c15fa2e8b8b4,POI-15,Cocktail Bar,
4e8f1329dab454671ef8d0a6,POI-11,Nightclub,
4e8fab2bf79014e2ce37f32b,POI-36,Asian Restaurant,
4e8fd5639adf26eeb9c6a23c,POI-42,Food Court,
4e8fe130f79014e2ce4d6bb9,POI-136,Thrift / Vintage Store,
4e900ee7550342b5a411cbfe,POI-10,Coffee Shop,
4e9017042c5b7295bbb40c1c,POI-56,Cosmetics Shop,
4e9022b4f5b9f8967c8f8b8b,POI-36,Asian Restaurant,
4e906788b8039b4557e3d29b,POI-2,Bar,
4e906efa9adf26eeba01216b,POI-56,Cosmetics Shop,
4e908c3b775bfdaabc618745,POI-10,Coffee Shop,
4e90f7ab7ee60278a612acec,POI-79,Food,
4e911db8550342b5a480f452,POI-17,Chinese Restaurant,
4e912445722ebb868bfcb521,POI-119,Record Shop,
4e91283db63456ab95b9303a,POI-17,Chinese Restaurant,
4e913c00722ebb868c045a8b,POI-26,Park,
4e91460b77c89cb9220fab83,POI-65,Women'S Store,
4e914b886c25abdcf5084fc7,POI-22,Dessert Shop,
4e91672d775bfdaabcb316c0,POI-22,Dessert Shop,
4e916fccb63456ab95ce67ae,POI-102,Bbq Joint,
4e91746b722ebb868c15378e,POI-81,Steakhouse,
4e9278f37ee629d9b461294e,POI-70,Korean Restaurant,
4e9283a7e5fa72f70fc90d4f,POI-2,Bar,
4e92b2db7ee629d9b4717267,POI-73,Electronics Store,
4e93d47b7ee6471a2a63073b,POI-83,Fried Chicken Joint,
4e93df1b775b564ca2eef8cb,POI-43,Vegetarian / Vegan Restaurant,
4e9415cb6da119d220afdfa9,POI-43,Vegetarian / Vegan Restaurant,
4e941fb977c82b6a71d194a5,POI-36,Asian Restaurant,
4e943bd8d22dc444bed3a345,POI-70,Korean Restaurant,
4e9440b230f866d486a1c5a9,POI-151,Argentinian Restaurant,
4e944c249a5267bd66e968e6,POI-96,Karaoke Bar,
4e951a805503cac97c190dc1,POI-36,Asian Restaurant,
4e95315449015a078d4b2f8c,POI-92,Salon / Barbershop,
4e957e0ab634ee03e62e7426,POI-17,Chinese Restaurant,
4e9587b155037479eb16f8fe,POI-67,Gym,
4e9588f2be7b6a6909d09f4e,POI-22,Dessert Shop,
4e9589b893addf31e9818c24,POI-35,Dim Sum Restaurant,
4e95c4c70aaf41f3919a7f56,POI-153,Bed & Breakfast,
4e96522a9a528e6d36c568c6,POI-50,Movie Theater,
4e9683ad61af7b877184289d,POI-59,Men'S Store,
4e96af4fb803f7b4a4eaa9d9,POI-123,Convenience Store,
4e96c5585503e24777bc0b3a,POI-17,Chinese Restaurant,
4e96d7e077c83a3315932050,POI-67,Gym,
4e97af4ecc217f441ea657c1,POI-17,Chinese Restaurant,
4e97b09877c8d1cccb6e580c,POI-62,Jewelry Store,
4e97b9eebe7b2453692290d6,POI-36,Asian Restaurant,
4e97cb0a9a52e26642e5133c,POI-139,Board Shop,
4e97f239d3e322c8a19aec58,POI-41,Ramen /  Noodle House,
4e98688f722ed8d43ba62e34,POI-17,Chinese Restaurant,
4e98796277c8d1cccbbd6bc8,POI-10,Coffee Shop,
4e98e4c055033ea8ab82bc32,POI-92,Salon / Barbershop,
4e9965586c252a15c16853ff,POI-21,Lounge,
4e99b043be7b1a0d64ec11b6,POI-99,Hookah Bar,
4e9a657df790b2a9194badf7,POI-46,Japanese Restaurant,
4e9a7d9293ada5036d5b6ce8,POI-69,Spa / Massage,
4e9a7f0729c27d6ad69f27af,POI-22,Dessert Shop,
4e9a8cca30f87c966c51781b,POI-81,Steakhouse,
4e9aba1229c27d6ad6b216ae,POI-2,Bar,
4e9ac1747ee539c8574be147,POI-40,Seafood Restaurant,
4e9ac68c722edf21e28e12df,POI-2,Bar,
4e9acd79f790b2a9196e3ec3,POI-37,Thai Restaurant,
4e9ad0747ee539c857513b89,POI-36,Asian Restaurant,
4e9ba30eb63497cdaa4d5b56,POI-90,Light Rail,
4e9bb5fd6da1cbe0b8d80e0c,POI-1,Wine Bar,
4e9be8420aaf5f690ee8366a,POI-42,Food Court,
4e9c0a6d02d5df1b50d96cbd,POI-117,Bike Shop,
4e9c25f8cc215f3add722268,POI-37,Thai Restaurant,
4e9c2cf99adf277db85867f4,POI-39,Restaurant,
4e9cd25449017c00c84c3bff,POI-83,Fried Chicken Joint,
4e9d03976c251c381dd639eb,POI-25,Zoo,
4e9d1584f7905e04cdb8d685,POI-77,Sushi Restaurant,
4e9d79f04690bdef10284043,POI-69,Spa / Massage,
4e9d8511b6348df6f728cfc3,POI-13,Diner,
4e9d86fad3e31270c8f18cad,POI-10,Coffee Shop,
4e9da03861af4feab64297dd,POI-10,Coffee Shop,
4e9e553c29c244b4ef12fa2e,POI-42,Food Court,
4e9e5a5e29c244b4ef14b95f,POI-62,Jewelry Store,
4e9e5c50f790109d90c9faf5,POI-32,Pizza Place,
4e9e722261afec1907cd17cf,POI-65,Women'S Store,
4e9e84fd6da161b08d98dd90,POI-22,Dessert Shop,
4e9ea4939a52cd825cf66c3b,POI-42,Food Court,
4e9eb21bd3e32ac0ef44ea65,POI-7,American Restaurant,
4e9f047dbe7b048b34b5c06b,POI-74,Fast Food Restaurant,
4e9f88c393ad16f0cda640ff,POI-74,Fast Food Restaurant,
4e9f93cd4901c49b1a7a2b68,POI-63,Bakery,
4e9faa1d61af1289b7cab942,POI-81,Steakhouse,
4e9fac31d22d6eead7e27363,POI-17,Chinese Restaurant,
4e9fb0b46c258f17cb31f906,POI-80,Ice Cream Shop,
4e9fb7f461af1289b7cf4d6d,POI-10,Coffee Shop,
4e9fd3370aaf09533164547f,POI-74,Fast Food Restaurant,
4ea018d277c8b08983c45e8d,POI-116,Beer Garden,
4ea0ec822c5b5cb4f35c7acb,POI-41,Ramen /  Noodle House,
4ea0f10eb80355a9811ef7e9,POI-43,Vegetarian / Vegan Restaurant,
4ea0f847d5fb57c09dd8bf07,POI-40,Seafood Restaurant,
4ea0f872be7ba4918da37ab3,POI-63,Bakery,
4ea1105b722ec75addb36621,POI-162,Rental Car Location,
4ea14c306c25b62f3ce1db4a,POI-54,Clothing Store,
4ea15e2d8231f6dc698d7738,POI-102,Bbq Joint,
4ea160089911d5eed5b50d48,POI-54,Clothing Store,
4ea165c98231f6dc6990ec70,POI-73,Electronics Store,
4ea1861d8b81a02f892e9129,POI-96,Karaoke Bar,
4ea1fb76e5facb29c712a3d9,POI-153,Bed & Breakfast,
4ea20f07b6347b9967a39b02,POI-26,Park,
4ea23b496c25b62f3d4fcdad,POI-61,Shoe Store,
4ea2409f490102dac28b7d89,POI-61,Shoe Store,
4ea256096c25b62f3d5a4c8b,POI-10,Coffee Shop,
4ea2a7d7d3e32e68680f57a2,POI-46,Japanese Restaurant,
4ea2c1c36da1455cac7b2d1b,POI-4,Resort,
4ea2def6cc2102b34d2e7d99,POI-46,Japanese Restaurant,
4ea2dfd8d3e32e686827f164,POI-39,Restaurant,
4ea2f72899117fc56cafa70e,POI-157,Smoke Shop,
4ea37d0b0aaf71118111337c,POI-18,Indian Restaurant,
4ea3962bb6347b99684ad88c,POI-74,Fast Food Restaurant,
4ea3aae86c25b62f3deaf9a6,POI-80,Ice Cream Shop,
4ea3f6a58b81a02f8a378da0,POI-17,Chinese Restaurant,
4ea3fe129911214fd1760c1a,POI-36,Asian Restaurant,
4ea4094a77c8d0ce5e9a5130,POI-2,Bar,
4ea4aca96da1455cad4dfe1a,POI-10,Coffee Shop,
4ea4eaed7ee52a35ddeec1c4,POI-36,Asian Restaurant,
4ea507b92c5b5cb4f513bfb7,POI-40,Seafood Restaurant,
4ea51f97be7ba4918f5d722e,POI-123,Convenience Store,
4ea52c6a61af76b39dada320,POI-61,Shoe Store,
4ea547a32c5b5cb4f52a7ece,POI-22,Dessert Shop,
4ea54d255c5cd12b36d26e13,POI-7,American Restaurant,
4ea55646d3e32e68692cca97,POI-93,Tapas Restaurant,
4ea5594a8b81a02f8ac92b13,POI-10,Coffee Shop,
4ea63a9929c2c61b44e6d4e9,POI-44,Burger Joint,
4ea66163e5fa0cc4c3a16bdb,POI-6,Tea Room,
4ea686b7b80336cb0380bcfc,POI-6,Tea Room,
4ea68cd8b634bda7874f6248,POI-129,Brazilian Restaurant,
4ea69367722e2c16d30bd0dd,POI-17,Chinese Restaurant,
4ea69b0930f8a6425f2203e1,POI-45,Indonesian Restaurant,
4ea6f6646da1ce8765a356e7,POI-39,Restaurant,
4ea7041b9adfcc4eb064dab4,POI-17,Chinese Restaurant,
4ea77c32d3e33e1d4efa4b0d,POI-22,Dessert Shop,
4ea7bcda2c5b8e25be2e5259,POI-98,Snack Place,
4ea7de2fbe7b572daabeec20,POI-11,Nightclub,
4ea7e086f5b917316fef63c3,POI-7,American Restaurant,
4ea7f3117ee5c76518c5b233,POI-42,Food Court,
4ea82847e5fa472d64796136,POI-34,Mediterranean Restaurant,
4ea88c6593adf5b1fbc6521e,POI-63,Bakery,
4ea8b55f9adf64e06c14edb8,POI-76,Deli / Bodega,
4ea8db8502d5b8174e9f2467,POI-10,Coffee Shop,
4ea92a196c253859bb40b752,POI-49,Multiplex,
4ea941b3f790328ae1ab6672,POI-39,Restaurant,
4eaa25097ee5cd8bcd5902e4,POI-10,Coffee Shop,
4eaa39f0dab40d132627f690,POI-72,Vietnamese Restaurant,
4eaa61699adfbd5e5d126702,POI-121,Flea Market,
4eaa97b68b8180c90b73fa03,POI-35,Dim Sum Restaurant,
4eaa987fbe7b42d000b07a3f,POI-36,Asian Restaurant,
4eaac8cee5fa45480dc98fdc,POI-74,Fast Food Restaurant,
4eaad5fe775bf08569b76dd1,POI-17,Chinese Restaurant,
4eab6c09b6347a596a7c295c,POI-102,Bbq Joint,
4eab7ca19a522a65af30e4b9,POI-112,Gift Shop,
4eab8ef677c8fadde2e09fdf,POI-69,Spa / Massage,
4eabc1826d86a323a4af207f,POI-63,Bakery,
4eabc3736d86a323a4af4755,POI-63,Bakery,
4eabca666da1cafdae7b5a79,POI-10,Coffee Shop,
4eabdc14f7905c3941d9e13e,POI-17,Chinese Restaurant,
4eabe47d9a522a65af55e471,POI-7,American Restaurant,
4eabf4f52c5b5d71e76cf04c,POI-107,Pet Store,
4eabffbb490158448a28eb69,POI-26,Park,
4eac01737ee5cd8bce1c609b,POI-56,Cosmetics Shop,
4eac1042dab40d1326eb2e8f,POI-158,Train,
4eac33380aafb00bd949ff26,POI-153,Bed & Breakfast,
4eac42972c5b5d71e79274b8,POI-123,Convenience Store,
4eaca9662c5bb67b2351d69f,POI-10,Coffee Shop,
4eacc64cd3e32ee0de17994d,POI-40,Seafood Restaurant,
4eacef0db8f765aba1213be4,POI-83,Fried Chicken Joint,
4eacef77dab4a75e09e679f2,POI-26,Park,
4ead15b702d5cf33fa47ad44,POI-54,Clothing Store,
4ead18d161af352e5cfa76c0,POI-10,Coffee Shop,
4ead1eb7775bad292f48e278,POI-7,American Restaurant,
4ead307830f855f5b3342183,POI-70,Korean Restaurant,
4ead3d08b80323ec92577f1c,POI-36,Asian Restaurant,
4ead4048490170218c34e09f,POI-46,Japanese Restaurant,
4ead4269722eefae845c0aea,POI-17,Chinese Restaurant,
4ead50324690615f2688353c,POI-22,Dessert Shop,
4ead52e6dab4a75e0a094487,POI-10,Coffee Shop,
4eae1fed9adf5c72de9a7722,POI-77,Sushi Restaurant,
4eae48abdab4a75e0a70e791,POI-51,Indie Movie Theater,
4eae7328b63433968825a6dd,POI-72,Vietnamese Restaurant,
4eae8ca6b634339688302cba,POI-22,Dessert Shop,
4eae909e9adf5c72dec3b787,POI-77,Sushi Restaurant,
4eaebb3eb634339688469be6,POI-10,Coffee Shop,
4eaf5cc8f7900d57e462b617,POI-17,Chinese Restaurant,
4eaf71dfb8035841e37aad22,POI-17,Chinese Restaurant,
4eaf88662c5b1b4e30998608,POI-56,Cosmetics Shop,
4eafd0f80aafcac7e5380420,POI-43,Vegetarian / Vegan Restaurant,
4eafdf5802d521a7a7f5f104,POI-63,Bakery,
4eafe07a775bbddde779fc47,POI-115,Soup Place,
4eafea73f5b99d24264bf6fe,POI-143,Motel,
4eaffe8d8b81d80bd7f44a0d,POI-114,Video Game Store,
4eb0b9e8e5fab9eba23f8e0a,POI-6,Tea Room,
4eb0bc147ee59218bc850c90,POI-36,Asian Restaurant,
4eb0d95eb63434fc86de85ba,POI-74,Fast Food Restaurant,
4eb0deba77c89bf55f342e6f,POI-69,Spa / Massage,
4eb10b95722e61d2b51420fa,POI-32,Pizza Place,
4eb12b03e5fab9eba26610e9,POI-27,Art Gallery,
4eb147cbd3e36bac66ef6ea5,POI-10,Coffee Shop,
4eb1f22b9adfb95b778fb92b,POI-54,Clothing Store,
4eb24c90b8f7fd711e36e94e,POI-22,Dessert Shop,
4eb2581d6da1df5f01bf3547,POI-92,Salon / Barbershop,
4eb26ceedab472d4de6aa182,POI-17,Chinese Restaurant,
4eb2735193ad74b3b915f58d,POI-44,Burger Joint,
4eb27b299911d335b07b1590,POI-102,Bbq Joint,
4eb27d7c5c5cd1bad42eca6a,POI-102,Bbq Joint,
4eb285ab4690370e0c8cec6f,POI-7,American Restaurant,
4eb28ecae3008b2901f52f81,POI-46,Japanese Restaurant,
4eb34587991165b7617d5497,POI-10,Coffee Shop,
4eb364b39a52ad1e3e105366,POI-42,Food Court,
4eb371115c5c5a531f271136,POI-61,Shoe Store,
4eb372c77ee5024d7e28ad3c,POI-10,Coffee Shop,
4eb37539e5fa17fc85e9ff4e,POI-54,Clothing Store,
4eb394e561af0dda8f888218,POI-102,Bbq Joint,
4eb3c5e961af0dda8f9a0065,POI-72,Vietnamese Restaurant,
4eb3d8b59adf115272f4b334,POI-2,Bar,
4eb3dbac4901cef9d7d3363b,POI-83,Fried Chicken Joint,
4eb4005ae5fa17fc86218920,POI-5,Gaming Cafe,
4eb41f817ed11cca6ca9da99,POI-10,Coffee Shop,
4eb4334b9a52ad1e3e67355a,POI-11,Nightclub,
4eb44547cc2143e82779e79f,POI-15,Cocktail Bar,
4eb4e9f6e30006eb11e5c9eb,POI-32,Pizza Place,
4eb4ee3b9a52ad1e3eb91a1f,POI-98,Snack Place,
4eb4f0c1b8f786e274fc35cb,POI-126,Music Store,
4eb4fbd40aaf1abedf18d746,POI-7,American Restaurant,
4eb51bd7be7bfc284a2590f6,POI-10,Coffee Shop,
4eb51bf893ad236570021979,POI-17,Chinese Restaurant,
4eb52029f5b94bd85baaee2a,POI-81,Steakhouse,
4eb520dd30f8d0f18c3210f6,POI-61,Shoe Store,
4eb521508b81a81f9065fa3d,POI-61,Shoe Store,
4eb522a4d3e3644ca61253be,POI-84,Boutique,
4eb53686991165b7624aee1d,POI-6,Tea Room,
4eb600c0e5e874370523ce08,POI-54,Clothing Store,
4eb601e0e5e874370523f3ae,POI-54,Clothing Store,
4eb603416da1df9ffac2f974,POI-17,Chinese Restaurant,
4eb603f1e5e8743705242ee6,POI-54,Clothing Store,
4eb61021b8030fb58329a0f9,POI-144,Portuguese Restaurant,
4eb6365a6c2590eb88671032,POI-160,Laundry Service,
4eb66947dab4fe51121029c4,POI-27,Art Gallery,
4eb66acb8b81a81f90f6826f,POI-92,Salon / Barbershop,
4eb66c18b8030fb583483f8e,POI-13,Diner,
4eb66f4602d5f33e92fc663d,POI-83,Fried Chicken Joint,
4eb69b996c2590eb888a4939,POI-34,Mediterranean Restaurant,
4eb77dbb991165b76342d373,POI-123,Convenience Store,
4eb78d91dab4fe51128ac54c,POI-55,Sporting Goods Shop,
4eb78e176c2590eb88f1d87e,POI-123,Convenience Store,
4eb7acc1775b544c283a97f1,POI-36,Asian Restaurant,
4eb7bf302c5b53141b4a5842,POI-17,Chinese Restaurant,
4eb7c7419a52ad1e3fead44e,POI-22,Dessert Shop,
4eb7d7c38b81a81f918c6dcb,POI-44,Burger Joint,
4eb7dbfb9adfc6871369121f,POI-36,Asian Restaurant,
4eb8a1a5d3e3644ca7949341,POI-89,Arcade,
4eb8ad77cc2143e8295c797d,POI-46,Japanese Restaurant,
4eb8bfd0f790d87d0420fb62,POI-39,Restaurant,
4eb8f30a02d5f33e94057bd1,POI-130,Food Truck,
4eb9110e722e09311d36dcca,POI-27,Art Gallery,
4eb923a47beb04aa375b288b,POI-101,Breakfast Spot,
4eb92458a17cab6128866575,POI-17,Chinese Restaurant,
4eb9fe1c775bf193eddf36e8,POI-66,Grocery Store,
4eba01d930f83d1f28bd81b5,POI-17,Chinese Restaurant,
4eba03b5e5faa18936215407,POI-10,Coffee Shop,
4eba09ee8b8189688432374f,POI-83,Fried Chicken Joint,
4eba17c3722edc0eaf0dec2a,POI-57,Miscellaneous Shop,
4eba2ca146906fa35776fb83,POI-2,Bar,
4eba435eb634fa2e62e26313,POI-84,Boutique,
4eba43d1e300cf4cac2f49e4,POI-84,Boutique,
4eba5029b80366dce5f80ba0,POI-92,Salon / Barbershop,
4eba5253b8f765de720bfb89,POI-22,Dessert Shop,
4eba56cde5faa189363dc0b8,POI-22,Dessert Shop,
4eba5c2bd3e3afc037323320,POI-42,Food Court,
4eba620d61af5dcdb47166f0,POI-17,Chinese Restaurant,
4eba9c6e93ade58beea7a03f,POI-2,Bar,
4ebb0907b803cf8e0e6f7f39,POI-67,Gym,
4ebb0fdd61aff66b6829a723,POI-113,General Travel,
4ebb3be99911cfd604987527,POI-10,Coffee Shop,
4ebb45c72c5bf3fb88ecee3f,POI-6,Tea Room,
4ebb4bce8231dffdaf0edac7,POI-132,Filipino Restaurant,
4ebb7d037ee5cb25a57fbad3,POI-22,Dessert Shop,
4ebb808030f8ec57eef84280,POI-17,Chinese Restaurant,
4ebbbee530f8ec57ef102cc3,POI-115,Soup Place,
4ebbcc12d3e31a8e619f9488,POI-39,Restaurant,
4ebbdada775be9ee02b86ba0,POI-36,Asian Restaurant,
4ebc743a02d5e32b7b72a3bb,POI-67,Gym,
4ebc851c7bebc23efa0d6d44,POI-63,Bakery,
4ebc857e7bebc23efa0d791f,POI-77,Sushi Restaurant,
4ebc86347bebc23efa0d8d94,POI-41,Ramen /  Noodle House,
4ebc864cb6341bd788d65bdd,POI-142,Video Store,
4ebc8721e5e8c3fc3bf67960,POI-6,Tea Room,
4ebca9a7d3e38e6b0bcf6f1a,POI-17,Chinese Restaurant,
4ebcb79c61af9815e0d6fd7a,POI-46,Japanese Restaurant,
4ebccf336da1d1ac2839dfd5,POI-2,Bar,
4ebcf9e69a52ad50476a6fad,POI-98,Snack Place,
4ebd0b19b8f7b504a745c5d1,POI-22,Dessert Shop,
4ebd16ad77c8c21dea5e37d0,POI-36,Asian Restaurant,
4ebde18f722eb20686cd5c36,POI-61,Shoe Store,
4ebdf76861af06192a6b9351,POI-50,Movie Theater,
4ebf3de5e5fae16464424da2,POI-92,Salon / Barbershop,
4ebf418a9adfe2b7b5f13989,POI-92,Salon / Barbershop,
4ebf5a660aaf6450ba8402bb,POI-103,Mobile Phone Shop,
4ebf5ba14901f56b0dd70f05,POI-17,Chinese Restaurant,
4ebf881f02d5a63a3f023e8e,POI-153,Bed & Breakfast,
4ebf99f9b6341cd41ea74849,POI-41,Ramen /  Noodle House,
4ebfa554b6341cd41eab8d03,POI-73,Electronics Store,
4ebfb132cc212562ad2564bd,POI-40,Seafood Restaurant,
4ebfbf6ab803bca7de3a36ca,POI-73,Electronics Store,
4ec06f906c25dfd981f4fe93,POI-21,Lounge,
4ec07bb802d5a63a3f6ee4b0,POI-36,Asian Restaurant,
4ec09f0bd3e3700a5be76497,POI-42,Food Court,
4ec09fedbe7b04923ccf2f59,POI-119,Record Shop,
4ec0a5c629c25ce5a25d2379,POI-70,Korean Restaurant,
4ec0af2d0e019a162b285f99,POI-77,Sushi Restaurant,
4ec0b022d3e3700a5bed906a,POI-80,Ice Cream Shop,
4ec0bc73d3e3700a5bf1fc3a,POI-133,Salad Place,
4ec0e78330f82a2e13999a1b,POI-55,Sporting Goods Shop,
4ec109df61af06192bc95105,POI-61,Shoe Store,
4ec1222b0aaf6450bb43ac75,POI-125,Other Nightlife,
4ec1ec337ee54e4cd3a0a56b,POI-17,Chinese Restaurant,
4ec1ee2bb6341cd41fb043ca,POI-10,Coffee Shop,
4ec1f32b6da15b4ddffa7438,POI-98,Snack Place,
4ec2006d7ee54e4cd3a8cd5f,POI-63,Bakery,
4ec21ac52c5b252c1aaae0c9,POI-32,Pizza Place,
4ec25152be7b04923d8a4b9c,POI-46,Japanese Restaurant,
4ec28598b803bca7df73720d,POI-27,Art Gallery,
4ec28c37d5fb50d70f9a2cd6,POI-66,Grocery Store,
4ec28f4ed5fb50d70f9a9727,POI-42,Food Court,
4ec30cde0aafcf9a805b0240,POI-123,Convenience Store,
4ec34e688b8132e083062ef4,POI-46,Japanese Restaurant,
4ec397aff5b9f024dfccf381,POI-46,Japanese Restaurant,
4ec3985dd3e3ec691f268009,POI-22,Dessert Shop,
4ec3b8d246903b51c41a6bdd,POI-14,Pub,
4ec3edaad3e3ec691f5b3527,POI-141,Speakeasy,
4ec442b06da117f8e596ee1d,POI-90,Light Rail,
4ec455235c5c09569b3b3b7e,POI-10,Coffee Shop,
4ec456300aaf9233ed563bfc,POI-55,Sporting Goods Shop,
4ec493204690b682a3daa006,POI-6,Tea Room,
4ec4935f82313b672ff5c9d8,POI-33,Italian Restaurant,
4ec498dd77c8d69510ddbc9a,POI-112,Gift Shop,
4ec4aebf0aaf9233ed7df9d2,POI-27,Art Gallery,
4ec4b6a19adf10675211f1c8,POI-41,Ramen /  Noodle House,
4ec4e625f790c16e5221eb67,POI-4,Resort,
4ec51d2b0e617a27f9fa04fe,POI-17,Chinese Restaurant,
4ec5e5e461af9e142ddfb8a2,POI-27,Art Gallery,
4ec5f97599115348d74a6bc9,POI-41,Ramen /  Noodle House,
4ec62f006da1d1092cfeecf0,POI-123,Convenience Store,
4ec639dc9adf9c7bf17d15f9,POI-17,Chinese Restaurant,
4ec63ab149010f98cafc8775,POI-26,Park,
4ec644672c5b532d0525b6bb,POI-93,Tapas Restaurant,
4ec64659b8f758db72b6f27f,POI-52,Arts & Crafts Store,
4ec64d59e3007199139ee98b,POI-54,Clothing Store,
4ec658ba0e017e2f987fcf14,POI-57,Miscellaneous Shop,
4ec6611ab634b2fd7310e610,POI-17,Chinese Restaurant,
4ec694e76c251306ca555681,POI-46,Japanese Restaurant,
4ec73e966da1d1092e567ed0,POI-113,General Travel,
4ec7628ee300719914faaeae,POI-88,Sandwich Place,
4ec762dee5fa232a750eeb32,POI-88,Sandwich Place,
4ec7685ee5fa232a7514243a,POI-22,Dessert Shop,
4ec7879477c8be4922ac7da9,POI-123,Convenience Store,
4ec78d0b0e017e2f99f60ccc,POI-70,Korean Restaurant,
4ec78dd0e5fa232a7538d462,POI-46,Japanese Restaurant,
4ec7de34d3e3e131f2b0353b,POI-10,Coffee Shop,
4ec7df60f79041351d2daad3,POI-2,Bar,
4ec7eafeb8f758db74bc5456,POI-2,Bar,
4ec7fc41f5b9e8819323c8a9,POI-11,Nightclub,
4ec87757b634b2fd75adf7f4,POI-36,Asian Restaurant,
4ec8b77d99115348da7f8c85,POI-55,Sporting Goods Shop,
4ec8c716e5fa232a76ba3fec,POI-130,Food Truck,
4ec8d00c6c251306cd0a4593,POI-73,Electronics Store,
4ec8d53ce5fa232a76c76099,POI-92,Salon / Barbershop,
4ec8f4110e6158ba004a4aba,POI-54,Clothing Store,
4ec8f8eacc21b428e4cacf5f,POI-123,Convenience Store,
4ec919f977c8be49248a71b5,POI-22,Dessert Shop,
4ec9651899115348db406bef,POI-74,Fast Food Restaurant,
4ec99d6af9f43c0ee6f9370c,POI-38,Middle Eastern Restaurant,
4ec9a259e5fa232a77bc91c8,POI-24,Malaysian Restaurant,
4eca04234690116a8f104622,POI-46,Japanese Restaurant,
4eca3a9f61af9e1432e9f0b4,POI-42,Food Court,
4eca446c5c5ce271c0c99682,POI-74,Fast Food Restaurant,
4eca479cb634b2fd77a6848b,POI-14,Pub,
4eca51939a52756c58f3111a,POI-61,Shoe Store,
4eca665402d5888e9f301e48,POI-170,Bike Rental / Bike Share,
4eca6e83be7ba4fc71d9c8a6,POI-11,Nightclub,
4eca7121a17c63c8fbdc2d62,POI-69,Spa / Massage,
4ecae9f4469068520b63b98a,POI-60,Automotive Shop,
4ecaed14b6346e2d3929acdd,POI-41,Ramen /  Noodle House,
4ecafc8149015d98b0c14978,POI-90,Light Rail,
4ecb2e5af5b90c1c330bc7ea,POI-32,Pizza Place,
4ecb86560aaf5823e8945768,POI-115,Soup Place,
4ecb865730f8ecd40ff185b1,POI-22,Dessert Shop,
4ecb87a6be7b4f6347a46330,POI-56,Cosmetics Shop,
4ecba85961afbf06d92ba178,POI-22,Dessert Shop,
4ecbc2280e61aaf037fc5ea7,POI-21,Lounge,
4ecc319f82319a184b50149e,POI-117,Bike Shop,
4ecc6b97775b0e780d360773,POI-160,Laundry Service,
4ecc7705775b0e780d4238ee,POI-60,Automotive Shop,
4ecc8287d3e377110ca21376,POI-17,Chinese Restaurant,
4ecc98378231bbaf47ac1edd,POI-10,Coffee Shop,
4eccc5b1d3e377110cdffaf6,POI-113,General Travel,
4eccd993754ac92c122532e5,POI-10,Coffee Shop,
4eccde290e61150350e7b5ad,POI-17,Chinese Restaurant,
4ecce65ebe7bdfb2874329e1,POI-46,Japanese Restaurant,
4ecdd19c4690a03b5a73cde9,POI-128,Kids Store,
4ecdde27cc219860f49450e4,POI-69,Spa / Massage,
4ece2a3b775bbb5f304f7531,POI-39,Restaurant,
4ece34a66c2510acde684c01,POI-63,Bakery,
4ece38b4490168f8cd4ee1fd,POI-80,Ice Cream Shop,
4ece426d0e61efa32e8ff8bb,POI-36,Asian Restaurant,
4ece7d304fc68d9eb3f1b4d0,POI-33,Italian Restaurant,
4ecee2ca9a52262b80fd15cf,POI-123,Convenience Store,
4ecf41a530f81894acf61fae,POI-10,Coffee Shop,
4ecf454a490168f8ce75aba5,POI-62,Jewelry Store,
4ecf62c40e01f1a87e91566d,POI-84,Boutique,
4ecf76a1cc219860f6469129,POI-22,Dessert Shop,
4ecf7a225c5c9528f819c1c8,POI-65,Women'S Store,
4ecf85310e01f1a87eb6d441,POI-40,Seafood Restaurant,
4ecf8ce08231b9ef877e1cd4,POI-37,Thai Restaurant,
4ecf8fe1cc219860f662f8d2,POI-77,Sushi Restaurant,
4ecf9ca8722e01c5815923ab,POI-42,Food Court,
4ecf9eca4690a03b5c61a855,POI-123,Convenience Store,
4ecfe8cd30f81894adbc1c1d,POI-75,Bowling Alley,
4ecff0906da162f1bdeef3b2,POI-10,Coffee Shop,
4ed062ce7ee5be844b32e3a9,POI-52,Arts & Crafts Store,
4ed07d166da162f1bea03f46,POI-69,Spa / Massage,
4ed0b6522c5bc35057503bd6,POI-125,Other Nightlife,
4ed0b80bd3e3521ce60561c6,POI-62,Jewelry Store,
4ed0c01a9adf2544574e79d2,POI-2,Bar,
4ed0da38775bbb5f336161a6,POI-65,Women'S Store,
4ed0e0209adf2544577075cb,POI-145,Farmers Market,
4ed1487ee5e84d55c906c980,POI-74,Fast Food Restaurant,
4ed1ab127ee5be844cc380e7,POI-102,Bbq Joint,
4ed1d357775bbb5f34a9397e,POI-41,Ramen /  Noodle House,
4ed1dadf61af476c0a6407e9,POI-80,Ice Cream Shop,
4ed1e1790e61efa332e442bf,POI-56,Cosmetics Shop,
4ed1e9a00e01f1a881ae18e2,POI-130,Food Truck,
4ed21f4c7ee5be844d3ab09f,POI-53,Department Store,
4ed223bb490168f8d1e657d9,POI-48,Theater,
4ed2359777c8ea62fe3c8c1d,POI-63,Bakery,
4ed2407293ad987b4f3ca34f,POI-17,Chinese Restaurant,
4ed240ee0aafd186911ce7ab,POI-130,Food Truck,
4ed26d7e30f81894b0babbe4,POI-89,Arcade,
4ed2fed7f5b9832add487064,POI-66,Grocery Store,
4ed3085b99114b488b34fb13,POI-46,Japanese Restaurant,
4ed310c52c5bc3505a274026,POI-42,Food Court,
4ed31177490168f8d3000faf,POI-56,Cosmetics Shop,
4ed312f08b81b47399b7937d,POI-36,Asian Restaurant,
4ed34d916c2510ace4553906,POI-59,Men'S Store,
4ed35537d3e3521ce915ef49,POI-92,Salon / Barbershop,
4ed35b43e5faa5ec063c95ff,POI-14,Pub,
4ed41f8b93ad987b515edf12,POI-113,General Travel,
4ed478592c5b695abf237ba9,POI-70,Korean Restaurant,
4ed486a693ad512d8d7f452b,POI-56,Cosmetics Shop,
4ed4a457f5b975def4ec743b,POI-84,Boutique,
4ed4b2e1775b45f6ed9e6ed6,POI-161,Bagel Shop,
4ed50a9f2c5b695abfb922f8,POI-10,Coffee Shop,
4ed534db0e01fd2f5bf2f76f,POI-125,Other Nightlife,
4ed593ec93ad293dfb8330fc,POI-62,Jewelry Store,
4ed6147b5c5c8d17f0f277e1,POI-92,Salon / Barbershop,
4ed61ba3e300d4f6040b597b,POI-27,Art Gallery,
4ed643d7722eff15c027c677,POI-102,Bbq Joint,
4ed65ff002d570286deda69e,POI-11,Nightclub,
4ed662ecf5b93be4f3599fc6,POI-171,Taco Place,
4ed6705630f813e77aefeaed,POI-70,Korean Restaurant,
4ed670b76da1113503474feb,POI-70,Korean Restaurant,
4ed67115e5faf148a7b34261,POI-126,Music Store,
4ed6fd87f5b915cfe1c829a0,POI-133,Salad Place,
4ed7097a0aaf7ccfdba6d131,POI-42,Food Court,
4ed7156330f8318115f84cdb,POI-46,Japanese Restaurant,
4ed717617ee53b380f641d19,POI-77,Sushi Restaurant,
4ed76a0661afca7b255fd54f,POI-36,Asian Restaurant,
4ed77dd6b6346530d06a423e,POI-8,Gastropub,
4ed780870e0189600b3994f6,POI-46,Japanese Restaurant,
4ed7877793adde11f918fee1,POI-2,Bar,
4ed78ed45c5ce1cd635c7bd6,POI-2,Bar,
4ed79e709a52145471141437,POI-106,Candy Store,
4ed846bd0aaf49e027046fb7,POI-159,Liquor Store,
4ed8556961af8a14b3d292c7,POI-34,Mediterranean Restaurant,
4ed856015c5c96a2fbc08322,POI-10,Coffee Shop,
4ed86019f5b92139863bd564,POI-61,Shoe Store,
4ed86cd89911a3e78ad394b8,POI-11,Nightclub,
4ed877a093ad464d2627021b,POI-168,Comedy Club,
4ed8a2b6f5b92139867cd7ed,POI-59,Men'S Store,
4ed8baa4f5b921398695f5e2,POI-39,Restaurant,
4ed8c69d6c2547bc609eba14,POI-36,Asian Restaurant,
4ed8da392c5b50ab9c9ecefe,POI-11,Nightclub,
4ed9936c0e61d46ad70e08c2,POI-18,Indian Restaurant,
4ed9abc90e011b46ed8e23ac,POI-92,Salon / Barbershop,
4ed9c5bef5b9213987ee7292,POI-27,Art Gallery,
4ed9c86f9a5286d91e9ec58e,POI-22,Dessert Shop,
4ed9e6c58b8173160bb92a5e,POI-39,Restaurant,
4ed9eb4e8231efe38ecea9fb,POI-61,Shoe Store,
4ed9f8d85c5c96a2fdb7c127,POI-73,Electronics Store,
4eda0181f9abeea3d9231368,POI-17,Chinese Restaurant,
4eda864d5c5c96a2fe6efb7a,POI-26,Park,
4edaf05ff5b9213989608968,POI-17,Chinese Restaurant,
4edaf5bb9911a3e78de9d7f9,POI-17,Chinese Restaurant,
4edaf72fbe7be2833878ad1d,POI-101,Breakfast Spot,
4edb09170e61d46ad8dadc5e,POI-10,Coffee Shop,
4edb0f0d2c5b50ab9f6f1752,POI-54,Clothing Store,
4edb33516da1642c5db427d6,POI-98,Snack Place,
4edb3ab761af8a14b75986d9,POI-56,Cosmetics Shop,
4edb4248e300851bfa913a0a,POI-89,Arcade,
4edb609b8231efe390905264,POI-42,Food Court,
4edb76490e011b46efa82495,POI-22,Dessert Shop,
4edb7886b8f7fcd0418d718c,POI-88,Sandwich Place,
4edb9e64f5b921398a17ff32,POI-123,Convenience Store,
4edba1a0775bcc53fc00e297,POI-113,General Travel,
4edc3c62f5b921398addaab4,POI-18,Indian Restaurant,
4edc51e18231efe391b5480c,POI-56,Cosmetics Shop,
4edc61c36c2547bc6507118a,POI-98,Snack Place,
4edc72c0775bcc53fcf9a97a,POI-75,Bowling Alley,
4edc9482be7be2833a4766a7,POI-15,Cocktail Bar,
4edcb28a8b8173160f03abdb,POI-17,Chinese Restaurant,
4edcbd26e300851bfc421d2d,POI-22,Dessert Shop,
4edcc62eb8f7fcd04313319a,POI-84,Boutique,
4edd72f88231efe3930f7ec4,POI-39,Restaurant,
4edd8df2775bcc53fe519813,POI-123,Convenience Store,
4edd9d02b8f7fcd044216fa5,POI-70,Korean Restaurant,
4eddaef09adfe5cbe3153bb8,POI-36,Asian Restaurant,
4eddd453722e1da3064d6e01,POI-22,Dessert Shop,
4eddfb3602d5244e349c3caf,POI-93,Tapas Restaurant,
4ede02ee2c5b50aba2cd5f67,POI-41,Ramen /  Noodle House,
4ede0a9e775bcc53fec8f556,POI-46,Japanese Restaurant,
4ede1162e300851bfdccc9e9,POI-33,Italian Restaurant,
4ede2da5be7be2833c2203e8,POI-74,Fast Food Restaurant,
4ededabf6c25b6f3035dba54,POI-106,Candy Store,
4edefb6230f87f1286a2fb29,POI-39,Restaurant,
4edefc7e4690cf9d223a906a,POI-56,Cosmetics Shop,
4edf239c5c5cced978d6e7a4,POI-69,Spa / Massage,
4edf2e6e30f87f1286d14d51,POI-50,Movie Theater,
4edf5a220e01ed773b1f7524,POI-40,Seafood Restaurant,
4edf5c470e612072ea56a6f4,POI-84,Boutique,
4edf6f8e5c5cced979290065,POI-21,Lounge,
4ee00e6f29c2c6e331d1eb09,POI-41,Ramen /  Noodle House,
4ee03e06b6343c6ff6d2812c,POI-46,Japanese Restaurant,
4ee040540039b7e553775431,POI-89,Arcade,
4ee046b029c2c6e33203bb74,POI-90,Light Rail,
4ee052d20039b7e55378dfc2,POI-89,Arcade,
4ee0637c8231e61c7428b854,POI-69,Spa / Massage,
4ee07e6393ad1adedbe2105f,POI-53,Department Store,
4ee090a80e61e7dd0d758861,POI-40,Seafood Restaurant,
4ee09c4f61aff915756f7ff9,POI-73,Electronics Store,
4ee09cfc9adf58ec9e03eec0,POI-92,Salon / Barbershop,
4ee09fc19a52e7f5b8fc73e1,POI-49,Multiplex,
4ee15068b634bfdd0c349ff8,POI-42,Food Court,
4ee17f21490152e4bc5336a0,POI-44,Burger Joint,
4ee1a256e5fa204a544b3e48,POI-17,Chinese Restaurant,
4ee1a2b26d868c055030aa5f,POI-41,Ramen /  Noodle House,
4ee1aa0f469093b95834a90f,POI-41,Ramen /  Noodle House,
4ee1b79e93ad88a6be2916dc,POI-107,Pet Store,
4ee1e4c77ee50b21c63eafc8,POI-46,Japanese Restaurant,
4ee1e7e00e61689f5368ad59,POI-10,Coffee Shop,
4ee2046f6da1a1efee1610b0,POI-46,Japanese Restaurant,
4ee213d1469093b9588c86f3,POI-42,Food Court,
4ee21c8b30f87dc0a68a86b4,POI-17,Chinese Restaurant,
4ee2220c490152e4bcdca137,POI-125,Other Nightlife,
4ee2d66f7beb6b177a9f9f96,POI-74,Fast Food Restaurant,
4ee2d962e4b0770c8155a5e3,POI-17,Chinese Restaurant,
4ee2e5f40e61681b94c60b45,POI-17,Chinese Restaurant,
4ee2fb45e4b04d23df7bf34d,POI-56,Cosmetics Shop,
4ee3064e99119449ffb447a2,POI-54,Clothing Store,
4ee315d76c25be962f184171,POI-7,American Restaurant,
4ee3391b77c8e89316ec9fa9,POI-116,Beer Garden,
4ee33c45e4b04d23dfb1a94e,POI-10,Coffee Shop,
4ee35dfb9a52c1dad931a9eb,POI-22,Dessert Shop,
4ee3696a8b81bab28269625d,POI-69,Spa / Massage,
4ee38079722ea7b9443a656b,POI-2,Bar,
4ee385df7ee5334d942f5a5d,POI-153,Bed & Breakfast,
4ee419a8aa1fd7f7542515a1,POI-156,Ferry,
4ee422ddd3e34ebcef9b2d26,POI-141,Speakeasy,
4ee4254fe4b04d23e0bdf539,POI-33,Italian Restaurant,
4ee43cb8be7b4845a4227ab7,POI-113,General Travel,
4ee44d82e5faffd7318e4399,POI-10,Coffee Shop,
4ee453f54901416369c1bd44,POI-46,Japanese Restaurant,
4ee4580c2c5b5fc6cc5109f0,POI-56,Cosmetics Shop,
4ee460777ee50feb34655399,POI-26,Park,
4ee492d6b8f790fe3fe386c3,POI-70,Korean Restaurant,
4ee4a81f490141636a03fce6,POI-49,Multiplex,
4ee5887ae4b04d23e21a154c,POI-17,Chinese Restaurant,
4ee588a1e4b04d23e21a3320,POI-24,Malaysian Restaurant,
4ee59c50823180a98c70fa7a,POI-137,Juice Bar,
4ee5d15ab634710b8c332930,POI-74,Fast Food Restaurant,
4ee5e1c777c8e89319729931,POI-98,Snack Place,
4ee5f6146c25be9631cd0cca,POI-39,Restaurant,
4ee6537a8b81bab285365f3f,POI-119,Record Shop,
4ee6b66c29c220f973dc8548,POI-18,Indian Restaurant,
4ee6f178be7b4845a6a0615d,POI-10,Coffee Shop,
4ee6f188722e08826206862e,POI-114,Video Game Store,
4ee722a0f790897ed2e54b8f,POI-159,Liquor Store,
4ee7660b823180a98e128025,POI-123,Convenience Store,
4ee7f6b277c83054d8356ed6,POI-60,Automotive Shop,
4ee83271f790a9d73818263b,POI-6,Tea Room,
4ee8340df9abdbe45c15642a,POI-69,Spa / Massage,
4ee84b8e7ee5681f658e2c78,POI-15,Cocktail Bar,
4ee8510fb8f756f1d0ebd4d2,POI-10,Coffee Shop,
4ee8582577c83054d89aaaf4,POI-73,Electronics Store,
4ee85f0da69d4c7d87d72de8,POI-69,Spa / Massage,
4ee86c4ae300cc66b35a283a,POI-41,Ramen /  Noodle House,
4ee873eb0e019eee5e0c6641,POI-102,Bbq Joint,
4ee8863db8f756f1d11bc93e,POI-84,Boutique,
4ee8965b0e617cf2f09eb0ae,POI-113,General Travel,
4ee89a2f02d5895bd76da9f8,POI-32,Pizza Place,
4ee8b1ee77162a620cfd9962,POI-89,Arcade,
4ee98e84e5e89c83bc604857,POI-17,Chinese Restaurant,
4ee99c08b634ea55797daf1a,POI-56,Cosmetics Shop,
4ee9a39eb8f7eaddf70252f7,POI-17,Chinese Restaurant,
4ee9d08a82315c09686fb21f,POI-84,Boutique,
4ee9dc509adfcff6c61d89b0,POI-113,General Travel,
4ee9fb2caa1f7c7810a14c3c,POI-80,Ice Cream Shop,
4eeafe475c5c3866f4b553c0,POI-160,Laundry Service,
4eeb0c5c7ee5e85b3e77ed16,POI-92,Salon / Barbershop,
4eeb418a9adf47d9cc42a2bd,POI-39,Restaurant,
4eeb436a99119cf9cde75467,POI-144,Portuguese Restaurant,
4eeb536a77c8dc54c5ec79e9,POI-2,Bar,
4eeb678e0aafdad46624ad43,POI-36,Asian Restaurant,
4eec2c658231688f1ce63dfc,POI-13,Diner,
4eec3502e3002155920b68b8,POI-103,Mobile Phone Shop,
4eec46b5b634f75441e82662,POI-74,Fast Food Restaurant,
4eec53bcaa1f98ce64704cdd,POI-21,Lounge,
4eec53f38231688f1d0dc1a0,POI-59,Men'S Store,
4eec5cf7a69d8afe69ad67ed,POI-92,Salon / Barbershop,
4eec76925c5c794ad0f51d36,POI-17,Chinese Restaurant,
4eec791693add02fcaf5fb09,POI-36,Asian Restaurant,
4eec872cbe7b6d62ff680216,POI-39,Restaurant,
4eeca2f3f790c40a890dfd9d,POI-14,Pub,
4eeca3280aaf1d45b0e99a3b,POI-113,General Travel,
4eeca3ea4901dff306554ba3,POI-57,Miscellaneous Shop,
4eeca7af722ea77616a57fe6,POI-8,Gastropub,
4eecceb993add02fcb5db0a4,POI-22,Dessert Shop,
4eece3d802d514a3696030a2,POI-2,Bar,
4eed6c569adf257d66d72eb9,POI-10,Coffee Shop,
4eed92b72c5bafa619388e92,POI-36,Asian Restaurant,
4eed947ca69d8afe6b2d81f6,POI-92,Salon / Barbershop,
4eeda1526da153687ae9b51e,POI-57,Miscellaneous Shop,
4eedae489a52993fb78b8b53,POI-37,Thai Restaurant,
4eedc88802d514a36a6602eb,POI-164,Indie Theater,
4eedd39c9adf257d673c068f,POI-36,Asian Restaurant,
4eedd90a29c28028df3fb0b3,POI-63,Bakery,
4eeddd9777c82b92f87eec1a,POI-17,Chinese Restaurant,
4eeddf404901dff307ca9ce6,POI-74,Fast Food Restaurant,
4eedea50722ea7761830338b,POI-22,Dessert Shop,
4eeeb49d8b81bbbf5ea652f7,POI-120,Cupcake Shop,
4eef066e0aaf1d45b3aa2380,POI-162,Rental Car Location,
4eef320577c82b92f9f5b10b,POI-123,Convenience Store,
4eef36c47ee5f45388d0a8ba,POI-61,Shoe Store,
4eef52acb634f754455b71fd,POI-153,Bed & Breakfast,
4ef009dcb8f7eb2370a56c98,POI-18,Indian Restaurant,
4ef00c398b81e3067ec7af15,POI-112,Gift Shop,
4ef0112ae5fa467841745833,POI-10,Coffee Shop,
4ef011939a52cecf428d3d10,POI-36,Asian Restaurant,
4ef0217b9a52cecf429ce92b,POI-36,Asian Restaurant,
4ef0297530f895c319bccead,POI-41,Ramen /  Noodle House,
4ef02b3d4690b5157410e63a,POI-41,Ramen /  Noodle House,
4ef077ea30f895c31a09597b,POI-17,Chinese Restaurant,
4ef0869a30f895c31a1ae194,POI-73,Electronics Store,
4ef13b716da1a03ebdfb23de,POI-66,Grocery Store,
4ef13d92490190cf92953c00,POI-83,Fried Chicken Joint,
4ef1620cf7904827a8e19a9d,POI-24,Malaysian Restaurant,
4ef17ad7f9abac413395f053,POI-44,Burger Joint,
4ef17ea829c2b766e29fa74b,POI-10,Coffee Shop,
4ef180c50e01f8bf5807ea09,POI-123,Convenience Store,
4ef1a23861af815c78c01e49,POI-63,Bakery,
4ef1ab1ea69d22306bc00d50,POI-80,Ice Cream Shop,
4ef1de00775bf265c346fd32,POI-125,Other Nightlife,
4ef1f0b6f7905f06ef9878e1,POI-74,Fast Food Restaurant,
4ef284cb82310969a855d86c,POI-76,Deli / Bodega,
4ef2a47a775bf265c43eb121,POI-6,Tea Room,
4ef2b1afe5fad15c7a401c00,POI-41,Ramen /  Noodle House,
4ef2d078a69d22306d1c79ff,POI-115,Soup Place,
4ef2d15f722eb49f531d3877,POI-70,Korean Restaurant,
4ef38091f9ab42ef2e5b6eff,POI-11,Nightclub,
4ef4022c77c8e912634b8a87,POI-36,Asian Restaurant,
4ef414298b812e39d5532277,POI-156,Ferry,
4ef41d892c5b6efc36be3b50,POI-80,Ice Cream Shop,
4ef4341161af302a97823681,POI-52,Arts & Crafts Store,
4ef43e7861af302a978a2644,POI-21,Lounge,
4ef43ea399111bd0a9374851,POI-84,Boutique,
4ef44644b6342877b815a2d3,POI-153,Bed & Breakfast,
4ef44aa40e61358da55d2b2d,POI-83,Fried Chicken Joint,
4ef480ed2c5b6efc370fe695,POI-2,Bar,
4ef481006c250742264cc879,POI-112,Gift Shop,
4ef49ec58b812e39d5cb2e33,POI-90,Light Rail,
4ef4bcc40cd67001b0895c67,POI-96,Karaoke Bar,
4ef540bce5fa4c35068db447,POI-123,Convenience Store,
4ef541e9e5fa4c35068ede84,POI-10,Coffee Shop,
4ef552f049010be35f3c2f9e,POI-55,Sporting Goods Shop,
4ef5632b469012b8bf4b42b2,POI-157,Smoke Shop,
4ef565f5b63446a5070cd058,POI-85,Furniture / Home Store,
4ef56d530aafbcb31ac606e2,POI-84,Boutique,
4ef58ce2b8f72ebea6c020dc,POI-128,Kids Store,
4ef5a2db8231c11154fb7693,POI-17,Chinese Restaurant,
4ef5a7187ee5bf7993502ab3,POI-37,Thai Restaurant,
4ef5a8af9a52c9083fa4bde4,POI-70,Korean Restaurant,
4ef5b670469012b8bf8b78df,POI-75,Bowling Alley,
4ef5b931775b54cdb30851bb,POI-37,Thai Restaurant,
4ef5b9c2c512f227772bdfcd,POI-17,Chinese Restaurant,
4ef5c5cf8231c1115517374f,POI-10,Coffee Shop,
4ef5c6ce0e013b2124b1ce38,POI-39,Restaurant,
4ef5f23a6da1f7b65fcaccc1,POI-112,Gift Shop,
4ef698b6f9ab2e6681626fe5,POI-42,Food Court,
4ef6a915d3e354f0bc970541,POI-36,Asian Restaurant,
4ef6a92cb8f72ebea7c01166,POI-19,French Restaurant,
4ef6d19f6c25c411ead08535,POI-24,Malaysian Restaurant,
4ef6d5d402d5abdcbafb00ea,POI-123,Convenience Store,
4ef6e8a08231c1115618bf29,POI-70,Korean Restaurant,
4ef6edc529c26831891380a5,POI-41,Ramen /  Noodle House,
4ef6f8a3f7907312519d97f3,POI-123,Convenience Store,
4ef70cc80e013b2125cb2228,POI-39,Restaurant,
4ef70f976da1f7b660bd2e53,POI-17,Chinese Restaurant,
4ef74b4d469012b8c0e3514b,POI-2,Bar,
4ef84b8a93ad7cf2eb1955a6,POI-119,Record Shop,
4ef85120b63446a5096b2982,POI-26,Park,
4ef85912722e34060ffb9e77,POI-54,Clothing Store,
4ef8603cf790731252b0a4e2,POI-46,Japanese Restaurant,
4ef8638630f894d86930a974,POI-63,Bakery,
4ef86a4ca69dea74fb7c56ea,POI-10,Coffee Shop,
4ef88452490124bf9a514937,POI-98,Snack Place,
4ef886692c5b044501b5b117,POI-42,Food Court,
4ef8b16ec512f227799cdcbc,POI-102,Bbq Joint,
4ef8cd8fbe7bb4784ec1672f,POI-153,Bed & Breakfast,
4ef92e9cb8f72ebea9d5468d,POI-10,Coffee Shop,
4ef96370b8f72ebeaa00e6b5,POI-17,Chinese Restaurant,
4ef99b7c490124bf9b511f30,POI-39,Restaurant,
4ef99ea26c25c411ed1ec74a,POI-6,Tea Room,
4ef9ae9e9adf7bbf8a88420d,POI-46,Japanese Restaurant,
4ef9af170e013b2127fdbe6b,POI-10,Coffee Shop,
4ef9b0ed77c8e88f49a6bf12,POI-17,Chinese Restaurant,
4efa0d172c5b044503202d52,POI-84,Boutique,
4efa60869adf7bbf8b3c6bd1,POI-32,Pizza Place,
4efa627a9a52c90843be87df,POI-10,Coffee Shop,
4efa8fa8d3e354f0bfef6c50,POI-6,Tea Room,
4efa93258231c111594813ca,POI-54,Clothing Store,
4efaa38a6c25c411ee1df909,POI-62,Jewelry Store,
4efaa8057ee5bf799587028b,POI-10,Coffee Shop,
4efaa990c512f2277b72f006,POI-46,Japanese Restaurant,
4efab24a722e340612296944,POI-19,French Restaurant,
4efab95b7ee5bf79958dadf8,POI-74,Fast Food Restaurant,
4efacddfe5fa4f286e5c3dde,POI-42,Food Court,
4efad462e5fa4f286e60d6f9,POI-92,Salon / Barbershop,
4efaf6e102d5abdcbe73dc04,POI-43,Vegetarian / Vegan Restaurant,
4efb26a9e3009306735eca1e,POI-10,Coffee Shop,
4efb47656c25c411eeaa2f5d,POI-36,Asian Restaurant,
4efbabfdbe7bd31359c61acf,POI-90,Light Rail,
4efbb41a9adf02fe6991823a,POI-43,Vegetarian / Vegan Restaurant,
4efc0ffe49017b4da5592b12,POI-69,Spa / Massage,
4efc267529c225f382c012ba,POI-73,Electronics Store,
4efc50fb2c5b0c24ca18545b,POI-19,French Restaurant,
4efd2b977ee5f14f3876d46b,POI-57,Miscellaneous Shop,
4efd31a4775bec6b418aacfd,POI-121,Flea Market,
4efd341c490182a1a528bba3,POI-10,Coffee Shop,
4efd501cd3e364d5f9fd0641,POI-18,Indian Restaurant,
4efd5983d3e364d5fa04ab34,POI-92,Salon / Barbershop,
4efd6617c5126f14b5338f04,POI-33,Italian Restaurant,
4efd77a6b6346feaea8ddea8,POI-65,Women'S Store,
4efd85798b81b01908a565e0,POI-160,Laundry Service,
4efd8dea9911b33a0eb95aa9,POI-17,Chinese Restaurant,
4efdafe1b8f787cacefc542b,POI-135,Tanning Salon,
4efde4c80e618ea764cc012f,POI-153,Bed & Breakfast,
4efe9deb722e0f0770e91b6f,POI-45,Indonesian Restaurant,
4efed5ff0e01089c54b2eeaa,POI-102,Bbq Joint,
4efed75a9adffb90cc13b64f,POI-54,Clothing Store,
4efee1fb4690f6ece956dc2f,POI-10,Coffee Shop,
4efee2fc30f899233162c225,POI-33,Italian Restaurant,
4eff07038231bcb7030f261a,POI-37,Thai Restaurant,
4eff0c3cf9abd5b38fc69169,POI-120,Cupcake Shop,
4eff267a29c201c6fcae016a,POI-14,Pub,
4eff2ef4f790570bd183aa97,POI-113,General Travel,
4eff36ff490182a1a70e2b39,POI-8,Gastropub,
4eff4f682c5b66f33bc29368,POI-2,Bar,
4eff5d430e01089c553153fd,POI-11,Nightclub,
4effb1b729c201c6fd422c90,POI-17,Chinese Restaurant,
4effb9faf790570bd217903e,POI-36,Asian Restaurant,
4effbb05e5faf2869bb6eecd,POI-63,Bakery,
4effc133b6346feaecceb7cc,POI-54,Clothing Store,
4effc3df6d8642ac2d377904,POI-11,Nightclub,
4f00065fe5faf2869bfb4915,POI-83,Fried Chicken Joint,
4f0023b79a520dfd66a8c998,POI-22,Dessert Shop,
4f00319fe300fdc0493c2813,POI-171,Taco Place,
4f0044839adffb90cd652b8d,POI-70,Korean Restaurant,
4f004859d3e364d5fcca30a7,POI-70,Korean Restaurant,
4f00540cf790570bd295e529,POI-10,Coffee Shop,
4f006011e5faf2869c3d39e8,POI-17,Chinese Restaurant,
4f012a1277c885c336efa925,POI-123,Convenience Store,
4f013657490182a1a8ee3110,POI-17,Chinese Restaurant,
4f016457f9abd5b391f43a49,POI-22,Dessert Shop,
4f01fa49490182a1a9963f6e,POI-13,Diner,
4f025e816da1cd035b410d97,POI-97,Donut Shop,
4f026221e300fdc04b4e56ed,POI-98,Snack Place,
4f027e95490182a1aa202d93,POI-42,Food Court,
4f028f552c5b66f33ec944d8,POI-84,Boutique,
4f02e16277c885c3387ae392,POI-17,Chinese Restaurant,
4f02e7256da1cd035bb20c38,POI-42,Food Court,
4f02ea8fa69d45462070bbd3,POI-36,Asian Restaurant,
4f02eac1d3e364d5ff3dae28,POI-8,Gastropub,
4f02ec30f790570bd5036613,POI-39,Restaurant,
4f02f90d30f8992335329900,POI-67,Gym,
4f02fd16e300fdc04bd14faa,POI-54,Clothing Store,
4f02fd9977c885c338962e14,POI-54,Clothing Store,
4f030b5602d580f8f2cc5210,POI-22,Dessert Shop,
4f038f090aafe497fd0b9724,POI-123,Convenience Store,
4f03c0e79a52357321ff272b,POI-29,Aquarium,
4f03c1da722ee73139abb0e8,POI-30,Water Park,
4f03cbaf77c8940e23f746dc,POI-84,Boutique,
4f03d3e5775b9e560e07ed31,POI-36,Asian Restaurant,
4f03d54046905a3983f56ed1,POI-17,Chinese Restaurant,
4f03d6327beb72c3c59a2715,POI-22,Dessert Shop,
4f03ef97b8f7f476a4c949ea,POI-42,Food Court,
4f03f3e5e5e8d28e042889b0,POI-62,Jewelry Store,
4f03fda829c2b9a3eda22754,POI-39,Restaurant,
4f040f6de30090dfdb7694b4,POI-10,Coffee Shop,
4f04233161afb3ab8a2a6afe,POI-28,Plaza,
4f042cf029c2b9a3edc412c3,POI-73,Electronics Store,
4f043df2d3e35fb2b752b0ad,POI-70,Korean Restaurant,
4f045d3577c8940e246d015d,POI-137,Juice Bar,
4f045db393ad64af7add3f4a,POI-33,Italian Restaurant,
4f04fa3593adf931de3e3298,POI-14,Pub,
4f0508ae30f801541e2f56ff,POI-30,Water Park,
4f05329ac5128dfde9710722,POI-22,Dessert Shop,
4f0541dfbe7bf2206ea4378a,POI-17,Chinese Restaurant,
4f054ea2722e1ef4e302f0e1,POI-158,Train,
4f055d0fb634a88a85023d89,POI-63,Bakery,
4f057d3a99116f05b59f7fd5,POI-89,Arcade,
4f0592ac0aafa1fe513afc3b,POI-45,Indonesian Restaurant,
4f0685288231be292400b35d,POI-96,Karaoke Bar,
4f06ce7de4b09a8a3d352882,POI-102,Bbq Joint,
4f06d214e4b0e8ed35ce50d0,POI-73,Electronics Store,
4f06eb15e4b090ef20426a71,POI-123,Convenience Store,
4f06ee94e4b071c573dcbba8,POI-40,Seafood Restaurant,
4f07117ce4b07c8f8aa156e5,POI-39,Restaurant,
4f079ec6e4b05dd3a24fca6a,POI-10,Coffee Shop,
4f07b5b7e4b0ad9c247fcff9,POI-10,Coffee Shop,
4f07bd5de4b0ad9c24882f59,POI-40,Seafood Restaurant,
4f07d09de4b05f830ce54ea7,POI-92,Salon / Barbershop,
4f07fcd1e4b000dd74f9d68e,POI-74,Fast Food Restaurant,
4f081c6be4b06fab1904cde6,POI-26,Park,
4f0842eae4b0596c8e72a0f7,POI-18,Indian Restaurant,
4f085737e4b07c8f8bf92c19,POI-30,Water Park,
4f086499e4b071c5756d6ed1,POI-158,Train,
4f087f63a17c067e4fc95ea2,POI-65,Women'S Store,
4f0881b4a17c067e4fc9ab3c,POI-54,Clothing Store,
4f093545e4b0ca3a5d1f7f39,POI-58,Accessories Store,
4f093d22e4b0596c8f8d1b35,POI-53,Department Store,
4f094651e4b0e8907b7c9ec3,POI-84,Boutique,
4f094fe6e4b07c8f8d0d9d68,POI-77,Sushi Restaurant,
4f098555e4b07c8f8d377944,POI-77,Sushi Restaurant,
4f0a43f2e4b0aa2dc8421c0d,POI-98,Snack Place,
4f0aa0dee4b0ca3a5e7823db,POI-62,Jewelry Store,
4f0ab481e4b0ad9c277c247b,POI-22,Dessert Shop,
4f0ae97de4b08f524b329cd4,POI-17,Chinese Restaurant,
4f0aebbfe4b0ef60f0046b85,POI-5,Gaming Cafe,
4f0afd95e4b0e624d9abe9a7,POI-40,Seafood Restaurant,
4f0b1685e4b0266570e2df31,POI-66,Grocery Store,
4f0ba887e4b04487f8ce9055,POI-119,Record Shop,
4f0bac0ce4b02a8da5aa775b,POI-4,Resort,
4f0bacc3e4b0d563f712c5f9,POI-44,Burger Joint,
4f0bad48e4b0e4e35b72d856,POI-153,Bed & Breakfast,
4f0bba8ee4b0f615a2c7631a,POI-117,Bike Shop,
4f0bbc70e4b0baf830387ef5,POI-39,Restaurant,
4f0bbd5fe4b0baf8303943e2,POI-67,Gym,
4f0bc966e4b06b1f3e00a219,POI-10,Coffee Shop,
4f0bdb76e4b031b286e38aa9,POI-9,Rock Club,
4f0bed8ee4b0553e1fbb4628,POI-116,Beer Garden,
4f0c06ace4b03e74955ceeef,POI-37,Thai Restaurant,
4f0c1054e4b06b1f3e3741a4,POI-65,Women'S Store,
4f0c1cb4e4b03e74956ee7aa,POI-110,Yoga Studio,
4f0c32f5e4b0b63c74dd83af,POI-39,Restaurant,
4f0c35fbe4b0e4e35be3cb6b,POI-32,Pizza Place,
4f0cf18fe4b06654e26dea83,POI-56,Cosmetics Shop,
4f0cfb0ce4b0d2af7175f981,POI-44,Burger Joint,
4f0d07f6e4b050cacedc56fe,POI-103,Mobile Phone Shop,
4f0d4388e4b035449749b2fe,POI-55,Sporting Goods Shop,
4f0d5aebe4b040d481b16f2b,POI-53,Department Store,
4f0d6c71e4b01ae23efcab3e,POI-72,Vietnamese Restaurant,
4f0d9df8e4b0d8e3c0a53722,POI-11,Nightclub,
4f0e2051e4b03544983189ce,POI-160,Laundry Service,
4f0e214de4b0e45bde65f35b,POI-26,Park,
4f0e3c48e4b0c6e466e6e29e,POI-101,Breakfast Spot,
4f0e5fd2e4b0254b4dbe70b1,POI-17,Chinese Restaurant,
4f0e7da2e4b0129c74136de7,POI-36,Asian Restaurant,
4f0ec74fe4b0a91e156a36f6,POI-120,Cupcake Shop,
4f0ecab8e4b0e45bdefa3277,POI-81,Steakhouse,
4f0ff851e4b0865b05feb610,POI-37,Thai Restaurant,
4f103654e4b0456265c5149b,POI-53,Department Store,
4f103c5fe4b06c5889322b42,POI-26,Park,
4f10402ae4b0f2c2100b6429,POI-70,Korean Restaurant,
4f104561e4b03802015d9367,POI-123,Convenience Store,
4f10f249e4b0865b0714e056,POI-123,Convenience Store,
4f110549e4b06c588a20f42f,POI-61,Shoe Store,
4f1118a3e4b0472044649755,POI-33,Italian Restaurant,
4f113776e4b09e58a0c15be1,POI-92,Salon / Barbershop,
4f11755fe4b0f2c211589af9,POI-17,Chinese Restaurant,
4f11bdeae4b0725fec4b2bf9,POI-143,Motel,
4f123185e4b06c588b67a59b,POI-63,Bakery,
4f124a16e4b000502cff5431,POI-17,Chinese Restaurant,
4f125041e4b00420555d4124,POI-85,Furniture / Home Store,
4f127096e4b09e81d9ca1807,POI-36,Asian Restaurant,
4f12ada1e4b06784120fc484,POI-57,Miscellaneous Shop,
4f12b398e4b0d85e5372f5a2,POI-36,Asian Restaurant,
4f12bb72e4b07e9ecbbda1cb,POI-40,Seafood Restaurant,
4f12bcc4e4b0958ec28c9334,POI-80,Ice Cream Shop,
4f12c0c1e4b0380204032c9a,POI-89,Arcade,
4f12c217e4b072565e04958f,POI-17,Chinese Restaurant,
4f12e6a3e4b0f2c212d9f978,POI-11,Nightclub,
4f12ff5c6d863f284cfe85e5,POI-46,Japanese Restaurant,
4f135a4ae4b0960d00bfbaf8,POI-42,Food Court,
4f13a656e4b03856f29b5b18,POI-17,Chinese Restaurant,
4f13a7ede4b0958ec37cb6f5,POI-70,Korean Restaurant,
4f13a8f8e4b0042056a6e34a,POI-41,Ramen /  Noodle House,
4f13ab92e4b0865b09dd8156,POI-42,Food Court,
4f13bb64e4b000502e5db842,POI-136,Thrift / Vintage Store,
4f13c3d3e4b000502e648370,POI-137,Juice Bar,
4f13d626e4b03856f2c18c0c,POI-55,Sporting Goods Shop,
4f13e8b1e4b038020522a912,POI-90,Light Rail,
4f13f95ee4b0042056e60d0b,POI-42,Food Court,
4f1418a5e4b0456269c375ff,POI-96,Karaoke Bar,
4f14caeae4b09e81dc107e70,POI-158,Train,
4f14e28be4b0253d5031447f,POI-41,Ramen /  Noodle House,
4f14f16a10818320fbec2717,POI-92,Salon / Barbershop,
4f1505bae4b03f4c0341d786,POI-74,Fast Food Restaurant,
4f155aa1e4b0a6ade41e3b9a,POI-41,Ramen /  Noodle House,
4f1656e6e4b03856f53ec601,POI-98,Snack Place,
4f166edde4b0725ff0773d75,POI-65,Women'S Store,
4f16aa95e4b04b3f087a548e,POI-54,Clothing Store,
4f16b270e4b03856f587793b,POI-70,Korean Restaurant,
4f16b476e4b045626c56d2fa,POI-73,Electronics Store,
4f16d1e1e4b06c588fdd2faa,POI-15,Cocktail Bar,
4f16d5b5e4b000503163f592,POI-93,Tapas Restaurant,
4f177982e4b0cae4b40edf55,POI-62,Jewelry Store,
4f179742e4b083c3608cb330,POI-63,Bakery,
4f17ca38e4b083c360b7d120,POI-84,Boutique,
4f17ed53e4b07e1b48abf6fa,POI-10,Coffee Shop,
4f17f94fe4b02d2c5ab1a7fe,POI-17,Chinese Restaurant,
4f180a29e4b078805cd9094d,POI-55,Sporting Goods Shop,
4f18be58e4b025b0605463e8,POI-27,Art Gallery,
4f18f505e4b088d49f58d29f,POI-70,Korean Restaurant,
4f18facce4b04692a01591b9,POI-102,Bbq Joint,
4f192d5de4b04692a0402fa1,POI-137,Juice Bar,
4f195569e4b08fa23f8ca0ca,POI-39,Restaurant,
4f19678fe4b012690c601a3c,POI-19,French Restaurant,
4f1967e6e4b01afe9ba27dc2,POI-2,Bar,
4f19731ee4b0a339fb084ffd,POI-70,Korean Restaurant,
4f19a025e4b0f066f6ed30f3,POI-172,Mac & Cheese Joint,
4f1a1bd5e4b0918978621262,POI-134,Flower Shop,
4f1a28a0e4b08fa6637ad808,POI-43,Vegetarian / Vegan Restaurant,
4f1a644ce4b0aa5093bbd52c,POI-53,Department Store,
4f1a6660e4b0065cb9b7d37a,POI-90,Light Rail,
4f1a670fe4b0288a01fd311c,POI-98,Snack Place,
4f1a955be4b0c74ef0f1a048,POI-92,Salon / Barbershop,
4f1ab113e4b044fd34b44188,POI-14,Pub,
4f1ab141e4b0f271e5d503ae,POI-56,Cosmetics Shop,
4f1ab210e4b0c7ea6733cd05,POI-74,Fast Food Restaurant,
4f1ab284e4b0817d3be2c18a,POI-24,Malaysian Restaurant,
4f1ac395e4b0a627184ab6b8,POI-113,General Travel,
4f1adc81e4b0bf76289ac588,POI-11,Nightclub,
4f1b4b8ee4b0889e052e367b,POI-113,General Travel,
4f1b6fcee4b04ae0832a4779,POI-26,Park,
4f1b97fbe4b0f67a96f76343,POI-98,Snack Place,
4f1bb045e4b08fa665195f66,POI-27,Art Gallery,
4f1bb28ce4b0065cbb1c74a4,POI-85,Furniture / Home Store,
4f1bb7e3e4b0d9f8b9ad8471,POI-107,Pet Store,
4f1c0bd9e4b05c50e3367c09,POI-123,Convenience Store,
4f1d4aece4b03543a325d75a,POI-40,Seafood Restaurant,
4f1d5459e4b08fa666ad5d65,POI-70,Korean Restaurant,
4f1d8e49e4b0288a0537bede,POI-125,Other Nightlife,
4f1db90ce4b0d1a6580601e3,POI-4,Resort,
4f1e66cce4b03f8d84ebab8f,POI-157,Smoke Shop,
4f1e6d6fe4b00eb69c4b499c,POI-123,Convenience Store,
4f1e75ebe4b0d881fd3d36ef,POI-27,Art Gallery,
4f1e7cd8e4b0454d62486b48,POI-120,Cupcake Shop,
4f1f5be7e4b0512edd903553,POI-168,Comedy Club,
4f1f9329e4b017841bdcba77,POI-17,Chinese Restaurant,
4f1fb5f7e4b00a97bdf819a9,POI-113,General Travel,
4f1fb686e4b0a6dc4fa18daa,POI-70,Korean Restaurant,
4f1ffcaae4b0bf85e30ecc41,POI-102,Bbq Joint,
4f200e71e4b0c30f8f5ff182,POI-37,Thai Restaurant,
4f2051f8e4b089ad65e7dd84,POI-11,Nightclub,
4f20d087e4b07fb24874e4b4,POI-123,Convenience Store,
4f20e05fe4b0d23f2b3d070d,POI-36,Asian Restaurant,
4f210758e4b06c6f5eb89b1d,POI-68,Gym / Fitness Center,
4f211f9ae4b0c59297c67ae1,POI-137,Juice Bar,
4f212635e4b08ed6b518cb27,POI-39,Restaurant,
4f214384e4b0b7e189f756a5,POI-44,Burger Joint,
4f214d52e4b0644fb361b3dd,POI-53,Department Store,
4f21d5f6e4b050258889c144,POI-42,Food Court,
4f220f99e4b063d4fe143859,POI-42,Food Court,
4f222e60e4b02a95fc13a11f,POI-18,Indian Restaurant,
4f22413ae4b0085e47b526ef,POI-52,Arts & Crafts Store,
4f22556ee4b067a324a95454,POI-10,Coffee Shop,
4f226554e4b067a324b59a95,POI-61,Shoe Store,
4f227e11e4b01b0c5d629799,POI-27,Art Gallery,
4f2280a7e4b00087404a6c33,POI-17,Chinese Restaurant,
4f2284b1e4b05025892b17fe,POI-42,Food Court,
4f2293c7e4b0fd1835d5cd32,POI-36,Asian Restaurant,
4f229a18e4b0eec7fc33c2bc,POI-35,Dim Sum Restaurant,
4f22af7d6d867182dff3050d,POI-40,Seafood Restaurant,
4f2347dee4b0ed33973867c8,POI-122,Skate Park,
4f237b9ae4b0a93fbdf2ad5b,POI-41,Ramen /  Noodle House,
4f23af97e4b0617643898673,POI-63,Bakery,
4f23ba22e4b0831875d7f7d0,POI-69,Spa / Massage,
4f23bc4fe4b0020c2e09e985,POI-123,Convenience Store,
4f23bddbe4b067a326189f98,POI-22,Dessert Shop,
4f23d173e4b0008741ac377e,POI-26,Park,
4f23d33ce4b01dc94af3d983,POI-58,Accessories Store,
4f23e47ee4b0e120810958eb,POI-31,Mexican Restaurant,
4f23ed88e4b0eec7fd996fd5,POI-21,Lounge,
4f23fd90e4b0acaff7b3c22c,POI-24,Malaysian Restaurant,
4f2402c1e4b0d10daff9fb57,POI-22,Dessert Shop,
4f241718e4b0008741f2ca13,POI-70,Korean Restaurant,
4f24a495e4b0717a68b5e039,POI-41,Ramen /  Noodle House,
4f24c79fe4b067a32739c3cf,POI-36,Asian Restaurant,
4f24ee90e4b01b0c60082e2d,POI-117,Bike Shop,
4f24ffa6e4b0d609c7288c67,POI-149,Nail Salon,
4f2507fce4b04f6e69d406ab,POI-107,Pet Store,
4f251351e4b0d609c737f05f,POI-98,Snack Place,
4f25228ce4b08318774f2a23,POI-113,General Travel,
4f25f9e3e4b0ed3399fd7344,POI-110,Yoga Studio,
4f261f9fe4b0d10db22d0dc1,POI-35,Dim Sum Restaurant,
4f26423fe4b01dc94d6bba1c,POI-44,Burger Joint,
4f2648c2e4b0085e4bcd93d6,POI-91,Food & Drink Shop,
4f2670ace4b01b0c616c0d8c,POI-19,French Restaurant,
4f267533e4b00087444d3e7c,POI-13,Diner,
4f26766ee4b061764648acfd,POI-10,Coffee Shop,
4f26820ae4b0020c30c8f231,POI-10,Coffee Shop,
4f269e18e4b0020c30e64fc2,POI-50,Movie Theater,
4f275417e4b08f6318b476e2,POI-88,Sandwich Place,
4f276be2e4b0c67a1813bd52,POI-16,Australian Restaurant,
4f2789ede4b0a189d7eccc8f,POI-46,Japanese Restaurant,
4f278de2e4b0dbe3ea962b89,POI-10,Coffee Shop,
4f27c2e4e4b01133cbe62d9f,POI-90,Light Rail,
4f27df31e4b0b501745212ca,POI-10,Coffee Shop,
4f282202e4b0927facf9846d,POI-13,Diner,
4f28b42de4b09b014000265b,POI-36,Asian Restaurant,
4f28b9b9e4b0187052320112,POI-10,Coffee Shop,
4f28c34fe4b018705239daff,POI-17,Chinese Restaurant,
4f28d458e4b018893849e20f,POI-41,Ramen /  Noodle House,
4f28d901e4b004b1e839bd4d,POI-44,Burger Joint,
4f28d946e4b0576e6d4230b7,POI-43,Vegetarian / Vegan Restaurant,
4f291e51e4b018893881cf41,POI-81,Steakhouse,
4f292566e4b020568627be5c,POI-17,Chinese Restaurant,
4f292ff9e4b062eef12b9f4c,POI-40,Seafood Restaurant,
4f29c8b2e4b05879eb51c706,POI-67,Gym,
4f2a1e02e4b07e41d8f52a06,POI-17,Chinese Restaurant,
4f2a2825e4b0f10bf5027ed7,POI-42,Food Court,
4f2a7396e4b0da7105607697,POI-80,Ice Cream Shop,
4f2b5b60e4b01675767ef77d,POI-77,Sushi Restaurant,
4f2b7d50e4b01c385d694de1,POI-36,Asian Restaurant,
4f2b9cfee4b09513ae5b5a7a,POI-10,Coffee Shop,
4f2bb22be4b0167576c058c6,POI-49,Multiplex,
4f2bc400e4b009e970c584ba,POI-106,Candy Store,
4f2bc636e4b07364f668ee89,POI-101,Breakfast Spot,
4f2bca9be4b09513ae80c194,POI-17,Chinese Restaurant,
4f2bf89de4b0571e1d143dcd,POI-89,Arcade,
4f2cbc25e4b0efbc0f267b1e,POI-50,Movie Theater,
4f2cda0fe4b0118a853286b2,POI-87,Car Dealership,
4f2cec35e4b0a2ac56295897,POI-36,Asian Restaurant,
4f2d3b6fe4b06203564f27ff,POI-14,Pub,
4f2d4819e4b07ca31503d933,POI-96,Karaoke Bar,
4f2dd472e4b0d411bb802af8,POI-91,Food & Drink Shop,
4f2df190e4b0b0d08477de47,POI-10,Coffee Shop,
4f2dfb01e4b00ef1a5bd5605,POI-39,Restaurant,
4f2e03a8e4b0118a8675c588,POI-45,Indonesian Restaurant,
4f2e0efce4b01982f1afdb5f,POI-124,Hot Dog Joint,
4f2e1eeee4b01982f1bea9be,POI-38,Middle Eastern Restaurant,
4f2e2512e4b09d49e9182454,POI-77,Sushi Restaurant,
4f2e4c1ee4b094acc59e6b75,POI-61,Shoe Store,
4f2e4d9de4b0ccb913bf7566,POI-54,Clothing Store,
4f2f5de4e4b083c4293ed6a7,POI-56,Cosmetics Shop,
4f2f64b1e4b040ea0146ab82,POI-142,Video Store,
4f2f84b1e4b0620358bdaae7,POI-42,Food Court,
4f2f8ccee4b062ad2d37cddb,POI-67,Gym,
4f2f921ee4b007725c9eb460,POI-123,Convenience Store,
4f2f9586e4b0620358ca6ef6,POI-126,Music Store,
4f2faf46e4b0b0d08629259e,POI-41,Ramen /  Noodle House,
4f2fba58e4b05991515c8a1c,POI-74,Fast Food Restaurant,
4f2fc260e4b0dbffde99bbea,POI-72,Vietnamese Restaurant,
4f2fd80ce4b0efbc124d4b85,POI-32,Pizza Place,
4f308b73e4b013bb063ad43b,POI-66,Grocery Store,
4f30a1a8e4b0224b4b157ee0,POI-41,Ramen /  Noodle House,
4f30af41e4b057434bba1cb0,POI-36,Asian Restaurant,
4f30cb65e4b0acb1eb34ac98,POI-102,Bbq Joint,
4f30d00be4b0731146834e35,POI-173,Motorcycle Shop,
4f30fa27e4b0acb1eb59827a,POI-70,Korean Restaurant,
4f3119f6e4b013bb06b2d080,POI-46,Japanese Restaurant,
4f3123eae4b03a80a6c6bffe,POI-120,Cupcake Shop,
4f31cca8e4b0acb1ec41ee14,POI-42,Food Court,
4f320122e4b09c40b46e826b,POI-88,Sandwich Place,
4f3213bde4b0d77c28bf145d,POI-92,Salon / Barbershop,
4f327e87e4b0a160e8b9e724,POI-14,Pub,
4f3330b8e4b0d65e601dc7e9,POI-31,Mexican Restaurant,
4f335995e4b0befff004e719,POI-72,Vietnamese Restaurant,
4f3368e7e4b0a960e5a7a86a,POI-106,Candy Store,
4f337133e4b01d4a1e4e3fa0,POI-92,Salon / Barbershop,
4f3372bee4b01d4a1e4f7cab,POI-24,Malaysian Restaurant,
4f33a6e9e4b04cda1592852d,POI-19,French Restaurant,
4f33b7b1e4b0a3e722657214,POI-46,Japanese Restaurant,
4f33d06ae4b0a2c6ac78d131,POI-10,Coffee Shop,
4f34a442e4b0cd0fe78d2235,POI-33,Italian Restaurant,
4f34cfd3e4b0e4d04ec7737a,POI-168,Comedy Club,
4f34eb3be4b03d9aaa9d24ec,POI-168,Comedy Club,
4f34f613e4b031c04774f4dd,POI-21,Lounge,
4f34fa67e4b058a107bdc4d8,POI-92,Salon / Barbershop,
4f351558e4b07c0116b2d6a0,POI-10,Coffee Shop,
4f3516b7e4b0993aed0b22cf,POI-57,Miscellaneous Shop,
4f351834e4b064bef31c91a3,POI-63,Bakery,
4f351dcce4b0b80eded88ef4,POI-114,Video Game Store,
4f35ba18e4b0948a803bd565,POI-92,Salon / Barbershop,
4f35e39fe4b0179e5bef9e48,POI-81,Steakhouse,
4f35eebce4b0d26b9f6eafec,POI-81,Steakhouse,
4f35f64fe4b0fc67a7a89956,POI-87,Car Dealership,
4f362375e4b01139d4580d96,POI-84,Boutique,
4f36305ce4b0d408a316aa00,POI-26,Park,
4f363cade4b0d408a320caa9,POI-19,French Restaurant,
4f365cf9e4b0fb0dfbb1f6fa,POI-44,Burger Joint,
4f366124e4b0179e5c62d1b8,POI-58,Accessories Store,
4f367fdbe4b0156e866c7d74,POI-11,Nightclub,
4f373f00e4b099ca9441e4d5,POI-36,Asian Restaurant,
4f374b5ce4b0d26ba0ebbefb,POI-27,Art Gallery,
4f376d68e4b0fc67a9410c01,POI-98,Snack Place,
4f377a58e4b017ad7b1b1797,POI-83,Fried Chicken Joint,
4f378174e4b0b0eb8d454f0f,POI-76,Deli / Bodega,
4f37935ce4b0e313d3aefc14,POI-42,Food Court,
4f379e47e4b0571dc7a616cd,POI-19,French Restaurant,
4f37e3cae4b0fb0dfd5c1aa4,POI-96,Karaoke Bar,
4f3873b3e4b0156e889b063c,POI-10,Coffee Shop,
4f388c3be4b0b0eb8e610459,POI-84,Boutique,
4f389349e4b0b0eb8e66ffcf,POI-43,Vegetarian / Vegan Restaurant,
4f389434e4b0beedd336407f,POI-11,Nightclub,
4f389602e4b039c3c3af6026,POI-112,Gift Shop,
4f3896d3e4b0edf91e320d94,POI-112,Gift Shop,
4f389d67e4b0a1f1981918a0,POI-6,Tea Room,
4f38e366e4b0e313d502821f,POI-123,Convenience Store,
4f38f7a0e4b0e313d5156880,POI-39,Restaurant,
4f390095e4b0179e5f27e890,POI-17,Chinese Restaurant,
4f392d73e4b0179e5f5d92bf,POI-14,Pub,
4f39e42ae4b0119038caca36,POI-18,Indian Restaurant,
4f3a50bbe4b01190392b75fe,POI-11,Nightclub,
4f3a578ee4b0039c2540d9f0,POI-59,Men'S Store,
4f3a6139e4b093e26dcc0825,POI-95,German Restaurant,
4f3b36eee4b036beb869533e,POI-41,Ramen /  Noodle House,
4f3b6f38e4b0cdda8420e9bb,POI-168,Comedy Club,
4f3b70b0e4b08082ae273ee0,POI-43,Vegetarian / Vegan Restaurant,
4f3c8837e4b0f8d7e677a746,POI-123,Convenience Store,
4f3c9395e4b0285aa2fce845,POI-120,Cupcake Shop,
4f3c9d6de4b02e31111db88a,POI-112,Gift Shop,
4f3ca2ffe4b07254f72a1eba,POI-54,Clothing Store,
4f3cc876e4b054d24077bcb9,POI-42,Food Court,
4f3cd073e4b0c1f2775615f9,POI-14,Pub,
4f3cd864e4b0f8d7e6bb9adf,POI-70,Korean Restaurant,
4f3db008e4b0abb6d5d9186c,POI-10,Coffee Shop,
4f3dfdaae4b0f0105042d326,POI-21,Lounge,
4f3e2d0ae4b0638153331641,POI-10,Coffee Shop,
4f3e4bdde4b02744e4830f0a,POI-61,Shoe Store,
4f3e5748e4b0eebf131409fc,POI-39,Restaurant,
4f3f1642e4b07d5e563a60cc,POI-63,Bakery,
4f3f1f34e4b0c47356c13d68,POI-49,Multiplex,
4f3f287fe4b08089817da102,POI-94,Gas Station / Garage,
4f3f4c6ee4b04da19eef05b0,POI-107,Pet Store,
4f3f6c78e4b04677d97cb537,POI-55,Sporting Goods Shop,
4f3f8b807b0c93cd69a6fdba,POI-72,Vietnamese Restaurant,
4f4054d9e4b0c868dd57e068,POI-66,Grocery Store,
4f408343e4b0102f0da3670f,POI-85,Furniture / Home Store,
4f40838ae4b015f1ba847f1b,POI-41,Ramen /  Noodle House,
4f40a0b8e4b024a9698b793e,POI-85,Furniture / Home Store,
4f40c95ce4b0c80f83ed3ae3,POI-69,Spa / Massage,
4f40ded7e4b0f4e3fb7dcc83,POI-121,Flea Market,
4f4109b4e4b0e9ea7ab9ca18,POI-116,Beer Garden,
4f411639e4b015f1bb13366d,POI-117,Bike Shop,
4f41d3b6e4b01e824f248dc0,POI-42,Food Court,
4f420f58e4b01e824f59d322,POI-36,Asian Restaurant,
4f4215bee4b0740e7c834cb5,POI-27,Art Gallery,
4f422579e4b062d5cd7915d4,POI-22,Dessert Shop,
4f423f6be4b0f4d09d55da64,POI-32,Pizza Place,
4f431cdce4b0acfe41e994ed,POI-33,Italian Restaurant,
4f433710e4b0561bff385ce0,POI-42,Food Court,
4f43adaee4b0c2ab9b0dafc6,POI-8,Gastropub,
4f4470c1e4b03d068286dcc3,POI-69,Spa / Massage,
4f4471cde4b00b32dfa314e3,POI-44,Burger Joint,
4f44889fe4b00215c5c324d7,POI-17,Chinese Restaurant,
4f44a49ee4b08406aa0dbc0d,POI-103,Mobile Phone Shop,
4f44cc80e4b00b32dff3e419,POI-46,Japanese Restaurant,
4f44d2c2e4b025d8439eb15d,POI-36,Asian Restaurant,
4f44db04e4b0f1fcfe6688ba,POI-84,Boutique,
4f45007ee4b0c24ce3135059,POI-91,Food & Drink Shop,
4f4522f9e4b09e67d31a60df,POI-10,Coffee Shop,
4f45d189e4b0f37b0809bee0,POI-56,Cosmetics Shop,
4f45d494e4b035f2e561ecda,POI-160,Laundry Service,
4f45e20fe4b035f2e56d8b7a,POI-28,Plaza,
4f45eb5ae4b027982e38539e,POI-59,Men'S Store,
4f45f57ee4b0068c28836335,POI-63,Bakery,
4f461405e4b0cc9b808a7c63,POI-115,Soup Place,
4f462e5ce4b04ef91d4923af,POI-21,Lounge,
4f464362e4b0f8695e521941,POI-30,Water Park,
4f4646cce4b058537110d9ec,POI-56,Cosmetics Shop,
4f475e79e4b0e1322888b067,POI-37,Thai Restaurant,
4f476ac2e4b01d17b87d9b8e,POI-53,Department Store,
4f4778c7e4b0e4755babae9c,POI-4,Resort,
4f4778e5e4b072f5a94a53da,POI-10,Coffee Shop,
4f478675e4b0a69abb0a0ae4,POI-46,Japanese Restaurant,
4f479193e4b0e44504be3f63,POI-36,Asian Restaurant,
4f47974ae4b0c8395e971bed,POI-1,Wine Bar,
4f47cc4ee4b0cf7a0587992d,POI-14,Pub,
4f485e69e4b072f5aa72dc65,POI-92,Salon / Barbershop,
4f4861ace4b0a644ecb7e10b,POI-10,Coffee Shop,
4f4873e1e4b0426dbaf38af3,POI-17,Chinese Restaurant,
4f4877d6e4b0a69abc3bae0e,POI-55,Sporting Goods Shop,
4f48c171e4b068e1cfd43860,POI-83,Fried Chicken Joint,
4f48c1d6e4b01e144ef6c783,POI-92,Salon / Barbershop,
4f48cd4de4b06a77425bac51,POI-17,Chinese Restaurant,
4f48f7abe4b03377e7b45764,POI-125,Other Nightlife,
4f49643ee4b0cccedc38879f,POI-21,Lounge,
4f49914de4b082dc57838605,POI-10,Coffee Shop,
4f49a07be4b0927ad9f671cb,POI-67,Gym,
4f49d6aae4b01739bb472f65,POI-98,Snack Place,
4f49e32ee4b0927ada39691d,POI-98,Snack Place,
4f49e92ee4b011fb7705b421,POI-73,Electronics Store,
4f4a085fe4b0cccedce3af7c,POI-50,Movie Theater,
4f4a1395e4b04a4130927d2e,POI-68,Gym / Fitness Center,
4f4a13eae4b0922ac6e10ea9,POI-18,Indian Restaurant,
4f4a159fe4b0c132f2860b60,POI-17,Chinese Restaurant,
4f4a193be4b0b1e351991a3d,POI-88,Sandwich Place,
4f4b0e40e4b0922ac7f81bff,POI-36,Asian Restaurant,
4f4b6f51e4b0d5cfa14501aa,POI-75,Bowling Alley,
4f4bb74de4b0c132f449a4b0,POI-11,Nightclub,
4f4c5e94e4b0629e79508c0f,POI-92,Salon / Barbershop,
4f4cbb93e4b063a3e0c8b107,POI-58,Accessories Store,
4f4cbdc5e4b052b879eff003,POI-58,Accessories Store,
4f4cc38ee4b063a3e0d1bee6,POI-98,Snack Place,
4f4cdb46e4b051dc47bae9e1,POI-168,Comedy Club,
4f4d66c6e4b03af960b71e98,POI-67,Gym,
4f4da729e4b0657aa58f159e,POI-102,Bbq Joint,
4f4daceee4b081be1d8e7b1a,POI-138,Wine Shop,
4f4deaa9e4b0774b56ea701a,POI-10,Coffee Shop,
4f4e0032e4b0657aa5e27920,POI-27,Art Gallery,
4f4e1031e4b03af96167b618,POI-136,Thrift / Vintage Store,
4f4ef0f0e4b0244794498e39,POI-137,Juice Bar,
4f4ef46ce4b05017c891d2a6,POI-115,Soup Place,
4f4f644ee4b05223bb6066a9,POI-46,Japanese Restaurant,
4f4f6b6fe4b05c40d6898676,POI-54,Clothing Store,
4f500936e4b028be9c7d8308,POI-101,Breakfast Spot,
4f5034b7e4b0ed1d422c5137,POI-56,Cosmetics Shop,
4f5046fce4b049c0d71e88f6,POI-22,Dessert Shop,
4f504984e4b0390b94cc7789,POI-54,Clothing Store,
4f505394e4b0390b94d5d7db,POI-155,Car Wash,
4f505f86e4b0daf96c7faa98,POI-7,American Restaurant,
4f506ad3e4b085bf4264241c,POI-9,Rock Club,
4f50c524e4b093e2bd576352,POI-37,Thai Restaurant,
4f516ff4e4b0bf6b5c14a063,POI-90,Light Rail,
4f519acee4b03365331a7a9f,POI-36,Asian Restaurant,
4f51a2a1e4b023845d8b065e,POI-37,Thai Restaurant,
4f51e5e7e4b03624498b4a3a,POI-22,Dessert Shop,
4f51fa46e4b0d9ab79e50213,POI-36,Asian Restaurant,
4f51fb30e4b07c31b2d77882,POI-40,Seafood Restaurant,
4f520cf1e4b0d9ab79f758dc,POI-41,Ramen /  Noodle House,
4f521753e4b07c31b2f41f5d,POI-45,Indonesian Restaurant,
4f521e47e4b03be3627f838b,POI-20,Spanish Restaurant,
4f52b435e4b0639bb998c892,POI-168,Comedy Club,
4f530f33e4b0ee60b9b45e88,POI-50,Movie Theater,
4f531a36e4b028a9201cdd16,POI-19,French Restaurant,
4f53438ee4b0754d5883a8e9,POI-5,Gaming Cafe,
4f53486ce4b0d9ab7b5d0f51,POI-17,Chinese Restaurant,
4f534f35e4b06025e9ca7938,POI-36,Asian Restaurant,
4f535afce4b0195da4cfd243,POI-10,Coffee Shop,
4f535b50e4b0d9ab7b6e8259,POI-98,Snack Place,
4f5362a7e4b0195da4d73de9,POI-106,Candy Store,
4f536cc1e4b0061515a7a3bc,POI-46,Japanese Restaurant,
4f5375abe4b0061515b12dc5,POI-36,Asian Restaurant,
4f537da4e4b0776d6598de93,POI-90,Light Rail,
4f53868fe4b092980f05ccd7,POI-50,Movie Theater,
4f54743ae4b063296f339a29,POI-89,Arcade,
4f549187e4b07c31b5af503c,POI-42,Food Court,
4f54abb1e4b036244c9ca8a4,POI-70,Korean Restaurant,
4f54f7e8e4b0ddd8f9e52dd0,POI-92,Salon / Barbershop,
4f55460ee4b0a348f9822c5e,POI-113,General Travel,
4f55bf86e4b01eb412a65953,POI-74,Fast Food Restaurant,
4f55d435e4b0ac8e53ee1574,POI-18,Indian Restaurant,
4f55f0fde4b0ed29b7465280,POI-14,Pub,
4f55f2bee4b01eb412cbc224,POI-162,Rental Car Location,
4f56183ae4b02285fdffb003,POI-149,Nail Salon,
4f562232e4b0131bc3ee3edc,POI-2,Bar,
4f565be0e4b07cf6e14a55b2,POI-88,Sandwich Place,
4f565c70e4b084fcb10fdb51,POI-22,Dessert Shop,
4f56dfd4e4b01888b2cd62b9,POI-63,Bakery,
4f575404e4b0b3e2104f3560,POI-67,Gym,
4f575b25e4b0279d3f218ebe,POI-42,Food Court,
4f57625de4b0a4bae7120806,POI-70,Korean Restaurant,
4f57872fe4b0b3e2107fb16c,POI-14,Pub,
4f58956ae4b0271fff1157a9,POI-53,Department Store,
4f58a2c4e4b0db97b7348233,POI-10,Coffee Shop,
4f58a92ce4b0fbb1bb93ae50,POI-102,Bbq Joint,
4f59b551e4b04e4607c0647e,POI-65,Women'S Store,
4f59c4bde4b0c181e3574702,POI-39,Restaurant,
4f59fed2e4b0b310deb457ba,POI-6,Tea Room,
4f5a070fe4b08b52a6cf637c,POI-36,Asian Restaurant,
4f5a21dee4b03a9f6a742257,POI-123,Convenience Store,
4f5ae3a7e4b086681a9b5f4e,POI-56,Cosmetics Shop,
4f5b30a9e4b01014b99258e5,POI-39,Restaurant,
4f5b3abbe4b09a78bf2c9c43,POI-43,Vegetarian / Vegan Restaurant,
4f5b54dde4b01219ab02b050,POI-21,Lounge,
4f5b5b6ee4b05cd76938fd1a,POI-33,Italian Restaurant,
4f5b702be4b03690700abc14,POI-89,Arcade,
4f5c0256e4b0090c0a1e5e4a,POI-57,Miscellaneous Shop,
4f5c344de4b085f52dffc846,POI-62,Jewelry Store,
4f5c92efe4b03690711804fe,POI-56,Cosmetics Shop,
4f5c9b0be4b06784f8a19444,POI-89,Arcade,
4f5ca47fe4b083806870405c,POI-98,Snack Place,
4f5ca79de4b0c4b689dd2f43,POI-58,Accessories Store,
4f5cc2d6e4b082b23e46a194,POI-14,Pub,
4f5d7b03e4b085f52f2308f0,POI-92,Salon / Barbershop,
4f5d8ed7e4b07bddf031cd30,POI-98,Snack Place,
4f5ddb70e4b07fef02ab68cc,POI-40,Seafood Restaurant,
4f5e0b91e4b0090c0bec2bfb,POI-42,Food Court,
4f5ed3cae4b0403e9f8f79f8,POI-83,Fried Chicken Joint,
4f5eea75e4b017082ff915ad,POI-30,Water Park,
4f5f010ce4b01989c4986184,POI-74,Fast Food Restaurant,
4f5f104ee4b0a76b70c52fa6,POI-170,Bike Rental / Bike Share,
4f5f2f1ae4b0e5574b8eb491,POI-102,Bbq Joint,
4f5f833ee4b0e5060371c0f2,POI-36,Asian Restaurant,
4f601e00e4b0431a995ca6bf,POI-43,Vegetarian / Vegan Restaurant,
4f605919e4b071906c1d0035,POI-36,Asian Restaurant,
4f606346e4b0dabd4736918f,POI-73,Electronics Store,
4f606417e4b0a32e0ecaa3d4,POI-42,Food Court,
4f607da9e4b0a32e0ede74ad,POI-157,Smoke Shop,
4f618eafe4b0800f61d5fda8,POI-36,Asian Restaurant,
4f61c504e5e8ce4e7cbf5683,POI-129,Brazilian Restaurant,
4f61cc37e4b08c60f9fd42c8,POI-17,Chinese Restaurant,
4f61d1b0e4b073ddca5ae83e,POI-93,Tapas Restaurant,
4f61d845e4b00c2a008fac25,POI-174,Caribbean Restaurant,
4f61e1bbe4b071dd737830a1,POI-17,Chinese Restaurant,
4f62a462e4b098610937fab0,POI-60,Automotive Shop,
4f62b89ae4b045fbd228bd86,POI-63,Bakery,
4f62d4f6e4b05c1d57d840c3,POI-39,Restaurant,
4f633a4ae4b04b24426b8c40,POI-130,Food Truck,
4f634610e4b09612ce762132,POI-11,Nightclub,
4f641aa2e4b0cded5c29fbfb,POI-52,Arts & Crafts Store,
4f642e11e4b0e78c0056d622,POI-39,Restaurant,
4f6430ede4b05c1d591b0f15,POI-101,Breakfast Spot,
4f643288e4b0dc771fc56fd3,POI-57,Miscellaneous Shop,
4f645363e4b014afeafcd57d,POI-80,Ice Cream Shop,
4f6484d8e4b03a7ce0f63170,POI-72,Vietnamese Restaurant,
4f648b0ee4b098610ae5a275,POI-96,Karaoke Bar,
4f64c92de4b0eae10aa32d3a,POI-89,Arcade,
4f6543a0e4b02cbb7fd6f7b9,POI-54,Clothing Store,
4f655555e4b036e3e8dbb8da,POI-42,Food Court,
4f655f94e4b0bca463281dc3,POI-17,Chinese Restaurant,
4f6575d1e4b0fb96f6c31d7b,POI-36,Asian Restaurant,
4f657a99e4b0c65cc5414938,POI-11,Nightclub,
4f6582cbe4b0c65cc546f8ac,POI-33,Italian Restaurant,
4f65e2a4e4b036e3e944ff2e,POI-84,Boutique,
4f65f5d7e4b06b3089ab8962,POI-54,Clothing Store,
4f660080e4b0788a90a5fee0,POI-10,Coffee Shop,
4f669f78e4b045fbd5c0ad73,POI-101,Breakfast Spot,
4f66a4a7e4b0656126ce43e6,POI-61,Shoe Store,
4f66bc9ee4b087553ef5399a,POI-84,Boutique,
4f66c552e4b0c7552eeaad9e,POI-34,Mediterranean Restaurant,
4f66ec8ce4b03be1054cc019,POI-123,Convenience Store,
4f671030e4b0cded5ec3158c,POI-84,Boutique,
4f672f9ce4b0bf1014516de2,POI-125,Other Nightlife,
4f67f537e4b06cd279978eb1,POI-42,Food Court,
4f680938e4b0bb1b180943fc,POI-42,Food Court,
4f681652e4b0eebfb4ae8c7d,POI-22,Dessert Shop,
4f683ebbe4b0cdd88f71fddf,POI-73,Electronics Store,
4f6857446b74aa26bb5e27e1,POI-96,Karaoke Bar,
4f6879f7e4b05e22654a22c2,POI-99,Hookah Bar,
4f687efee4b0ac77ec8c0998,POI-149,Nail Salon,
4f68850fe4b0bb1b18688208,POI-22,Dessert Shop,
4f68ffd2e4b0587e2f155e67,POI-63,Bakery,
4f694da3e4b0fa6f4ce136cd,POI-36,Asian Restaurant,
4f696c6ce4b0c237d6ada91f,POI-80,Ice Cream Shop,
4f697736e4b0bac6bec0b096,POI-101,Breakfast Spot,
4f697f3fe4b0ffb80a808c0b,POI-13,Diner,
4f69931ee4b072f146a4e14b,POI-63,Bakery,
4f6a8fbde4b0bcd825db34c8,POI-162,Rental Car Location,
4f6a93ade4b01cb02db2ade2,POI-4,Resort,
4f6aa6c4e4b0b54b06d513b7,POI-17,Chinese Restaurant,
4f6aad4ce4b08d373dca0c1c,POI-58,Accessories Store,
4f6ab6ade4b0952430192e51,POI-60,Automotive Shop,
4f6ac5a7e4b0454e84ac7e04,POI-18,Indian Restaurant,
4f6ade4ce4b09b90a9ea8019,POI-52,Arts & Crafts Store,
4f6afe3ce4b0d8154babf42d,POI-14,Pub,
4f6b03a0e4b082bd4b23b143,POI-5,Gaming Cafe,
4f6b0ee8e4b0732577bd075c,POI-151,Argentinian Restaurant,
4f6b1cf8e4b021e524a8d005,POI-102,Bbq Joint,
4f6b1f7ce4b0d6df8f003f1a,POI-106,Candy Store,
4f6b509de4b07984c1843523,POI-125,Other Nightlife,
4f6be2d9e4b0541c5ff5b877,POI-17,Chinese Restaurant,
4f6be432e4b0d4a5af14dcc1,POI-36,Asian Restaurant,
4f6c04cde4b03cbd0eea74d7,POI-33,Italian Restaurant,
4f6c04cee4b03b575ad71e80,POI-33,Italian Restaurant,
4f6c3dafe4b0a235d5766c1e,POI-53,Department Store,
4f6c3e71e4b0ca47afbc3856,POI-10,Coffee Shop,
4f6c4db0e4b0d4a5af646dae,POI-46,Japanese Restaurant,
4f6c5f49e4b0e6e0008e9f4c,POI-36,Asian Restaurant,
4f6c6e1be4b0e00759919d09,POI-74,Fast Food Restaurant,
4f6c7235e4b0f577d0eb060e,POI-43,Vegetarian / Vegan Restaurant,
4f6c9de37beb467b5c03ec66,POI-58,Accessories Store,
4f6ca91be4b0ad1af3bef77f,POI-96,Karaoke Bar,
4f6dba03e4b06003328ff5e3,POI-10,Coffee Shop,
4f6e135be4b032eb63a7bb2a,POI-11,Nightclub,
4f6e99a6e4b0a4e210beae23,POI-63,Bakery,
4f6ebdebe4b06892a0c5df30,POI-21,Lounge,
4f6ed18ce4b0600333a8e5bd,POI-156,Ferry,
4f6ee894e4b0541c62cb8c79,POI-36,Asian Restaurant,
4f6eee3be4b09e735601db18,POI-10,Coffee Shop,
4f6ef939e4b0a6b772e721b2,POI-10,Coffee Shop,
4f6f15dbe4b0e42843cf9fd9,POI-11,Nightclub,
4f6f32ace4b05c9c2c7407f7,POI-11,Nightclub,
4f70339ce4b02781d64c9546,POI-22,Dessert Shop,
4f70339de4b0ad1af6f4bc58,POI-91,Food & Drink Shop,
4f704d59e4b0e3b3bf79f7ce,POI-17,Chinese Restaurant,
4f70728fe4b060033502104e,POI-113,General Travel,
4f70b1e4e4b025cbe4bda42a,POI-11,Nightclub,
4f7118cc003993e5a261880f,POI-96,Karaoke Bar,
4f717416e4b072f676ad53c3,POI-120,Cupcake Shop,
4f717df3e4b037626f5a9de0,POI-14,Pub,
4f718702e4b0e534b2612056,POI-85,Furniture / Home Store,
4f71dc48e4b007de90230ba0,POI-134,Flower Shop,
4f729567e4b0adf5aba13e5d,POI-74,Fast Food Restaurant,
4f729960e4b0905384b93070,POI-10,Coffee Shop,
4f733947e4b0c4fe460bdacd,POI-89,Arcade,
4f73a51ce4b082acd089f470,POI-35,Dim Sum Restaurant,
4f741f3ae4b0c97e394729be,POI-134,Flower Shop,
4f749816e4b0250b7173c319,POI-65,Women'S Store,
4f752c3be4b00446b363af47,POI-62,Jewelry Store,
4f752ef7e4b0499541d95389,POI-6,Tea Room,
4f753fc0e4b00446b372902f,POI-44,Burger Joint,
4f754af0e4b0b4e683a72aff,POI-98,Snack Place,
4f7556f4e4b02ca6e435da1d,POI-54,Clothing Store,
4f755af2e4b09b1012bd5459,POI-63,Bakery,
4f756d45e4b0dbc5b5eb4e43,POI-63,Bakery,
4f75835ee4b0149b3dad8778,POI-149,Nail Salon,
4f758b7be4b0f41a379bbf39,POI-67,Gym,
4f75928ee4b0dbc5b6082550,POI-45,Indonesian Restaurant,
4f75948ce4b0e09b8afc4d2e,POI-2,Bar,
4f759d62e4b05b707450b7b8,POI-39,Restaurant,
4f759e0fe4b00446b3bc2a2b,POI-15,Cocktail Bar,
4f75c62de4b08a9c85fb8cdb,POI-14,Pub,
4f75ebe2e4b02125ab8c0ae4,POI-96,Karaoke Bar,
4f7699b1e4b0557b215793f5,POI-41,Ramen /  Noodle House,
4f76a86be4b015efa47b2ecc,POI-77,Sushi Restaurant,
4f76ab75e4b04368dbfd8aad,POI-5,Gaming Cafe,
4f76c847e4b0948935d463be,POI-18,Indian Restaurant,
4f76f4bfe4b0d69368a57728,POI-13,Diner,
4f77053ce4b015b23c9cab75,POI-65,Women'S Store,
4f77091ce4b06ff835c99073,POI-26,Park,
4f771742e4b0ca8cfc9b3284,POI-53,Department Store,
4f77f12ce4b0557b229fcf75,POI-103,Mobile Phone Shop,
4f781b85e4b067aa302b6c43,POI-19,French Restaurant,
4f784794e4b0e91fa7b0d858,POI-102,Bbq Joint,
4f784802e4b0421083881c17,POI-123,Convenience Store,
4f79310ce4b0764825fb1c5b,POI-46,Japanese Restaurant,
4f795eb6e4b0a84b15ac9d83,POI-53,Department Store,
4f796c3ee4b0764826247d77,POI-90,Light Rail,
4f798794e4b0ca8cfed7dad4,POI-53,Department Store,
4f798d4ce4b0d6936b0729f2,POI-59,Men'S Store,
4f799002e4b0b0466b76cf59,POI-130,Food Truck,
4f79c0976b743d479a31d258,POI-19,French Restaurant,
4f79ce5be4b06bb78087cc5a,POI-11,Nightclub,
4f79d605e4b0b0466bc00451,POI-113,General Travel,
4f7a46bee4b0d7b576097cf5,POI-134,Flower Shop,
4f7a8200e4b0998be7361e26,POI-18,Indian Restaurant,
4f7aa675e4b0747c658a9fd1,POI-46,Japanese Restaurant,
4f7ab087e4b07aaa5caeafe2,POI-22,Dessert Shop,
4f7adbaae4b0c69aa3ec202a,POI-41,Ramen /  Noodle House,
4f7adbbbe4b07d8b1f5688e6,POI-36,Asian Restaurant,
4f7bb54ae4b02cdb827a2b96,POI-30,Water Park,
4f7bbb1ae4b032112a0438bb,POI-73,Electronics Store,
4f7bd087e4b08ed8987c38f6,POI-70,Korean Restaurant,
4f7be2dae4b0c637fa963267,POI-33,Italian Restaurant,
4f7c2551e4b066eb234120f8,POI-168,Comedy Club,
4f7c43dfe4b0f6b0d4bf2064,POI-22,Dessert Shop,
4f7cba93e4b0bd0cff7b1234,POI-26,Park,
4f7d26f8e4b062316a9e0ddf,POI-133,Salad Place,
4f7d606ce4b006944ea2a2e2,POI-43,Vegetarian / Vegan Restaurant,
4f7d70f0e4b0fe09413596e3,POI-87,Car Dealership,
4f7d71e3e4b0fe09413630ac,POI-83,Fried Chicken Joint,
4f7d755ee4b006944eaede32,POI-10,Coffee Shop,
4f7da0b7e4b0a665d211d659,POI-2,Bar,
4f7dabe0e4b09204d287d438,POI-13,Diner,
4f7e82d9e4b0f6968ebea3b4,POI-36,Asian Restaurant,
4f7e91bae4b0c2f763afafa1,POI-84,Boutique,
4f7edd51d5fb369a163d41b3,POI-149,Nail Salon,
4f7edecbe4b068381413f048,POI-14,Pub,
4f7ee31ae4b00502a8f202e2,POI-2,Bar,
4f7eea64e4b0ac821d23ba90,POI-50,Movie Theater,
4f7f8b2fe4b0d99658ec5d1b,POI-60,Automotive Shop,
4f7fab3ee4b0e160b8904593,POI-73,Electronics Store,
4f802a89e4b020c7bd968fd1,POI-17,Chinese Restaurant,
4f803848e4b08004b3ba4469,POI-141,Speakeasy,
4f803adfe4b024a26cfe8c3f,POI-32,Pizza Place,
4f80462de4b050ced5a20a3a,POI-2,Bar,
4f806a19e4b0c2f76565a8bd,POI-2,Bar,
4f80b80fe4b0a6d0b665c530,POI-153,Bed & Breakfast,
4f80dcb5e4b0e533acc4d428,POI-10,Coffee Shop,
4f80f294e4b08004b48adde8,POI-56,Cosmetics Shop,
4f8110b8e4b0bf6cca192d89,POI-92,Salon / Barbershop,
4f811646c2ee0bc7deb13be9,POI-16,Australian Restaurant,
4f812a30e4b0e533ad0b7785,POI-74,Fast Food Restaurant,
4f81349ae4b020c7beae55cf,POI-32,Pizza Place,
4f814679e4b0ef2098f62a9e,POI-76,Deli / Bodega,
4f8158dce4b0fc8b195e4623,POI-96,Karaoke Bar,
4f815d17e4b0c0cb0450b017,POI-26,Park,
4f815d17e4b0c7b855ff6167,POI-26,Park,
4f815e6be4b0d9965aab1abc,POI-36,Asian Restaurant,
4f81659ee4b04cf789b5e5af,POI-66,Grocery Store,
4f81692de4b042dc21b0f998,POI-100,Sports Bar,
4f819050e4b09a1477d1de43,POI-73,Electronics Store,
4f81994ee4b0c0cb0486e232,POI-32,Pizza Place,
4f8223eee4b04cf78a746557,POI-74,Fast Food Restaurant,
4f8277a0e4b01e69d8d8962b,POI-57,Miscellaneous Shop,
4f829ebce4b0a6d0b81d7443,POI-54,Clothing Store,
4f82b410e4b0a458bc19ea43,POI-136,Thrift / Vintage Store,
4f82ba3ee4b0092781143ba1,POI-81,Steakhouse,
4f82c56fe4b0fc8b1aa2c4b0,POI-17,Chinese Restaurant,
4f82db78e4b02b956b1d4c23,POI-125,Other Nightlife,
4f82e095e4b02b956b23840c,POI-124,Hot Dog Joint,
4f82e409e4b0c7b85769ddde,POI-23,Jazz Club,
4f830c99e4b0fdf503c6aaea,POI-10,Coffee Shop,
4f833bade4b06d09fbcd399b,POI-102,Bbq Joint,
4f83be8de4b0f2d8d100f29d,POI-132,Filipino Restaurant,
4f83cc88e4b03669d23a4562,POI-10,Coffee Shop,
4f83d49ae4b07f5e7717f737,POI-92,Salon / Barbershop,
4f8400a2e4b0cfa53e9d3d62,POI-46,Japanese Restaurant,
4f84169be4b072142de81e37,POI-74,Fast Food Restaurant,
4f842b14e4b0355f6897e9bf,POI-39,Restaurant,
4f842ecae4b0e8bef1c4e30c,POI-98,Snack Place,
4f8472b9e4b03669d2c61efd,POI-125,Other Nightlife,
4f84fdfce4b0ea7937189da6,POI-10,Coffee Shop,
4f85167be4b0cf6febb2991a,POI-92,Salon / Barbershop,
4f8531c3e4b090c48aa782d7,POI-133,Salad Place,
4f855860e4b019ac2083ca50,POI-67,Gym,
4f855b82e4b05ea63f58a717,POI-42,Food Court,
4f8560a1e4b013f9e6115c4b,POI-36,Asian Restaurant,
4f856bc5e4b0f0cde0526464,POI-1,Wine Bar,
4f857d4ce4b0ea793775f9e0,POI-61,Shoe Store,
4f858959e4b0657ba7baeec6,POI-61,Shoe Store,
4f85ac82e4b041623e976810,POI-14,Pub,
4f867e01e4b089f055fd247a,POI-42,Food Court,
4f867f05e4b005d95fbd362f,POI-123,Convenience Store,
4f868ac1e4b0fa91a1648e9c,POI-57,Miscellaneous Shop,
4f86b340e4b079949fcca01c,POI-46,Japanese Restaurant,
4f86b505e4b0c69e7d5fe807,POI-145,Farmers Market,
4f86bed7e4b02900b7564a4f,POI-59,Men'S Store,
4f86c2cee4b09445ea94642a,POI-41,Ramen /  Noodle House,
4f86c763e4b005d95ff69e6a,POI-17,Chinese Restaurant,
4f870347e4b0089de6ad2c91,POI-58,Accessories Store,
4f87ae8fe4b03a0f23d33efd,POI-40,Seafood Restaurant,
4f87b2a3e4b05ae8873c32cc,POI-33,Italian Restaurant,
4f87c273e4b09582a0c64745,POI-149,Nail Salon,
4f87fe9ee4b0202c04d88049,POI-103,Mobile Phone Shop,
4f880ba0e4b0cec3a9e3e056,POI-46,Japanese Restaurant,
4f880f21e4b0b1c4ae697bdb,POI-70,Korean Restaurant,
4f8811a7e4b056350e1ed756,POI-125,Other Nightlife,
4f881f60e4b07efb9c91be5a,POI-40,Seafood Restaurant,
4f882c79e4b0af04bf4e7df3,POI-36,Asian Restaurant,
4f884b4ae4b0cec3aa269847,POI-19,French Restaurant,
4f88f1e8e4b055d22f8a1b79,POI-42,Food Court,
4f88f44de4b01f95a27e4bbf,POI-36,Asian Restaurant,
4f890b6fe4b0ab0c1ab3a2cd,POI-17,Chinese Restaurant,
4f8913f4e4b0e6f348347405,POI-128,Kids Store,
4f891845e4b01f95a29a1025,POI-42,Food Court,
4f893489e4b05ae8889c9657,POI-103,Mobile Phone Shop,
4f895826e4b0ab0c1aecaed3,POI-10,Coffee Shop,
4f896d86e4b060b7f761648f,POI-4,Resort,
4f8971f4e4b057e28075080a,POI-98,Snack Place,
4f897997e4b0e81f6775c8eb,POI-50,Movie Theater,
4f8984f6e4b005979e4b59fc,POI-116,Beer Garden,
4f898e87e4b057e28091d998,POI-10,Coffee Shop,
4f8a09c1e4b0b1c4b05adcf9,POI-74,Fast Food Restaurant,
4f8a70e6e4b024e85598181a,POI-80,Ice Cream Shop,
4f8a7a67e4b04a075f963afa,POI-37,Thai Restaurant,
4f8a82f3e4b01f95a3e64031,POI-92,Salon / Barbershop,
4f8a8cb2e4b0bae898108bdf,POI-63,Bakery,
4f8a91e4e4b07efb9edccd81,POI-36,Asian Restaurant,
4f8a9cafe4b04a075fae15fb,POI-70,Korean Restaurant,
4f8aa606e4b047d84b359152,POI-130,Food Truck,
4f8aac70e4b0af4d4f026ac8,POI-17,Chinese Restaurant,
4f8ad97ce4b05ae88a1d4f5d,POI-121,Flea Market,
4f8b0d80e4b005c392a19aaf,POI-39,Restaurant,
4f8b9c77e4b076717ccf70e6,POI-73,Electronics Store,
4f8b9d1de4b04a07609a60a0,POI-73,Electronics Store,
4f8bab23e4b055d23203bd98,POI-115,Soup Place,
4f8bae21e4b00a6263ec9086,POI-14,Pub,
4f8bb27ce4b060b7f97e8d17,POI-56,Cosmetics Shop,
4f8bbaabe4b01f95a4fd88de,POI-42,Food Court,
4f8bec68e4b039b1474c93a1,POI-123,Convenience Store,
4f8c1810e4b0ab5c8a59ce15,POI-90,Light Rail,
4f8cab83e4b070473297f518,POI-56,Cosmetics Shop,
4f8cbf02e4b019466808e1c4,POI-18,Indian Restaurant,
4f8d0490e4b01946683cf012,POI-17,Chinese Restaurant,
4f8d17bfe4b021fa8ae45c74,POI-42,Food Court,
4f8d1afbe4b02aede00d3f05,POI-10,Coffee Shop,
4f8d4ca7e4b07047331340ed,POI-40,Seafood Restaurant,
4f8d5095e4b0a7ee5a2567e3,POI-22,Dessert Shop,
4f8d531be4b013a98409a533,POI-7,American Restaurant,
4f8d5a8de4b05ee6cdbf1d1a,POI-109,Eastern European Restaurant,
4f8d5b27e4b0b14f6ca5d480,POI-83,Fried Chicken Joint,
4f8d8005e4b05426ef7271ea,POI-58,Accessories Store,
4f8dfa12e4b0321759b1e67f,POI-28,Plaza,
4f8e19fae4b019b4971494f3,POI-10,Coffee Shop,
4f8e3c05e4b0cb22875d45e7,POI-123,Convenience Store,
4f8e7efbe4b007514cf44a59,POI-128,Kids Store,
4f8ebccee4b02540ff35ce5b,POI-2,Bar,
4f8ec99ee4b0db19c0076c70,POI-163,Piano Bar,
4f8eff28e4b030bfd64086b0,POI-36,Asian Restaurant,
4f8fb899e4b076208a0c51c2,POI-36,Asian Restaurant,
4f8fc7f8e4b0c550e167ad9f,POI-56,Cosmetics Shop,
4f8fcb24e4b096033028afb6,POI-61,Shoe Store,
4f8fe3cfe4b096033039f069,POI-21,Lounge,
4f8fefb5e4b01582b2e98912,POI-39,Restaurant,
4f8ff5b5e4b04cce8a041a76,POI-99,Hookah Bar,
4f8ffab4e4b05b1cb7122446,POI-115,Soup Place,
4f9112d9e4b079c23b2aca95,POI-54,Clothing Store,
4f911b4be4b07256ee225e4b,POI-108,Scandinavian Restaurant,
4f91384ae4b0ad24559c8b50,POI-69,Spa / Massage,
4f913d18e4b0ead197a2553a,POI-57,Miscellaneous Shop,
4f914677e4b07f1dec7f8cf6,POI-19,French Restaurant,
4f91587ee4b04c93d57fe3d1,POI-17,Chinese Restaurant,
4f917f3ae4b0a9b8bd35dc6e,POI-2,Bar,
4f91eb5fe4b0780fc582127f,POI-90,Light Rail,
4f922e0ee4b0e88c7e46be15,POI-90,Light Rail,
4f924bc4e4b01cffa0d4cbaf,POI-113,General Travel,
4f9257c8e4b04b1ee15c337b,POI-33,Italian Restaurant,
4f92583ae4b0f08d3f50ba82,POI-57,Miscellaneous Shop,
4f928899e4b01143d170af3c,POI-112,Gift Shop,
4f928e77e4b0599b4e39b997,POI-55,Sporting Goods Shop,
4f92910ce4b0599b4e3b3000,POI-70,Korean Restaurant,
4f929a34e4b0532d5d1d18ec,POI-10,Coffee Shop,
4f929d71e4b03742d984a29c,POI-50,Movie Theater,
4f92a556e4b0532d5d251486,POI-56,Cosmetics Shop,
4f936a63e4b0242d617752e5,POI-39,Restaurant,
4f9378f4e4b0ab5f0a1442ed,POI-54,Clothing Store,
4f93985ce4b0d0d98922d546,POI-77,Sushi Restaurant,
4f93b10ae4b0242d61a3f9b8,POI-55,Sporting Goods Shop,
4f93b577e4b0dcd91285c614,POI-63,Bakery,
4f93ce16e4b020d1a3840898,POI-17,Chinese Restaurant,
4f93f448e4b04c3ffa2d4b96,POI-112,Gift Shop,
4f94282de4b0532d5e447889,POI-74,Fast Food Restaurant,
4f950180e4b0a20c27821ec1,POI-117,Bike Shop,
4f950b90e4b04d6cccd7b462,POI-21,Lounge,
4f95144be4b01cffa2d1203f,POI-22,Dessert Shop,
4f951881e4b0eba952f6a52e,POI-63,Bakery,
4f953172e4b0c98ce1d5bf14,POI-107,Pet Store,
4f953359e4b0a510a7eebe96,POI-26,Park,
4f9538d9e4b01970bd19d09d,POI-40,Seafood Restaurant,
4f962715e4b0266a4f570183,POI-36,Asian Restaurant,
4f96398ae4b00a9c4e452af0,POI-34,Mediterranean Restaurant,
4f964f1be4b0b10b9c67d711,POI-36,Asian Restaurant,
4f966219e4b0b10b9c7268bd,POI-66,Grocery Store,
4f968506e4b0d95a83537b75,POI-62,Jewelry Store,
4f968b36e4b087cfaa700cc8,POI-53,Department Store,
4f96a6bee4b07e54f0e62a55,POI-74,Fast Food Restaurant,
4f96acdee4b04b568826119b,POI-36,Asian Restaurant,
4f96b59fe4b03fde92791e4f,POI-125,Other Nightlife,
4f96caa6e4b0dc9b10054c24,POI-123,Convenience Store,
4f96dc0de4b03fde9298aa7c,POI-32,Pizza Place,
4f978823e4b08ab388083423,POI-70,Korean Restaurant,
4f97c238e4b06330b5680228,POI-15,Cocktail Bar,
4f97d5a8e4b012474d17e35b,POI-48,Theater,
4f97e0ffe4b0d508e6ce710a,POI-85,Furniture / Home Store,
4f982de7e4b0b093e4d1b05f,POI-66,Grocery Store,
4f982ebbe4b0793c8e6e3786,POI-123,Convenience Store,
4f98cc3ae4b07e7604b6cddd,POI-76,Deli / Bodega,
4f98d896e4b02810030adea0,POI-149,Nail Salon,
4f99329ae4b0bafe893200cd,POI-40,Seafood Restaurant,
4f993f7be4b0065e73eb9853,POI-22,Dessert Shop,
4f997c42e4b0bafe896d36dc,POI-125,Other Nightlife,
4f99b698e4b065f27fe7c979,POI-36,Asian Restaurant,
4f99fe15e4b0e366e9091b07,POI-60,Automotive Shop,
4f9a712de4b0a3d1dacc5582,POI-102,Bbq Joint,
4f9a750ee4b0b38d2e1467b4,POI-70,Korean Restaurant,
4f9a9692e4b044503983cc84,POI-101,Breakfast Spot,
4f9aa0fee4b033dc29925b06,POI-89,Arcade,
4f9aaab9e4b046b0cb0c06f4,POI-112,Gift Shop,
4f9b6dfae4b043736f43de32,POI-36,Asian Restaurant,
4f9b81a6e4b0d2bd624f52af,POI-17,Chinese Restaurant,
4f9b81dce4b060642ee40de4,POI-55,Sporting Goods Shop,
4f9ba3e0e4b02aa9bf8a8dab,POI-62,Jewelry Store,
4f9bade9e4b060916844c53b,POI-84,Boutique,
4f9bc166e4b020e60f32c2e9,POI-42,Food Court,
4f9bfd18e4b02aa9bfc8b6dc,POI-39,Restaurant,
4f9cddb4e4b020e61013d88d,POI-19,French Restaurant,
4f9d1d94e4b05baf78ea6e8e,POI-36,Asian Restaurant,
4f9d236be4b060916959197b,POI-36,Asian Restaurant,
4f9d34d0e4b0849ad0fc0b01,POI-63,Bakery,
4f9d6408e4b02343c92ce3b3,POI-14,Pub,
4f9d64c3e4b0ad38568ac3f8,POI-11,Nightclub,
4f9e054be4b0027bd60a3ffc,POI-80,Ice Cream Shop,
4f9e0cade4b0d2a3aa88ae50,POI-65,Women'S Store,
4f9e2190e4b065054d849479,POI-36,Asian Restaurant,
4f9e2348e4b0b0458625a7c7,POI-39,Restaurant,
4f9e36cae4b0d296c8ccfa4c,POI-17,Chinese Restaurant,
4f9e3c7fe4b046b0cdad6d19,POI-10,Coffee Shop,
4f9e50f1e4b04a1eee54fe35,POI-42,Food Court,
4f9e71b8e4b0d2bd646883af,POI-44,Burger Joint,
4f9e7384e4b060916a44469f,POI-18,Indian Restaurant,
4f9e7574e4b04b5a69e9b252,POI-70,Korean Restaurant,
4f9e7c0fe4b0d2a3aac936db,POI-14,Pub,
4f9e976fe4b060916a609068,POI-168,Comedy Club,
4f9eaaf8e4b0ec21f6fd3c59,POI-2,Bar,
4f9eaf2ce4b0f1efa9ae28e8,POI-14,Pub,
4f9f3ff3e4b01426c55d112b,POI-10,Coffee Shop,
4f9f6e16e4b0f6bef1683361,POI-17,Chinese Restaurant,
4f9f7422e4b0deb945fa1a16,POI-57,Miscellaneous Shop,
4f9f78d8e4b08f85154adc4b,POI-17,Chinese Restaurant,
4f9fb83ee4b0f6bef18f31d6,POI-17,Chinese Restaurant,
4f9fc1b5e4b0d2f10942be09,POI-11,Nightclub,
4f9fc29fe4b03a80573f17c8,POI-61,Shoe Store,
4f9fc64fe4b04840b9f6c9a6,POI-17,Chinese Restaurant,
4f9fd475e4b02b7fdabe2aeb,POI-17,Chinese Restaurant,
4f9fd8a0e4b04840ba04bf9b,POI-45,Indonesian Restaurant,
4fa0131ce4b018e2a53b63b8,POI-10,Coffee Shop,
4fa08010e4b0f8dae10c30b1,POI-42,Food Court,
4fa09ee8e4b00c5d714a4d7a,POI-98,Snack Place,
4fa10ea5e4b005279078df7a,POI-69,Spa / Massage,
4fa113e8e4b0ae7d34fdfa61,POI-2,Bar,
4fa11f8ce4b0e1be2a6e9e37,POI-69,Spa / Massage,
4fa14259e4b0f30726fc49f2,POI-80,Ice Cream Shop,
4fa21e42e4b0668cabe42c1f,POI-76,Deli / Bodega,
4fa227afe4b088759559ad55,POI-22,Dessert Shop,
4fa23402e4b08536fe4902f3,POI-13,Diner,
4fa234bae4b0b50902c8ccb2,POI-67,Gym,
4fa2361ce4b04c7030fdd825,POI-67,Gym,
4fa23aaee4b0bd954ebf8829,POI-56,Cosmetics Shop,
4fa27015e4b08536fe6d0da1,POI-46,Japanese Restaurant,
4fa27517e4b0a03ddc441bbf,POI-17,Chinese Restaurant,
4fa27e61e4b072b6858eaeba,POI-66,Grocery Store,
4fa2964fe4b079e89e41fed0,POI-125,Other Nightlife,
4fa29f22e4b0793be5b10875,POI-10,Coffee Shop,
4fa34755e4b041937456c34e,POI-56,Cosmetics Shop,
4fa3512de4b0bbcd485db854,POI-84,Boutique,
4fa360d0e4b0d607b78a066c,POI-81,Steakhouse,
4fa3617ee4b098f429b24b4b,POI-138,Wine Shop,
4fa36e3de4b0dd0f111c8d7c,POI-132,Filipino Restaurant,
4fa376f5e4b0fd4c3d864eb6,POI-42,Food Court,
4fa384de771628be7cb39020,POI-82,Swiss Restaurant,
4fa38ef6e4b028d55896734d,POI-121,Flea Market,
4fa39609e4b0ace4729ac95d,POI-22,Dessert Shop,
4fa3984be4b089a958f5bd0b,POI-153,Bed & Breakfast,
4fa3abc7e4b012fefc01c451,POI-57,Miscellaneous Shop,
4fa3b179e4b09d4d443c710a,POI-15,Cocktail Bar,
4fa3b503e4b024433559d337,POI-48,Theater,
4fa3bab9e4b00f7193cfe2e1,POI-10,Coffee Shop,
4fa3dc23e4b08e1f879fb8fa,POI-92,Salon / Barbershop,
4fa41d42e4b0f902066c9f72,POI-11,Nightclub,
4fa4b991e4b0ac15cf340633,POI-69,Spa / Massage,
4fa4cd93e4b0a34ac718f4e7,POI-63,Bakery,
4fa4e3b4e4b0548306781d33,POI-123,Convenience Store,
4fa50470e4b0e4baa2545b74,POI-17,Chinese Restaurant,
4fa504e5e4b00f7194c90144,POI-46,Japanese Restaurant,
4fa50d5ee4b08e1f8885003e,POI-37,Thai Restaurant,
4fa52468e4b0752c69257001,POI-102,Bbq Joint,
4fa52809e4b0d6f4bc705eaa,POI-114,Video Game Store,
4fa548d8e4b094b9463347e9,POI-89,Arcade,
4fa5bfbee4b0244336f462b3,POI-13,Diner,
4fa5eba6e4b017a5e05c4819,POI-115,Soup Place,
4fa60309e4b05483075adf2a,POI-11,Nightclub,
4fa60403e4b05483075b7a9f,POI-123,Convenience Store,
4fa606cbe4b0fc2afb8136fb,POI-6,Tea Room,
4fa60c02e4b0fed4824de098,POI-41,Ramen /  Noodle House,
4fa61ecae4b08e1f895f28f9,POI-107,Pet Store,
4fa63435e4b0f90207fdd82c,POI-13,Diner,
4fa64eeee4b017e938b7eefc,POI-36,Asian Restaurant,
4fa66575e4b0cfe54d9ed042,POI-10,Coffee Shop,
4fa66c5ae4b047f0ecf45e53,POI-46,Japanese Restaurant,
4fa69097e4b047f0ed0f0982,POI-33,Italian Restaurant,
4fa69e2ee4b0ed0282de04ef,POI-11,Nightclub,
4fa7199ae4b04193772afc16,POI-74,Fast Food Restaurant,
4fa7278ee4b0752c6aab341b,POI-30,Water Park,
4fa72906e4b0e7038c9474df,POI-41,Ramen /  Noodle House,
4fa73bc8e4b0fc2afc591db9,POI-74,Fast Food Restaurant,
4fa75083e4b0d607ba6ffd6a,POI-168,Comedy Club,
4fa76837e4b0baf7ceba6c71,POI-73,Electronics Store,
4fa76f45e4b0ac15d128f828,POI-74,Fast Food Restaurant,
4fa77d8de4b0217539845c86,POI-41,Ramen /  Noodle House,
4fa7a30de4b09d4d4720038e,POI-80,Ice Cream Shop,
4fa7a3dce4b063f123aeb677,POI-98,Snack Place,
4fa7a7e8e4b05ddd68a63331,POI-10,Coffee Shop,
4fa7b9c9e4b017e939af3038,POI-26,Park,
4fa89aace4b03965592bc49a,POI-54,Clothing Store,
4fa8be8be4b09ce16561c90f,POI-92,Salon / Barbershop,
4fa8df0de4b064af5067d296,POI-69,Spa / Massage,
4fa9027de4b07650f782bc5a,POI-103,Mobile Phone Shop,
4fa905fbe4b047ccd17ea9d4,POI-17,Chinese Restaurant,
4fa90bc3e4b09ce165786f7f,POI-110,Yoga Studio,
4fa92eb4e4b047ccd18f0258,POI-101,Breakfast Spot,
4fa9ead9e4b07393d4b97773,POI-74,Fast Food Restaurant,
4fa9efcbe4b0bddef5a24557,POI-33,Italian Restaurant,
4fa9f0cee4b04de1743a8b37,POI-137,Juice Bar,
4fa9f9f5e4b06439cc3db100,POI-42,Food Court,
4faa0c6de4b048756daf561b,POI-21,Lounge,
4faa0c80e4b0ed71c167c329,POI-10,Coffee Shop,
4faa3b80e4b09645c006e25a,POI-48,Theater,
4faa48d57b0ccca3f484e38a,POI-39,Restaurant,
4faa4a42e4b04f61e2b6590b,POI-130,Food Truck,
4faa4b0be4b0328fbea2e56d,POI-124,Hot Dog Joint,
4faa5703e4b0ef7623cce3f6,POI-69,Spa / Massage,
4fab021de4b013e03a0b31a4,POI-39,Restaurant,
4fab32cfe4b06a597711e140,POI-22,Dessert Shop,
4fab380be4b0a1a273a6b6ef,POI-88,Sandwich Place,
4fab5eb7e4b09016f6ac449b,POI-84,Boutique,
4fab99e2e4b024d200752306,POI-14,Pub,
4fabc805e4b06a5977404d7f,POI-66,Grocery Store,
4fabcc46e4b04b8d301b3d7c,POI-36,Asian Restaurant,
4fabec52e4b0685b5b181837,POI-153,Bed & Breakfast,
4fac7045e4b06d18cc091e6f,POI-105,Gourmet Shop,
4fac7feee4b00911a6ea78ad,POI-54,Clothing Store,
4fac98dee4b027b735f94c83,POI-84,Boutique,
4fac9d41e4b0304af5d20dd7,POI-42,Food Court,
4fac9e6fe4b0304af5d2674d,POI-39,Restaurant,
4faca2c0e4b09c3c724a711f,POI-37,Thai Restaurant,
4facbcdae4b027b73603216b,POI-54,Clothing Store,
4faccab7e4b08d12aa4043b4,POI-123,Convenience Store,
4faccddde4b03481b51b4b21,POI-93,Tapas Restaurant,
4face66de4b0ad9c3fdba96e,POI-33,Italian Restaurant,
4facf941e4b03d09566762c9,POI-92,Salon / Barbershop,
4facff76e4b0323982675c5d,POI-36,Asian Restaurant,
4fad0049e4b08e3811459e3c,POI-63,Bakery,
4fad062be4b027b73618ec4b,POI-37,Thai Restaurant,
4fad0ce1e4b0c811feae3cc7,POI-103,Mobile Phone Shop,
4fad0e46e4b0e93c1eb57655,POI-65,Women'S Store,
4fad16ece4b08da80a371efe,POI-39,Restaurant,
4fad188ae4b09df5d1959439,POI-46,Japanese Restaurant,
4fad8580e4b0bd833323f8a4,POI-175,Burrito Place,
4fadc097e4b08885ff10a392,POI-40,Seafood Restaurant,
4fade7d6e4b0b876f0ed4817,POI-44,Burger Joint,
4fadfa29e4b085f6b279ffec,POI-56,Cosmetics Shop,
4fae0f4ee4b028e6bc67b2b8,POI-88,Sandwich Place,
4fae2ebce4b0ba6ff3e348b3,POI-22,Dessert Shop,
4fae3367e4b0e047b1eaa500,POI-54,Clothing Store,
4fae3ec0e4b028e6bc74eab2,POI-4,Resort,
4fae4029e4b047f11d101346,POI-37,Thai Restaurant,
4fae4a4ee4b03b8054e5d339,POI-17,Chinese Restaurant,
4fae502fe4b021a2bffe9854,POI-107,Pet Store,
4fae53d8e4b0d39d52fbf5f4,POI-81,Steakhouse,
4fae6cc5e4b03d5226fcb94d,POI-5,Gaming Cafe,
4fae6f87e4b0815907deb702,POI-2,Bar,
4fae7588e4b0c29a764edd08,POI-11,Nightclub,
4fae7c28e4b03b8054f97cc3,POI-39,Restaurant,
4faf34dae4b0ec8289710c30,POI-46,Japanese Restaurant,
4faf39ffe4b09cca61da5608,POI-18,Indian Restaurant,
4faf44fee4b0c8d288808d18,POI-84,Boutique,
4faf47c8e4b08a2bb9a8dada,POI-36,Asian Restaurant,
4faf5b2ae4b0ba6ff451efc0,POI-27,Art Gallery,
4faf8ac5e4b0c8d2889383e6,POI-32,Pizza Place,
4faf917ae4b0861ead046bc1,POI-43,Vegetarian / Vegan Restaurant,
4faf93c7e4b09cca61f31142,POI-83,Fried Chicken Joint,
4faf9a42e4b0fa27b8ca7e8f,POI-41,Ramen /  Noodle House,
4faf9bc4e4b0f4503aa6ae26,POI-63,Bakery,
4fafe48ce4b0ec8289a8ddb7,POI-123,Convenience Store,
4fb05404e4b08885fff3efb6,POI-73,Electronics Store,
4fb0638be4b0c92a8881dfa8,POI-143,Motel,
4fb07bcae4b085862f535e59,POI-44,Burger Joint,
4fb0b160e4b0e047b2c2f922,POI-70,Korean Restaurant,
4fb0c18ce4b0c29a7711c17a,POI-39,Restaurant,
4fb0edd9e4b0fd09a9f8156a,POI-36,Asian Restaurant,
4fb10250e4b084c29a143ca2,POI-66,Grocery Store,
4fb10f5ce4b0664ab86d3104,POI-116,Beer Garden,
4fb13521e4b05af0a1f30976,POI-96,Karaoke Bar,
4fb13577e4b097c37f2f4bea,POI-96,Karaoke Bar,
4fb18259e4b0e2be9a09ae36,POI-89,Arcade,
4fb182dbe4b008e1d710106c,POI-30,Water Park,
4fb1d787e4b04c40299ed0c8,POI-46,Japanese Restaurant,
4fb1e1f7e4b03b8c9d98e954,POI-80,Ice Cream Shop,
4fb20dbde4b0f1afb4e975d9,POI-17,Chinese Restaurant,
4fb22d81e4b04c4029b63b56,POI-154,Optical Shop,
4fb240c8e4b010d66eb4467e,POI-72,Vietnamese Restaurant,
4fb25473e4b0aed64c6f2741,POI-176,Fish & Chips Shop,
4fb28fe0e4b0968bdd299e2a,POI-17,Chinese Restaurant,
4fb2a70de4b0968bdd322962,POI-74,Fast Food Restaurant,
4fb2f853e4b07a59a647e9cc,POI-7,American Restaurant,
4fb348ede4b01462ac83f8fb,POI-92,Salon / Barbershop,
4fb36191e4b076d9e9a3728b,POI-69,Spa / Massage,
4fb3656de4b0643f9b617241,POI-61,Shoe Store,
4fb36b4ce4b035d022ff2b20,POI-2,Bar,
4fb37820e4b09ed2e079b95a,POI-123,Convenience Store,
4fb3813ce4b0947c3d5d9ede,POI-98,Snack Place,
4fb38f83e4b0271a4c39d4ac,POI-123,Convenience Store,
4fb395f0e4b0e9a98d31f29d,POI-92,Salon / Barbershop,
4fb399afe4b053b121b04aa0,POI-92,Salon / Barbershop,
4fb39f56e4b02d8458adfca6,POI-17,Chinese Restaurant,
4fb49303e4b0e0f14570e451,POI-83,Fried Chicken Joint,
4fb4a2c7e4b06fa0ebc907ff,POI-88,Sandwich Place,
4fb4a40be4b0bc649c4e1565,POI-92,Salon / Barbershop,
4fb52109e4b096440eb441c1,POI-7,American Restaurant,
4fb530abe4b010633216e560,POI-22,Dessert Shop,
4fb58648e4b0c328ddd48dea,POI-162,Rental Car Location,
4fb5cfd6e4b0b94cfbdcb9ce,POI-13,Diner,
4fb5d00ee4b0467a1d59194f,POI-84,Boutique,
4fb5e1cce4b014d7529246e8,POI-92,Salon / Barbershop,
4fb6080fe4b065374e3c1ca8,POI-80,Ice Cream Shop,
4fb6222ce4b0ec527a7cc01e,POI-84,Boutique,
4fb62f87e4b05ee27dfd00a5,POI-43,Vegetarian / Vegan Restaurant,
4fb631fbe4b06101ea0a0182,POI-19,French Restaurant,
4fb6359ce4b0aced0a830780,POI-10,Coffee Shop,
4fb65351e4b0c4871ba95905,POI-42,Food Court,
4fb66e79e4b0b94cfc129dde,POI-18,Indian Restaurant,
4fb67725e4b0b94cfc169a14,POI-2,Bar,
4fb6f68de4b037af18c1a42c,POI-69,Spa / Massage,
4fb72939e4b0636b70bbf46a,POI-42,Food Court,
4fb747a8e4b0cd8fd12a9a13,POI-80,Ice Cream Shop,
4fb74fc1e4b04e126f9df7e7,POI-22,Dessert Shop,
4fb75de1e4b0397fc06ba2a3,POI-36,Asian Restaurant,
4fb76206e4b0516e87293221,POI-63,Bakery,
4fb773cbe4b0cd8fd1370670,POI-59,Men'S Store,
4fb7828ee4b0636b70d5c9f1,POI-40,Seafood Restaurant,
4fb7869be4b0516e87345308,POI-35,Dim Sum Restaurant,
4fb79062e4b085b06eacb58d,POI-36,Asian Restaurant,
4fb79971e4b00936589e84dd,POI-36,Asian Restaurant,
4fb7bf81e4b06c5b8f8b5f7e,POI-2,Bar,
4fb87d80e4b0bd07fdc095df,POI-83,Fried Chicken Joint,
4fb8840de4b0e055b58752f2,POI-66,Grocery Store,
4fb88538e4b0d0dd7e78f9cf,POI-83,Fried Chicken Joint,
4fb89b5ee4b0fee48fc3da24,POI-81,Steakhouse,
4fb8a5dce4b029dcb21a2440,POI-46,Japanese Restaurant,
4fb8c725e4b059d06e50c0b4,POI-36,Asian Restaurant,
4fb8ca19e4b06d1e69c14fb0,POI-74,Fast Food Restaurant,
4fb8cb82e4b0bd07fdd5c05a,POI-37,Thai Restaurant,
4fb8d2b5e4b0fee48fd2dbbd,POI-176,Fish & Chips Shop,
4fb8d943e4b029dcb2286802,POI-37,Thai Restaurant,
4fb9afb5e4b00f660c7b1b06,POI-116,Beer Garden,
4fb9db00e4b0eca653a00d86,POI-36,Asian Restaurant,
4fb9fefde4b04e0bf48643df,POI-41,Ramen /  Noodle House,
4fba0ea9e4b0613b62940501,POI-160,Laundry Service,
4fba2317e4b044552f8a4119,POI-73,Electronics Store,
4fbac701e4b0ffe177a82e30,POI-67,Gym,
4fbadad2e4b0538ee15a84cb,POI-67,Gym,
4fbb151ae4b0ae1c34df0ef5,POI-13,Diner,
4fbb283ee4b0d636a599c636,POI-62,Jewelry Store,
4fbb2b82e4b009d97de84812,POI-36,Asian Restaurant,
4fbb337fe4b0d1b2bf6cc86c,POI-149,Nail Salon,
4fbb8178e4b0c673b67cd43c,POI-43,Vegetarian / Vegan Restaurant,
4fbb8b37e4b01e92342daf4c,POI-21,Lounge,
4fbba438e4b055f4b2f6ce29,POI-96,Karaoke Bar,
4fbc0f03e4b06c46322cf2b7,POI-22,Dessert Shop,
4fbc59d3e4b083d188c2008f,POI-80,Ice Cream Shop,
4fbc7370e4b0742d2e354cac,POI-46,Japanese Restaurant,
4fbc750de4b0c3cedacf7d61,POI-74,Fast Food Restaurant,
4fbccefae4b0742d2e4f8164,POI-11,Nightclub,
4fbcd0a1e4b000527bfad571,POI-45,Indonesian Restaurant,
4fbd8715e4b06a0de5ad5f58,POI-113,General Travel,
4fbdc454e4b0291b655cd647,POI-69,Spa / Massage,
4fbdc56be4b058a3cbc86a24,POI-10,Coffee Shop,
4fbdf2a9e4b057d1bd919318,POI-88,Sandwich Place,
4fbe0819e4b00375eefc330a,POI-85,Furniture / Home Store,
4fbe154ce4b08dd4671a5854,POI-38,Middle Eastern Restaurant,
4fbe1b6ae4b0923d5c25005c,POI-84,Boutique,
4fbe3381e4b096c17b88de33,POI-40,Seafood Restaurant,
4fbf1295e4b02e98a8d01a34,POI-17,Chinese Restaurant,
4fbf2633e4b0865b9d704d97,POI-98,Snack Place,
4fbf3423e4b0801de3fb931b,POI-33,Italian Restaurant,
4fbf77ace4b07c0ab04de1ee,POI-84,Boutique,
4fbf811be4b01d88cdbef1fb,POI-44,Burger Joint,
4fbfb219e4b0a3bda01b73e9,POI-2,Bar,
4fbfb557e4b0327850f6986b,POI-167,Whisky Bar,
4fc04c61e4b0d51624a6df86,POI-22,Dessert Shop,
4fc05b0ee4b0758d912b1b27,POI-41,Ramen /  Noodle House,
4fc05c12e4b0bb07320be087,POI-39,Restaurant,
4fc06cf6e4b04422a0c1f319,POI-17,Chinese Restaurant,
4fc0851a754a72dd5ed0d500,POI-63,Bakery,
4fc0979de4b08585ffe619cb,POI-33,Italian Restaurant,
4fc09b3be4b089f18bb0dd4e,POI-80,Ice Cream Shop,
4fc0a4b6e4b0557038b39ed7,POI-40,Seafood Restaurant,
4fc0ad62e4b0bccbf5c29b02,POI-49,Multiplex,
4fc0b076e4b071420e666ad1,POI-13,Diner,
4fc0b30de4b0bccbf5c4768f,POI-61,Shoe Store,
4fc0b8bbe4b08acaf458b07a,POI-19,French Restaurant,
4fc0bb7de4b02db73de15259,POI-21,Lounge,
4fc1ad86e4b0cec9324c0c1e,POI-33,Italian Restaurant,
4fc1b198e4b0d516252d2f9f,POI-73,Electronics Store,
4fc1b7f0e4b07c20e9e683e8,POI-67,Gym,
4fc1cb65e4b05b8503430daa,POI-9,Rock Club,
4fc1d985e4b0e700fbe98fc8,POI-80,Ice Cream Shop,
4fc1e1f6e4b01d437e3b8385,POI-85,Furniture / Home Store,
4fc20efee4b0a06f8ec061c0,POI-98,Snack Place,
4fc22aa8e4b0e4e80d30add4,POI-7,American Restaurant,
4fc2e009e4b0e4e80d7ab8dc,POI-88,Sandwich Place,
4fc2f28de4b00f3597e89565,POI-113,General Travel,
4fc2f30fe4b0f6b4ee84ea3d,POI-42,Food Court,
4fc3193ee4b09af80bba5f14,POI-88,Sandwich Place,
4fc31c49e4b0f6b4ee90f3be,POI-41,Ramen /  Noodle House,
4fc342e0e4b0e12f8eacedca,POI-36,Asian Restaurant,
4fc35ad7e4b0117b744ab2e3,POI-50,Movie Theater,
4fc41f04e4b0b469dfca9f97,POI-63,Bakery,
4fc42bcae4b01ac8e17be15d,POI-26,Park,
4fc446dfe4b0ae08ad764569,POI-57,Miscellaneous Shop,
4fc45169e4b0829fe0ead827,POI-46,Japanese Restaurant,
4fc451fae4b0165c91658732,POI-39,Restaurant,
4fc4587de4b0d678233fc7c9,POI-85,Furniture / Home Store,
4fc45e9fe4b00c62acfbab1a,POI-18,Indian Restaurant,
4fc47a21e4b06b772153dcb6,POI-46,Japanese Restaurant,
4fc4b192e4b0635c5d6847cd,POI-8,Gastropub,
4fc4ba26e4b02cfa67dd2df8,POI-83,Fried Chicken Joint,
4fc4bc64e4b0821fe51f2e79,POI-58,Accessories Store,
4fc4cd7fe4b0b2ce4a295179,POI-10,Coffee Shop,
4fc5a609e4b0bf27800957ab,POI-70,Korean Restaurant,
4fc5ad1fe4b0bf269c0505c8,POI-65,Women'S Store,
4fc5ca0de4b09e9ade7d9668,POI-33,Italian Restaurant,
4fc60e08e4b0c52bfc4b0cb9,POI-37,Thai Restaurant,
4fc62d52e4b00e39d30312a9,POI-35,Dim Sum Restaurant,
4fc6f719e4b0c7e37df828de,POI-61,Shoe Store,
4fc6fb0a1081c1440d7564f8,POI-44,Burger Joint,
4fc728d1e4b08b663dad2f87,POI-6,Tea Room,
4fc86babe4b0efc1d53b1939,POI-46,Japanese Restaurant,
4fc8850ae4b08eb1f5655c21,POI-13,Diner,
4fc88fcae4b0dd96d0fec001,POI-39,Restaurant,
4fc892bbe4b0dd96d1001de8,POI-42,Food Court,
4fc89d3ee4b0ab3d65844c59,POI-19,French Restaurant,
4fc8a2dde4b042a57efdfa55,POI-149,Nail Salon,
4fc8aa4ce4b03a05d4a1930e,POI-70,Korean Restaurant,
4fc8aecee4b08eb1f57a1a81,POI-18,Indian Restaurant,
4fc8b0efe4b0dd96d110516d,POI-32,Pizza Place,
4fc8ca07e4b09a4f31694683,POI-65,Women'S Store,
4fc8dc2ae4b0cc91beeac288,POI-153,Bed & Breakfast,
4fc96b6fe4b0ddddfba6a334,POI-17,Chinese Restaurant,
4fc98f87e4b0efaf51905a0e,POI-10,Coffee Shop,
4fc9991ce4b0ac8d65d88498,POI-46,Japanese Restaurant,
4fc9a32fe4b0ac96391d7752,POI-39,Restaurant,
4fc9a9a1e4b0f069f1778d4b,POI-98,Snack Place,
4fc9ab5de4b0216207f8ef57,POI-36,Asian Restaurant,
4fc9af53e4b0aa75b7226958,POI-80,Ice Cream Shop,
4fc9b617e4b08a244a2126ba,POI-159,Liquor Store,
4fc9b739e4b030416a612d22,POI-7,American Restaurant,
4fc9bd1be4b0e0e7c29d6e0e,POI-80,Ice Cream Shop,
4fc9be50e4b07b66d35eca12,POI-42,Food Court,
4fc9c602e4b0b58227a30508,POI-84,Boutique,
4fc9f6d0e4b0f598872ef344,POI-22,Dessert Shop,
4fc9f95fe4b008fb534a031a,POI-46,Japanese Restaurant,
4fca261ce4b026db0294f0e5,POI-17,Chinese Restaurant,
4fca5472e4b063c02986a803,POI-11,Nightclub,
4fca576de4b06cdf3ad8d2f1,POI-151,Argentinian Restaurant,
4fca57c4e4b053b8ae5c3df7,POI-15,Cocktail Bar,
4fcac6ebe4b02f4437c711b6,POI-81,Steakhouse,
4fcaec04e4b047f9ccb70ace,POI-17,Chinese Restaurant,
4fcaf52de4b09ba63b88b2ff,POI-92,Salon / Barbershop,
4fcb0125e4b076524ddd4fe1,POI-9,Rock Club,
4fcb217ae4b0ac244781d225,POI-115,Soup Place,
4fcb2c4fe4b0ac2447868ac9,POI-53,Department Store,
4fcb2e807beb18dd97794019,POI-91,Food & Drink Shop,
4fcb2f4ce4b068d41fe2077d,POI-120,Cupcake Shop,
4fcb5acae4b02fed0e53e0d8,POI-44,Burger Joint,
4fcb7490e4b076524e1669cf,POI-9,Rock Club,
4fcb7545e4b076524e16dfbb,POI-9,Rock Club,
4fcb85bde4b0b0ef070fa1f2,POI-48,Theater,
4fcb8841e4b0a6bf4feb86d0,POI-63,Bakery,
4fcc5ba0e4b0a382cc564211,POI-54,Clothing Store,
4fcc5e9de4b09d02959fe472,POI-92,Salon / Barbershop,
4fcc74fde4b0dc277904511c,POI-36,Asian Restaurant,
4fcc80f9e4b07d10e16f35e7,POI-74,Fast Food Restaurant,
4fcc871ee4b05a98df2abcf3,POI-84,Boutique,
4fcca383e4b0b10117e25590,POI-22,Dessert Shop,
4fccd8bde4b0565b1048a9ac,POI-125,Other Nightlife,
4fccdb6ae4b096bc2c5c1dbb,POI-9,Rock Club,
4fcd9847e4b0c300d4eb336e,POI-10,Coffee Shop,
4fcda748e4b060c7ef59a8ad,POI-46,Japanese Restaurant,
4fcdb46fe4b044b229f23409,POI-116,Beer Garden,
4fcdc08ce4b0231f2c9fc191,POI-60,Automotive Shop,
4fcdc9c4e4b0b62703e44641,POI-76,Deli / Bodega,
4fcde373e4b0a3aa24e3e5e7,POI-36,Asian Restaurant,
4fcdfa27e4b06137d5736f45,POI-77,Sushi Restaurant,
4fce0831e4b02848ca9c5138,POI-22,Dessert Shop,
4fce135ce4b084c4a300eea5,POI-89,Arcade,
4fced969e4b0ba4b510fd5f7,POI-37,Thai Restaurant,
4fceef2fe4b0ad9cbf739cab,POI-46,Japanese Restaurant,
4fcf1110e4b050742d214ad5,POI-10,Coffee Shop,
4fcf134fe4b0bdc2b70bcce0,POI-17,Chinese Restaurant,
4fcf1490e4b0ad8ae2491cba,POI-10,Coffee Shop,
4fcf2791e4b071a2c8a26b0f,POI-52,Arts & Crafts Store,
4fcf2db7e4b031362884726b,POI-170,Bike Rental / Bike Share,
4fcf3efce4b0bffbed13f5c4,POI-7,American Restaurant,
4fcf63f3e4b0dd1e7ced6517,POI-59,Men'S Store,
4fcf6c00e4b071a2c8baea49,POI-18,Indian Restaurant,
4fcf7a64e4b023d0d928dd12,POI-153,Bed & Breakfast,
4fcff7fa7beb714aaabcabf4,POI-73,Electronics Store,
4fd03541e4b05885b40a30be,POI-74,Fast Food Restaurant,
4fd0401ee4b0007f21c2dcfc,POI-46,Japanese Restaurant,
4fd047a7e4b00b56d7b22d3d,POI-96,Karaoke Bar,
4fd0c882e4b023de741ff990,POI-89,Arcade,
4fd14f3fe4b08ed3a11e518b,POI-54,Clothing Store,
4fd1530fe4b0b5fdab94a8fc,POI-33,Italian Restaurant,
4fd16c1ce4b0c160c29c0fa2,POI-85,Furniture / Home Store,
4fd1ab15e4b03e7cedeeef56,POI-120,Cupcake Shop,
4fd1af14e4b0c160c2b52415,POI-46,Japanese Restaurant,
4fd1da81e4b0a1f870c38b04,POI-36,Asian Restaurant,
4fd1db4ae4b0f8bb2c442f7a,POI-57,Miscellaneous Shop,
4fd1de8ce4b08ed3a155ebb1,POI-37,Thai Restaurant,
4fd1e45be4b0c730e430432a,POI-39,Restaurant,
4fd1ef00e4b0f84817a1793b,POI-68,Gym / Fitness Center,
4fd2017ae4b096c7d30b9b35,POI-36,Asian Restaurant,
4fd2eb81e4b070e01ddd8bd7,POI-7,American Restaurant,
4fd2f72fe4b0b20a9077e84f,POI-89,Arcade,
4fd320b8e4b0a071e10df5dc,POI-36,Asian Restaurant,
4fd33138e4b003bf7a4d0ca5,POI-63,Bakery,
4fd333c8e4b06a2d8cfb81d5,POI-107,Pet Store,
4fd339aee4b0d6a97cea4762,POI-54,Clothing Store,
4fd33a0ee4b0d45a9530470f,POI-65,Women'S Store,
4fd33b567b0c4fe0be7a1c56,POI-73,Electronics Store,
4fd34205e4b098b082388b27,POI-2,Bar,
4fd42e07e4b0aa9a729705d5,POI-46,Japanese Restaurant,
4fd42e33e4b0bd4328ce1f68,POI-11,Nightclub,
4fd43738e4b0da8147916320,POI-42,Food Court,
4fd44715c2ee7293367efddb,POI-63,Bakery,
4fd44b32e4b0f0b2d50d735a,POI-17,Chinese Restaurant,
4fd4554ec2ee729336808ff0,POI-72,Vietnamese Restaurant,
4fd4564be4b03f13eceb01ec,POI-84,Boutique,
4fd45f6dc2ee72933681c244,POI-98,Snack Place,
4fd46574c2ee72933682668e,POI-76,Deli / Bodega,
4fd469ebe4b0f0b2d5172b53,POI-70,Korean Restaurant,
4fd472a0e4b08568ea0ef2c1,POI-63,Bakery,
4fd48734e4b0a8f57188f0d3,POI-37,Thai Restaurant,
4fd48b7ce4b0d142408edcc0,POI-37,Thai Restaurant,
4fd4a06fe4b070e01e99f20a,POI-112,Gift Shop,
4fd4a4b0e4b04b44f4e58884,POI-26,Park,
4fd54d91e4b0a1f0078c6cfa,POI-10,Coffee Shop,
4fd568b1e4b0a1f007959fc5,POI-74,Fast Food Restaurant,
4fd56ecfe4b0b31b8561fc55,POI-53,Department Store,
4fd592a3e4b0052fbc6b0e70,POI-42,Food Court,
4fd5978be4b02bec7386b89b,POI-61,Shoe Store,
4fd5a27ae4b002c9e8e7509d,POI-26,Park,
4fd5aa4ae4b05a4abb4dcf72,POI-123,Convenience Store,
4fd5c7c2e4b078418a90469a,POI-56,Cosmetics Shop,
4fd5cd06e4b02d3b87cb508b,POI-45,Indonesian Restaurant,
4fd5d90ae4b0da81482f452a,POI-6,Tea Room,
4fd5e68be4b070e01f1d862b,POI-19,French Restaurant,
4fd6d425e4b09e85730df37e,POI-123,Convenience Store,
4fd6d607e4b071684fb5b4d2,POI-13,Diner,
4fd71088e4b0a3ceec05e7eb,POI-42,Food Court,
4fd71f72e4b045a9eba93e69,POI-63,Bakery,
4fd7dca4e4b0c849339cb572,POI-21,Lounge,
4fd7f799e4b01476c5321f74,POI-10,Coffee Shop,
4fd82c23e4b0581af53326b1,POI-60,Automotive Shop,
4fd82d2fe4b0bb21999669b2,POI-103,Mobile Phone Shop,
4fd859d8e4b0a71e246e7298,POI-94,Gas Station / Garage,
4fd867f2e4b05a675e6f48ac,POI-10,Coffee Shop,
4fd87899e4b0cd4d9ea77391,POI-10,Coffee Shop,
4fd88601e4b0f87fa0db7e83,POI-72,Vietnamese Restaurant,
4fd93ac1e4b0ea76a693a23a,POI-115,Soup Place,
4fd965e9e4b0884c8e64813c,POI-36,Asian Restaurant,
4fd96d69e4b013d81a36ee56,POI-36,Asian Restaurant,
4fd97337e4b0a61409454332,POI-88,Sandwich Place,
4fd98933e4b0593c99b7483f,POI-97,Donut Shop,
4fd99f02e4b05b8592ce8bdd,POI-10,Coffee Shop,
4fd9a5d5e4b040461c7ea582,POI-56,Cosmetics Shop,
4fd9a898e4b040461c7f7488,POI-56,Cosmetics Shop,
4fd9aabfe4b06a851a0500c7,POI-90,Light Rail,
4fd9afb3e4b06a851a0672e9,POI-6,Tea Room,
4fd9b4d3e4b05b8592d4e570,POI-112,Gift Shop,
4fd9fd99e4b017a343d40a73,POI-5,Gaming Cafe,
4fdad3d6e4b0a4975b3596c1,POI-65,Women'S Store,
4fdaf746e4b0bcab80d803b7,POI-45,Indonesian Restaurant,
4fdb0603e4b0f86f6a823e0a,POI-102,Bbq Joint,
4fdb119ae4b03d0268363535,POI-22,Dessert Shop,
4fdb1c83e4b09756c14a1bc8,POI-22,Dessert Shop,
4fdb2958e4b0ba0b180b6456,POI-33,Italian Restaurant,
4fdbac1ae4b015c11dfcbadb,POI-10,Coffee Shop,
4fdbad25e4b0f97669eea18d,POI-98,Snack Place,
4fdc31d5e4b0503efc29ae8a,POI-37,Thai Restaurant,
4fdc5bf0e4b09473e163f025,POI-33,Italian Restaurant,
4fdcba76e4b0d60dd88c2230,POI-2,Bar,
4fdcbcc4e4b06f6984f05a15,POI-2,Bar,
4fdd5d94e4b0d60dd8d4ca3c,POI-74,Fast Food Restaurant,
4fdd8313e4b0d263e7f1fc4e,POI-46,Japanese Restaurant,
4fdd8475e4b08d627a8ebf56,POI-123,Convenience Store,
4fdd876ce4b090d3f61730a5,POI-57,Miscellaneous Shop,
4fdd8c2ae4b0767cc742bb1a,POI-22,Dessert Shop,
4fdd9881e4b018d0790ea916,POI-10,Coffee Shop,
4fdd9b11e4b05dcaebabf416,POI-80,Ice Cream Shop,
4fddad68e4b049c33bd0d6ff,POI-37,Thai Restaurant,
4fddd44fe4b08aca49a95ba8,POI-14,Pub,
4fdde9a3e4b018d0792c3e67,POI-115,Soup Place,
4fde90b5e4b014c45c2d2f0a,POI-90,Light Rail,
4fdea213e4b094b0d20f4575,POI-53,Department Store,
4fdea648e4b057598bf440ef,POI-46,Japanese Restaurant,
4fdeaa5de4b08d627b04f01f,POI-36,Asian Restaurant,
4fdeb542e4b0f11e3600f1dd,POI-74,Fast Food Restaurant,
4fdec305e4b018d07985ff89,POI-123,Convenience Store,
4fdf1425e4b05c4e3c0027fa,POI-46,Japanese Restaurant,
4fdf443fe4b09473e28e5960,POI-72,Vietnamese Restaurant,
4fdf4525e4b0735a6efd817c,POI-98,Snack Place,
4fdfed86e4b09fe52729634d,POI-74,Fast Food Restaurant,
4fe024d5e4b088cd17bbaf84,POI-92,Salon / Barbershop,
4fe03d2ee4b06fe13dec921d,POI-92,Salon / Barbershop,
4fe05dc1e4b0906ec724750d,POI-84,Boutique,
4fe09611e4b0c602e5b5f801,POI-116,Beer Garden,
4fe13b71e4b02179208bcadb,POI-74,Fast Food Restaurant,
4fe17d38e4b070217adbac25,POI-57,Miscellaneous Shop,
4fe1ef5ce4b0e1ec51f89400,POI-21,Lounge,
4fe28467e4b00b767a0ac623,POI-103,Mobile Phone Shop,
4fe299d3e4b0b355c0a1a3ec,POI-19,French Restaurant,
4fe2ad3de4b0f5056000308b,POI-74,Fast Food Restaurant,
4fe2b2c2e4b00b767a19f5b6,POI-80,Ice Cream Shop,
4fe2bdb4e4b0fa547acd0ddb,POI-98,Snack Place,
4fe2ccb90cd662a58f1156a2,POI-98,Snack Place,
4fe2db49e4b0fa547ad617cc,POI-6,Tea Room,
4fe2def50cd662a58f132514,POI-41,Ramen /  Noodle House,
4fe2e6a6e4b01e4929d19c52,POI-56,Cosmetics Shop,
4fe300fee4b00dcb4e5a13be,POI-81,Steakhouse,
4fe322fbe4b0c2d9acffc63f,POI-17,Chinese Restaurant,
4fe32f18e4b0b1a277f2c92b,POI-94,Gas Station / Garage,
4fe3a616e4b002442eb2e03f,POI-10,Coffee Shop,
4fe3beade4b0b4ca69e8c361,POI-21,Lounge,
4fe3c962e4b04404cae7768d,POI-35,Dim Sum Restaurant,
4fe3cb99e4b0de20a324ea94,POI-42,Food Court,
4fe41cd1e4b0b0a4e4158a12,POI-66,Grocery Store,
4fe421a8e4b04404cb0348d7,POI-59,Men'S Store,
4fe42b5de4b0819edaf2533c,POI-7,American Restaurant,
4fe42dbbe4b06b1c061981c4,POI-50,Movie Theater,
4fe43039e4b087f13dd8bd22,POI-10,Coffee Shop,
4fe45142e4b02af3e60ddae5,POI-17,Chinese Restaurant,
4fe5485ce4b04318c3a8ec7a,POI-17,Chinese Restaurant,
4fe54f47e4b0ec3d84c52214,POI-10,Coffee Shop,
4fe5568de4b079b380d35602,POI-65,Women'S Store,
4fe55b65e4b05b60f9d4b76a,POI-70,Korean Restaurant,
4fe56742e4b098960923b7c1,POI-85,Furniture / Home Store,
4fe589bde4b0b901afb711e2,POI-26,Park,
4fe5999ce4b0e91f09512ca6,POI-70,Korean Restaurant,
4fe59a56e4b0bdc4f437d089,POI-2,Bar,
4fe59ef2e4b047eae9091aa8,POI-92,Salon / Barbershop,
4fe5a330e4b09df1e8669255,POI-154,Optical Shop,
4fe5a482e4b0b901afbfeb4b,POI-17,Chinese Restaurant,
4fe5a8a5e4b045277ee76551,POI-145,Farmers Market,
4fe5ba1be4b0b484a4504361,POI-70,Korean Restaurant,
4fe66927e4b05fe3b7991b3c,POI-85,Furniture / Home Store,
4fe69d4fe4b079b38155ec7f,POI-39,Restaurant,
4fe6e32ce4b0af2e67a029c1,POI-6,Tea Room,
4fe718ede4b0b901b053b522,POI-10,Coffee Shop,
4fe71c43e4b0fa7dcd917f01,POI-6,Tea Room,
4fe71c7ce4b0345843c399e4,POI-6,Tea Room,
4fe7f29de4b0f0c8f3c4947d,POI-10,Coffee Shop,
4fe8020ce4b0e1967f59e0ee,POI-46,Japanese Restaurant,
4fe91133e4b08e506b7c6d85,POI-137,Juice Bar,
4fe94e5ee4b0636892c2e9e3,POI-153,Bed & Breakfast,
4fe958f0e4b0acc4d917ecf9,POI-33,Italian Restaurant,
4fe95de2e4b0658a7cc40328,POI-36,Asian Restaurant,
4fe995ece4b0750806f74f2f,POI-14,Pub,
4feae9b4e4b041de4e0a4f52,POI-8,Gastropub,
4febf9dae4b0639869ebdac8,POI-27,Art Gallery,
4fec06cde4b0256b2fcb2ffc,POI-117,Bike Shop,
4fec3f11e4b0f580994520de,POI-56,Cosmetics Shop,
4fec4629e4b09fae2816df53,POI-10,Coffee Shop,
4fec4706e4b0d7135b6315ed,POI-20,Spanish Restaurant,
4fed1691e4b0da11fd227bb8,POI-141,Speakeasy,
4fed1f4de4b0a516c0c44a27,POI-74,Fast Food Restaurant,
4fed3e6fe4b021c91b5c97c8,POI-23,Jazz Club,
4fed6c59e4b0099eb03dad61,POI-123,Convenience Store,
4fed7ec7e4b08f8ae3c41d38,POI-84,Boutique,
4fed8650e4b0b1e830deb40e,POI-61,Shoe Store,
4fee83f3e4b0b6774f31d056,POI-80,Ice Cream Shop,
4feeaa93e4b0b1e8314e449d,POI-17,Chinese Restaurant,
4feeabdbe4b0b7b0fe2dff89,POI-17,Chinese Restaurant,
4feead6ee4b0bfd1e580373a,POI-133,Salad Place,
4feeb005e4b0eb402e7b72f5,POI-117,Bike Shop,
4feed42ce4b0b7b0fe3c860a,POI-85,Furniture / Home Store,
4feed67ee4b0369bc7eab058,POI-90,Light Rail,
4feed73de4b0d96619bb9a9c,POI-45,Indonesian Restaurant,
4feedac7e4b0ff692ba6295f,POI-112,Gift Shop,
4feee401e4b0a516c16afc96,POI-46,Japanese Restaurant,
4feeeedee4b078413aa24e5e,POI-38,Middle Eastern Restaurant,
4feef17be4b0caa9ac2e1414,POI-46,Japanese Restaurant,
4fef0395e4b0f5b9d809d90d,POI-54,Clothing Store,
4fef0bece4b0430e0ae81ac5,POI-70,Korean Restaurant,
4fefc7d1e4b036efb403c569,POI-103,Mobile Phone Shop,
4fefdbc8e4b0a5b7b4260729,POI-76,Deli / Bodega,
4feff4c1e4b0cf9880b08955,POI-24,Malaysian Restaurant,
4ff00dc9e4b03357dc55a3da,POI-39,Restaurant,
4ff01567e4b00d073b82bb8d,POI-39,Restaurant,
4ff01afce4b073b8515087fb,POI-174,Caribbean Restaurant,
4ff01c32e4b03357dc5a6593,POI-18,Indian Restaurant,
4ff0267de4b02f36dbab4e45,POI-85,Furniture / Home Store,
4ff02e96e4b0581584680744,POI-96,Karaoke Bar,
4ff0398ae4b0c8e6f5bd5c75,POI-36,Asian Restaurant,
4ff04331e4b0ccc775bc9f8a,POI-17,Chinese Restaurant,
4ff10ce4e4b0b2ab0da2e495,POI-66,Grocery Store,
4ff11d33e4b05cede0d0fe4c,POI-10,Coffee Shop,
4ff128f9e4b0c8e6f6234624,POI-46,Japanese Restaurant,
4ff146f3e4b03357dcd464b3,POI-65,Women'S Store,
4ff17134e4b0d04a3c4144b3,POI-92,Salon / Barbershop,
4ff17b98e4b0730ed8d1e42b,POI-26,Park,
4ff187eee4b0730ed8d69750,POI-63,Bakery,
4ff18a76e4b0621c863be46f,POI-42,Food Court,
4ff1a705e4b0616aab3af41e,POI-116,Beer Garden,
4ff1b94de4b0eddc4b9a8aa7,POI-123,Convenience Store,
4ff24d39e4b013bcfc35e49b,POI-16,Australian Restaurant,
4ff2632ae4b0afc114fa88d3,POI-60,Automotive Shop,
4ff27c1ee4b097fe0ad4999f,POI-46,Japanese Restaurant,
4ff2836ae4b0f0083b2641c5,POI-19,French Restaurant,
4ff29a20e4b0c52c2e4d4ac5,POI-17,Chinese Restaurant,
4ff2bc6fe4b0426f039ce7de,POI-98,Snack Place,
4ff2c23ce4b07a2fa5c1c704,POI-98,Snack Place,
4ff2d92fe4b0da9b4aea7fc4,POI-26,Park,
4ff2e264e4b007be0a33ba29,POI-113,General Travel,
4ff2f0f4e4b0cd045cdef11e,POI-18,Indian Restaurant,
4ff3887fe4b0cdc6b6bc3a48,POI-84,Boutique,
4ff3eb5de4b033b23a1e85c3,POI-60,Automotive Shop,
4ff3ee0be4b048eef66854eb,POI-10,Coffee Shop,
4ff3fea3e4b042cc28fb3666,POI-74,Fast Food Restaurant,
4ff41e8be4b0d61582d4c912,POI-63,Bakery,
4ff421d7e4b05ae522bc9329,POI-33,Italian Restaurant,
4ff443a0e4b01992a9629062,POI-46,Japanese Restaurant,
4ff4464fe4b003534ac88773,POI-51,Indie Movie Theater,
4ff458a8e4b021ccc6685c68,POI-11,Nightclub,
4ff4fec4e4b042cc296b2fa7,POI-10,Coffee Shop,
4ff51a72e4b05369cef8c688,POI-57,Miscellaneous Shop,
4ff51cd1e4b0d61583435e89,POI-46,Japanese Restaurant,
4ff52c79e4b02510995ab04d,POI-36,Asian Restaurant,
4ff555ace4b0d48ad1f4f393,POI-57,Miscellaneous Shop,
4ff57c6ce4b02b97146a53c9,POI-36,Asian Restaurant,
4ff57f79e4b036acfa19092e,POI-10,Coffee Shop,
4ff59c2ee4b038644aa1f280,POI-14,Pub,
4ff63c42e4b033b23b1909cd,POI-101,Breakfast Spot,
4ff6a0a6e4b09751a740fc82,POI-149,Nail Salon,
4ff6a175e4b01a84ed64e2ee,POI-53,Department Store,
4ff6ab80e4b033b23b3f6021,POI-10,Coffee Shop,
4ff6ac57e4b02b9714eb614d,POI-10,Coffee Shop,
4ff6b64ce4b009b18ee913ad,POI-46,Japanese Restaurant,
4ff6bd8ae4b0956dd4e18564,POI-74,Fast Food Restaurant,
4ff6ed82e4b054fbaa491aa0,POI-84,Boutique,
4ff798b4e4b02b971555526c,POI-84,Boutique,
4ff7acb5e4b0cc077e2b0251,POI-10,Coffee Shop,
4ff7ca42e4b0c98ddd0bc206,POI-36,Asian Restaurant,
4ff7cc77e4b0a0306c7a28cc,POI-36,Asian Restaurant,
4ff7e453e4b038644b9a5000,POI-92,Salon / Barbershop,
4ff7e578e4b0a7f740e09f19,POI-92,Salon / Barbershop,
4ff7ec46e4b0887e54fa9c47,POI-46,Japanese Restaurant,
4ff7efd0e4b0a7f740e417a7,POI-80,Ice Cream Shop,
4ff7f1f9e4b0208918ce6c88,POI-74,Fast Food Restaurant,
4ff81d16e4b0f3316311b768,POI-132,Filipino Restaurant,
4ff824a5e4b0a0306c993bea,POI-52,Arts & Crafts Store,
4ff83380e4b08a4c72f5da39,POI-16,Australian Restaurant,
4ff83ec0e4b0fecb2630c09f,POI-61,Shoe Store,
4ff86211e4b0c98ddd4a8e34,POI-1,Wine Bar,
4ff86605e4b0d615849b79f5,POI-2,Bar,
4ff882bee4b0d61584aa9143,POI-89,Arcade,
4ff8bd2fe4b021ccc84d2eb4,POI-125,Other Nightlife,
4ff8fdd3e4b054fbab35dd53,POI-42,Food Court,
4ff910f4e4b0c98ddd9ed47c,POI-53,Department Store,
4ff91753e4b0a7f7416d13e0,POI-36,Asian Restaurant,
4ff917f1e4b0ae40ede08931,POI-10,Coffee Shop,
4ff945e6e4b0cdc6b922b749,POI-53,Department Store,
4ff94dd1e4b0f331639b4da7,POI-133,Salad Place,
4ff95f10e4b083d14d1f4a63,POI-56,Cosmetics Shop,
4ff9600fe4b083d14d1fa1c5,POI-39,Restaurant,
4ff9705ae4b07fe947223abb,POI-2,Bar,
4ff97509e4b0f08305df0cf2,POI-18,Indian Restaurant,
4ff98533e4b0a0306d34864c,POI-46,Japanese Restaurant,
4ff9875fe4b09036693ae2c7,POI-11,Nightclub,
4ffa8946e4b01992ac0c59a2,POI-11,Nightclub,
4ffa8ad7e4b054fbabd8c960,POI-11,Nightclub,
4ffaadf8e4b033b23cf6ca9a,POI-48,Theater,
4ffac112e4b02b9716a9a379,POI-36,Asian Restaurant,
4ffac6b5e4b03705cfbec08e,POI-102,Bbq Joint,
4ffad99de4b0ae40ee9870fa,POI-84,Boutique,
4ffb1e5ae4b0887e565ef3f6,POI-113,General Travel,
4ffbe9c7e4b0283dcdab5030,POI-98,Snack Place,
4ffbeb0ee4b03dec782ce239,POI-84,Boutique,
4ffbf8cbe4b07ec103328bef,POI-169,Cajun / Creole Restaurant,
4ffc2d16e4b027f6feb16308,POI-2,Bar,
4ffcf0abe4b0cfa7b88861b1,POI-36,Asian Restaurant,
4ffd13c4e4b023bb62a478b1,POI-73,Electronics Store,
4ffd1749e4b0dfc30616fdfc,POI-70,Korean Restaurant,
4ffd184ae4b0279c5b465d8f,POI-22,Dessert Shop,
4ffd37e9e4b098f1722ad103,POI-65,Women'S Store,
4ffd5984e4b00fe5cb71ccfe,POI-63,Bakery,
4ffd726ee4b052cb4e0de417,POI-26,Park,
4ffdf78de4b0de9321ea51a9,POI-85,Furniture / Home Store,
4ffe2eace4b0eb8e42e005e8,POI-39,Restaurant,
4ffe5afae4b03c980fa2d982,POI-128,Kids Store,
4ffe8db5e4b0fc6202673287,POI-84,Boutique,
4ffe953ce4b07827a76a3727,POI-83,Fried Chicken Joint,
4ffe9a22e4b0083220f28cc0,POI-84,Boutique,
4ffe9de5e4b028be1e9a649f,POI-17,Chinese Restaurant,
4ffe9e32e4b042ae8a9104bc,POI-53,Department Store,
4ffea64ee4b0b1fd7ab7516b,POI-20,Spanish Restaurant,
4ffecc36e4b01d5de50a4d64,POI-107,Pet Store,
4fff9ca4e4b024e54e0ce606,POI-74,Fast Food Restaurant,
4fffba4ae4b067e9028d0e57,POI-36,Asian Restaurant,
4fffcc2ee4b077c7a9d7d644,POI-42,Food Court,
4fffd84de4b05e83b8dd9c94,POI-61,Shoe Store,
4ffff4ebe4b04dd3f9a88ec8,POI-74,Fast Food Restaurant,
5000030ae4b00b89fb4c74e3,POI-92,Salon / Barbershop,
5000032ee4b049e4aba5f379,POI-27,Art Gallery,
50000413e4b014305ff11644,POI-42,Food Court,
500005a6e4b093592304daf7,POI-36,Asian Restaurant,
500024cfe4b04dd3f9bd1473,POI-116,Beer Garden,
5000ef9de4b0ebdd726fb1a3,POI-46,Japanese Restaurant,
50011a47e4b0eb34b4b008a4,POI-84,Boutique,
50011b51e4b07d578cd04841,POI-46,Japanese Restaurant,
500136d0e4b0ded98e5e48a6,POI-123,Convenience Store,
50013c19e4b0f448e8f71d95,POI-123,Convenience Store,
50015f6ee4b05e79b0848c8e,POI-24,Malaysian Restaurant,
50017027e4b0a7c21263f841,POI-123,Convenience Store,
5001722ce4b0644140ec906c,POI-57,Miscellaneous Shop,
5001af30e4b066e96ee12fd0,POI-116,Beer Garden,
5001b5a8e4b0ded98e99c9a0,POI-41,Ramen /  Noodle House,
500268cbe4b009517844ca6c,POI-46,Japanese Restaurant,
5002696ee4b0fbfbe9be5e57,POI-85,Furniture / Home Store,
5002769ce4b077d35033ac87,POI-39,Restaurant,
500294eee4b0444ec2813a18,POI-92,Salon / Barbershop,
50029902e4b0382ba02d21d3,POI-84,Boutique,
5002ad5ce4b0c432cf22a547,POI-62,Jewelry Store,
500390f2e4b086066fab5423,POI-36,Asian Restaurant,
50039535e4b062a7b3504882,POI-36,Asian Restaurant,
50039f2ee4b06407f7b0be59,POI-44,Burger Joint,
5003d185e4b0ed544a4a29a7,POI-85,Furniture / Home Store,
5003fab5e4b021927eaf372a,POI-113,General Travel,
500505afe4b04fafc13a5262,POI-33,Italian Restaurant,
500510e6e4b0859fa767737f,POI-123,Convenience Store,
500537f0e4b0a8ae982ff72b,POI-53,Department Store,
50054cfce4b03bc319fd75e9,POI-17,Chinese Restaurant,
500550d9e4b06a37b1d31111,POI-74,Fast Food Restaurant,
50056173e4b0b02ea22d1731,POI-83,Fried Chicken Joint,
500629c6e4b0094cc556b909,POI-41,Ramen /  Noodle House,
5006421ee4b08643c6fe015e,POI-70,Korean Restaurant,
50064664e4b0094cc55f01bc,POI-10,Coffee Shop,
500692fae4b09db42e12e09a,POI-15,Cocktail Bar,
50069f0ae4b07ec2c1b2baf2,POI-46,Japanese Restaurant,
5006b3d6e4b0d23ce4cccd59,POI-11,Nightclub,
5006c79de4b0d47ff92b6b4d,POI-14,Pub,
5006e8a2e4b03d12364cdb4b,POI-125,Other Nightlife,
50079315e4b0f0cea7d58810,POI-36,Asian Restaurant,
5007a862e4b09bc759ae6495,POI-17,Chinese Restaurant,
5007ad01e4b0accd72449224,POI-62,Jewelry Store,
5007f490e4b09eefeb2a3184,POI-7,American Restaurant,
50082e24e4b0fe3f53f91ccd,POI-2,Bar,
5008d53fe4b0797bdd231a56,POI-103,Mobile Phone Shop,
5008e352e4b0a5cfd6b9f726,POI-44,Burger Joint,
500929a2e4b04e64f09261e9,POI-39,Restaurant,
5009413ce4b0ee4b35057994,POI-112,Gift Shop,
50094ff2e4b0464557d9962a,POI-10,Coffee Shop,
50095459e4b04f67ec1274eb,POI-33,Italian Restaurant,
50095587e4b078f59fa0aa8e,POI-22,Dessert Shop,
500964cee4b02b1cbacfab59,POI-33,Italian Restaurant,
500972e1e4b03b75f74bcc9f,POI-11,Nightclub,
500a2701e4b0938452c839a5,POI-43,Vegetarian / Vegan Restaurant,
500a3a6fe4b01d293b7425f0,POI-17,Chinese Restaurant,
500a73a6e4b0a62ff44534d2,POI-35,Dim Sum Restaurant,
500a9021e4b00812968bc123,POI-19,French Restaurant,
500a9734e4b00d76e496340f,POI-130,Food Truck,
500a9c73e4b06a8f7c71180b,POI-22,Dessert Shop,
500aa770e4b067574e5930d4,POI-22,Dessert Shop,
500aaa56e4b043efbe315c94,POI-45,Indonesian Restaurant,
500aab76e4b084af1de47782,POI-10,Coffee Shop,
500ab9efe4b0e68937e67caa,POI-66,Grocery Store,
500aba83e4b01d293ba557a0,POI-11,Nightclub,
500b1a60e4b02a36ea225a8f,POI-14,Pub,
500b693fe4b07352bc819f67,POI-21,Lounge,
500b695fe4b0b84fa307485f,POI-49,Multiplex,
500b9025e4b0bfba22d6c340,POI-36,Asian Restaurant,
500bc5f3e4b0e95404c10570,POI-74,Fast Food Restaurant,
500bcbeee4b0546b29284e8e,POI-165,Arepa Restaurant,
500be284e4b0938453852e09,POI-40,Seafood Restaurant,
500bef59e4b0647ba5643a7a,POI-2,Bar,
500c0b12e4b0db14bd2c8106,POI-39,Restaurant,
500cde99e4b0092313358018,POI-46,Japanese Restaurant,
500df041e4b057e4cb395ae9,POI-63,Bakery,
500e2753e4b062ee000502b6,POI-19,French Restaurant,
500e2b83e4b0a7636d7bbb28,POI-63,Bakery,
500e332ae4b0519030c8c0a0,POI-41,Ramen /  Noodle House,
500e880ce4b03fb3d359c23c,POI-21,Lounge,
500ebc6ae4b0c1e6fd0cf2df,POI-2,Bar,
500ee7e5e4b0fcd55bdad7fa,POI-11,Nightclub,
500f7f14e4b07a68c3ba9b17,POI-41,Ramen /  Noodle House,
500f9ebbe4b0754488b66231,POI-130,Food Truck,
500fd51be4b0c5fcbc3fac61,POI-40,Seafood Restaurant,
50100d9ee4b087e8b93623c5,POI-37,Thai Restaurant,
5010e1d5e4b08f147afff51a,POI-65,Women'S Store,
50110545e4b0f16431ee46ba,POI-123,Convenience Store,
50112aa6e4b0c3d59044c961,POI-27,Art Gallery,
50121ec4e4b0adaeb00f8333,POI-41,Ramen /  Noodle House,
50125720ebca49a8ce26e560,POI-46,Japanese Restaurant,
50127a18e4b0d93bf74f9e99,POI-2,Bar,
50127f80e4b034c3df4d7500,POI-37,Thai Restaurant,
5012981ce4b0e3a6f3cee837,POI-121,Flea Market,
50129b27e4b034c3df5b0656,POI-50,Movie Theater,
50136361e4b0b186e47440cb,POI-92,Salon / Barbershop,
50137f38e4b080ff6b04457c,POI-16,Australian Restaurant,
5013974de4b0260c41b88682,POI-36,Asian Restaurant,
50139d16e4b088cc6c112c67,POI-113,General Travel,
5013aad7e4b06b8dcbe86cfb,POI-84,Boutique,
5013ca65e4b0d93bf7e71cbc,POI-70,Korean Restaurant,
5013cb27e4b07f20b30e8687,POI-22,Dessert Shop,
5013cf15e4b09cb7df797237,POI-36,Asian Restaurant,
5013d19ee4b0dbe15825f342,POI-39,Restaurant,
5013d90ce4b0eba4bbedf67c,POI-20,Spanish Restaurant,
5013daebe4b001b3390a92ec,POI-53,Department Store,
5013eb6fe4b06fc7ceec25bb,POI-1,Wine Bar,
5013f5fee4b0eba4bbfbc18d,POI-11,Nightclub,
5013fc03e4b0eba4bbfec3c3,POI-15,Cocktail Bar,
5013fe99e4b0eba4bc001d1c,POI-116,Beer Garden,
5014b5bbe4b0e259d36b52c4,POI-38,Middle Eastern Restaurant,
5014b797c84c561e8cff16be,POI-46,Japanese Restaurant,
5014d99ce4b0b186e513af8b,POI-17,Chinese Restaurant,
5014f54de4b097af8aca8287,POI-142,Video Store,
50150751e4b07f20b39da52f,POI-46,Japanese Restaurant,
50151f88e4b0f8ec78dddccf,POI-36,Asian Restaurant,
50152652e4b06b8dcc900254,POI-41,Ramen /  Noodle House,
50153dade4b0dd18ed1b2611,POI-54,Clothing Store,
5015807ee4b064ddc89d69e4,POI-125,Other Nightlife,
501619d2e4b010592062c7f9,POI-10,Coffee Shop,
50164508e4b07c3cf3bc218c,POI-80,Ice Cream Shop,
50166904e4b0535571b9b178,POI-53,Department Store,
50167be6e4b010592085a48b,POI-155,Car Wash,
50173e31e4b0a04d2dd0f069,POI-69,Spa / Massage,
50178ab5e4b09a07acb26c99,POI-65,Women'S Store,
5017a98de4b02848f719002c,POI-37,Thai Restaurant,
5017abfee4b0832ae1a9678d,POI-2,Bar,
5017b83ae4b0bced423b28a3,POI-19,French Restaurant,
5017b9c0e4b0832ae1af00b2,POI-69,Spa / Massage,
5017e187e4b0c413232df7b6,POI-73,Electronics Store,
50188eb8e4b0bf250de89a95,POI-36,Asian Restaurant,
5018ad42e4b0869612bf8932,POI-39,Restaurant,
5018ad9de4b07b4e9e5819c3,POI-36,Asian Restaurant,
5018baece4b08da31108143f,POI-13,Diner,
5018df2ae4b0d57076719963,POI-112,Gift Shop,
50191dcfe4b0e2bb6b088c3a,POI-17,Chinese Restaurant,
5019314ce4b0df49e4621c55,POI-5,Gaming Cafe,
5019538fd63efae1a1d35c5a,POI-84,Boutique,
501a1369e4b08d371bf4e14d,POI-17,Chinese Restaurant,
501a5cd1e4b00e79cb8d3b82,POI-98,Snack Place,
501a64dce4b0c236bf080214,POI-37,Thai Restaurant,
501a6a21e4b07d93d2a45f13,POI-17,Chinese Restaurant,
501a7476e4b0c236bf108250,POI-45,Indonesian Restaurant,
501a7ebee4b07d93d2af49b2,POI-18,Indian Restaurant,
501a8f46e4b0738ef5e83e2a,POI-10,Coffee Shop,
501b49fe805532c7a86d7153,POI-84,Boutique,
501b5afce4b002c187d9ee75,POI-7,American Restaurant,
501b5b4ce4b06903c2096795,POI-70,Korean Restaurant,
501b639ce4b07d0ab5e06a05,POI-36,Asian Restaurant,
501b64d2e4b0426675ed57f4,POI-46,Japanese Restaurant,
501ba1ece4b0cf5a53cf1d9a,POI-22,Dessert Shop,
501c73d6e4b047a4f9c59ac5,POI-35,Dim Sum Restaurant,
501c869fe4b03f68ac1b8f21,POI-28,Plaza,
501cc570e4b01be987b9e719,POI-10,Coffee Shop,
501cea43e4b092169b08ef62,POI-36,Asian Restaurant,
501cefa2e4b00e1d08a00a6a,POI-84,Boutique,
501cfb7ce4b03fc922576838,POI-39,Restaurant,
501cff22e4b0f36f03d03bbe,POI-24,Malaysian Restaurant,
501d0428e4b0cf97af654d0c,POI-39,Restaurant,
501d0f3de4b0b87f231932c8,POI-70,Korean Restaurant,
501d1315e4b0b4a5c9c3ee52,POI-2,Bar,
501d41eae4b090f3fb33fdc7,POI-125,Other Nightlife,
501d5b2de4b05e0d9583e0ab,POI-28,Plaza,
501daffce4b0478a9006e48f,POI-44,Burger Joint,
501dc618e4b03f68acb63e1d,POI-123,Convenience Store,
501df753e4b0373b1488bf22,POI-84,Boutique,
501e3b0ce4b09ed2452e6931,POI-128,Kids Store,
501e501de4b0d751f3eb5494,POI-70,Korean Restaurant,
501e5915e4b0c3028696e6d6,POI-17,Chinese Restaurant,
501e5ba1e4b0bbacb6b3599d,POI-18,Indian Restaurant,
501e6cf8e4b03fc9230c9e4f,POI-35,Dim Sum Restaurant,
501f0582e4b05160ddd5296b,POI-10,Coffee Shop,
501f4623e4b0d8887881ce72,POI-69,Spa / Massage,
501f5c3ce4b04a79194816ba,POI-42,Food Court,
501fe330e4b0abe610e6c937,POI-4,Resort,
5020a3dae4b03e641be38b92,POI-6,Tea Room,
5020bcb8e4b058ccd361dda8,POI-74,Fast Food Restaurant,
5020cfbfe4b020b571438b4c,POI-53,Department Store,
5020e4b7e4b08241e0c515e6,POI-63,Bakery,
5020f3bde4b05c6588396305,POI-39,Restaurant,
5020f466e4b0cffa2ae6e867,POI-39,Restaurant,
5020f654e4b0a4345978cd2b,POI-130,Food Truck,
5021068ee4b089949d518cad,POI-27,Art Gallery,
50213d59e4b048261cd81edc,POI-69,Spa / Massage,
5021e8d2e4b0c71833a29054,POI-13,Diner,
5021f0d5e4b0edf15a80f0ee,POI-39,Restaurant,
50222411e4b06ad0b7403541,POI-55,Sporting Goods Shop,
502251e0e4b0da2fd1ee0c65,POI-26,Park,
50227b21e4b02e5c64efc45d,POI-10,Coffee Shop,
5023750ce4b0b3d65b5ec386,POI-5,Gaming Cafe,
5023a6e9e4b09c2bc1093d6f,POI-8,Gastropub,
502461c8e4b01a8c9c505b5b,POI-41,Ramen /  Noodle House,
502483a0e4b0f454b9276830,POI-18,Indian Restaurant,
5024a4b3e4b05ebc0cad3f3c,POI-46,Japanese Restaurant,
5024b8a3e4b0f761dde29a24,POI-88,Sandwich Place,
5024c66fe4b0a32dd8451bf5,POI-89,Arcade,
5024ec40e4b0a8a24d3d69ed,POI-10,Coffee Shop,
5024f28ce4b0f1b437678632,POI-85,Furniture / Home Store,
5024f3fee4b05d121e3674be,POI-73,Electronics Store,
502505b0e4b015754bb3cbbe,POI-22,Dessert Shop,
5025f0efe4b0d14d952118f0,POI-17,Chinese Restaurant,
5025f9b3e4b00bbc79b9d512,POI-84,Boutique,
5026144ee4b0a90de2089b6c,POI-16,Australian Restaurant,
5026183be4b090b4d55e6b54,POI-63,Bakery,
502622e2e4b07a366bcff8d7,POI-107,Pet Store,
502680e5e4b0a90de23af122,POI-2,Bar,
50273c63e4b0d14d95bda23b,POI-74,Fast Food Restaurant,
50274b98e4b0dd4acc9d8bf4,POI-132,Filipino Restaurant,
50274c61e4b081bd6d82dea0,POI-10,Coffee Shop,
50276459e4b030d4ed17f666,POI-10,Coffee Shop,
5027a738e4b0aa1675956acd,POI-37,Thai Restaurant,
5027a7dbe4b0e6861f46e779,POI-22,Dessert Shop,
5027c110e4b0b9a32450078c,POI-69,Spa / Massage,
50285cc1e4b07a366cdcf44c,POI-92,Salon / Barbershop,
50285ce1e4b00bbc7ad50ed4,POI-42,Food Court,
50287429e4b063baa1bdd62d,POI-26,Park,
5028e9d4e4b0f23b02796910,POI-115,Soup Place,
50290b3cd86cddeca119d3f4,POI-62,Jewelry Store,
5029cf9be4b0372608f5df03,POI-69,Spa / Massage,
5029d9dbe4b0a60b6fd31969,POI-37,Thai Restaurant,
502a5b06e4b0f39571ff8e56,POI-46,Japanese Restaurant,
502a75abe4b043f807340407,POI-160,Laundry Service,
502b293ee4b07813ac95258c,POI-81,Steakhouse,
502b5173e4b00613e8353635,POI-56,Cosmetics Shop,
502b59afe4b0a20ae1a632e4,POI-42,Food Court,
502b7de5e4b0bea491d1a2bf,POI-39,Restaurant,
502bbef5e4b0728ac6c9aee8,POI-42,Food Court,
502c512ee4b0b5040dfde8a9,POI-36,Asian Restaurant,
502c57dde4b0eed9c222d49b,POI-36,Asian Restaurant,
502c5d03e4b0b66651555d83,POI-92,Salon / Barbershop,
502c6e01e4b07d6b338380db,POI-13,Diner,
502c853ce4b01882f76f1d71,POI-41,Ramen /  Noodle House,
502ca5c0e4b0b49bb3ff6adc,POI-56,Cosmetics Shop,
502cb74ae4b06e61e09366cc,POI-69,Spa / Massage,
502cbc79e4b0bde7251edc91,POI-29,Aquarium,
502cd9b9e4b0fdd3387e8b03,POI-46,Japanese Restaurant,
502cdb1ce4b0298224f3a591,POI-61,Shoe Store,
502cdbc6e4b0265f8a3d6f69,POI-77,Sushi Restaurant,
502ce44fe4b04515098853ff,POI-46,Japanese Restaurant,
502ce7f5e4b06486366a946e,POI-80,Ice Cream Shop,
502cf2d8e4b003c0eb67c9ef,POI-2,Bar,
502d09ace4b01882f7a662cf,POI-2,Bar,
502d8057e4b00d67edb13608,POI-74,Fast Food Restaurant,
502d916be4b00d67edb9a28c,POI-95,German Restaurant,
502d91e8e4b0bf3e69286343,POI-22,Dessert Shop,
502ded4fe4b01042a2ad5c00,POI-67,Gym,
502e29c1e4b0bf3e69635df1,POI-36,Asian Restaurant,
502e2f7be4b0c17c81884ac8,POI-11,Nightclub,
502e54b9e4b0b666522e2ddc,POI-153,Bed & Breakfast,
502e55afe4b045d78f5607ab,POI-42,Food Court,
502e847de4b045150a4e5479,POI-116,Beer Garden,
502eeeede4b0c17c81f0f3a4,POI-36,Asian Restaurant,
502f304de4b045d78fc45063,POI-63,Bakery,
502f3f04e4b045d78fc99f4a,POI-57,Miscellaneous Shop,
502f48c2e4b0dea80272d921,POI-2,Bar,
502f5c39e4b05f26af7f3b88,POI-22,Dessert Shop,
502f672ee4b0a1e592d298a5,POI-55,Sporting Goods Shop,
502f6bffe4b047efed5fd458,POI-46,Japanese Restaurant,
502f70f5e4b01042a3647e1a,POI-55,Sporting Goods Shop,
502f8df7e4b0b49bb55ab802,POI-2,Bar,
502fc297e4b0dea802ad880d,POI-74,Fast Food Restaurant,
50304768e4b0c65b4b413303,POI-113,General Travel,
50308190e4b003c0ed20bd24,POI-37,Thai Restaurant,
50308f2ee4b08345cd6230e0,POI-45,Indonesian Restaurant,
50309acbe4b047efedf7239e,POI-24,Malaysian Restaurant,
5030a54ce4b07d6b358375fd,POI-27,Art Gallery,
5030a728e4b0b504100350fa,POI-22,Dessert Shop,
5030bc2de4b0bf3e6aab1f5a,POI-46,Japanese Restaurant,
5030d343e4b0b5041014db52,POI-18,Indian Restaurant,
5030d43fe4b0adcbed4c0b68,POI-10,Coffee Shop,
5030eb1be4b09116a1fa7fd3,POI-101,Breakfast Spot,
50312ebee4b0c51826825e73,POI-2,Bar,
5031ab60e4b060c1a68211ff,POI-57,Miscellaneous Shop,
5031bf21e4b04d70bf83b623,POI-17,Chinese Restaurant,
5031c2bae4b047ef9b925087,POI-92,Salon / Barbershop,
503200b7e4b078fb5ab6c3cb,POI-98,Snack Place,
503343d1e4b068ac48a52ad5,POI-63,Bakery,
50335c85e4b022fc6aa5c0f8,POI-42,Food Court,
50337ca3e4b020d49f07ec1e,POI-19,French Restaurant,
50338685e4b0e414aa9066c3,POI-53,Department Store,
50338d29f31c438ae910d870,POI-22,Dessert Shop,
50338d93f31c438ae910e96b,POI-80,Ice Cream Shop,
503391fe64a41a8dc1b097d4,POI-40,Seafood Restaurant,
5033927145b0fe4ffcd607d8,POI-17,Chinese Restaurant,
503392f4e889d17c6d5c9b19,POI-46,Japanese Restaurant,
50339366e889d17c6d5cab8b,POI-115,Soup Place,
503393d4e889d17c6d5cbdec,POI-41,Ramen /  Noodle House,
5033942a067d3fa430361f64,POI-33,Italian Restaurant,
5034160ce8891ec5940d472c,POI-39,Restaurant,
50341685e8891ec5940d5486,POI-7,American Restaurant,
503416ffe8891ec5940d61a9,POI-77,Sushi Restaurant,
5034181ce8891ec5940d8048,POI-7,American Restaurant,
503418aae8891ec5940d9144,POI-148,African Restaurant,
503419a9e8891ec5940daf75,POI-36,Asian Restaurant,
5034ab9490e73f9118884fe7,POI-31,Mexican Restaurant,
5034adaae889bef87e8d8536,POI-40,Seafood Restaurant,
5034bc36e4b094418c323a65,POI-17,Chinese Restaurant,
5034c8aee4b0272a4db061ca,POI-41,Ramen /  Noodle House,
5034dc621648b78a0ff7404e,POI-44,Burger Joint,
5034dd351648b78a0ff75b57,POI-46,Japanese Restaurant,
5034ddc21648b78a0ff76df8,POI-72,Vietnamese Restaurant,
5034df421648b78a0ff7a313,POI-46,Japanese Restaurant,
5034e05dfe7087d2a93f77d2,POI-37,Thai Restaurant,
5034e223c84cd58dda534154,POI-47,South American Restaurant,
5034e27ac84cd58dda534d54,POI-66,Grocery Store,
5034e40b8aca10f34937b746,POI-66,Grocery Store,
5034e5208aca10f34937eaa4,POI-10,Coffee Shop,
5034e5898aca10f34937fe78,POI-10,Coffee Shop,
5035b8cde4b0aab52bea650c,POI-41,Ramen /  Noodle House,
5035c47ce4b0179adc5ec302,POI-26,Park,
5035c7b7e4b06e9703cda1ff,POI-84,Boutique,
5035ce4fe4b02f167af42fca,POI-46,Japanese Restaurant,
503629c1e4b0244cd1a9d7fb,POI-17,Chinese Restaurant,
5036f084e4b00c8779de8687,POI-69,Spa / Massage,
5036fd1be4b0307ba273a05c,POI-156,Ferry,
5036fee0e4b05b4c79df2281,POI-57,Miscellaneous Shop,
503707f9e4b05af8cb95b892,POI-32,Pizza Place,
503713bbe4b07299a45868d1,POI-17,Chinese Restaurant,
503716a4e4b02090b340bace,POI-81,Steakhouse,
50381342e4b04a184c4c6b9b,POI-74,Fast Food Restaurant,
50384303e4b06348eadb0334,POI-123,Convenience Store,
50385827e4b0218ac1e94a6f,POI-13,Diner,
50385855e4b027db4f8ee359,POI-22,Dessert Shop,
50385b04e4b0fba0927558e6,POI-41,Ramen /  Noodle House,
50385c07e4b01fa352693633,POI-22,Dessert Shop,
503861d7e4b0c8e15c30f0a0,POI-26,Park,
5038b14ee4b0fc35e3f0f5e4,POI-117,Bike Shop,
5038bd1ee4b04a184c95f1cf,POI-33,Italian Restaurant,
5038d201e4b0b35a25222442,POI-36,Asian Restaurant,
50397566e4b0105c0e8b96fd,POI-98,Snack Place,
5039942fe4b0b7277bf03bc2,POI-52,Arts & Crafts Store,
5039a840e4b0e79b21184047,POI-18,Indian Restaurant,
5039c7cee4b04042f5f78e64,POI-74,Fast Food Restaurant,
5039fd48e4b09ecf9f13bf09,POI-102,Bbq Joint,
503a0693e4b01034f2475e73,POI-17,Chinese Restaurant,
503a1abce4b0ee7faf328951,POI-115,Soup Place,
503a1f44e4b0f3363d12d6bc,POI-43,Vegetarian / Vegan Restaurant,
503abec6e4b0ee7faf872686,POI-7,American Restaurant,
503c498ae4b00777f0253bc5,POI-10,Coffee Shop,
503c4d87e4b0032e007208b4,POI-40,Seafood Restaurant,
503c6752e4b0f39ae0e37a16,POI-61,Shoe Store,
503c9c86e4b035ef21afc889,POI-84,Boutique,
503ca35ce4b0ae164464972a,POI-49,Multiplex,
503ca35ce4b0c53e933d943a,POI-39,Restaurant,
503cb59ce4b00dc1441315ff,POI-123,Convenience Store,
503d7b2de4b0ca270d934839,POI-123,Convenience Store,
503da349e4b01c9b2addd091,POI-70,Korean Restaurant,
503dba38e4b05239777ba022,POI-45,Indonesian Restaurant,
503dcb3ce4b02cb326aca0b5,POI-36,Asian Restaurant,
503dfbf7e4b09d71d43a6919,POI-77,Sushi Restaurant,
503eff62e4b050691b4eee1e,POI-11,Nightclub,
5040659ce4b0350e016abaf9,POI-52,Arts & Crafts Store,
50407d54e4b068ce7c540ac1,POI-98,Snack Place,
50408a6ee4b08d9f5838fd1f,POI-17,Chinese Restaurant,
50409ba1e4b08d5b617790ad,POI-99,Hookah Bar,
5040af6ce4b0ba0a51ed2e42,POI-10,Coffee Shop,
5040e05ce4b053a5312f6a78,POI-11,Nightclub,
5040eb79e4b02607d0173b9d,POI-11,Nightclub,
50416e20011c3b10f2455578,POI-8,Gastropub,
5041ae83e4b068ce7ce4f108,POI-159,Liquor Store,
5041d564e4b05e5c0f797e82,POI-17,Chinese Restaurant,
50422522e4b0f7ca2c523436,POI-17,Chinese Restaurant,
504231c4e4b068ce7d22eed5,POI-11,Nightclub,
5042c6e7e4b0dd909c37bfe1,POI-36,Asian Restaurant,
50430565e4b04fbe536907c2,POI-53,Department Store,
50430d47e4b0d3bcee24f336,POI-105,Gourmet Shop,
504406b8e4b0805ba030dae3,POI-39,Restaurant,
50449ddce4b072dc9754832a,POI-69,Spa / Massage,
5044e098e4b06a6d9fc8593f,POI-14,Pub,
50459ea2e4b0098497c0b478,POI-20,Spanish Restaurant,
5045a04fe4b06e647cdd0d2e,POI-56,Cosmetics Shop,
5045a4d8e4b0cbf0029d63cd,POI-132,Filipino Restaurant,
5045e3dfe4b074114569b3e1,POI-50,Movie Theater,
50464f20e4b02d0980122265,POI-125,Other Nightlife,
5046d798e4b0736b6f658ff7,POI-37,Thai Restaurant,
50473bb1e4b04aab88399283,POI-46,Japanese Restaurant,
50474fd7e4b0f61f46697a81,POI-2,Bar,
504759bce4b092e662c5b705,POI-14,Pub,
50475b34e4b0a21d2f70734d,POI-123,Convenience Store,
504844fae4b0ddb8f0846ae6,POI-36,Asian Restaurant,
50486484e4b05b0ac3341644,POI-83,Fried Chicken Joint,
504889d2e4b084ad4610bc1d,POI-39,Restaurant,
5048a657e4b0a1f972e5ed50,POI-39,Restaurant,
50497656e4b0f3a8fa72a004,POI-57,Miscellaneous Shop,
50499553e4b0cc21ec7ec7af,POI-36,Asian Restaurant,
5049c997e4b0815f325279fc,POI-37,Thai Restaurant,
5049cf67e4b04f60bc00c31d,POI-22,Dessert Shop,
5049ed29e4b072ebf94d85d0,POI-45,Indonesian Restaurant,
5049f08de4b00e995defa083,POI-22,Dessert Shop,
5049f285e4b08baee5b5b6e5,POI-13,Diner,
504a1a5fe4b08c48055269fa,POI-14,Pub,
504a3878e4b02e5438563d42,POI-11,Nightclub,
504abe9de4b01b58f37afc51,POI-41,Ramen /  Noodle House,
504adecde4b03c3db1046234,POI-103,Mobile Phone Shop,
504aff4be4b04dcd17645e89,POI-145,Farmers Market,
504b062be4b0f228d810ecc4,POI-91,Food & Drink Shop,
504b1b25e4b054854198b5fd,POI-92,Salon / Barbershop,
504b2113e4b05ebf6d3bf05f,POI-7,American Restaurant,
504b6798e4b0f228d83f1d6a,POI-99,Hookah Bar,
504b6daee4b0856d551f9537,POI-96,Karaoke Bar,
504bf6f2e4b08a4f694da0ce,POI-128,Kids Store,
504c173be4b0b180050fd52c,POI-7,American Restaurant,
504c4feee4b0c450c2c1c118,POI-18,Indian Restaurant,
504c69e0e4b0273937ab08f0,POI-103,Mobile Phone Shop,
504c75b9e4b0c8862b4dba09,POI-54,Clothing Store,
504c76e0e4b00c0108c693ca,POI-39,Restaurant,
504c8a2ae4b0a3d4a1334109,POI-73,Electronics Store,
504d69ace4b015de62c98606,POI-81,Steakhouse,
504d709ce4b0c8862bc1b83d,POI-132,Filipino Restaurant,
504da249e4b04a78b07b80dc,POI-36,Asian Restaurant,
504db1aae4b08a5d4767aaff,POI-55,Sporting Goods Shop,
504dcc70e4b036911767f369,POI-91,Food & Drink Shop,
504dfb1ee4b05763eaca6eb4,POI-20,Spanish Restaurant,
504e9d3ae4b032dd9694235c,POI-39,Restaurant,
504ecfd7e4b0a4468298d849,POI-40,Seafood Restaurant,
504f0b00e4b0dde144f7832c,POI-6,Tea Room,
504f6afbe4b05f0233684f50,POI-110,Yoga Studio,
504f721de4b0a47b124d7c5c,POI-96,Karaoke Bar,
504ff930e4b0361aab8e1d6c,POI-36,Asian Restaurant,
50500041e4b087fd01599ad3,POI-22,Dessert Shop,
50501f90e4b0abf30e73bf01,POI-91,Food & Drink Shop,
50507a24e4b012578bf25093,POI-39,Restaurant,
5050c865e4b06999c6edd77a,POI-125,Other Nightlife,
505115d7e4b0252d04e68cbb,POI-153,Bed & Breakfast,
50514ccfe4b0f47dfecf98d1,POI-27,Art Gallery,
50515f09e4b0c9dff0b759a2,POI-36,Asian Restaurant,
5051726b64a46f2c6ee28af9,POI-84,Boutique,
50517935e4b081e916458eff,POI-43,Vegetarian / Vegan Restaurant,
5051a45de4b054396b1f68af,POI-123,Convenience Store,
5051b2cfe4b04ec137791f92,POI-36,Asian Restaurant,
5051c0ebe4b0bdd5e8cc804a,POI-72,Vietnamese Restaurant,
5051d129e4b09819b93c31cd,POI-17,Chinese Restaurant,
5051d52de4b0cccd4efcd420,POI-63,Bakery,
50521798e4b0f63fd2da34ee,POI-95,German Restaurant,
5052b63fe4b08e1d3c39877c,POI-10,Coffee Shop,
5052db48e4b0359ed4970086,POI-39,Restaurant,
50530707e4b01f3aa46cfc4b,POI-119,Record Shop,
505314eae4b0c4c555fbb9ca,POI-2,Bar,
50531bdbe4b03ac261da77b7,POI-2,Bar,
505343ece4b0244ddd71b96d,POI-95,German Restaurant,
50535356e4b0a13301b1a67b,POI-66,Grocery Store,
50536461e4b0c4c5562f3413,POI-125,Other Nightlife,
5054127ce4b07f0639e93486,POI-22,Dessert Shop,
505417e4e4b0845914fba197,POI-22,Dessert Shop,
50541db6e4b07ab78cb7b3ac,POI-22,Dessert Shop,
5054288ae4b0244dddf14792,POI-84,Boutique,
50542ffee4b0244dddf4438f,POI-92,Salon / Barbershop,
5054356ae4b0001ed36ea41a,POI-98,Snack Place,
50545184e4b09a662d1dce5f,POI-68,Gym / Fitness Center,
5054947ae4b01f3aa54a70c7,POI-175,Burrito Place,
5054b918e4b0b914253ea077,POI-14,Pub,
50553835e4b02204c300c6c9,POI-91,Food & Drink Shop,
505564d1e4b06562e3c325fe,POI-45,Indonesian Restaurant,
50558113e4b04495bd5016ef,POI-92,Salon / Barbershop,
505693b7e4b0e7a9789ebdab,POI-74,Fast Food Restaurant,
5056d7cee0e27c7feaf94590,POI-2,Bar,
5056fe3fe4b096ad9ac514cb,POI-39,Restaurant,
50571b27e4b096ad9ad57eeb,POI-80,Ice Cream Shop,
50571e2ae4b04df23579f4a1,POI-149,Nail Salon,
505722ace4b04495be2cc97c,POI-22,Dessert Shop,
50574749e4b08e1d3eb91c52,POI-39,Restaurant,
5057f39be4b0a8629c248aff,POI-85,Furniture / Home Store,
5057fb28e4b018d4b8a7d447,POI-10,Coffee Shop,
50582874e4b018504ab619e8,POI-6,Tea Room,
50582cf5e4b0bc64c8b8c846,POI-91,Food & Drink Shop,
5058686fe4b05809b0f035c7,POI-17,Chinese Restaurant,
50586d16e4b018504ad73c61,POI-6,Tea Room,
505986d0e4b0b41547c1156c,POI-69,Spa / Massage,
50598ce1e4b06909b8f5176e,POI-74,Fast Food Restaurant,
5059c352e4b0de18205f162b,POI-103,Mobile Phone Shop,
5059f6c6e4b0e7b3d5d25f26,POI-177,Turkish Restaurant,
505a3dd6e0e2f74305d9ec51,POI-11,Nightclub,
505a9558e4b03e4e7354fb18,POI-10,Coffee Shop,
505a9ec5e4b08096cabb6ca5,POI-102,Bbq Joint,
505abb57e4b043a9f0cd0ff2,POI-17,Chinese Restaurant,
505acc81e4b04a22fda83502,POI-178,Afghan Restaurant,
505b0520e4b0a3801af2a3a7,POI-2,Bar,
505b0b92e4b0e0a791cb94f0,POI-167,Whisky Bar,
505beb78e4b0f1d612288ae3,POI-8,Gastropub,
505bebcae4b01fac8792f442,POI-7,American Restaurant,
505c1653e4b0b4bf444e32a1,POI-46,Japanese Restaurant,
505c1b98e4b02c96b33327f6,POI-10,Coffee Shop,
505c5d6ce4b00e0d6d3ce89d,POI-17,Chinese Restaurant,
505c8218e4b0478c09b8955f,POI-15,Cocktail Bar,
505d268fe4b033df39ab3349,POI-10,Coffee Shop,
505d4c18e4b04d802af679bb,POI-113,General Travel,
505d8a48e4b08ab5c27e7a6d,POI-17,Chinese Restaurant,
505d91a0e4b0d7a5e2c91046,POI-112,Gift Shop,
505dacdfe4b0988dacd87752,POI-46,Japanese Restaurant,
505dbc04e4b03366ba843e21,POI-36,Asian Restaurant,
505e7d55e4b044452d9c2497,POI-35,Dim Sum Restaurant,
505e7eede4b04c6cd1d32cfe,POI-39,Restaurant,
505e981052622886bbee6a6e,POI-42,Food Court,
505ea15be4b004c15c249247,POI-6,Tea Room,
505ebd63e4b0211dec541df6,POI-68,Gym / Fitness Center,
505ecfb6e4b04c6cd1f34086,POI-2,Bar,
505ee400e4b05a5f26c2976e,POI-36,Asian Restaurant,
505ef917e4b0be434f3fada2,POI-17,Chinese Restaurant,
505f184fe4b0e2196bea04b8,POI-13,Diner,
505f2332e4b0cf9659e7818d,POI-11,Nightclub,
505f49a5e4b0a05446fa2c98,POI-153,Bed & Breakfast,
505fe60de4b0f168c08521c3,POI-36,Asian Restaurant,
505fe751e4b0f168c0859328,POI-54,Clothing Store,
505fe88de4b0794d7554d47a,POI-73,Electronics Store,
505fec12e4b023b9a0d947c5,POI-73,Electronics Store,
5060699ae4b02adef1611b04,POI-167,Whisky Bar,
506121d3e4b0fb3a31c49260,POI-17,Chinese Restaurant,
5061b81de4b0034de56664af,POI-53,Department Store,
5061ba2ee4b095191c4b9c55,POI-26,Park,
50625d36e4b03f3ec3921f6f,POI-84,Boutique,
5062a8d2e4b039883b05ecca,POI-6,Tea Room,
5062b882e4b0fc3b117ee666,POI-123,Convenience Store,
5062de08e4b043ec7fbed77c,POI-17,Chinese Restaurant,
5062ea5ae4b03eb27dbb4b9f,POI-84,Boutique,
5062f13fe4b09717518d8ce7,POI-16,Australian Restaurant,
5063de9ee4b049f7541f2223,POI-17,Chinese Restaurant,
5063dfc7e4b0a723933826e8,POI-10,Coffee Shop,
50642e20e4b0db7f412fe776,POI-126,Music Store,
50644b51e4b08e625b49c15f,POI-68,Gym / Fitness Center,
50653386e4b0815338ddc892,POI-84,Boutique,
50653abee4b02eba6716cee5,POI-19,French Restaurant,
50654b5be4b0404203e807a9,POI-10,Coffee Shop,
506563a7e4b029b0f7d9bc9d,POI-54,Clothing Store,
5065643ae4b0bd91dff11761,POI-54,Clothing Store,
50656484e4b0105355a53926,POI-52,Arts & Crafts Store,
50658d89498ef54a3fdca6af,POI-53,Department Store,
506590bde4b0bd91e0039eb3,POI-46,Japanese Restaurant,
5065952d498e20f4234bcecb,POI-98,Snack Place,
5065bbc9e4b036a5279c01be,POI-36,Asian Restaurant,
5065c26ce4b03c231678ee71,POI-2,Bar,
50668457e4b03ce13a8626a0,POI-17,Chinese Restaurant,
50668505e4b0cdb22f85c267,POI-116,Beer Garden,
5066d21be4b0f6898ec13a24,POI-10,Coffee Shop,
5066e70be4b0f328df9f7195,POI-45,Indonesian Restaurant,
5066e86fe4b087b1877a3c0e,POI-31,Mexican Restaurant,
5066fa06e4b08e8fd3849ec9,POI-21,Lounge,
5067be75e4b0a3e6ed4e88ce,POI-68,Gym / Fitness Center,
5067c777e4b0cdb230459b56,POI-92,Salon / Barbershop,
50680621e4b0e370b256dc8c,POI-15,Cocktail Bar,
50682aa5e4b08d6e1fc06945,POI-8,Gastropub,
50683226e4b05eea7058b4a8,POI-22,Dessert Shop,
5068b734e4b08e8fd488e95d,POI-106,Candy Store,
50692b6de4b073ee76c5014d,POI-10,Coffee Shop,
50695b69e4b0b9b4ebd02c69,POI-132,Filipino Restaurant,
5069a3e7e4b0c318abfd1215,POI-2,Bar,
5069d109e4b0f689906bffe6,POI-11,Nightclub,
5069d39ce4b0f328e12c4996,POI-26,Park,
506a76f6e4b0ec7b6902b961,POI-13,Diner,
506a7a41e4b05499f5c82fb7,POI-2,Bar,
506a8187e4b0aef85b60a5e5,POI-37,Thai Restaurant,
506ac7a7e4b0821d12d74d3d,POI-103,Mobile Phone Shop,
506b8702e4b0e400a07eb1c1,POI-11,Nightclub,
506b971ae4b089934d3010fd,POI-13,Diner,
506c1810e4b0745797599c91,POI-36,Asian Restaurant,
506c2d3ee4b07449038a1a08,POI-33,Italian Restaurant,
506c3bafe4b0c5d99801d859,POI-11,Nightclub,
506c6ba5e4b03ac6962bd7f0,POI-24,Malaysian Restaurant,
506d21e1e4b09a7148776d6a,POI-88,Sandwich Place,
506d62b9e4b0c6aad79fef05,POI-123,Convenience Store,
506daac8e4b09e74d871828c,POI-20,Spanish Restaurant,
506e58eae4b0d410cdc03686,POI-46,Japanese Restaurant,
506e5ef1e4b06a580b065adc,POI-20,Spanish Restaurant,
506e9417e4b022d1ff79e1fc,POI-158,Train,
506ef89fe4b06f9dbb284e36,POI-14,Pub,
506efda1e4b0bb95515ed54c,POI-11,Nightclub,
506f89b9e4b0d72c9e4bcb67,POI-17,Chinese Restaurant,
506fa985e4b05efe48c96a49,POI-10,Coffee Shop,
506fb598e4b081d34df8c251,POI-70,Korean Restaurant,
506fb78ae4b0c37bba665872,POI-46,Japanese Restaurant,
506fb79be4b0d72c9e60297c,POI-41,Ramen /  Noodle House,
506fbb8ee4b0eead4ab6296e,POI-80,Ice Cream Shop,
506fbdff498ee7bb95fdd1f4,POI-2,Bar,
50702483e4b0337ff74b4b64,POI-15,Cocktail Bar,
507038dce4b083d7cdca83c5,POI-46,Japanese Restaurant,
50704cc8e4b04d0cabc9c13c,POI-2,Bar,
507057bfe4b04395d5b7eccc,POI-14,Pub,
5070913ce4b0df2cc7393869,POI-125,Other Nightlife,
5070f7d7e4b08143e8c0ef0b,POI-123,Convenience Store,
507115c7e4b0d53d21528c8e,POI-39,Restaurant,
50712684e4b08143e8d36f72,POI-29,Aquarium,
50712aade4b0ddd46993b6ab,POI-56,Cosmetics Shop,
507139bee4b0359dfac07335,POI-56,Cosmetics Shop,
50715504e4b01a3599614f4d,POI-83,Fried Chicken Joint,
50728c98e4b00d743727e317,POI-53,Department Store,
5072ab97498ea2ae8150d33d,POI-52,Arts & Crafts Store,
5072ad6fe4b0559b4e6869a3,POI-7,American Restaurant,
5072c114e4b09145cde7a251,POI-93,Tapas Restaurant,
5073a6f0e4b0531e5bfea440,POI-32,Pizza Place,
5073a71ce4b08a15edd74428,POI-32,Pizza Place,
5073c105e4b0bc27415fbf69,POI-17,Chinese Restaurant,
5073d2b8e4b0175b559a0b4f,POI-20,Spanish Restaurant,
5074589ee4b011f181b5dc2d,POI-123,Convenience Store,
5075030ae4b0efe6820a69e5,POI-70,Korean Restaurant,
5075661be4b0fe7d047f1ea4,POI-98,Snack Place,
50757100e4b056b4953fa63c,POI-118,Wings Joint,
50759a50e4b0a0c5e3e5d324,POI-2,Bar,
50764dbce4b08069f67f41ac,POI-46,Japanese Restaurant,
507652f4e4b00c174b0a60c6,POI-10,Coffee Shop,
5076c330e4b07246206ade8d,POI-102,Bbq Joint,
5076caf2e4b05d12c25dc11e,POI-56,Cosmetics Shop,
50779eede4b0f934e7e9c243,POI-102,Bbq Joint,
5077a3b5e4b0ce42c545f166,POI-35,Dim Sum Restaurant,
5077bb5ee4b021c550653c92,POI-46,Japanese Restaurant,
5077bd36e4b0112fc2782035,POI-57,Miscellaneous Shop,
5077be6ee4b0199a32687ef2,POI-57,Miscellaneous Shop,
5077d73ee4b0112fc2835137,POI-11,Nightclub,
50780611498e98df0dd5e200,POI-46,Japanese Restaurant,
50781f03e4b0772055ba2a50,POI-36,Asian Restaurant,
50781fb4e4b02a5a81ad051f,POI-10,Coffee Shop,
507820b0e4b0df11c8a35fc9,POI-10,Coffee Shop,
5078c170e4b02580792e0073,POI-57,Miscellaneous Shop,
5078c90de4b00eb860d855be,POI-158,Train,
5078eae4e4b05ac93cb9d4be,POI-69,Spa / Massage,
5078eecee4b0bf54e12cfff8,POI-41,Ramen /  Noodle House,
5079202e498e98df0e7a3df9,POI-99,Hookah Bar,
5079206ae4b07204c0c82930,POI-10,Coffee Shop,
5079225ae4b02bab19552387,POI-26,Park,
50792fc0e4b07d24b031c7cf,POI-55,Sporting Goods Shop,
50793916e4b0602b625ea79c,POI-22,Dessert Shop,
50795c7ee4b06fd3a9a9eb27,POI-63,Bakery,
50795d5ae4b0a4757dcb479b,POI-74,Fast Food Restaurant,
50798f38e4b0112fc37a90c3,POI-49,Multiplex,
5079a33ce4b08aa6be54e3ca,POI-74,Fast Food Restaurant,
5079b739e4b00277f34c33bd,POI-26,Park,
507a09b6e4b036360b8d487a,POI-10,Coffee Shop,
507a1652e4b0109f35d080ce,POI-84,Boutique,
507a66e7e4b03470537a928f,POI-75,Bowling Alley,
507a6c15e4b0d3b8093a157a,POI-22,Dessert Shop,
507a8c43e4b0753d5a22255b,POI-7,American Restaurant,
507a8cfae4b018ca96791c1b,POI-50,Movie Theater,
507a9d68e4b07018b6fe8b9c,POI-48,Theater,
507aa3ebe4b0da2385e334b0,POI-18,Indian Restaurant,
507ab139e4b00760cb9931db,POI-36,Asian Restaurant,
507acdeae4b0468864eb9363,POI-36,Asian Restaurant,
507ace6fe4b08aa6bf024a8e,POI-36,Asian Restaurant,
507bb3e0e4b0b5e9211f9a28,POI-22,Dessert Shop,
507bb729e4b0112fc4c1dec1,POI-32,Pizza Place,
507bc28ae4b0772057d4ad3a,POI-6,Tea Room,
507bc613e4b018ca9730ca90,POI-85,Furniture / Home Store,
507bfdc6e4b07204c27617ef,POI-10,Coffee Shop,
507ce824e4b017357fb0e097,POI-13,Diner,
507cf950e4b03a2c13760094,POI-72,Vietnamese Restaurant,
507d19dde4b0abb0a0e4ce07,POI-105,Gourmet Shop,
507d4699e4b0b250d6f5636a,POI-46,Japanese Restaurant,
507d4904e4b01aa9e4e8a312,POI-46,Japanese Restaurant,
507d49dee4b0b6093fe13b17,POI-2,Bar,
507d6f06e4b062f7e05749bd,POI-80,Ice Cream Shop,
507dc8aee4b01e98512487bd,POI-156,Ferry,
507e0648e4b0b6e3aac4ab67,POI-41,Ramen /  Noodle House,
507e4ab2e4b08b12cbad5dc2,POI-163,Piano Bar,
507ea246e4b0b374351fdf35,POI-17,Chinese Restaurant,
507f0400e4b0274885167a3c,POI-11,Nightclub,
507f8ae2e4b04cfa39a70699,POI-39,Restaurant,
507fe97ee4b07d456cf6e535,POI-46,Japanese Restaurant,
507fec70e4b0274885974647,POI-70,Korean Restaurant,
507ff864498ef796572f4abf,POI-11,Nightclub,
507ffb6be4b0e40f4ea26d5e,POI-67,Gym,
50801608e4b0054d93102f23,POI-115,Soup Place,
508023cae4b09a52c0cffd69,POI-10,Coffee Shop,
50803291e4b052212cc32754,POI-10,Coffee Shop,
5080faa5e4b0ec60c428720f,POI-120,Cupcake Shop,
508100d2e4b052836f518040,POI-153,Bed & Breakfast,
5081027fe4b07dd17add166c,POI-46,Japanese Restaurant,
508123fce4b00dc4a0f09ed6,POI-84,Boutique,
508143abe4b00dbb9c63ab98,POI-166,Paella Restaurant,
50814babe4b0ad74a764cb3c,POI-19,French Restaurant,
5081565de4b03db175683084,POI-17,Chinese Restaurant,
50815727e4b0073ffa3dc5aa,POI-11,Nightclub,
508184eae4b08a31a76ba59e,POI-11,Nightclub,
50821d7de4b0a7491c713c45,POI-75,Bowling Alley,
50823ad0e4b0e24bb2f0d0d2,POI-58,Accessories Store,
5082453ce4b0524964f19488,POI-13,Diner,
50825053e4b068d89c1be735,POI-19,French Restaurant,
50825711e4b0f51bc6121487,POI-10,Coffee Shop,
50827b24e4b0948209f85131,POI-65,Women'S Store,
5082911d498e54db9d7c0040,POI-28,Plaza,
50829feee4b0bf87c083afb0,POI-96,Karaoke Bar,
5082f12ae4b0354c59b57a32,POI-11,Nightclub,
50835adfe4b0b8e8449545ab,POI-10,Coffee Shop,
50836adee4b0cd9d3b364906,POI-19,French Restaurant,
5083af49e4b06f3330b3897b,POI-149,Nail Salon,
5083b0c1e4b0134249b569bf,POI-10,Coffee Shop,
5083c375e4b03eedbed9062b,POI-57,Miscellaneous Shop,
5083c73de4b091f16aef241f,POI-40,Seafood Restaurant,
5083d6e8e4b0ac00f6547e29,POI-69,Spa / Massage,
5083dd32e4b0073ffbd4ea28,POI-4,Resort,
5083df13e4b0a0ddb3ae6051,POI-75,Bowling Alley,
5083f749e4b0974e51fc27d0,POI-125,Other Nightlife,
5083f764e4b0354c5a51d1ab,POI-106,Candy Store,
5083ff81498eac55fda8ff60,POI-26,Park,
5084c3dce4b0ba1a32e97df1,POI-22,Dessert Shop,
5085396be4b02904947a18ac,POI-48,Theater,
508556d8e4b0fedebf8b75c8,POI-37,Thai Restaurant,
50862b5de4b040ea0822b72a,POI-41,Ramen /  Noodle House,
50863e24e4b0d578bc0f2a9a,POI-103,Mobile Phone Shop,
5086b3b1e4b00e8b111a6227,POI-11,Nightclub,
5087630be4b0a95b69ce5c3b,POI-157,Smoke Shop,
50878211e4b067196769e8c7,POI-36,Asian Restaurant,
5088c732e4b01d0047abf4b6,POI-42,Food Court,
5088ddd7e4b09b02399749ed,POI-18,Indian Restaurant,
50892618e4b0b5b02ff40cee,POI-10,Coffee Shop,
50893d3ce4b0560f31d95a3b,POI-65,Women'S Store,
50895face4b054f2043f2096,POI-11,Nightclub,
508a06a1e4b0e9aaf8e4722a,POI-17,Chinese Restaurant,
508a1ad7e4b09898c68c5027,POI-19,French Restaurant,
508a22c8e4b0c3505270e533,POI-85,Furniture / Home Store,
508a24dae4b0f6951d01a1df,POI-52,Arts & Crafts Store,
508a2695e4b0ca23f4ec39fd,POI-26,Park,
508a30dee4b0578944537d30,POI-149,Nail Salon,
508a5f93498e1181f0cd0ae5,POI-57,Miscellaneous Shop,
508a70d2e4b0b2a615262df1,POI-1,Wine Bar,
508a7a2fe4b086e5990419f8,POI-46,Japanese Restaurant,
508aa5dee4b0953c401efa76,POI-13,Diner,
508ab592e4b05f3f82ca5f90,POI-66,Grocery Store,
508aca14e4b09f7bb8a2dc83,POI-125,Other Nightlife,
508b80ece4b01ff751d8be53,POI-117,Bike Shop,
508b8439e4b0167a9d32a34a,POI-69,Spa / Massage,
508b8a36e4b01ceeb318341c,POI-19,French Restaurant,
508b98a2e4b0167a9d3b9ef6,POI-54,Clothing Store,
508bb853e4b0ddcb6e1cf0f4,POI-63,Bakery,
508bc70fe4b0702005ce472b,POI-56,Cosmetics Shop,
508bc962e4b019412c3d0c50,POI-39,Restaurant,
508bcbfee4b066b587685fbf,POI-80,Ice Cream Shop,
508c41b7e4b0c2bf3fbb8111,POI-125,Other Nightlife,
508c88a2e4b0bfcf997658c2,POI-56,Cosmetics Shop,
508ca74de4b0101d9aacff18,POI-115,Soup Place,
508cea38e4b06f6d19a61ab3,POI-6,Tea Room,
508cf5b2e4b0499bc739d0dc,POI-160,Laundry Service,
508d296fe4b040090afb14f7,POI-45,Indonesian Restaurant,
508d2b96e4b0c9eb7271eec8,POI-59,Men'S Store,
508d9a7de4b0a1c8486f3cd2,POI-74,Fast Food Restaurant,
508dc8bfe4b0b2a61728bb2e,POI-69,Spa / Massage,
508df546e4b055a7592cae6a,POI-84,Boutique,
508e2a91e4b0953c42261f5b,POI-74,Fast Food Restaurant,
508e6862e4b09f7bbab23463,POI-46,Japanese Restaurant,
508e6e5ee4b0a1c848d9ac40,POI-17,Chinese Restaurant,
508e7cede4b0772b5a074d0e,POI-46,Japanese Restaurant,
508e879ee4b07020076aec26,POI-132,Filipino Restaurant,
508e9a33e4b086e59b642e0d,POI-60,Automotive Shop,
508f647fe4b0d49481a4f304,POI-36,Asian Restaurant,
508f8260e4b031cde13e9cf1,POI-120,Cupcake Shop,
508f91a8e4b095c5d75db4bf,POI-112,Gift Shop,
508fb5dfe4b0dec0bb0dee57,POI-46,Japanese Restaurant,
508feb56e4b0aaac8b8a4ae7,POI-10,Coffee Shop,
509008b7e4b063c6405ccf33,POI-11,Nightclub,
50909f98e4b0c3ef0a064c1a,POI-39,Restaurant,
5090a6afe4b06dbf5f8ffafd,POI-41,Ramen /  Noodle House,
5090b918e4b03a2b6b4192c7,POI-123,Convenience Store,
5090ba16e4b0784a93aff4f1,POI-83,Fried Chicken Joint,
5090fee2e4b0c3ef0a2d680e,POI-46,Japanese Restaurant,
50910293e4b021bb21eee449,POI-24,Malaysian Restaurant,
509117458055b16bc26c2387,POI-96,Karaoke Bar,
5091252de4b0d3ece86187e1,POI-17,Chinese Restaurant,
509158c1e4b0fbf3ce33c381,POI-11,Nightclub,
5091aefbe4b02b464407676c,POI-36,Asian Restaurant,
50920cbbe4b07ca5e4db0534,POI-92,Salon / Barbershop,
50920dc7e4b013eba66d4c4f,POI-10,Coffee Shop,
50922fa3e4b0413b9d3f4528,POI-92,Salon / Barbershop,
50924366e4b05bc406b47eb1,POI-36,Asian Restaurant,
50927380e4b0eedd3948be7b,POI-46,Japanese Restaurant,
50934ee8e4b055b34b8779a2,POI-179,Tailor Shop,
5093556ae4b03f1e9012df15,POI-46,Japanese Restaurant,
5093559be4b087ea42733361,POI-22,Dessert Shop,
50938844e4b0385775060918,POI-55,Sporting Goods Shop,
50938a12e4b08c7bea84550e,POI-55,Sporting Goods Shop,
50938ed5e4b0b538e42d02cf,POI-10,Coffee Shop,
5093a3bee4b02e0045db2384,POI-13,Diner,
5093cbdbe4b092836eb203ef,POI-65,Women'S Store,
5093cdb3e4b0d8a7b27a0e34,POI-41,Ramen /  Noodle House,
5093d0bee0e2811e7e69e770,POI-77,Sushi Restaurant,
5093d3f1e4b08365302f5e37,POI-112,Gift Shop,
5093dcc9e4b0d8a7b2849518,POI-89,Arcade,
50946233e4b0d8a7b2e0bde8,POI-63,Bakery,
5094ab8de4b07b04aaa61398,POI-59,Men'S Store,
5094c427e4b0e52fa3512dd0,POI-123,Convenience Store,
5094f3d1e4b0836530d46ede,POI-17,Chinese Restaurant,
5095f8e8e4b053f9fc068b77,POI-36,Asian Restaurant,
50962378e4b0d8a7b3ea433c,POI-63,Bakery,
50963e41e4b0e52fa43c6eb1,POI-74,Fast Food Restaurant,
5096fd70e4b08e0dbf34a5d5,POI-7,American Restaurant,
50974af8498ecb7e55dd4b7f,POI-14,Pub,
50975694e4b055b34deb1e9a,POI-49,Multiplex,
50975ae2e4b0f94e05bfbe66,POI-112,Gift Shop,
50978220e4b087ea44f0055a,POI-56,Cosmetics Shop,
50978e98e4b0abc857a732dc,POI-130,Food Truck,
5097c608e4b0abc857c98985,POI-68,Gym / Fitness Center,
5097c729e4b0e34d6450dc06,POI-50,Movie Theater,
5098908fe4b0cfbb69da0027,POI-154,Optical Shop,
5098ac55e4b03fd222b3fd0c,POI-22,Dessert Shop,
509921b5e4b074580d59ff73,POI-2,Bar,
5099f604e4b0489c46427e38,POI-73,Electronics Store,
509a254ee4b0606e3aa7790c,POI-52,Arts & Crafts Store,
509a2c38e4b0bd50d5b3fece,POI-126,Music Store,
509a2ffbe4b0940967033147,POI-63,Bakery,
509a407ce4b0742486ce39e2,POI-10,Coffee Shop,
509a4b8ae4b0aca88295b2ae,POI-13,Diner,
509a4d4ee4b07f2723adf39e,POI-46,Japanese Restaurant,
509a57dae4b057245dfe76b7,POI-80,Ice Cream Shop,
509b13afe4b04e2b3d94cba0,POI-98,Snack Place,
509b1cafe4b0541c5e218b02,POI-80,Ice Cream Shop,
509b6efb498e0d95e9f5b977,POI-17,Chinese Restaurant,
509b992ce4b0bd1e67745345,POI-80,Ice Cream Shop,
509ba180e4b0a49188814cf8,POI-48,Theater,
509bbb0ce4b018543071f693,POI-17,Chinese Restaurant,
509c4db7e4b0b72b97db967f,POI-10,Coffee Shop,
509c995ee4b04722889d6de6,POI-27,Art Gallery,
509cc144e4b0d1661b044f26,POI-84,Boutique,
509cc2fde4b044f763413b2c,POI-46,Japanese Restaurant,
509ccf5be4b0ab175276fd20,POI-57,Miscellaneous Shop,
509cf240e4b0df8f7e03979e,POI-179,Tailor Shop,
509cf61ce4b0472288c98545,POI-10,Coffee Shop,
509cf8ebe4b01b9e48bc881b,POI-63,Bakery,
509d0e90e4b09f01844d934a,POI-15,Cocktail Bar,
509d0fa7e4b00baa8bc8db19,POI-22,Dessert Shop,
509d4c3ee4b005ecff91ec3a,POI-41,Ramen /  Noodle House,
509db7a4e4b0307536ce87bb,POI-69,Spa / Massage,
509ddd92e4b04c46e8d5ef2b,POI-101,Breakfast Spot,
509dfe2ce4b029db3d5603f8,POI-22,Dessert Shop,
509e03a7e4b057cac3b17a57,POI-6,Tea Room,
509e1611e4b0388824c7cd00,POI-32,Pizza Place,
509e24b1e4b044f76403985d,POI-36,Asian Restaurant,
509e40bce4b044f76412c97b,POI-123,Convenience Store,
509f1b37e4b047ee2931d7df,POI-158,Train,
509f46af498efdffc7351ccd,POI-54,Clothing Store,
509f77a3e4b0548c5d32a855,POI-7,American Restaurant,
509f7904e4b047228a3aafef,POI-85,Furniture / Home Store,
509f9d1fe4b005ec00dec836,POI-42,Food Court,
509fa5cbe4b029db3e46cc6d,POI-37,Thai Restaurant,
50a0bb6ee4b007e3c30a770e,POI-61,Shoe Store,
50a0d3bfe4b0fe0aa68d7ea2,POI-49,Multiplex,
50a0d408e4b01b6887cf3885,POI-40,Seafood Restaurant,
50a0f555e4b0d1661d6637b9,POI-46,Japanese Restaurant,
50a17ba0e4b01b6888355578,POI-10,Coffee Shop,
50a1c11fe4b06f4680fcb14e,POI-67,Gym,
50a1e746e4b0de5aeda20924,POI-33,Italian Restaurant,
50a2001ce4b0e8ebc174189a,POI-21,Lounge,
50a20f10e4b017f89a6697dd,POI-88,Sandwich Place,
50a22062e4b0baa241c4cb65,POI-10,Coffee Shop,
50a23d6ae4b06a7d122f147d,POI-123,Convenience Store,
50a24d5ae4b0eea671bc453c,POI-158,Train,
50a24d97e4b02fa5347299e2,POI-123,Convenience Store,
50a280abe4b0033f830a02cc,POI-165,Arepa Restaurant,
50a2e468e4b08a3c6496d89c,POI-101,Breakfast Spot,
50a30ebee4b008b721792fce,POI-13,Diner,
50a326d7e4b0f010d6bad3e7,POI-46,Japanese Restaurant,
50a32998e4b04e2d5c0ca8c8,POI-53,Department Store,
50a39092e4b0e3131d918525,POI-80,Ice Cream Shop,
50a4680be4b052be22fd0330,POI-74,Fast Food Restaurant,
50a474f7e4b05d02fc88308b,POI-42,Food Court,
50a4809ae4b000020d2f4320,POI-63,Bakery,
50a4a891e4b05906e7aa5425,POI-149,Nail Salon,
50a4d68ae4b0d9744ede82a0,POI-36,Asian Restaurant,
50a4ef96e4b071c15e6272ff,POI-50,Movie Theater,
50a5c728e4b00184ad403922,POI-63,Bakery,
50a5ee0ae4b04c23d4db4a2d,POI-149,Nail Salon,
50a5ef1fe4b0d1c5126971a0,POI-52,Arts & Crafts Store,
50a5eface4b0b3c0aaec0558,POI-22,Dessert Shop,
50a5fe47e4b0cbed9e8e035b,POI-153,Bed & Breakfast,
50a601c6e4b0e5234c41d204,POI-174,Caribbean Restaurant,
50a60a38e4b02f50bda13068,POI-10,Coffee Shop,
50a61df7e4b0c753d68fe8de,POI-17,Chinese Restaurant,
50a6230be4b0453ba8a80c35,POI-36,Asian Restaurant,
50a6713ce4b0d40bc289cd0f,POI-11,Nightclub,
50a67a84e4b0d5aeb35c931c,POI-125,Other Nightlife,
50a6f474e4b0d5aeb3a5f2a7,POI-10,Coffee Shop,
50a71bd9e4b0445d65d930a2,POI-112,Gift Shop,
50a71dd2e4b0495d7e441dbe,POI-74,Fast Food Restaurant,
50a7397f498ea24de05e267c,POI-80,Ice Cream Shop,
50a7506ae4b0aeb88aaaffd1,POI-84,Boutique,
50a76076e4b0497d75a14b20,POI-7,American Restaurant,
50a7607ee4b08091d72d6191,POI-54,Clothing Store,
50a768bbe4b044e8abaca701,POI-10,Coffee Shop,
50a773d6e4b042e20085ab25,POI-39,Restaurant,
50a793f5e4b0f10a1a93b595,POI-56,Cosmetics Shop,
50a7a56fe4b0f191c10c7e03,POI-48,Theater,
50a7e28de4b02938be70e73e,POI-11,Nightclub,
50a8788ae4b0268f9c55c414,POI-55,Sporting Goods Shop,
50a8790be4b089c951211825,POI-11,Nightclub,
50a88bd5498ea24de12a357b,POI-84,Boutique,
50a8abdce4b041e7e18f19fd,POI-55,Sporting Goods Shop,
50a8bb10e4b02dc98d727199,POI-37,Thai Restaurant,
50a8c19ee4b0ea2d5a71bd18,POI-17,Chinese Restaurant,
50a8c434e4b0445d66c66973,POI-92,Salon / Barbershop,
50a8c4cae4b0e4f42de9306a,POI-22,Dessert Shop,
50a8d71ce4b082296bf84c2b,POI-84,Boutique,
50a997a3e4b069239ea3e349,POI-123,Convenience Store,
50a9a13ce4b0aeb88c063dc9,POI-63,Bakery,
50a9bc28e4b089c951cfd1ca,POI-42,Food Court,
50a9c85ae4b041c0667573da,POI-72,Vietnamese Restaurant,
50a9ef43e4b0b9c73290dac6,POI-67,Gym,
50a9f731e4b03f2b09c30c8a,POI-1,Wine Bar,
50ab090ae4b0070926a58973,POI-10,Coffee Shop,
50ab1e38e4b0799986f460e7,POI-39,Restaurant,
50aba82be4b06e71de4db37d,POI-48,Theater,
50ac3750e4b0ceef55524714,POI-24,Malaysian Restaurant,
50ac53fee4b08e127ac81558,POI-37,Thai Restaurant,
50ac5b5be4b086be6e72a5d9,POI-113,General Travel,
50ac610be4b0e7d32515bc16,POI-168,Comedy Club,
50ac616ce4b0fbae222802a7,POI-33,Italian Restaurant,
50ac6215e4b03e5da38e74d7,POI-156,Ferry,
50ac8338e4b0c5541c9b1928,POI-73,Electronics Store,
50acbd08e4b0fbae224f5fa7,POI-57,Miscellaneous Shop,
50accab1e4b0ceef55919656,POI-22,Dessert Shop,
50ad905de4b0caa69a9b8b2e,POI-2,Bar,
50ad97b7e4b0a2172c4cdd23,POI-10,Coffee Shop,
50adab14e4b07ba2cd29c165,POI-40,Seafood Restaurant,
50adba31e4b0733838ca3dd3,POI-89,Arcade,
50adba6be4b08847d9c15bd6,POI-6,Tea Room,
50ae1ce3e4b0e7b98de059bd,POI-74,Fast Food Restaurant,
50ae2209e4b0c59ee8ce0574,POI-48,Theater,
50ae28fde4b0062752d48b38,POI-36,Asian Restaurant,
50ae2c98e4b07ba2cd61f2e7,POI-50,Movie Theater,
50ae495e498e8cffe0ab7e10,POI-125,Other Nightlife,
50ae4bd0e4b0bc45ee784503,POI-126,Music Store,
50ae58bae4b0029e73e8fafb,POI-123,Convenience Store,
50aec069e4b05083becc1b8c,POI-11,Nightclub,
50af0593e4b0149379e1de67,POI-43,Vegetarian / Vegan Restaurant,
50af2d7be4b0a74d3451c485,POI-57,Miscellaneous Shop,
50af5315e4b004e6d205cb2b,POI-56,Cosmetics Shop,
50af6057e4b063e341c2eaf1,POI-20,Spanish Restaurant,
50af64a0e4b045752ad1d39a,POI-93,Tapas Restaurant,
50b047fe498e8cffe1b46c0b,POI-177,Turkish Restaurant,
50b0642ee4b00b39bd0c96fb,POI-22,Dessert Shop,
50b07ba3e4b047828b465211,POI-29,Aquarium,
50b07d14e4b0be4ddedd2422,POI-67,Gym,
50b08c75e4b0a0a302351a6c,POI-15,Cocktail Bar,
50b0acb9e4b0ed6fa8f8226d,POI-36,Asian Restaurant,
50b0bb19e4b0441cd91452a8,POI-36,Asian Restaurant,
50b0c1c4498e8cffe1ea68d4,POI-66,Grocery Store,
50b0cda4e4b042e7813b0787,POI-95,German Restaurant,
50b0ce98e4b08847db42c6c8,POI-36,Asian Restaurant,
50b17380498ef078f98ce271,POI-123,Convenience Store,
50b19c53e4b09dc7a63947bd,POI-46,Japanese Restaurant,
50b19d09e4b02b5015caf5b7,POI-37,Thai Restaurant,
50b1c0f5e4b0216227b25eeb,POI-17,Chinese Restaurant,
50b1d33ce4b0d67c99727f4d,POI-74,Fast Food Restaurant,
50b1f4f2e4b037e0ed7a6cbe,POI-85,Furniture / Home Store,
50b1f5c4498ef078f9c292c1,POI-60,Automotive Shop,
50b1f6b4e4b0b13f4c93ff50,POI-44,Burger Joint,
50b20f3ce4b0dabb58c96764,POI-81,Steakhouse,
50b223bae4b08106f3c1a438,POI-168,Comedy Club,
50b253a1e4b0c9aea3e35678,POI-11,Nightclub,
50b253e2e4b0fca7e983102c,POI-14,Pub,
50b2c236e4b0e88f49914eb0,POI-10,Coffee Shop,
50b2f73fe4b0dabb5941e826,POI-28,Plaza,
50b3423ae4b0428a115bf58a,POI-123,Convenience Store,
50b34a50e4b0373657a27091,POI-81,Steakhouse,
50b35565e4b0065e623f2638,POI-2,Bar,
50b3599fe4b01204f8ccdc97,POI-36,Asian Restaurant,
50b36508e4b02d25ae63da9b,POI-110,Yoga Studio,
50b37cb1e4b0d67c9a41e5b5,POI-2,Bar,
50b3e368e4b03ac7c737d0fe,POI-35,Dim Sum Restaurant,
50b40053e4b0151f1569894d,POI-143,Motel,
50b429f9e4b0eb094bb71d79,POI-57,Miscellaneous Shop,
50b4319ae4b0bcc4f6516293,POI-90,Light Rail,
50b463eae4b00d1224449dbd,POI-88,Sandwich Place,
50b4d15ee4b0c673334cae05,POI-36,Asian Restaurant,
50b5652ee4b06f868650d08b,POI-90,Light Rail,
50b57e77e4b033ea1f7e54b2,POI-62,Jewelry Store,
50b59085e4b0e3ad3b031966,POI-117,Bike Shop,
50b5982b498ecd016393ebf1,POI-76,Deli / Bodega,
50b59bf1e4b0311a46c4f8f6,POI-65,Women'S Store,
50b5bc42e4b06a857002cb5e,POI-2,Bar,
50b5c8e0e4b03e94384cb605,POI-11,Nightclub,
50b5cc45e4b05cbf71fcfad2,POI-74,Fast Food Restaurant,
50b5ef97e4b0c55f393f0ac2,POI-103,Mobile Phone Shop,
50b5f523e4b0f32d3028acfc,POI-31,Mexican Restaurant,
50b6e536e4b011aa280065e8,POI-40,Seafood Restaurant,
50b6fc31e4b0c9f8dc2fb7fb,POI-57,Miscellaneous Shop,
50b6fd25e4b0b3ebc0eb8633,POI-22,Dessert Shop,
50b71579e4b0492788b3d4c3,POI-42,Food Court,
50b73159e4b0e95b28ca36cb,POI-56,Cosmetics Shop,
50b7493de4b049dbad6b6037,POI-69,Spa / Massage,
50b758ece4b00359965058a5,POI-37,Thai Restaurant,
50b7635de4b0bf1905a180ec,POI-168,Comedy Club,
50b7683ce4b08ce3c682c3c8,POI-17,Chinese Restaurant,
50b835b3e4b03a9fd8dbf9aa,POI-98,Snack Place,
50b836a1e4b09a85611284a1,POI-33,Italian Restaurant,
50b85523e4b0fa375a81e6ad,POI-115,Soup Place,
50b8af37e4b069aae8fbaafb,POI-70,Korean Restaurant,
50b8b5d1e4b09c6540f26cf7,POI-17,Chinese Restaurant,
50b8bd75e4b0e9ecea250d97,POI-10,Coffee Shop,
50b8be49e4b0c783571b4188,POI-48,Theater,
50b8da9be4b0c7835733e753,POI-2,Bar,
50b9a009e4b077f48ce1bf3d,POI-156,Ferry,
50b9dc06e4b0073fab63391f,POI-69,Spa / Massage,
50b9edb6e4b0fa375ba70a42,POI-33,Italian Restaurant,
50b9f590e4b097fc6cf7a165,POI-146,Public Art,
50bab07ee4b0073fac199dd7,POI-153,Bed & Breakfast,
50bad17be4b0c379f45aa2ef,POI-40,Seafood Restaurant,
50baf869e4b0cfba2ce5f713,POI-115,Soup Place,
50bb0cbee4b0e22561374678,POI-46,Japanese Restaurant,
50bb1abce4b0e225613f9180,POI-63,Bakery,
50bb2c7be4b0c78358ef3f58,POI-10,Coffee Shop,
50bb4f41e4b09b57e851dc76,POI-63,Bakery,
50bb6aade4b0f3b795c66f7e,POI-160,Laundry Service,
50bb834de4b03b79be0a5114,POI-153,Bed & Breakfast,
50bc47bce4b058588464de3f,POI-36,Asian Restaurant,
50bc89c5e4b03830334dfccf,POI-16,Australian Restaurant,
50bc904ae4b0f3b7a40c1ca6,POI-46,Japanese Restaurant,
50bca21ee4b08cfd70cd8a34,POI-22,Dessert Shop,
50bca9f2e4b00d3313dfc845,POI-121,Flea Market,
50bcad6ae4b07b04b525e195,POI-10,Coffee Shop,
50bd983de4b0d334dd9c4992,POI-139,Board Shop,
50bd9bc4e4b04664e0ad5c57,POI-36,Asian Restaurant,
50bda50ee4b04e1cf44c3458,POI-46,Japanese Restaurant,
50bde48fe4b01f8e8f47e089,POI-17,Chinese Restaurant,
50bde5a2e4b04664e0dad609,POI-39,Restaurant,
50bdec7fe4b0624f8cef8d76,POI-72,Vietnamese Restaurant,
50bdf50be4b04496733c7c22,POI-10,Coffee Shop,
50bdf5d6e4b0efd91a524df3,POI-32,Pizza Place,
50be9b3ee4b0520fb99087a3,POI-36,Asian Restaurant,
50befc16e4b0e8d84279f3b8,POI-137,Juice Bar,
50bf38dce4b0397f4f08b153,POI-81,Steakhouse,
50bf3f68e4b03caf11a615c6,POI-41,Ramen /  Noodle House,
50bf47bb498eef43d23030ec,POI-46,Japanese Restaurant,
50bf642be4b0a749d2288540,POI-57,Miscellaneous Shop,
50bf64a2e4b03b1879dba030,POI-8,Gastropub,
50bfe4a8e4b007d15804cab1,POI-180,Latin American Restaurant,
50bffb17e4b0362d003f20e8,POI-74,Fast Food Restaurant,
50c021bce4b0c9670f129f56,POI-123,Convenience Store,
50c0394ae4b033766365eb05,POI-145,Farmers Market,
50c0499be4b099045d5ac9c4,POI-98,Snack Place,
50c05379498e2bfc14669275,POI-67,Gym,
50c07902e4b070bb30ef8320,POI-63,Bakery,
50c08378e4b04dbdcda57074,POI-40,Seafood Restaurant,
50c098f8e4b06f3d186c5258,POI-46,Japanese Restaurant,
50c1753be4b096cbd7ae804d,POI-36,Asian Restaurant,
50c19920e4b0f5b29d8683ab,POI-74,Fast Food Restaurant,
50c1ac77e4b02a8da265009c,POI-54,Clothing Store,
50c1b0e0e4b091000d8bf295,POI-102,Bbq Joint,
50c1c00fe4b0647771d0f549,POI-137,Juice Bar,
50c1db39e4b0227e8a8dc7d5,POI-1,Wine Bar,
50c1ed48e4b0e64f1d228fe4,POI-112,Gift Shop,
50c1ee9b498e487e0e5e4409,POI-11,Nightclub,
50c1f7a9e4b0e64f1d2aca44,POI-14,Pub,
50c2abade4b0fe852cf37295,POI-160,Laundry Service,
50c2c1c5e4b013fc69aa1aa3,POI-6,Tea Room,
50c2de8e498ef1fd43bfcd72,POI-76,Deli / Bodega,
50c2e0fce4b04cc46ce57f6c,POI-17,Chinese Restaurant,
50c2e18be4b087eb7d31a742,POI-80,Ice Cream Shop,
50c2f397e4b085c8e3623452,POI-54,Clothing Store,
50c334bfe4b049caafb6bca4,POI-46,Japanese Restaurant,
50c40054e4b08c3b59abc69a,POI-41,Ramen /  Noodle House,
50c41b79e4b085c8e44669b6,POI-43,Vegetarian / Vegan Restaurant,
50c421ffe4b0fb7143f12a35,POI-31,Mexican Restaurant,
50c44a04e4b09f38ad3fc3cf,POI-41,Ramen /  Noodle House,
50c44c08e4b0e2b40c8f9cb0,POI-39,Restaurant,
50c45470e4b0de89d0cf9ac5,POI-57,Miscellaneous Shop,
50c47e19e4b09f38ad624a84,POI-62,Jewelry Store,
50c57384e4b0e0fa35f6c7f7,POI-111,Dumpling Restaurant,
50c57475e4b0e121092ee95a,POI-41,Ramen /  Noodle House,
50c578dee4b0300633135455,POI-7,American Restaurant,
50c58374e4b0bde4aaa8f340,POI-36,Asian Restaurant,
50c5d1c7e4b02500810d093b,POI-17,Chinese Restaurant,
50c69fac067dca065510b9a4,POI-17,Chinese Restaurant,
50c6aca7e4b0b5e503736685,POI-53,Department Store,
50c6b0cf067dca065512e140,POI-10,Coffee Shop,
50c6b656e4b0860fb52d6f88,POI-137,Juice Bar,
50c6b752e4b0d67751da042e,POI-10,Coffee Shop,
50c6d1bbe4b0fd6d039e4be0,POI-43,Vegetarian / Vegan Restaurant,
50c6f56ae4b01eedbc5f7cdb,POI-60,Automotive Shop,
50c72126e4b08bcba0565a78,POI-32,Pizza Place,
50c72488e4b010a7bb29f56e,POI-62,Jewelry Store,
50c7282ce4b0c262e0712193,POI-102,Bbq Joint,
50c7c669e4b0f360f1e09e13,POI-22,Dessert Shop,
50c7ccbde4b0af5db85be8f2,POI-41,Ramen /  Noodle House,
50c7dee4e4b034eff6b7db23,POI-56,Cosmetics Shop,
50c7eee5e4b034eff6c181cb,POI-10,Coffee Shop,
50c7fc79e4b039fe7b5ea9d6,POI-39,Restaurant,
50c81339e4b092bb2fbbf117,POI-105,Gourmet Shop,
50c82f54e4b0e3ea3457379c,POI-112,Gift Shop,
50c85a89498eb233863d86f6,POI-56,Cosmetics Shop,
50c8aeaae4b0f5610d9c319e,POI-67,Gym,
50c8afa3e4b0edda9489c3fd,POI-157,Smoke Shop,
50c8b0cae4b01048fe360a11,POI-69,Spa / Massage,
50c8b1b6e4b0084928235906,POI-39,Restaurant,
50c8b280e4b034eff746eb8b,POI-114,Video Game Store,
50c8b32be4b0b162a5d158b9,POI-142,Video Store,
50c8db9de4b033901892fdae,POI-143,Motel,
50c943b2e4b0b4afcb969e63,POI-117,Bike Shop,
50c979efe4b0738099b49c7e,POI-98,Snack Place,
50c982e8e4b08539fbc49e2d,POI-66,Grocery Store,
50c99aa6e4b06ae0f52ea086,POI-39,Restaurant,
50c9baede4b0cceaaf9d4abc,POI-46,Japanese Restaurant,
50c9c146e4b0d063a8e86a17,POI-7,American Restaurant,
50c9c32be4b04c1b742f4d2a,POI-10,Coffee Shop,
50c9c713e4b0c995a1e9cfbe,POI-37,Thai Restaurant,
50ca02bf245f2d4aa8c2b100,POI-39,Restaurant,
50ca02c7245f2d4aa8c2cb54,POI-39,Restaurant,
50ca1110e4b059bfb81ba917,POI-2,Bar,
50ca26abe4b0602e2452e596,POI-114,Video Game Store,
50ca2ab6e4b0c36b856ae38e,POI-11,Nightclub,
50ca95a4e4b0881a66569958,POI-128,Kids Store,
50caaf5ce4b09a6d896682a3,POI-20,Spanish Restaurant,
50cac633498ee21ac40d6bc1,POI-137,Juice Bar,
50caf1a5e4b029bc9963a978,POI-32,Pizza Place,
50caf7a7e4b03ef06e79a6ed,POI-17,Chinese Restaurant,
50cb0554e4b0881a68bc6bc3,POI-41,Ramen /  Noodle House,
50cb0cc9e4b05a3b8d5b7410,POI-66,Grocery Store,
50cb1a46498ee21ac608611e,POI-31,Mexican Restaurant,
50cbdffce4b01c69e05b212e,POI-73,Electronics Store,
50cbf4f2e4b0d0701f892ba5,POI-36,Asian Restaurant,
50cbff26e4b0d4bd11075623,POI-35,Dim Sum Restaurant,
50cc017de4b0fb932553dbfe,POI-36,Asian Restaurant,
50cc047ce4b0269364d91524,POI-17,Chinese Restaurant,
50cc0488e4b054c077454c84,POI-17,Chinese Restaurant,
50cc4584e4b03ff3391d9140,POI-39,Restaurant,
50cc49b3e4b0a8af829dfe09,POI-5,Gaming Cafe,
50cc64e7e4b0bd9099ddd78a,POI-70,Korean Restaurant,
50cc6a87582fb8f5893c8c1b,POI-32,Pizza Place,
50cc72dde4b0f94b2f96a30d,POI-31,Mexican Restaurant,
50cc80cfe4b0956d30eb37ec,POI-22,Dessert Shop,
50ccc614d63ee855763ee029,POI-6,Tea Room,
50ccd16ad63ee85576501748,POI-46,Japanese Restaurant,
50ccd3aad63ee85576536121,POI-6,Tea Room,
50ccd8fa526221623c7dc7a9,POI-77,Sushi Restaurant,
50ccdb80526221623c817a62,POI-41,Ramen /  Noodle House,
50cce105ebcac1a1e18550bc,POI-17,Chinese Restaurant,
50cd6838e4b0e6c842e10409,POI-36,Asian Restaurant,
50cd8f41e4b0c28fce7cf643,POI-85,Furniture / Home Store,
50cd9f7be4b05a3b9f836364,POI-17,Chinese Restaurant,
50cdabbf498e9af663951b08,POI-40,Seafood Restaurant,
50ce8547582f95d49dc4cab9,POI-39,Restaurant,
50ce9c89e4b04e1f4df4b04e,POI-46,Japanese Restaurant,
50ceb8fae4b05a3ba6c8b41d,POI-46,Japanese Restaurant,
50cecca4e4b0c490ce4afd1e,POI-146,Public Art,
50cef8b8e4b0a8af949a8c07,POI-97,Donut Shop,
50cf036ce4b0212e95a0b3e0,POI-76,Deli / Bodega,
50cf04dae4b0fb93394beda9,POI-102,Bbq Joint,
50cf0f9be4b0212e95f0c83c,POI-74,Fast Food Restaurant,
50cf13ffe4b0d07034277b23,POI-15,Cocktail Bar,
50cf4239e4b03ff34d680d3a,POI-13,Diner,
50d03ba4e4b08c695e100a86,POI-85,Furniture / Home Store,
50d03d70e4b0a753d000d568,POI-29,Aquarium,
50d05cabe4b0f65271bdb52e,POI-36,Asian Restaurant,
50d05fc6e4b05d30a7732a83,POI-13,Diner,
50d061aee4b0834916a5da61,POI-92,Salon / Barbershop,
50d0fd7f29a6361aa380a0e6,POI-153,Bed & Breakfast,
50d1532de4b050235d0f36fa,POI-10,Coffee Shop,
50d153e7e4b03723a7272393,POI-115,Soup Place,
50d15b9fe4b0e97ceef38b6a,POI-10,Coffee Shop,
50d18708e4b003cb7afcdc3b,POI-60,Automotive Shop,
50d1d4b8e4b08030c1bf8a6d,POI-21,Lounge,
50d1d593e4b01ddf853d734a,POI-21,Lounge,
50d26b56e4b0e638ba4b6796,POI-43,Vegetarian / Vegan Restaurant,
50d29adce4b0d3f8851887d5,POI-17,Chinese Restaurant,
50d2aff6e4b07c38e4f2400b,POI-92,Salon / Barbershop,
50d2e510e4b0e638bce101fc,POI-74,Fast Food Restaurant,
50d2eee7e4b07de97871ad0a,POI-70,Korean Restaurant,
50d2fa1be4b06fcefab7bb9c,POI-46,Japanese Restaurant,
50d423ac19a9935a0479dc9c,POI-39,Restaurant,
50d425d9e4b0706a828be0b9,POI-63,Bakery,
50d437e5e4b003a99dcce4c9,POI-22,Dessert Shop,
50d4438d498e7dccb794098b,POI-43,Vegetarian / Vegan Restaurant,
50d44466e4b0dfb5ba2d42e9,POI-17,Chinese Restaurant,
50d46a47e4b0af3685f1fa74,POI-11,Nightclub,
50d472f1e4b01344d6fb3d65,POI-21,Lounge,
50d51e5ee4b0db4f2bef9f8c,POI-73,Electronics Store,
50d536f2e4b0b7ab77e51991,POI-57,Miscellaneous Shop,
50d55ae6e4b0f031111c5e7a,POI-84,Boutique,
50d56548e4b0fb6ff60de155,POI-58,Accessories Store,
50d5936ee4b0ca3033c6bd23,POI-41,Ramen /  Noodle House,
50d59cfbe4b05909f651c5ea,POI-74,Fast Food Restaurant,
50d5a88ae4b004dcd785d93f,POI-37,Thai Restaurant,
50d5ae7ae4b07f4e5cb16b64,POI-70,Korean Restaurant,
50d5b397e4b09e2e5586476f,POI-21,Lounge,
50d5cf3ce4b01e0c629a4535,POI-11,Nightclub,
50d5dda4e4b073c621953117,POI-132,Filipino Restaurant,
50d68eeae4b079e5ccfb7834,POI-46,Japanese Restaurant,
50d6b171e4b0fb6fff0431e2,POI-16,Australian Restaurant,
50d745aec84c3a659e04b7ca,POI-125,Other Nightlife,
50d7f0dfe4b0aceb210ad5b6,POI-92,Salon / Barbershop,
50d8312fe4b0f4384d71e2d1,POI-54,Clothing Store,
50d84ea8e4b02e40879ffe2a,POI-96,Karaoke Bar,
50d955eae4b0feaa5e0a36d0,POI-54,Clothing Store,
50d984aae4b0b0947a95aa4e,POI-32,Pizza Place,
50d99614e4b0fb6f10d848bb,POI-46,Japanese Restaurant,
50d9b027e4b0be09853addc1,POI-66,Grocery Store,
50d9d99de4b0cc0be0278734,POI-17,Chinese Restaurant,
50da945fe4b0ca0ba9248581,POI-24,Malaysian Restaurant,
50da98efe4b00d6439c4758b,POI-63,Bakery,
50dacc8de4b06e4a156d09e0,POI-98,Snack Place,
50dad20be4b025ae07b31e66,POI-73,Electronics Store,
50dad2e5e4b047bb1dc3fd92,POI-91,Food & Drink Shop,
50dad35fe4b023bfa0675bb6,POI-32,Pizza Place,
50dae861e4b04490d24467ad,POI-35,Dim Sum Restaurant,
50daf1a2e4b0260d21edc4d2,POI-17,Chinese Restaurant,
50daf1f0e4b025ae087e56ea,POI-17,Chinese Restaurant,
50dbbe1ce4b0e4c0443cccc0,POI-4,Resort,
50dbd04fe4b0eb146e1962c7,POI-60,Automotive Shop,
50dbd0bbe4b0cde37c538aae,POI-22,Dessert Shop,
50dc5121498eb594f23dba13,POI-80,Ice Cream Shop,
50dc518ae4b02de15a598fc2,POI-19,French Restaurant,
50dd0efee4b07e2168760cd2,POI-41,Ramen /  Noodle House,
50dd12cee4b0a46e0ca8b4e0,POI-60,Automotive Shop,
50dd1f85e4b01d389573f509,POI-57,Miscellaneous Shop,
50dd2716e4b05a6de9bd172f,POI-115,Soup Place,
50dd4274e4b008b77c4f1064,POI-85,Furniture / Home Store,
50dd4d26e4b09888b264caa3,POI-98,Snack Place,
50dd7885e4b0ab7cd4d5fb67,POI-46,Japanese Restaurant,
50dd7b24e4b0ec80ac52b0a5,POI-69,Spa / Massage,
50dd80b4e4b06b11fc161bd6,POI-10,Coffee Shop,
50dd93f0e4b00277a99dddbe,POI-26,Park,
50dd9683e4b08821dcc51a58,POI-26,Park,
50dde043e4b0b78197e7f40e,POI-74,Fast Food Restaurant,
50de6edce4b0454c5785b77b,POI-62,Jewelry Store,
50de9925e4b0c9707c785ee6,POI-123,Convenience Store,
50de9fd0e4b01843a73f44f4,POI-16,Australian Restaurant,
50dea6ebe4b0b7819d579fc9,POI-17,Chinese Restaurant,
50dea9ebe4b0073ea3ad3ed0,POI-73,Electronics Store,
50ded4d8e4b019f6376af919,POI-49,Multiplex,
50dedb44e4b019f637963059,POI-46,Japanese Restaurant,
50dee87de4b0a366421e58d5,POI-66,Grocery Store,
50defc9d498e2bcb187b2202,POI-10,Coffee Shop,
50df939ce4b0929c2067e833,POI-113,General Travel,
50dfc4c0e4b09f5e89e31e64,POI-83,Fried Chicken Joint,
50dfcd06e4b00e616feebbe9,POI-10,Coffee Shop,
50dfceaae4b019f63ef1e5f4,POI-46,Japanese Restaurant,
50dfd892e4b0f216784886a0,POI-39,Restaurant,
50dfd99ce4b0c73e6fb1b5b0,POI-25,Zoo,
50dfe22ae4b0f216787ae817,POI-92,Salon / Barbershop,
50dfea48e4b08db59b8f548d,POI-36,Asian Restaurant,
50dffe10e4b0073ead18d315,POI-22,Dessert Shop,
50e0093be4b09f5e8b4bf0de,POI-54,Clothing Store,
50e029c3e4b0bb7ae04486a3,POI-39,Restaurant,
50e02c8f498edccae8ae0bc7,POI-89,Arcade,
50e13509e4b0b93eebdacc71,POI-17,Chinese Restaurant,
50e13a14e4b0c48b672d67b9,POI-56,Cosmetics Shop,
50e16b97e4b0b93eecfcc221,POI-74,Fast Food Restaurant,
50e176e3e4b01843baca5a96,POI-13,Diner,
50e18363e4b0073eb723b0b8,POI-37,Thai Restaurant,
50e1887ce4b0a78b04fb4bea,POI-125,Other Nightlife,
50e18bb0e4b0b76a370fa359,POI-81,Steakhouse,
50e1914fe4b0fe6440622e49,POI-11,Nightclub,
50e19b55e4b0fe6440ae0a34,POI-17,Chinese Restaurant,
50e1a2dee4b0f340127b1d36,POI-22,Dessert Shop,
50e1df3de4b01e17f8549acb,POI-11,Nightclub,
50e2471ce4b028f66aa6fce8,POI-84,Boutique,
50e248f5e4b083ca84a60561,POI-84,Boutique,
50e26628e4b0a78b0b366cde,POI-41,Ramen /  Noodle House,
50e284bbe4b0cf8b5049b76b,POI-123,Convenience Store,
50e2b56ae4b00e6182feb6b8,POI-37,Thai Restaurant,
50e2c386e4b09f5e9d2cdb53,POI-21,Lounge,
50e2ccece4b0454c74eddb52,POI-63,Bakery,
50e38d75e4b0f94bea97c1e9,POI-10,Coffee Shop,
50e3c8b8e4b01ebc76943130,POI-69,Spa / Massage,
50e3dd59e4b0f6dd28d44e1b,POI-134,Flower Shop,
50e3e8b9e4b0c9709f0c15c9,POI-58,Accessories Store,
50e3f1bae4b0a78b13ea27fd,POI-74,Fast Food Restaurant,
50e3f565e4b0748c8fcc16a8,POI-22,Dessert Shop,
50e3f813e4b0437c51f7598d,POI-92,Salon / Barbershop,
50e4fde3e4b0bb011834f866,POI-130,Food Truck,
50e55a44e4b0515dcd2aad6b,POI-65,Women'S Store,
50e55ce8e4b0bb011a0a445b,POI-53,Department Store,
50e56333e4b0b23f18e02560,POI-56,Cosmetics Shop,
50e56f4de4b067b032b253ea,POI-18,Indian Restaurant,
50e57858e4b0fa1530832ca4,POI-36,Asian Restaurant,
50e629e3e4b093e3fe6b368f,POI-2,Bar,
50e63f47e4b034264096b037,POI-69,Spa / Massage,
50e67263e4b0f8cac703b1a5,POI-128,Kids Store,
50e6b34de4b0410884119302,POI-106,Candy Store,
50e73d45e4b01f3b066a569d,POI-160,Laundry Service,
50e79a43e4b03e3214f048d1,POI-26,Park,
50e7aa5de4b08b441f0d4585,POI-179,Tailor Shop,
50e7b9cbe4b044a7683f868a,POI-32,Pizza Place,
50e80640e4b0c5df2cf79e6e,POI-43,Vegetarian / Vegan Restaurant,
50e80905e4b0b2f929cde15a,POI-36,Asian Restaurant,
50e812e3498e1c5ad5e1a35a,POI-84,Boutique,
50e845d6e4b0a6e27f204e00,POI-95,German Restaurant,
50e8b488e4b006544ccbce73,POI-26,Park,
50e90ba2e4b06746033bce46,POI-13,Diner,
50e91bd6e4b0c990eeee0a41,POI-149,Nail Salon,
50e9482be4b0d16a07131d77,POI-172,Mac & Cheese Joint,
50ea3576e4b097a7c3d8c5c0,POI-1,Wine Bar,
50ea412de4b0c29c8d04d1e9,POI-60,Automotive Shop,
50ea6945e4b0a5a07dc71462,POI-67,Gym,
50ea72d4e4b09249389de808,POI-61,Shoe Store,
50eb03e6e4b05fbb8a47d0d0,POI-171,Taco Place,
50eb6d33e4b09499726d35e7,POI-84,Boutique,
50ebe571e4b0aaf3b73fdce4,POI-10,Coffee Shop,
50ebed4de4b0348f55928786,POI-46,Japanese Restaurant,
50ebfbb5e4b09da2d479e780,POI-41,Ramen /  Noodle House,
50ec1855e4b02d45128710c0,POI-26,Park,
50ec195be4b040ac8eab33bb,POI-22,Dessert Shop,
50ecd2cae4b03a9a3932e9db,POI-92,Salon / Barbershop,
50ed16b7e4b02cc958edc518,POI-57,Miscellaneous Shop,
50ed2b5be4b058814dc2d579,POI-10,Coffee Shop,
50ed4c22e4b0cf0daca54054,POI-2,Bar,
50ed5fc9e4b0ffbaab85e9e5,POI-7,American Restaurant,
50edb4e0e4b089798b3e64f4,POI-96,Karaoke Bar,
50edf12ce4b03df116e37509,POI-6,Tea Room,
50ee3cf0e4b08462bdb82c16,POI-54,Clothing Store,
50eeb99ee4b0335229c79d75,POI-44,Burger Joint,
50eecbebe4b0f9bc9fdf21e8,POI-92,Salon / Barbershop,
50eeeee1e4b0d4f69929862b,POI-26,Park,
50ef9b93067d32769d6e4295,POI-67,Gym,
50ef9c1ce4b0401f3c25e081,POI-85,Furniture / Home Store,
50efa41ae4b02a19954e40c5,POI-42,Food Court,
50efa64ce4b02b95d6707ba2,POI-83,Fried Chicken Joint,
50efeeb2e4b0591d122e2a0f,POI-2,Bar,
50eff41fe4b022eb95385512,POI-117,Bike Shop,
50effd8de4b0b43c860bbc11,POI-46,Japanese Restaurant,
50f0f6e0e4b0e33ec0050f00,POI-61,Shoe Store,
50f15768e4b0ff8678741f67,POI-96,Karaoke Bar,
50f15f48e4b00237e2a6fe5d,POI-59,Men'S Store,
50f1671de4b0ff7d2812cb84,POI-39,Restaurant,
50f1ad7be4b0403bd4282e45,POI-17,Chinese Restaurant,
50f2507ce4b03f200a4c10ba,POI-22,Dessert Shop,
50f26292e4b050bf979df2c9,POI-120,Cupcake Shop,
50f2775ae4b050bf980961eb,POI-73,Electronics Store,
50f2ad60e4b067e9f35accd7,POI-56,Cosmetics Shop,
50f2b452e4b0a61f60486049,POI-17,Chinese Restaurant,
50f2bfe9e4b0afae23b777c2,POI-36,Asian Restaurant,
50f3c5bfe4b0bd2753358d45,POI-50,Movie Theater,
50f3e0d7e4b0d76bfa5d7d6a,POI-61,Shoe Store,
50f3eb41e4b03df3999f2ec4,POI-70,Korean Restaurant,
50f4de71e4b05818d8c1b862,POI-39,Restaurant,
50f506c7e4b05cac142ceae4,POI-61,Shoe Store,
50f539a6e4b0f2332545b8f7,POI-98,Snack Place,
50f625ade4b0eaf76c920577,POI-10,Coffee Shop,
50f6285ae4b00733f535cf05,POI-46,Japanese Restaurant,
50f69100e4b0bc1814ab18ee,POI-36,Asian Restaurant,
50f75d52e4b06f5437592e48,POI-50,Movie Theater,
50f78305e4b07d774d69055d,POI-115,Soup Place,
50f7887ae4b024e804eb35aa,POI-55,Sporting Goods Shop,
50f7d4d1e4b0e48295097ae9,POI-45,Indonesian Restaurant,
50f839bbe4b059169317a957,POI-11,Nightclub,
50f91ef4e4b0d759bad5043d,POI-102,Bbq Joint,
50f92cc3e4b03ac976e825e4,POI-2,Bar,
50f92edae4b00ae3e0b4ddc0,POI-63,Bakery,
50fa5ae1e4b05cb56b600162,POI-80,Ice Cream Shop,
50fa7c58e4b02fe307211379,POI-92,Salon / Barbershop,
50fa7d3ae4b07787cc343efa,POI-8,Gastropub,
50fa7feee4b0870da4291807,POI-37,Thai Restaurant,
50faa1e4e4b01dd467c57519,POI-80,Ice Cream Shop,
50fb54cde4b0c9eeacdc4d6b,POI-24,Malaysian Restaurant,
50fb803ee4b020b55f14f37a,POI-46,Japanese Restaurant,
50fb8c01e4b0b3dba18534f5,POI-63,Bakery,
50fb901ce4b0b8502360de47,POI-10,Coffee Shop,
50fb9766e4b00afffe3992c7,POI-92,Salon / Barbershop,
50fbb299e4b0a8cc9e108193,POI-46,Japanese Restaurant,
50fbc01be4b0937c7ba92b5a,POI-63,Bakery,
50fbc607e4b0b3dba2b78c48,POI-17,Chinese Restaurant,
50fbd239e4b02b4f567b666f,POI-46,Japanese Restaurant,
50fce916e4b0a72ceb570615,POI-63,Bakery,
50fe2392e4b0c8673f114962,POI-7,American Restaurant,
50fe6020e4b0937c8c966172,POI-14,Pub,
50fe60c2e4b00aff0feb99e6,POI-5,Gaming Cafe,
50fe6543e4b0687cedf4e17a,POI-70,Korean Restaurant,
50fe7996e4b0a72cf523d759,POI-17,Chinese Restaurant,
50fe8c54e4b07787e752fc24,POI-46,Japanese Restaurant,
50fea4a7e4b0b707e7e1b2c6,POI-37,Thai Restaurant,
50ff7afee4b00065bc84f1c3,POI-17,Chinese Restaurant,
50ffbb8de4b04937b62e7101,POI-37,Thai Restaurant,
50ffbeafe4b0a643352b4460,POI-19,French Restaurant,
50ffcbdee4b0d6931dff6fdb,POI-17,Chinese Restaurant,
50fff72de4b0989a4ba226af,POI-10,Coffee Shop,
510097b4e4b073cacbfc5f97,POI-50,Movie Theater,
5100af2de4b093be59e65e03,POI-39,Restaurant,
5100b733e4b0dbb0c45585bb,POI-50,Movie Theater,
5100f348e4b0106081c7d1b5,POI-49,Multiplex,
51012442e4b0b1a79323ff75,POI-53,Department Store,
51020719e4b03391b1d835f1,POI-67,Gym,
51021340e4b08a44076d25a8,POI-17,Chinese Restaurant,
51021540e4b02b0ca5ba23b1,POI-10,Coffee Shop,
510276b5e4b0cd77ae82e5f2,POI-24,Malaysian Restaurant,
51033b42e4b0f0740b1a342a,POI-67,Gym,
510372c0e4b0f8687f755fc6,POI-27,Art Gallery,
5103ce92e4b00e3879881c19,POI-18,Indian Restaurant,
510491f6e4b0700e115458b2,POI-24,Malaysian Restaurant,
5104adfce4b0275f758bebbd,POI-24,Malaysian Restaurant,
5104beb2e4b06f162079ed0f,POI-128,Kids Store,
5104c999e4b01e27b4d2bbb8,POI-17,Chinese Restaurant,
5104d3cbe4b05421a55823f2,POI-59,Men'S Store,
5104eb30e4b0637e13445e3f,POI-95,German Restaurant,
51052066e4b04ee8acc81196,POI-17,Chinese Restaurant,
5105ed90e4b0f86890cd7aa3,POI-145,Farmers Market,
510616a8e4b06b57d486f07e,POI-56,Cosmetics Shop,
5106470ce4b0fc9c3784eb8a,POI-22,Dessert Shop,
51066febe4b0c047f3a2fea8,POI-92,Salon / Barbershop,
5108fd81e4b0756be228550a,POI-70,Korean Restaurant,
51095284e4b08b137038c8c9,POI-10,Coffee Shop,
5109f360e4b0bfb253437dad,POI-10,Coffee Shop,
5109f9afe4b03c017a054f25,POI-70,Korean Restaurant,
5109ff9de4b0f8bd9d65763c,POI-120,Cupcake Shop,
510a5a26e4b05b6eba8489f3,POI-10,Coffee Shop,
510b75fae4b032fae2e5e20d,POI-50,Movie Theater,
510bb034e4b06de828c06933,POI-17,Chinese Restaurant,
510bb629e4b0c5028062b5b7,POI-2,Bar,
510bfec0e4b0e2f9304b2072,POI-75,Bowling Alley,
510c952de4b04f29d160f6b5,POI-157,Smoke Shop,
510c9d92e4b00af1b2314bd7,POI-36,Asian Restaurant,
510cbfc3e4b0470c575b0695,POI-36,Asian Restaurant,
510cc37de4b00423d30ed8da,POI-149,Nail Salon,
510ccafbe4b0ca91eaa3f705,POI-36,Asian Restaurant,
510cd65ce4b033507e902b44,POI-54,Clothing Store,
510cd967e4b0ce64fd26c8d8,POI-84,Boutique,
510cf703e4b0ec5cc20cdf19,POI-36,Asian Restaurant,
510d1241e4b0eaff753dbde2,POI-41,Ramen /  Noodle House,
510d2dfce4b00af1b6097520,POI-13,Diner,
510d2ea7e4b00192b386789b,POI-13,Diner,
510d2feee4b0be8b34fb8c12,POI-43,Vegetarian / Vegan Restaurant,
510d301ae4b0b0ec6780776d,POI-43,Vegetarian / Vegan Restaurant,
510d460be4b00af1b6eadd67,POI-69,Spa / Massage,
510d4634e4b075af09a0d531,POI-69,Spa / Massage,
510d46d3e4b0e2f939878114,POI-23,Jazz Club,
510d46fbe4b0b0ec685244b3,POI-23,Jazz Club,
510d494fe4b00af1b709bc21,POI-23,Jazz Club,
510d4c51e4b0c5028c0de791,POI-37,Thai Restaurant,
510d4e04e4b0faae32a8a516,POI-37,Thai Restaurant,
510d4f7ee4b0c5028c2b6fd1,POI-11,Nightclub,
510d5048e4b06e4692a2d5c5,POI-37,Thai Restaurant,
510d63aee4b00192b575ba9e,POI-37,Thai Restaurant,
510d6573e4b032faf11d006a,POI-37,Thai Restaurant,
510dc7c2e4b0873bc5ef9abf,POI-37,Thai Restaurant,
510dc907e4b045d34064c8de,POI-80,Ice Cream Shop,
510de41fe4b075af0e91d806,POI-80,Ice Cream Shop,
510df583e4b04c8ca9d6fb6f,POI-80,Ice Cream Shop,
510e43cee4b01a7ac94fc37f,POI-10,Coffee Shop,
510e60a6e4b07546a075bd9b,POI-80,Ice Cream Shop,
510e60c4e4b0681bb6ff8bd4,POI-80,Ice Cream Shop,
510e6150e4b0056833d41924,POI-80,Ice Cream Shop,
510fa948e4b0873bd2479c79,POI-22,Dessert Shop,
510fb4dee4b0ec5cd5c28c8f,POI-36,Asian Restaurant,
51104ea0e4b05c5f202da417,POI-10,Coffee Shop,
51105cf0e4b0813063508bf4,POI-10,Coffee Shop,
51107fece4b0e4109e44511b,POI-27,Art Gallery,
511099e9e4b0162f3eb2e6cb,POI-41,Ramen /  Noodle House,
5111d71ee4b02ecb4fb8729f,POI-10,Coffee Shop,
51122bf8ebcad0f7b3c91ff0,POI-68,Gym / Fitness Center,
51122e61e4b08d876fdbf9fc,POI-55,Sporting Goods Shop,
511241dde4b0014adc2137f1,POI-7,American Restaurant,
51124562e4b0e9e9a218a47b,POI-67,Gym,
5113350fe4b0fc65f61225e7,POI-69,Spa / Massage,
51133db1e4b07c8ff865d1a1,POI-10,Coffee Shop,
51137a66e4b0138637b6249f,POI-69,Spa / Massage,
51139755e4b09f1fb1623a8f,POI-17,Chinese Restaurant,
5113afe7e4b0345564b5ea71,POI-28,Plaza,
5113c897e4b0fbce9471fe82,POI-11,Nightclub,
5114ae88e4b043d2b2a97a63,POI-160,Laundry Service,
5114fd34e4b0c912cca4796b,POI-92,Salon / Barbershop,
51152024e4b09c3bd2e9ad48,POI-10,Coffee Shop,
5115c5c0e4b00774568000fd,POI-54,Clothing Store,
5115e66be4b08a5717b179f6,POI-103,Mobile Phone Shop,
5115f4e7e4b0d434748adab7,POI-56,Cosmetics Shop,
51172ce7e4b04e9f6e42a8af,POI-85,Furniture / Home Store,
5118b547e4b091f44eb7e838,POI-66,Grocery Store,
5119a7f6e4b08e477f574c6f,POI-10,Coffee Shop,
5119a9f9e4b0f8327ce9f328,POI-40,Seafood Restaurant,
511a1b2ce4b05931f532b6a0,POI-17,Chinese Restaurant,
511a6679e4b01271926ec4fc,POI-2,Bar,
511b32ade4b028f8d3314584,POI-41,Ramen /  Noodle House,
511b3e7be4b0924ac6b42baa,POI-7,American Restaurant,
511b70b1e4b047cff91f6a11,POI-62,Jewelry Store,
511bac8fe4b091eb65880f69,POI-11,Nightclub,
511c3c9ee4b0f998f09f336d,POI-88,Sandwich Place,
511ceb0be4b00679dd110991,POI-36,Asian Restaurant,
511d04a7e4b0f7bb9103140b,POI-96,Karaoke Bar,
511e22fde4b069c44db7e836,POI-46,Japanese Restaurant,
511e2e58e4b09d24c3e420fc,POI-46,Japanese Restaurant,
511f103ce4b0320f968a8ffe,POI-101,Breakfast Spot,
511f1340e4b0b8dae2ea29d0,POI-18,Indian Restaurant,
511f29fae4b08f84abdb5ff0,POI-36,Asian Restaurant,
511f7380e4b0e90c5d1b24a1,POI-11,Nightclub,
511f8803e4b0d5834ae01586,POI-84,Boutique,
511f907fe4b0b2c48bcf67a9,POI-167,Whisky Bar,
51207031e4b0b3e2ab10b585,POI-16,Australian Restaurant,
512081b6e4b0a7323aae6f07,POI-29,Aquarium,
5121ac1ae4b0e64a43558e1c,POI-137,Juice Bar,
5121af04e4b06730b7114128,POI-92,Salon / Barbershop,
51220318e4b0841ef2136a7f,POI-6,Tea Room,
51220f4ee4b00c953290d9b5,POI-50,Movie Theater,
512226b9e4b0d2f6250b504b,POI-69,Spa / Massage,
5122ed36e4b0a44a88438cad,POI-10,Coffee Shop,
51230c52e4b0b1303f4c72e1,POI-93,Tapas Restaurant,
51237a1fe4b0854580646cd6,POI-74,Fast Food Restaurant,
51237d8be4b04e6a131e38dd,POI-65,Women'S Store,
51245408e4b07c9613693ff3,POI-46,Japanese Restaurant,
512497b4e4b0b58b7ef6a9ad,POI-54,Clothing Store,
5124b1f8e4b06327ec9391ff,POI-57,Miscellaneous Shop,
5124bab2e4b08cbcc1799a0c,POI-180,Latin American Restaurant,
5124c612e4b0393d929d9d73,POI-39,Restaurant,
5124cedee4b07a3303bb95fe,POI-10,Coffee Shop,
5125ad12e4b0c83f493ead9d,POI-44,Burger Joint,
5125ba6ce4b08de79255dcc1,POI-69,Spa / Massage,
512600d2e4b0f6eb7c52201c,POI-11,Nightclub,
51261663e4b07130bc78a62c,POI-146,Public Art,
5126ccfee4b0f8ccb4a613d7,POI-18,Indian Restaurant,
51271ea2e4b0b529b415bfea,POI-136,Thrift / Vintage Store,
51276324e4b0041436bea3f0,POI-39,Restaurant,
51276840e4b031c90d3c0e01,POI-13,Diner,
51279816e4b0e4084477c34d,POI-70,Korean Restaurant,
512840d3e4b0fd9658b9812f,POI-33,Italian Restaurant,
5128a292e4b0e22ff900206d,POI-43,Vegetarian / Vegan Restaurant,
5128a706e4b0b8fa8daf3c62,POI-46,Japanese Restaurant,
5129af7ae4b0e1bb9ccd1105,POI-37,Thai Restaurant,
5129b879e4b0691894724eea,POI-101,Breakfast Spot,
512afa8ae4b0701b3d48a487,POI-137,Juice Bar,
512b42f3e4b0e22f0b8b2331,POI-60,Automotive Shop,
512b4f6fe4b0d9d00ec8f03f,POI-65,Women'S Store,
512c4b37e4b08e4cb6acd0e5,POI-43,Vegetarian / Vegan Restaurant,
512c53d0e4b0388908d27c33,POI-39,Restaurant,
512c84dae4b012002cb9c52e,POI-16,Australian Restaurant,
512cab01e4b0c161e12f5675,POI-10,Coffee Shop,
512cbeb4e4b014e6727eec8f,POI-22,Dessert Shop,
512cbf49e4b01b48c71abc4b,POI-22,Dessert Shop,
512d74e6e4b042173226517f,POI-73,Electronics Store,
512ea316e4b0a28d8b374f64,POI-41,Ramen /  Noodle House,
512eec83e4b05f74826d9644,POI-6,Tea Room,
512ef9a7e4b05cfe39715d24,POI-24,Malaysian Restaurant,
512f3736e4b0b6aec0850944,POI-56,Cosmetics Shop,
513069a3e4b0fb5171f6b1c2,POI-36,Asian Restaurant,
51307402e4b0ef4e029defe2,POI-63,Bakery,
513093dfe4b038ffebef3ed7,POI-46,Japanese Restaurant,
513179bee4b0a24f80c1e761,POI-112,Gift Shop,
51319ed6e4b0901291d5096f,POI-63,Bakery,
5131dfdfe4b0c827f0ce22e8,POI-17,Chinese Restaurant,
5131e449e4b0872500e923e8,POI-33,Italian Restaurant,
513205e4d63e3cc3ba57cddb,POI-74,Fast Food Restaurant,
513205f8e4b0901294a3a750,POI-11,Nightclub,
5132da1fe4b0303cdb181a61,POI-17,Chinese Restaurant,
5132ec64e4b008f26b282a48,POI-54,Clothing Store,
513303b4e4b0316016922c6c,POI-28,Plaza,
513306dbe4b01ac3ba8482cc,POI-33,Italian Restaurant,
51331d5ee4b054cc72e6c510,POI-63,Bakery,
51337a82e4b0bef190a0b53b,POI-5,Gaming Cafe,
51338d96e4b006d9d7dcaa27,POI-68,Gym / Fitness Center,
51342252e4b0feed396e5b6c,POI-132,Filipino Restaurant,
5134b6d1e4b054cc7e94ecb1,POI-11,Nightclub,
5134d0b6e4b0bef19a32beac,POI-11,Nightclub,
5135be48e4b08ce23f82747d,POI-69,Spa / Massage,
5135e1d8e4b055a5bb2e3121,POI-70,Korean Restaurant,
5136c3b7e4b04ea88078bac9,POI-76,Deli / Bodega,
5136f75be4b0536562e774e5,POI-74,Fast Food Restaurant,
51371328e4b0e335fa3d91cf,POI-36,Asian Restaurant,
513760ece4b08fc6b203a462,POI-73,Electronics Store,
513813a4e4b0a75b6b5aac0c,POI-10,Coffee Shop,
51382dc4e4b0fff47f7794ac,POI-17,Chinese Restaurant,
51383794e4b02b0cc62b5db1,POI-92,Salon / Barbershop,
513851b1e4b0e3c7b1a17dfb,POI-31,Mexican Restaurant,
51385c8ee4b090c2c6f3cf3d,POI-32,Pizza Place,
513872b0e4b08e910f735908,POI-17,Chinese Restaurant,
51387b50e4b057585d9eb386,POI-31,Mexican Restaurant,
51387f39e4b0cdf573cc6b61,POI-7,American Restaurant,
513892a1e4b0922771030862,POI-22,Dessert Shop,
51389372e4b0517899346c14,POI-32,Pizza Place,
513972b0e4b084437fe083bd,POI-145,Farmers Market,
5139c13de4b0a8c14e1613fa,POI-36,Asian Restaurant,
5139de4ae4b030c35bfa3158,POI-123,Convenience Store,
5139f764e4b0e3f75b1425f4,POI-36,Asian Restaurant,
513a060be4b03ded3956b972,POI-11,Nightclub,
513a2611e4b01211b53c6795,POI-17,Chinese Restaurant,
513a8ca5e4b0c2850f7c6d3f,POI-63,Bakery,
513acb17e4b02357d96c26a4,POI-39,Restaurant,
513b798de4b0f8b1fa632cad,POI-68,Gym / Fitness Center,
513bf297e4b0d67baeb2560a,POI-43,Vegetarian / Vegan Restaurant,
513c2f0be4b0a1e311494899,POI-22,Dessert Shop,
513d6c655262e60c791abfc1,POI-24,Malaysian Restaurant,
513ded9be4b0c2f5bbf95c48,POI-116,Beer Garden,
513e249fe4b0b7f3ee07e014,POI-11,Nightclub,
513eb4c0e4b06c84bb274ec9,POI-2,Bar,
513effa2e4b06af3deb5de2b,POI-10,Coffee Shop,
513f0b59e4b0b7ab809a5979,POI-96,Karaoke Bar,
51403230e4b0c8c9021a7a5e,POI-10,Coffee Shop,
51403638e4b0c2b519ebaed7,POI-76,Deli / Bodega,
51405a9ee4b0829e3195f5ef,POI-96,Karaoke Bar,
51407e7fe4b084291b552e1d,POI-15,Cocktail Bar,
5141b9b0e4b0e1e38b23eb29,POI-10,Coffee Shop,
514296eae4b0f685d1d9790f,POI-39,Restaurant,
5142a6f4e4b052fd8148fae5,POI-180,Latin American Restaurant,
5142c451e4b0635a27219d25,POI-67,Gym,
5142f750e4b00cf8d18a3fc0,POI-7,American Restaurant,
514341cbe4b0abca5d7d2250,POI-11,Nightclub,
51436198e4b0041cc0e68548,POI-7,American Restaurant,
5143fa69e4b0238f25d40f37,POI-103,Mobile Phone Shop,
514405e0e4b0554c1fedc91a,POI-39,Restaurant,
514439f4e4b0a40e38c7af39,POI-53,Department Store,
51445843e4b0251c26c975ce,POI-6,Tea Room,
51446a9ae4b0ec731fbf0393,POI-39,Restaurant,
51458be7e4b027a9037bb474,POI-26,Park,
5145b309e4b01c663e2e7d61,POI-98,Snack Place,
5145b4aae4b0df0d76f077a0,POI-7,American Restaurant,
5145b7c8e4b016faeb43a10e,POI-10,Coffee Shop,
514670b5e4b02de9514dc6fa,POI-123,Convenience Store,
5146d42fe4b0acad09707e0a,POI-29,Aquarium,
514712c3e4b0c4e4017c187d,POI-120,Cupcake Shop,
51475b89e4b021dae4ef9a74,POI-18,Indian Restaurant,
51484575e4b07d65d65d2802,POI-17,Chinese Restaurant,
514984e1e4b08b3e7fca78ae,POI-98,Snack Place,
5149b906e4b09447248458a7,POI-39,Restaurant,
5149cff2e4b0f590a88bac38,POI-11,Nightclub,
514a8e23e4b032d3f447a40c,POI-46,Japanese Restaurant,
514aac03e4b0fa923ce5763e,POI-7,American Restaurant,
514ad2f1e4b0bfb823f26cc6,POI-112,Gift Shop,
514ae179e4b0808524f4f093,POI-123,Convenience Store,
514af600e4b06ccb3532997e,POI-76,Deli / Bodega,
514c34d7e4b08b26cffb1eb4,POI-36,Asian Restaurant,
514c36c8e4b0130bc66e64db,POI-36,Asian Restaurant,
514c4c3ee4b0ee6e0a534661,POI-46,Japanese Restaurant,
514c5010e4b0fbc831828c4b,POI-39,Restaurant,
514cfc32e4b01c6c0e20ecc9,POI-63,Bakery,
514d6b09e4b0be82f81d2a26,POI-38,Middle Eastern Restaurant,
514da010e4b020b3aa4d5c4a,POI-35,Dim Sum Restaurant,
514e9fa3e4b0fa49225ac078,POI-17,Chinese Restaurant,
514ed411e4b0c56a3b573339,POI-102,Bbq Joint,
514ef749e4b031491ebdc525,POI-63,Bakery,
51502db1e4b020b3be9c17c9,POI-46,Japanese Restaurant,
51502e7ee4b0ec8b8c585a27,POI-2,Bar,
515132eae4b07f52749b438c,POI-88,Sandwich Place,
515137cae4b090c2a58c616c,POI-66,Grocery Store,
51516211e4b02e0a4cd68314,POI-50,Movie Theater,
5151841ce4b09ffa38b48aaf,POI-39,Restaurant,
51518bcfe4b02c0dce65f66f,POI-88,Sandwich Place,
51518cdee4b0bc4fb49a603a,POI-42,Food Court,
5151a762e4b09ffa39ede9ee,POI-50,Movie Theater,
5152755ae4b0ed42e7c44c33,POI-32,Pizza Place,
51527ec1e4b0b775ac170145,POI-10,Coffee Shop,
515299abe4b088768b0f42e4,POI-103,Mobile Phone Shop,
5152dc1ce4b0e8039ac2cce3,POI-36,Asian Restaurant,
5153e606e4b0b8a5301d13b2,POI-98,Snack Place,
515404a0e4b01d42af235636,POI-103,Mobile Phone Shop,
51545316e4b0999e25d34b79,POI-6,Tea Room,
5154ed6de4b0859c9fd5e636,POI-53,Department Store,
515519bee4b033101f3dd3e8,POI-39,Restaurant,
51551bb7e4b018d6f1c6a6ad,POI-36,Asian Restaurant,
5155343de4b02587d19774e6,POI-6,Tea Room,
515546d1e4b0cdc35a8c49de,POI-80,Ice Cream Shop,
515557ffe4b039dd42b2c14e,POI-70,Korean Restaurant,
515575dce4b0cf249fa0b0be,POI-125,Other Nightlife,
51561a4be4b0dc0467ed813a,POI-113,General Travel,
51565c61e4b0bca305c9d519,POI-36,Asian Restaurant,
5156b805e4b00bf3a56d661a,POI-61,Shoe Store,
5156b91de4b016cb3a6a6e00,POI-126,Music Store,
5156cc06e4b0226f7ddc9339,POI-26,Park,
515782e3e4b016cb40ad654a,POI-36,Asian Restaurant,
5157d9c3e4b09dec10776e88,POI-54,Clothing Store,
5157ecf9e4b0bf32fbff8295,POI-17,Chinese Restaurant,
51581e4be4b0781cc1e8c1d4,POI-40,Seafood Restaurant,
51583a9ee4b0b579ac8b9b60,POI-11,Nightclub,
5159377ee4b06ee01bf76815,POI-27,Art Gallery,
51595e61e4b0702ad04665c4,POI-146,Public Art,
51597cb4e4b0702ad11cab23,POI-56,Cosmetics Shop,
51597da6e4b0933854989f34,POI-61,Shoe Store,
515b0305e4b034aa1b93171b,POI-18,Indian Restaurant,
515b0796e4b0f2fa0d3f0d8a,POI-11,Nightclub,
515bb397e4b0c64c190bc0a1,POI-53,Department Store,
515c11cbe4b052708785b0c2,POI-66,Grocery Store,
515c49f0e4b0b1017f44bdc5,POI-2,Bar,
515c4f8ae4b053e608e70ab8,POI-100,Sports Bar,
515c5fa1e4b0541f0d80eb0c,POI-11,Nightclub,
515ce160e4b0944d84d8636e,POI-55,Sporting Goods Shop,
515cff92e4b0f831627c0a17,POI-29,Aquarium,
515d631ae4b0b437d355502f,POI-178,Afghan Restaurant,
515d6928e4b0e2aed21599fd,POI-40,Seafood Restaurant,
515d76b9e4b0bf8914bd73e7,POI-46,Japanese Restaurant,
515da49ee4b07a8439274ec4,POI-11,Nightclub,
515e4b92498ee74c81c1c50a,POI-60,Automotive Shop,
515e76a7e4b0516df92b729f,POI-37,Thai Restaurant,
515e77bae4b06bcff5d6902c,POI-92,Salon / Barbershop,
515eab48e4b03b9c229ee687,POI-33,Italian Restaurant,
515ebc23e4b0a9e5c37548b0,POI-68,Gym / Fitness Center,
515ed6f7e4b0a9e5c4db1802,POI-14,Pub,
515ee959e4b0f82ea7a01bd5,POI-102,Bbq Joint,
515fa98be4b002db55a81383,POI-10,Coffee Shop,
515fc3c2e4b00fb7b9b40faf,POI-29,Aquarium,
515fde1de4b063ace72e056d,POI-37,Thai Restaurant,
515fde2fe4b05b2fa583c9c0,POI-45,Indonesian Restaurant,
515fe437e4b0d9eb0906b635,POI-50,Movie Theater,
515fea8a498e18f6883d6ab9,POI-26,Park,
51613e11e4b063acf0115b28,POI-61,Shoe Store,
51613fe9e4b003de359c8b45,POI-69,Spa / Massage,
51615879498e18f6918b4970,POI-19,French Restaurant,
51615c3ae4b0eb9b2d061836,POI-40,Seafood Restaurant,
51615f29498ea7a805e9f269,POI-22,Dessert Shop,
51616527e4b04f05aa2ab73f,POI-88,Sandwich Place,
516165a8e4b06882ef4133d5,POI-2,Bar,
51624af2e4b04efab219d8b3,POI-178,Afghan Restaurant,
516294b6498efb31802994ab,POI-13,Diner,
51629e1ce4b06671e933015a,POI-125,Other Nightlife,
51639478e4b081d03acc3b3a,POI-103,Mobile Phone Shop,
51639527e4b0f3b558a956b4,POI-107,Pet Store,
516397afe4b095f6efec984f,POI-10,Coffee Shop,
5163e97ee4b00dc6032dde8c,POI-59,Men'S Store,
51652ecaf13685391fc2cbb4,POI-68,Gym / Fitness Center,
516644a980550aacd09aef97,POI-41,Ramen /  Noodle House,
516649cb7ab4b218c797993e,POI-70,Korean Restaurant,
51664c947ab4b218c79b7aaa,POI-46,Japanese Restaurant,
51666209e4b0e8887a119c28,POI-52,Arts & Crafts Store,
516693d1e4b00896975707b3,POI-39,Restaurant,
5166a0f3e4b0626825c1e89c,POI-18,Indian Restaurant,
516782ac498e15724ed2f813,POI-123,Convenience Store,
51678b50e4b06690b42dbace,POI-90,Light Rail,
516796b0498e9dfbd97ff9a0,POI-74,Fast Food Restaurant,
5167dd49e4b03bc7ce0d9476,POI-155,Car Wash,
5167f3c9e4b0b050a8e3f1e0,POI-39,Restaurant,
5167f4eb498ed1fe1d2bf92b,POI-39,Restaurant,
51680721e4b0b9e960d73b12,POI-137,Juice Bar,
5168d6ede4b07da57732d1af,POI-41,Ramen /  Noodle House,
51695f56e4b04fc890d327ea,POI-2,Bar,
5169b180e4b04fc8935f2cb0,POI-96,Karaoke Bar,
516a803ae4b02c13d9734c7b,POI-46,Japanese Restaurant,
516ba493e4b056efa41e79d9,POI-6,Tea Room,
516bad27e4b012d5ca922c4f,POI-46,Japanese Restaurant,
516bcea4e4b08b331e2fa414,POI-17,Chinese Restaurant,
516bda9ae4b056efa5182f54,POI-50,Movie Theater,
516be01b498e717afbde88ac,POI-63,Bakery,
516cfa37e4b062a92c8cfc75,POI-10,Coffee Shop,
516d0dfc498ed05de1619536,POI-22,Dessert Shop,
516d21f8e4b083caae56957a,POI-65,Women'S Store,
516e3babe4b0609013cc7db3,POI-69,Spa / Massage,
516e4588e4b031cf02403c06,POI-120,Cupcake Shop,
516e6ee2e4b00b18151c89de,POI-86,Market,
516e783be4b0a1f8c5e50125,POI-96,Karaoke Bar,
516f7a78e4b0acce07448a84,POI-36,Asian Restaurant,
516f850fe4b082c5de9464a6,POI-33,Italian Restaurant,
516fcd4be4b04f4fe9a673a1,POI-19,French Restaurant,
516fde04e4b0b79e659e15eb,POI-16,Australian Restaurant,
5170a1dfe4b094f002fbb626,POI-10,Coffee Shop,
5170d69ce4b086a2b5510a75,POI-54,Clothing Store,
5170f683183fdec68dab3ea6,POI-45,Indonesian Restaurant,
5170f7f3183fdec68dad5aed,POI-137,Juice Bar,
517121f8e4b0a8b3e82717b4,POI-63,Bakery,
51714628498e13e660c0bc89,POI-15,Cocktail Bar,
5171de2ce4b0158bd66b6c92,POI-55,Sporting Goods Shop,
5171f63d067d8331441c0735,POI-22,Dessert Shop,
51727ce3e4b0c13e797206dd,POI-7,American Restaurant,
51728258e4b0e656c377cf7c,POI-39,Restaurant,
51728363e4b03b465d6f0b53,POI-44,Burger Joint,
51728a47e4b03b465dad8f48,POI-70,Korean Restaurant,
517293ace4b0cb9cb3df909a,POI-34,Mediterranean Restaurant,
517347b6498e39cf01eb7a4e,POI-10,Coffee Shop,
51738c75e4b010616bccabec,POI-115,Soup Place,
5173c5a6e4b0d23a1d04df5a,POI-46,Japanese Restaurant,
5173ca3ee4b05b9d83d32cca,POI-36,Asian Restaurant,
5173d535e4b082438e3405ba,POI-67,Gym,
5173ee91e4b0bbda2a9f2a70,POI-17,Chinese Restaurant,
5174b98ce4b0c790e4c6fcb4,POI-101,Breakfast Spot,
5174fd6de4b08eae8e4f429c,POI-86,Market,
517696efe4b0d072594e7b25,POI-36,Asian Restaurant,
5177c49de4b03a6e8b8e9e83,POI-10,Coffee Shop,
5177c892498e1b800a4320ce,POI-22,Dessert Shop,
5177d533e4b0a9fc252917f2,POI-7,American Restaurant,
517a1252e4b05d8423dabbc1,POI-63,Bakery,
517aa15fe4b020d7622e1fd4,POI-11,Nightclub,
517ba159498e36214fac30f4,POI-74,Fast Food Restaurant,
517ba8d5e4b019c9339b87aa,POI-17,Chinese Restaurant,
517bb744e4b0f0346d81f021,POI-22,Dessert Shop,
517bbdae498e36215087f09d,POI-17,Chinese Restaurant,
517c9274e4b060f5212208ee,POI-84,Boutique,
517cd56fe4b0e8b1210fcf3c,POI-92,Salon / Barbershop,
517cded7e4b0be989be83719,POI-49,Multiplex,
517ce687e4b0a366cca31a9c,POI-22,Dessert Shop,
517d0b7fe4b0e311d565c1e7,POI-40,Seafood Restaurant,
517e7525e4b0478d1ffb3a76,POI-14,Pub,
517f48e8e4b0e2dfeaf89905,POI-39,Restaurant,
517f4c54e4b09f65c289c29c,POI-33,Italian Restaurant,
5180e364498e1e848ad38a39,POI-63,Bakery,
518108fc498e4cc028fafe31,POI-24,Malaysian Restaurant,
5181100f498e8b63c1786803,POI-36,Asian Restaurant,
518208f3498ea5fc7e93c234,POI-4,Resort,
518389c5498ee3daa8c564c3,POI-91,Food & Drink Shop,
5183b77b498ea947829567cc,POI-63,Bakery,
51850adb498e9e0ad5a73aa7,POI-132,Filipino Restaurant,
5185d359498ef8b3e59063aa,POI-123,Convenience Store,
5185e16f498e25e8fdb210e9,POI-46,Japanese Restaurant,
5185e54e498e995ae0cfa69d,POI-132,Filipino Restaurant,
5186702c498e26797806d9ef,POI-66,Grocery Store,
5187c434498e1a1f7d3537b2,POI-46,Japanese Restaurant,
51890f7e498e0df55d818bbc,POI-69,Spa / Massage,
51892c6f498eca9e838a8c02,POI-11,Nightclub,
5189d00c498e93bb2c51c05a,POI-41,Ramen /  Noodle House,
518a41d3498e2ba43d09d510,POI-21,Lounge,
518a4e2a498eb14298c3b6b5,POI-36,Asian Restaurant,
518b1f30498e3e57687b4b7a,POI-46,Japanese Restaurant,
518b377c498ee94467899136,POI-76,Deli / Bodega,
518b85e4498e2990461d9421,POI-11,Nightclub,
518c6509498ef2505eddf1ce,POI-85,Furniture / Home Store,
518c6c8c498e90064612456e,POI-10,Coffee Shop,
518c8a75498ef6d8e1f235ae,POI-13,Diner,
518c98f0498e0e780074041d,POI-36,Asian Restaurant,
518ccfc3498e526a4789236f,POI-127,Internet Cafe,
518cde0b498e685389161b78,POI-36,Asian Restaurant,
518d06a0498ea3305e403107,POI-11,Nightclub,
518e104a498ecb6e70e6a954,POI-26,Park,
518e2652498e446eb547ef2f,POI-44,Burger Joint,
518e39e7498edeec7c5f8871,POI-125,Other Nightlife,
518e49f9498eb32524aa0124,POI-33,Italian Restaurant,
518f290f498e744b82bfd499,POI-10,Coffee Shop,
518f6cb7498e856a6342176e,POI-84,Boutique,
518fa80b498e23058284a090,POI-92,Salon / Barbershop,
51905293498e89cb8a34e4b7,POI-19,French Restaurant,
5190ac367dd2c74ba00be2cb,POI-17,Chinese Restaurant,
5190c1a3498e8b59407ab8d9,POI-10,Coffee Shop,
5190f833498e744b917ca939,POI-153,Bed & Breakfast,
5191993e498e4913b51ea95a,POI-66,Grocery Store,
51921dc0498e472c9b4c1f2e,POI-123,Convenience Store,
5193597e498ef4dd76c3d26c,POI-37,Thai Restaurant,
51935fe6498e9773726d9d95,POI-39,Restaurant,
519374fd498e02ec95c26ab2,POI-11,Nightclub,
51937b85498e85da7f254a39,POI-41,Ramen /  Noodle House,
519470fd498eb80c240ce420,POI-47,South American Restaurant,
519488da498e5b5c0e1960d6,POI-16,Australian Restaurant,
5194ee1f498e2998be4acd06,POI-180,Latin American Restaurant,
5195b161498ed67236873e22,POI-77,Sushi Restaurant,
5195b29d498e5ffeb027afdd,POI-46,Japanese Restaurant,
5195b5ec498ea73ecdcdfcd6,POI-77,Sushi Restaurant,
5195f2e7498ecb1bdaa43a09,POI-63,Bakery,
51970295498efc426a7ffda1,POI-63,Bakery,
519772fe498e804c5da1cda3,POI-108,Scandinavian Restaurant,
519b1554498e27ed87592cb8,POI-156,Ferry,
519b1a96498eb6eae809b35b,POI-178,Afghan Restaurant,
519b3f8f498e25fcfbf5ec3f,POI-21,Lounge,
519b6fac498ea70337507da4,POI-98,Snack Place,
519b99918bbd536f0fe6ad77,POI-39,Restaurant,
519c8809498e5df530a60ff5,POI-123,Convenience Store,
519dfffc498e848bcda98b43,POI-10,Coffee Shop,
519f2863498ed8b7c5cf20d5,POI-70,Korean Restaurant,
519f35be498ef048d74ed712,POI-14,Pub,
519f4827498e6f52503325cf,POI-32,Pizza Place,
519f50b4498e7ab387bd7852,POI-33,Italian Restaurant,
51a04b0e498e2706d110e359,POI-118,Wings Joint,
51a0b901498eb3730381820b,POI-74,Fast Food Restaurant,
51a154a8498e557617c3ff4a,POI-68,Gym / Fitness Center,
51a19696498ef31a5ead6697,POI-70,Korean Restaurant,
51a20ae3498e210b6c4799f3,POI-123,Convenience Store,
51a2ca14498e4be4ee72ceea,POI-17,Chinese Restaurant,
51a34daa498e6b54882fa950,POI-39,Restaurant,
51a35662498e25e7aab87add,POI-36,Asian Restaurant,
51a49d48498e3030d0039ca2,POI-110,Yoga Studio,
51a558a2498e3321b909f512,POI-179,Tailor Shop,
51a5d18a498ec6f68e26c7c3,POI-24,Malaysian Restaurant,
51a5e5b3498ea3265c9ad371,POI-53,Department Store,
51a5e9cc498ee1fe219ff797,POI-36,Asian Restaurant,
51a69b4b498e0c4fd745bcde,POI-42,Food Court,
51a73892498e7530799e7d04,POI-162,Rental Car Location,
51a82e7c498e9a57a0e50977,POI-10,Coffee Shop,
51a859e8498ee4d8bb362ef9,POI-67,Gym,
51a876b4498e243c8c0e970f,POI-36,Asian Restaurant,
51a890ff498e93d202f3e01c,POI-36,Asian Restaurant,
51a8c628498e19c495264740,POI-11,Nightclub,
51a9cf7b498ed3e619299251,POI-70,Korean Restaurant,
51ab3957498e3ea1a2d3d6b7,POI-18,Indian Restaurant,
51add057498e23078be47217,POI-110,Yoga Studio,
51af2b90498e5c7205f8bf9b,POI-17,Chinese Restaurant,
51b072f1e4b095d04a6724ca,POI-1,Wine Bar,
51b165ed498e57989b182473,POI-63,Bakery,
51b1af25498eb623c0f70a81,POI-10,Coffee Shop,
51b1d077498e6855c5636303,POI-37,Thai Restaurant,
51b276cd498e4fcf98bc8b83,POI-36,Asian Restaurant,
51b2bd4f498ed062fffb71bd,POI-32,Pizza Place,
51b322e6498eb9785a5fe221,POI-54,Clothing Store,
51b40c1a498e8590e8757cd8,POI-92,Salon / Barbershop,
51b4c3c6498ecf6acd4cabe0,POI-21,Lounge,
51b54812498e6345cbd6ad54,POI-80,Ice Cream Shop,
51b5a3b2498e61492356f9be,POI-17,Chinese Restaurant,
51b6b475498e47d6a0525885,POI-174,Caribbean Restaurant,
51b6c040498e1f35fe5115c5,POI-84,Boutique,
51b70e60498edf3af36e7ace,POI-46,Japanese Restaurant,
51b9b340498e51f30467bbbf,POI-24,Malaysian Restaurant,
51bb2234498e81f477add9fa,POI-49,Multiplex,
51bc6964498e241645161d4a,POI-14,Pub,
51bd1899498eecfed83eb56c,POI-149,Nail Salon,
51bdadbf498ebcce590687df,POI-46,Japanese Restaurant,
51bdb365498ea91cb71d5d47,POI-17,Chinese Restaurant,
51bdba05498e5042c157e2ec,POI-45,Indonesian Restaurant,
51bdc036498e541ea6ce106d,POI-17,Chinese Restaurant,
51be8dd1498e9a4f49495c16,POI-65,Women'S Store,
51becd10498edb2f32c8bc30,POI-54,Clothing Store,
51bf26e8498e4da94d3eb2b0,POI-11,Nightclub,
51c05475498e8958aa5fab8d,POI-14,Pub,
51c12942498e001ae9bfd705,POI-46,Japanese Restaurant,
51c1ade2498e29e856145f5e,POI-11,Nightclub,
51c3b3dc498e57ec926940ab,POI-84,Boutique,
51c3f90f498e960491b331a8,POI-39,Restaurant,
51c42ae1498efa783ea42d4e,POI-70,Korean Restaurant,
51c44576498e003bdc9e7956,POI-54,Clothing Store,
51c52446498e6ebbd0f813c3,POI-46,Japanese Restaurant,
51c5289f498edaa218fdca29,POI-46,Japanese Restaurant,
51c54eca498e702d23ec19b6,POI-50,Movie Theater,
51c5a304498e71cc0417142c,POI-113,General Travel,
51c5f1e3498e0d1d94e821fb,POI-14,Pub,
51c60041498e03743fce878f,POI-123,Convenience Store,
51c6946d498e869923177a80,POI-32,Pizza Place,
51c6dfbe498eccfeaaeac655,POI-174,Caribbean Restaurant,
51c6e329498e5c7bfe3dec00,POI-44,Burger Joint,
51c6f897498e5b521f79ede8,POI-116,Beer Garden,
51ca6943498efe82486ad194,POI-36,Asian Restaurant,
51cbed04498e3e5fa4b6ae71,POI-46,Japanese Restaurant,
51cc05d3498ee45dfbf6b463,POI-46,Japanese Restaurant,
51cc42be498ea2118c82145b,POI-86,Market,
51cc43d1498e4b65c568a0e2,POI-21,Lounge,
51cc4878498ed402800dd047,POI-2,Bar,
51cd0e48498eacb7b44d0c28,POI-37,Thai Restaurant,
51cd1772498e190193a528a8,POI-15,Cocktail Bar,
51cd6ea3498ea03c290a31e0,POI-17,Chinese Restaurant,
51cda80a498eb301cbdf1d59,POI-31,Mexican Restaurant,
51cdad1c498e8546c685d6c9,POI-11,Nightclub,
51ceaeef498e59e812b00a26,POI-80,Ice Cream Shop,
51ceda6e498ea96dba5db40a,POI-22,Dessert Shop,
51cf3eac498e62b1b02e28a3,POI-102,Bbq Joint,
51cfce5b498ea1f46f23d667,POI-70,Korean Restaurant,
51d01ab2498e45e357089c7f,POI-81,Steakhouse,
51d0e503498ede5be494200c,POI-17,Chinese Restaurant,
51d161a8498e0f4104d9dadf,POI-106,Candy Store,
51d413a9498e120a7feb29b2,POI-70,Korean Restaurant,
51d425a5498e2a03789dcf63,POI-22,Dessert Shop,
51d5215c498ebeb9bf5666f0,POI-41,Ramen /  Noodle House,
51d62b0c498e3cfa053fd00d,POI-10,Coffee Shop,
51d6bd68498e8ee4ef7553f1,POI-16,Australian Restaurant,
51d6c44ee4b076c0d9ca3ac6,POI-46,Japanese Restaurant,
51d6ce4f498e6c2cc69680bb,POI-46,Japanese Restaurant,
51d81214498ea21ede6f2a38,POI-140,Frozen Yogurt,
51d812e1498ebf3e1429d9f6,POI-36,Asian Restaurant,
51d8fb9d498ef5f357a5ecdf,POI-33,Italian Restaurant,
51da0322498e93cd23d3dac8,POI-10,Coffee Shop,
51da823e498e20fc01b85f76,POI-10,Coffee Shop,
51db8937498eda7528ef5fb2,POI-101,Breakfast Spot,
51dbfc3d498e3c3b9e5a7264,POI-37,Thai Restaurant,
51dda0dc498e59e6c8a52716,POI-11,Nightclub,
51de9047498e149ffacadac4,POI-54,Clothing Store,
51df8018498eba6675af5cd6,POI-42,Food Court,
51dfee75498e10fafb5111ec,POI-48,Theater,
51dff213498ea31b459e3866,POI-68,Gym / Fitness Center,
51dff7bae4b055dd14a148fe,POI-121,Flea Market,
51e015be498ef3df456253b5,POI-123,Convenience Store,
51e0c5ad498ec9be244a1497,POI-26,Park,
51e10da9498ee38918c95df1,POI-86,Market,
51e1407a498e6dfbbb4d8ebe,POI-157,Smoke Shop,
51e24c38498e8fc6b2d222fe,POI-21,Lounge,
51e2727f498eded9f7cc84b9,POI-63,Bakery,
51e2a07f498e9a3f72b52da7,POI-7,American Restaurant,
51e4dd77498e2f9bb92373be,POI-90,Light Rail,
51e51da0498eb971191e7420,POI-36,Asian Restaurant,
51e69bea498eaed3e218716f,POI-121,Flea Market,
51e777e5498e3c58d5b07645,POI-137,Juice Bar,
51e894308bbdcb404946e508,POI-22,Dessert Shop,
51e8b0e9498e94f9f53ae625,POI-103,Mobile Phone Shop,
51e91fc1498e1844c6af81d3,POI-17,Chinese Restaurant,
51e92406498e64318bd8b45e,POI-34,Mediterranean Restaurant,
51e9267a498e1c18c1e2590f,POI-37,Thai Restaurant,
51ea3d64498ee288d00ba330,POI-39,Restaurant,
51ea7712498e9c131c02f44d,POI-35,Dim Sum Restaurant,
51ebc41a498ea7a40c8d4b80,POI-17,Chinese Restaurant,
51ecc5a87dd2977985a5e8d1,POI-10,Coffee Shop,
51ecc90a498ee5bf8a56d494,POI-36,Asian Restaurant,
51ef60872fc65fccf8ba1c0c,POI-83,Fried Chicken Joint,
51ef69a8498e8928420111e3,POI-137,Juice Bar,
51ef99fc498e677c98857211,POI-80,Ice Cream Shop,
51f11430498e478908381b12,POI-19,French Restaurant,
51f27df8498e03185830955c,POI-36,Asian Restaurant,
51f35b35498e798ad14b8a42,POI-63,Bakery,
51f35cca498e88c0b726fec9,POI-36,Asian Restaurant,
51f8bd57498e38490c728cc9,POI-2,Bar,
51fb6554498efbf77e2147d1,POI-73,Electronics Store,
51fb78d4498e688307472716,POI-73,Electronics Store,
51fbb4db498e7e29660f4596,POI-50,Movie Theater,
51fc9f3b498eefe43aa932b4,POI-54,Clothing Store,
51fcd9e6498e4691b2c0a59f,POI-81,Steakhouse,
51fe0eff498e72c6f8728609,POI-80,Ice Cream Shop,
51ff34d5498eeb3729057133,POI-46,Japanese Restaurant,
52008af6498e6477e37fe347,POI-10,Coffee Shop,
5200ba7b498e23646be39d28,POI-17,Chinese Restaurant,
520333b2498ec3acd27d71a8,POI-44,Burger Joint,
52037b5b498ec3acd4659bf9,POI-46,Japanese Restaurant,
5203bccf498efb28ddad44ca,POI-96,Karaoke Bar,
5205173111d2c865cdb6af9e,POI-11,Nightclub,
5206102d498e43c7d2d42747,POI-45,Indonesian Restaurant,
52061aa811d2c9240ed51e8e,POI-38,Middle Eastern Restaurant,
5207592c11d2ae42e372d1e8,POI-53,Department Store,
5209f66a11d2a9333784c3d0,POI-36,Asian Restaurant,
520a28ac11d29afa5a8a3cac,POI-113,General Travel,
520b41c77e4805313f6223a5,POI-63,Bakery,
520c8894498ea10a73e4bc99,POI-149,Nail Salon,
520f5348498e3ee7874a7734,POI-92,Salon / Barbershop,
5210af2f11d25e7b69f4e36d,POI-37,Thai Restaurant,
521327b411d2c2f72bbb962e,POI-9,Rock Club,
5214983611d226e0c9136958,POI-72,Vietnamese Restaurant,
5215af5111d2154171a17e17,POI-63,Bakery,
5215afa411d2c0f5e88ed054,POI-35,Dim Sum Restaurant,
521604cf11d20c6ae380b642,POI-50,Movie Theater,
52170757498ea6c0849eecb0,POI-55,Sporting Goods Shop,
5217551e11d2bf801b874771,POI-134,Flower Shop,
5219fb5811d2d97c98d22bf1,POI-50,Movie Theater,
5219fddd11d2aa6ed2f90ed4,POI-37,Thai Restaurant,
521db51d498ef87b987cbc23,POI-49,Multiplex,
521ecae011d2a782d8d008e2,POI-10,Coffee Shop,
521f471311d227dcabc7ac2c,POI-2,Bar,
5220996311d2aa7f923712f7,POI-146,Public Art,
5221938811d25d1700432486,POI-146,Public Art,
5222c47d11d2fe557283db5f,POI-13,Diner,
5224417d11d26b5db6e7da12,POI-85,Furniture / Home Store,
5229b7ad11d276868f9c33e7,POI-85,Furniture / Home Store,
522b159a11d2118e9300638a,POI-27,Art Gallery,
522b299f11d23de2ae01f9ae,POI-123,Convenience Store,
522b4ca211d2e5c36b8b9005,POI-14,Pub,
522d648411d25e984b9dc4a4,POI-36,Asian Restaurant,
523052d111d286975f49b278,POI-103,Mobile Phone Shop,
52348bac11d2f5222d094397,POI-2,Bar,
52348ec311d2a8886f1f3ccd,POI-11,Nightclub,
